Title,Description,Price,Quantity,SKU,Category,Tags,Materials,Item Weight,Item Length,Item Width,Item Height,Is Digital,Digital File Type,Status
Encyclopedia Volume 06,Encyclopedia Volume 06 — A Gullah Geechee publication by Darryl E. Brown,3.99,1,ggb-manifest-bc2e3fb,Books & Magazines > Books > eBooks,"Books, Gullah Geechee, eBook, Digital",Digital,,,,,Yes,"PDF, EPUB",Active
Encyclopedia Volume 07,Encyclopedia Volume 07 — A Gullah Geechee publication by Darryl E. Brown,3.99,1,ggb-manifest-fc14dc1,Books & Magazines > Books > eBooks,"Books, Gullah Geechee, eBook, Digital",Digital,,,,,Yes,"PDF, EPUB",Active
Encyclopedia Volume 08,Encyclopedia Volume 08 — A Gullah Geechee publication by Darryl E. Brown,3.99,1,ggb-manifest-6fd0cd3,Books & Magazines > Books > eBooks,"Books, Gullah Geechee, eBook, Digital",Digital,,,,,Yes,"PDF, EPUB",Active
Encyclopedia Volume 09,Encyclopedia Volume 09 — A Gullah Geechee publication by Darryl E. Brown,3.99,1,ggb-manifest-bb57500,Books & Magazines > Books > eBooks,"Books, Gullah Geechee, eBook, Digital",Digital,,,,,Yes,"PDF, EPUB",Active
Encyclopedia Volume 10,Encyclopedia Volume 10 — A Gullah Geechee publication by Darryl E. Brown,3.99,1,ggb-manifest-54c98f4,Books & Magazines > Books > eBooks,"Books, Gullah Geechee, eBook, Digital",Digital,,,,,Yes,"PDF, EPUB",Active
Encyclopedia Volume 11,Encyclopedia Volume 11 — A Gullah Geechee publication by Darryl E. Brown,3.99,1,ggb-manifest-e58f26f,Books & Magazines > Books > eBooks,"Books, Gullah Geechee, eBook, Digital",Digital,,,,,Yes,"PDF, EPUB",Active
Encyclopedia Volume 12,Encyclopedia Volume 12 — A Gullah Geechee publication by Darryl E. Brown,3.99,1,ggb-manifest-bcf2da6,Books & Magazines > Books > eBooks,"Books, Gullah Geechee, eBook, Digital",Digital,,,,,Yes,"PDF, EPUB",Active
Encyclopedia Volume 13,Encyclopedia Volume 13 — A Gullah Geechee publication by Darryl E. Brown,3.99,1,ggb-manifest-6823287,Books & Magazines > Books > eBooks,"Books, Gullah Geechee, eBook, Digital",Digital,,,,,Yes,"PDF, EPUB",Active
Encyclopedia Volume 14,Encyclopedia Volume 14 — A Gullah Geechee publication by Darryl E. Brown,3.99,1,ggb-manifest-45df32b,Books & Magazines > Books > eBooks,"Books, Gullah Geechee, eBook, Digital",Digital,,,,,Yes,"PDF, EPUB",Active
Encyclopedia Volume 15,Encyclopedia Volume 15 — A Gullah Geechee publication by Darryl E. Brown,3.99,1,ggb-manifest-27991ea,Books & Magazines > Books > eBooks,"Books, Gullah Geechee, eBook, Digital",Digital,,,,,Yes,"PDF, EPUB",Active
Encyclopedia Volume 16,Encyclopedia Volume 16 — A Gullah Geechee publication by Darryl E. Brown,3.99,1,ggb-manifest-ccac331,Books & Magazines > Books > eBooks,"Books, Gullah Geechee, eBook, Digital",Digital,,,,,Yes,"PDF, EPUB",Active
Encyclopedia Volume 17,Encyclopedia Volume 17 — A Gullah Geechee publication by Darryl E. Brown,3.99,1,ggb-manifest-23516ae,Books & Magazines > Books > eBooks,"Books, Gullah Geechee, eBook, Digital",Digital,,,,,Yes,"PDF, EPUB",Active
Encyclopedia Volume 18,Encyclopedia Volume 18 — A Gullah Geechee publication by Darryl E. Brown,3.99,1,ggb-manifest-e63008e,Books & Magazines > Books > eBooks,"Books, Gullah Geechee, eBook, Digital",Digital,,,,,Yes,"PDF, EPUB",Active
Encyclopedia Volume 19,Encyclopedia Volume 19 — A Gullah Geechee publication by Darryl E. Brown,3.99,1,ggb-manifest-252e904,Books & Magazines > Books > eBooks,"Books, Gullah Geechee, eBook, Digital",Digital,,,,,Yes,"PDF, EPUB",Active
Encyclopedia Volume 20,Encyclopedia Volume 20 — A Gullah Geechee publication by Darryl E. Brown,3.99,1,ggb-manifest-b032bcc,Books & Magazines > Books > eBooks,"Books, Gullah Geechee, eBook, Digital",Digital,,,,,Yes,"PDF, EPUB",Active
Encyclopedia Volume 21,Encyclopedia Volume 21 — A Gullah Geechee publication by Darryl E. Brown,3.99,1,ggb-manifest-42b54f9,Books & Magazines > Books > eBooks,"Books, Gullah Geechee, eBook, Digital",Digital,,,,,Yes,"PDF, EPUB",Active
Encyclopedia Volume 22,Encyclopedia Volume 22 — A Gullah Geechee publication by Darryl E. Brown,3.99,1,ggb-manifest-84e3b78,Books & Magazines > Books > eBooks,"Books, Gullah Geechee, eBook, Digital",Digital,,,,,Yes,"PDF, EPUB",Active
Encyclopedia Volume 23,Encyclopedia Volume 23 — A Gullah Geechee publication by Darryl E. Brown,3.99,1,ggb-manifest-33a9872,Books & Magazines > Books > eBooks,"Books, Gullah Geechee, eBook, Digital",Digital,,,,,Yes,"PDF, EPUB",Active
Encyclopedia Volume 24,Encyclopedia Volume 24 — A Gullah Geechee publication by Darryl E. Brown,3.99,1,ggb-manifest-47095be,Books & Magazines > Books > eBooks,"Books, Gullah Geechee, eBook, Digital",Digital,,,,,Yes,"PDF, EPUB",Active
Encyclopedia Volume 25,Encyclopedia Volume 25 — A Gullah Geechee publication by Darryl E. Brown,3.99,1,ggb-manifest-5144914,Books & Magazines > Books > eBooks,"Books, Gullah Geechee, eBook, Digital",Digital,,,,,Yes,"PDF, EPUB",Active
Encyclopedia Volume 26,Encyclopedia Volume 26 — A Gullah Geechee publication by Darryl E. Brown,3.99,1,ggb-manifest-d434ef1,Books & Magazines > Books > eBooks,"Books, Gullah Geechee, eBook, Digital",Digital,,,,,Yes,"PDF, EPUB",Active
Encyclopedia Volume 27,Encyclopedia Volume 27 — A Gullah Geechee publication by Darryl E. Brown,3.99,1,ggb-manifest-73abbae,Books & Magazines > Books > eBooks,"Books, Gullah Geechee, eBook, Digital",Digital,,,,,Yes,"PDF, EPUB",Active
Encyclopedia Volume 28,Encyclopedia Volume 28 — A Gullah Geechee publication by Darryl E. Brown,3.99,1,ggb-manifest-c054b14,Books & Magazines > Books > eBooks,"Books, Gullah Geechee, eBook, Digital",Digital,,,,,Yes,"PDF, EPUB",Active
Encyclopedia Volume 29,Encyclopedia Volume 29 — A Gullah Geechee publication by Darryl E. Brown,3.99,1,ggb-manifest-be50c86,Books & Magazines > Books > eBooks,"Books, Gullah Geechee, eBook, Digital",Digital,,,,,Yes,"PDF, EPUB",Active
Encyclopedia Volume 30,Encyclopedia Volume 30 — A Gullah Geechee publication by Darryl E. Brown,3.99,1,ggb-manifest-79e7628,Books & Magazines > Books > eBooks,"Books, Gullah Geechee, eBook, Digital",Digital,,,,,Yes,"PDF, EPUB",Active
Encyclopedia Volume 31,Encyclopedia Volume 31 — A Gullah Geechee publication by Darryl E. Brown,3.99,1,ggb-manifest-31719e2,Books & Magazines > Books > eBooks,"Books, Gullah Geechee, eBook, Digital",Digital,,,,,Yes,"PDF, EPUB",Active
Encyclopedia Volume 32,Encyclopedia Volume 32 — A Gullah Geechee publication by Darryl E. Brown,3.99,1,ggb-manifest-8b14fca,Books & Magazines > Books > eBooks,"Books, Gullah Geechee, eBook, Digital",Digital,,,,,Yes,"PDF, EPUB",Active
Encyclopedia Volume 33,Encyclopedia Volume 33 — A Gullah Geechee publication by Darryl E. Brown,3.99,1,ggb-manifest-6022074,Books & Magazines > Books > eBooks,"Books, Gullah Geechee, eBook, Digital",Digital,,,,,Yes,"PDF, EPUB",Active
Encyclopedia Volume 34,Encyclopedia Volume 34 — A Gullah Geechee publication by Darryl E. Brown,3.99,1,ggb-manifest-2f93c7e,Books & Magazines > Books > eBooks,"Books, Gullah Geechee, eBook, Digital",Digital,,,,,Yes,"PDF, EPUB",Active
Encyclopedia Volume 35,Encyclopedia Volume 35 — A Gullah Geechee publication by Darryl E. Brown,3.99,1,ggb-manifest-e1846a5,Books & Magazines > Books > eBooks,"Books, Gullah Geechee, eBook, Digital",Digital,,,,,Yes,"PDF, EPUB",Active
Encyclopedia Volume 36,Encyclopedia Volume 36 — A Gullah Geechee publication by Darryl E. Brown,3.99,1,ggb-manifest-ca98a7a,Books & Magazines > Books > eBooks,"Books, Gullah Geechee, eBook, Digital",Digital,,,,,Yes,"PDF, EPUB",Active
Encyclopedia Volume 37,Encyclopedia Volume 37 — A Gullah Geechee publication by Darryl E. Brown,3.99,1,ggb-manifest-b721896,Books & Magazines > Books > eBooks,"Books, Gullah Geechee, eBook, Digital",Digital,,,,,Yes,"PDF, EPUB",Active
Encyclopedia Volume 38,Encyclopedia Volume 38 — A Gullah Geechee publication by Darryl E. Brown,3.99,1,ggb-manifest-aff8af1,Books & Magazines > Books > eBooks,"Books, Gullah Geechee, eBook, Digital",Digital,,,,,Yes,"PDF, EPUB",Active
Encyclopedia Volume 39,Encyclopedia Volume 39 — A Gullah Geechee publication by Darryl E. Brown,3.99,1,ggb-manifest-64887ca,Books & Magazines > Books > eBooks,"Books, Gullah Geechee, eBook, Digital",Digital,,,,,Yes,"PDF, EPUB",Active
Encyclopedia Volume 40,Encyclopedia Volume 40 — A Gullah Geechee publication by Darryl E. Brown,3.99,1,ggb-manifest-e81afca,Books & Magazines > Books > eBooks,"Books, Gullah Geechee, eBook, Digital",Digital,,,,,Yes,"PDF, EPUB",Active
Encyclopedia Volume 41,Encyclopedia Volume 41 — A Gullah Geechee publication by Darryl E. Brown,3.99,1,ggb-manifest-70edb7b,Books & Magazines > Books > eBooks,"Books, Gullah Geechee, eBook, Digital",Digital,,,,,Yes,"PDF, EPUB",Active
Encyclopedia Volume 42,Encyclopedia Volume 42 — A Gullah Geechee publication by Darryl E. Brown,3.99,1,ggb-manifest-0ba5d46,Books & Magazines > Books > eBooks,"Books, Gullah Geechee, eBook, Digital",Digital,,,,,Yes,"PDF, EPUB",Active
Encyclopedia Volume 43,Encyclopedia Volume 43 — A Gullah Geechee publication by Darryl E. Brown,3.99,1,ggb-manifest-f305488,Books & Magazines > Books > eBooks,"Books, Gullah Geechee, eBook, Digital",Digital,,,,,Yes,"PDF, EPUB",Active
Encyclopedia Volume 44,Encyclopedia Volume 44 — A Gullah Geechee publication by Darryl E. Brown,3.99,1,ggb-manifest-be8fcae,Books & Magazines > Books > eBooks,"Books, Gullah Geechee, eBook, Digital",Digital,,,,,Yes,"PDF, EPUB",Active
Encyclopedia Volume 45,Encyclopedia Volume 45 — A Gullah Geechee publication by Darryl E. Brown,3.99,1,ggb-manifest-e42aa5b,Books & Magazines > Books > eBooks,"Books, Gullah Geechee, eBook, Digital",Digital,,,,,Yes,"PDF, EPUB",Active
Encyclopedia Volume 46,Encyclopedia Volume 46 — A Gullah Geechee publication by Darryl E. Brown,3.99,1,ggb-manifest-8f23dc1,Books & Magazines > Books > eBooks,"Books, Gullah Geechee, eBook, Digital",Digital,,,,,Yes,"PDF, EPUB",Active
Encyclopedia Volume 47,Encyclopedia Volume 47 — A Gullah Geechee publication by Darryl E. Brown,3.99,1,ggb-manifest-ada8621,Books & Magazines > Books > eBooks,"Books, Gullah Geechee, eBook, Digital",Digital,,,,,Yes,"PDF, EPUB",Active
Encyclopedia Volume 48,Encyclopedia Volume 48 — A Gullah Geechee publication by Darryl E. Brown,3.99,1,ggb-manifest-ff08230,Books & Magazines > Books > eBooks,"Books, Gullah Geechee, eBook, Digital",Digital,,,,,Yes,"PDF, EPUB",Active
Encyclopedia Volume 49,Encyclopedia Volume 49 — A Gullah Geechee publication by Darryl E. Brown,3.99,1,ggb-manifest-9fca0a8,Books & Magazines > Books > eBooks,"Books, Gullah Geechee, eBook, Digital",Digital,,,,,Yes,"PDF, EPUB",Active
Encyclopedia Volume 50,Encyclopedia Volume 50 — A Gullah Geechee publication by Darryl E. Brown,3.99,1,ggb-manifest-7750337,Books & Magazines > Books > eBooks,"Books, Gullah Geechee, eBook, Digital",Digital,,,,,Yes,"PDF, EPUB",Active
Encyclopedia Volume 01,Encyclopedia Volume 01 — A Gullah Geechee publication by Darryl E. Brown,3.99,1,ggb-manifest-8a9e1c5,Books & Magazines > Books > eBooks,"Books, Gullah Geechee, eBook, Digital",Digital,,,,,Yes,"PDF, EPUB",Active
Encyclopedia Volume 02,Encyclopedia Volume 02 — A Gullah Geechee publication by Darryl E. Brown,3.99,1,ggb-manifest-c0f37a2,Books & Magazines > Books > eBooks,"Books, Gullah Geechee, eBook, Digital",Digital,,,,,Yes,"PDF, EPUB",Active
Encyclopedia Volume 03,Encyclopedia Volume 03 — A Gullah Geechee publication by Darryl E. Brown,3.99,1,ggb-manifest-311cd94,Books & Magazines > Books > eBooks,"Books, Gullah Geechee, eBook, Digital",Digital,,,,,Yes,"PDF, EPUB",Active
Encyclopedia Volume 04,Encyclopedia Volume 04 — A Gullah Geechee publication by Darryl E. Brown,3.99,1,ggb-manifest-781f583,Books & Magazines > Books > eBooks,"Books, Gullah Geechee, eBook, Digital",Digital,,,,,Yes,"PDF, EPUB",Active
Encyclopedia Volume 05,Encyclopedia Volume 05 — A Gullah Geechee publication by Darryl E. Brown,3.99,1,ggb-manifest-bdfbd2d,Books & Magazines > Books > eBooks,"Books, Gullah Geechee, eBook, Digital",Digital,,,,,Yes,"PDF, EPUB",Active
Encyclopedia Volume 01,Encyclopedia Volume 01 — A Gullah Geechee publication by Darryl E. Brown,3.99,1,ggb-manifest-7ab76ed,Books & Magazines > Books > eBooks,"Books, Gullah Geechee, eBook, Digital",Digital,,,,,Yes,"PDF, EPUB",Active
Encyclopedia Volume 02,Encyclopedia Volume 02 — A Gullah Geechee publication by Darryl E. Brown,3.99,1,ggb-manifest-3e53c2a,Books & Magazines > Books > eBooks,"Books, Gullah Geechee, eBook, Digital",Digital,,,,,Yes,"PDF, EPUB",Active
Encyclopedia Volume 03,Encyclopedia Volume 03 — A Gullah Geechee publication by Darryl E. Brown,3.99,1,ggb-manifest-0159a5a,Books & Magazines > Books > eBooks,"Books, Gullah Geechee, eBook, Digital",Digital,,,,,Yes,"PDF, EPUB",Active
Encyclopedia Volume 04,Encyclopedia Volume 04 — A Gullah Geechee publication by Darryl E. Brown,3.99,1,ggb-manifest-305c07c,Books & Magazines > Books > eBooks,"Books, Gullah Geechee, eBook, Digital",Digital,,,,,Yes,"PDF, EPUB",Active
Encyclopedia Volume 05,Encyclopedia Volume 05 — A Gullah Geechee publication by Darryl E. Brown,3.99,1,ggb-manifest-511b5de,Books & Magazines > Books > eBooks,"Books, Gullah Geechee, eBook, Digital",Digital,,,,,Yes,"PDF, EPUB",Active
Encyclopedia Volume 06,Encyclopedia Volume 06 — A Gullah Geechee publication by Darryl E. Brown,3.99,1,ggb-manifest-fff68ca,Books & Magazines > Books > eBooks,"Books, Gullah Geechee, eBook, Digital",Digital,,,,,Yes,"PDF, EPUB",Active
Encyclopedia Volume 07,Encyclopedia Volume 07 — A Gullah Geechee publication by Darryl E. Brown,3.99,1,ggb-manifest-04be6dd,Books & Magazines > Books > eBooks,"Books, Gullah Geechee, eBook, Digital",Digital,,,,,Yes,"PDF, EPUB",Active
Encyclopedia Volume 08,Encyclopedia Volume 08 — A Gullah Geechee publication by Darryl E. Brown,3.99,1,ggb-manifest-77e8a24,Books & Magazines > Books > eBooks,"Books, Gullah Geechee, eBook, Digital",Digital,,,,,Yes,"PDF, EPUB",Active
Encyclopedia Volume 09,Encyclopedia Volume 09 — A Gullah Geechee publication by Darryl E. Brown,3.99,1,ggb-manifest-a50e91e,Books & Magazines > Books > eBooks,"Books, Gullah Geechee, eBook, Digital",Digital,,,,,Yes,"PDF, EPUB",Active
Encyclopedia Volume 10,Encyclopedia Volume 10 — A Gullah Geechee publication by Darryl E. Brown,3.99,1,ggb-manifest-6c7835c,Books & Magazines > Books > eBooks,"Books, Gullah Geechee, eBook, Digital",Digital,,,,,Yes,"PDF, EPUB",Active
Encyclopedia Volume 11,Encyclopedia Volume 11 — A Gullah Geechee publication by Darryl E. Brown,3.99,1,ggb-manifest-19fe0ca,Books & Magazines > Books > eBooks,"Books, Gullah Geechee, eBook, Digital",Digital,,,,,Yes,"PDF, EPUB",Active
Encyclopedia Volume 12,Encyclopedia Volume 12 — A Gullah Geechee publication by Darryl E. Brown,3.99,1,ggb-manifest-d4c491d,Books & Magazines > Books > eBooks,"Books, Gullah Geechee, eBook, Digital",Digital,,,,,Yes,"PDF, EPUB",Active
Encyclopedia Volume 13,Encyclopedia Volume 13 — A Gullah Geechee publication by Darryl E. Brown,3.99,1,ggb-manifest-f6c0e79,Books & Magazines > Books > eBooks,"Books, Gullah Geechee, eBook, Digital",Digital,,,,,Yes,"PDF, EPUB",Active
Encyclopedia Volume 14,Encyclopedia Volume 14 — A Gullah Geechee publication by Darryl E. Brown,3.99,1,ggb-manifest-b5c85e8,Books & Magazines > Books > eBooks,"Books, Gullah Geechee, eBook, Digital",Digital,,,,,Yes,"PDF, EPUB",Active
Encyclopedia Volume 15,Encyclopedia Volume 15 — A Gullah Geechee publication by Darryl E. Brown,3.99,1,ggb-manifest-7a82573,Books & Magazines > Books > eBooks,"Books, Gullah Geechee, eBook, Digital",Digital,,,,,Yes,"PDF, EPUB",Active
Encyclopedia Volume 16,Encyclopedia Volume 16 — A Gullah Geechee publication by Darryl E. Brown,3.99,1,ggb-manifest-206069c,Books & Magazines > Books > eBooks,"Books, Gullah Geechee, eBook, Digital",Digital,,,,,Yes,"PDF, EPUB",Active
Encyclopedia Volume 17,Encyclopedia Volume 17 — A Gullah Geechee publication by Darryl E. Brown,3.99,1,ggb-manifest-927459f,Books & Magazines > Books > eBooks,"Books, Gullah Geechee, eBook, Digital",Digital,,,,,Yes,"PDF, EPUB",Active
Encyclopedia Volume 18,Encyclopedia Volume 18 — A Gullah Geechee publication by Darryl E. Brown,3.99,1,ggb-manifest-703aa98,Books & Magazines > Books > eBooks,"Books, Gullah Geechee, eBook, Digital",Digital,,,,,Yes,"PDF, EPUB",Active
Encyclopedia Volume 19,Encyclopedia Volume 19 — A Gullah Geechee publication by Darryl E. Brown,3.99,1,ggb-manifest-ce2613c,Books & Magazines > Books > eBooks,"Books, Gullah Geechee, eBook, Digital",Digital,,,,,Yes,"PDF, EPUB",Active
Encyclopedia Volume 20,Encyclopedia Volume 20 — A Gullah Geechee publication by Darryl E. Brown,3.99,1,ggb-manifest-2937d17,Books & Magazines > Books > eBooks,"Books, Gullah Geechee, eBook, Digital",Digital,,,,,Yes,"PDF, EPUB",Active
Encyclopedia Volume 21,Encyclopedia Volume 21 — A Gullah Geechee publication by Darryl E. Brown,3.99,1,ggb-manifest-5059d5c,Books & Magazines > Books > eBooks,"Books, Gullah Geechee, eBook, Digital",Digital,,,,,Yes,"PDF, EPUB",Active
Encyclopedia Volume 22,Encyclopedia Volume 22 — A Gullah Geechee publication by Darryl E. Brown,3.99,1,ggb-manifest-1d2dbb4,Books & Magazines > Books > eBooks,"Books, Gullah Geechee, eBook, Digital",Digital,,,,,Yes,"PDF, EPUB",Active
Encyclopedia Volume 23,Encyclopedia Volume 23 — A Gullah Geechee publication by Darryl E. Brown,3.99,1,ggb-manifest-a9da134,Books & Magazines > Books > eBooks,"Books, Gullah Geechee, eBook, Digital",Digital,,,,,Yes,"PDF, EPUB",Active
Encyclopedia Volume 24,Encyclopedia Volume 24 — A Gullah Geechee publication by Darryl E. Brown,3.99,1,ggb-manifest-220f16a,Books & Magazines > Books > eBooks,"Books, Gullah Geechee, eBook, Digital",Digital,,,,,Yes,"PDF, EPUB",Active
Encyclopedia Volume 25,Encyclopedia Volume 25 — A Gullah Geechee publication by Darryl E. Brown,3.99,1,ggb-manifest-aa32049,Books & Magazines > Books > eBooks,"Books, Gullah Geechee, eBook, Digital",Digital,,,,,Yes,"PDF, EPUB",Active
Encyclopedia Volume 26,Encyclopedia Volume 26 — A Gullah Geechee publication by Darryl E. Brown,3.99,1,ggb-manifest-a34223c,Books & Magazines > Books > eBooks,"Books, Gullah Geechee, eBook, Digital",Digital,,,,,Yes,"PDF, EPUB",Active
Encyclopedia Volume 27,Encyclopedia Volume 27 — A Gullah Geechee publication by Darryl E. Brown,3.99,1,ggb-manifest-fddcfb0,Books & Magazines > Books > eBooks,"Books, Gullah Geechee, eBook, Digital",Digital,,,,,Yes,"PDF, EPUB",Active
Encyclopedia Volume 28,Encyclopedia Volume 28 — A Gullah Geechee publication by Darryl E. Brown,3.99,1,ggb-manifest-7560a0c,Books & Magazines > Books > eBooks,"Books, Gullah Geechee, eBook, Digital",Digital,,,,,Yes,"PDF, EPUB",Active
Encyclopedia Volume 29,Encyclopedia Volume 29 — A Gullah Geechee publication by Darryl E. Brown,3.99,1,ggb-manifest-9a53398,Books & Magazines > Books > eBooks,"Books, Gullah Geechee, eBook, Digital",Digital,,,,,Yes,"PDF, EPUB",Active
Encyclopedia Volume 30,Encyclopedia Volume 30 — A Gullah Geechee publication by Darryl E. Brown,3.99,1,ggb-manifest-bb9b459,Books & Magazines > Books > eBooks,"Books, Gullah Geechee, eBook, Digital",Digital,,,,,Yes,"PDF, EPUB",Active
Encyclopedia Volume 31,Encyclopedia Volume 31 — A Gullah Geechee publication by Darryl E. Brown,3.99,1,ggb-manifest-a8f4d1d,Books & Magazines > Books > eBooks,"Books, Gullah Geechee, eBook, Digital",Digital,,,,,Yes,"PDF, EPUB",Active
Encyclopedia Volume 32,Encyclopedia Volume 32 — A Gullah Geechee publication by Darryl E. Brown,3.99,1,ggb-manifest-48d3d6f,Books & Magazines > Books > eBooks,"Books, Gullah Geechee, eBook, Digital",Digital,,,,,Yes,"PDF, EPUB",Active
Encyclopedia Volume 33,Encyclopedia Volume 33 — A Gullah Geechee publication by Darryl E. Brown,3.99,1,ggb-manifest-112bf12,Books & Magazines > Books > eBooks,"Books, Gullah Geechee, eBook, Digital",Digital,,,,,Yes,"PDF, EPUB",Active
Encyclopedia Volume 34,Encyclopedia Volume 34 — A Gullah Geechee publication by Darryl E. Brown,3.99,1,ggb-manifest-4a4a9f9,Books & Magazines > Books > eBooks,"Books, Gullah Geechee, eBook, Digital",Digital,,,,,Yes,"PDF, EPUB",Active
Encyclopedia Volume 35,Encyclopedia Volume 35 — A Gullah Geechee publication by Darryl E. Brown,3.99,1,ggb-manifest-6b33730,Books & Magazines > Books > eBooks,"Books, Gullah Geechee, eBook, Digital",Digital,,,,,Yes,"PDF, EPUB",Active
Encyclopedia Volume 36,Encyclopedia Volume 36 — A Gullah Geechee publication by Darryl E. Brown,3.99,1,ggb-manifest-255f966,Books & Magazines > Books > eBooks,"Books, Gullah Geechee, eBook, Digital",Digital,,,,,Yes,"PDF, EPUB",Active
Encyclopedia Volume 37,Encyclopedia Volume 37 — A Gullah Geechee publication by Darryl E. Brown,3.99,1,ggb-manifest-90fdf3b,Books & Magazines > Books > eBooks,"Books, Gullah Geechee, eBook, Digital",Digital,,,,,Yes,"PDF, EPUB",Active
Encyclopedia Volume 38,Encyclopedia Volume 38 — A Gullah Geechee publication by Darryl E. Brown,3.99,1,ggb-manifest-32b209a,Books & Magazines > Books > eBooks,"Books, Gullah Geechee, eBook, Digital",Digital,,,,,Yes,"PDF, EPUB",Active
Encyclopedia Volume 39,Encyclopedia Volume 39 — A Gullah Geechee publication by Darryl E. Brown,3.99,1,ggb-manifest-0741331,Books & Magazines > Books > eBooks,"Books, Gullah Geechee, eBook, Digital",Digital,,,,,Yes,"PDF, EPUB",Active
Encyclopedia Volume 40,Encyclopedia Volume 40 — A Gullah Geechee publication by Darryl E. Brown,3.99,1,ggb-manifest-6e4badd,Books & Magazines > Books > eBooks,"Books, Gullah Geechee, eBook, Digital",Digital,,,,,Yes,"PDF, EPUB",Active
Encyclopedia Volume 41,Encyclopedia Volume 41 — A Gullah Geechee publication by Darryl E. Brown,3.99,1,ggb-manifest-c5fc4ec,Books & Magazines > Books > eBooks,"Books, Gullah Geechee, eBook, Digital",Digital,,,,,Yes,"PDF, EPUB",Active
Encyclopedia Volume 42,Encyclopedia Volume 42 — A Gullah Geechee publication by Darryl E. Brown,3.99,1,ggb-manifest-fda64e2,Books & Magazines > Books > eBooks,"Books, Gullah Geechee, eBook, Digital",Digital,,,,,Yes,"PDF, EPUB",Active
Encyclopedia Volume 43,Encyclopedia Volume 43 — A Gullah Geechee publication by Darryl E. Brown,3.99,1,ggb-manifest-ff89f8d,Books & Magazines > Books > eBooks,"Books, Gullah Geechee, eBook, Digital",Digital,,,,,Yes,"PDF, EPUB",Active
Encyclopedia Volume 44,Encyclopedia Volume 44 — A Gullah Geechee publication by Darryl E. Brown,3.99,1,ggb-manifest-3fc56e8,Books & Magazines > Books > eBooks,"Books, Gullah Geechee, eBook, Digital",Digital,,,,,Yes,"PDF, EPUB",Active
Encyclopedia Volume 45,Encyclopedia Volume 45 — A Gullah Geechee publication by Darryl E. Brown,3.99,1,ggb-manifest-ce9ea27,Books & Magazines > Books > eBooks,"Books, Gullah Geechee, eBook, Digital",Digital,,,,,Yes,"PDF, EPUB",Active
Encyclopedia Volume 46,Encyclopedia Volume 46 — A Gullah Geechee publication by Darryl E. Brown,3.99,1,ggb-manifest-196fba7,Books & Magazines > Books > eBooks,"Books, Gullah Geechee, eBook, Digital",Digital,,,,,Yes,"PDF, EPUB",Active
Encyclopedia Volume 47,Encyclopedia Volume 47 — A Gullah Geechee publication by Darryl E. Brown,3.99,1,ggb-manifest-efa7259,Books & Magazines > Books > eBooks,"Books, Gullah Geechee, eBook, Digital",Digital,,,,,Yes,"PDF, EPUB",Active
Encyclopedia Volume 48,Encyclopedia Volume 48 — A Gullah Geechee publication by Darryl E. Brown,3.99,1,ggb-manifest-eac1f2b,Books & Magazines > Books > eBooks,"Books, Gullah Geechee, eBook, Digital",Digital,,,,,Yes,"PDF, EPUB",Active
Encyclopedia Volume 49,Encyclopedia Volume 49 — A Gullah Geechee publication by Darryl E. Brown,3.99,1,ggb-manifest-ed8847d,Books & Magazines > Books > eBooks,"Books, Gullah Geechee, eBook, Digital",Digital,,,,,Yes,"PDF, EPUB",Active
Encyclopedia Volume 50,Encyclopedia Volume 50 — A Gullah Geechee publication by Darryl E. Brown,3.99,1,ggb-manifest-a266c2b,Books & Magazines > Books > eBooks,"Books, Gullah Geechee, eBook, Digital",Digital,,,,,Yes,"PDF, EPUB",Active
How to Find Your Purpose,How to Find Your Purpose — A Gullah Geechee publication by Darryl E. Brown,3.99,1,ggb-manifest-2d6bfd8,Books & Magazines > Books > eBooks,"Books, Gullah Geechee, eBook, Digital",Digital,,,,,Yes,"PDF, EPUB",Active
How to Build Unshakeable Confidence,How to Build Unshakeable Confidence — A Gullah Geechee publication by Darryl E. Brown,3.99,1,ggb-manifest-9ed9067,Books & Magazines > Books > eBooks,"Books, Gullah Geechee, eBook, Digital",Digital,,,,,Yes,"PDF, EPUB",Active
How to Master Your Morning Routine,How to Master Your Morning Routine — A Gullah Geechee publication by Darryl E. Brown,3.99,1,ggb-manifest-d25e29c,Books & Magazines > Books > eBooks,"Books, Gullah Geechee, eBook, Digital",Digital,,,,,Yes,"PDF, EPUB",Active
How to Overcome Imposter Syndrome,How to Overcome Imposter Syndrome — A Gullah Geechee publication by Darryl E. Brown,3.99,1,ggb-manifest-bd5dfa4,Books & Magazines > Books > eBooks,"Books, Gullah Geechee, eBook, Digital",Digital,,,,,Yes,"PDF, EPUB",Active
How to Practice Radical Self-Care,How to Practice Radical Self-Care — A Gullah Geechee publication by Darryl E. Brown,3.99,1,ggb-manifest-13986b8,Books & Magazines > Books > eBooks,"Books, Gullah Geechee, eBook, Digital",Digital,,,,,Yes,"PDF, EPUB",Active
How to Set Boundaries That Stick,How to Set Boundaries That Stick — A Gullah Geechee publication by Darryl E. Brown,3.99,1,ggb-manifest-d252c9a,Books & Magazines > Books > eBooks,"Books, Gullah Geechee, eBook, Digital",Digital,,,,,Yes,"PDF, EPUB",Active
How to Break Bad Habits Forever,How to Break Bad Habits Forever — A Gullah Geechee publication by Darryl E. Brown,3.99,1,ggb-manifest-70b7e94,Books & Magazines > Books > eBooks,"Books, Gullah Geechee, eBook, Digital",Digital,,,,,Yes,"PDF, EPUB",Active
How to Cultivate Daily Gratitude,How to Cultivate Daily Gratitude — A Gullah Geechee publication by Darryl E. Brown,3.99,1,ggb-manifest-6f753c3,Books & Magazines > Books > eBooks,"Books, Gullah Geechee, eBook, Digital",Digital,,,,,Yes,"PDF, EPUB",Active
How to Manage Anxiety Naturally,How to Manage Anxiety Naturally — A Gullah Geechee publication by Darryl E. Brown,3.99,1,ggb-manifest-6993a90,Books & Magazines > Books > eBooks,"Books, Gullah Geechee, eBook, Digital",Digital,,,,,Yes,"PDF, EPUB",Active
How to Develop Emotional Intelligence,How to Develop Emotional Intelligence — A Gullah Geechee publication by Darryl E. Brown,3.99,1,ggb-manifest-6dec9a5,Books & Magazines > Books > eBooks,"Books, Gullah Geechee, eBook, Digital",Digital,,,,,Yes,"PDF, EPUB",Active
How to Forgive Yourself and Move On,How to Forgive Yourself and Move On — A Gullah Geechee publication by Darryl E. Brown,3.99,1,ggb-manifest-f4356ae,Books & Magazines > Books > eBooks,"Books, Gullah Geechee, eBook, Digital",Digital,,,,,Yes,"PDF, EPUB",Active
How to Stay Motivated Every Day,How to Stay Motivated Every Day — A Gullah Geechee publication by Darryl E. Brown,3.99,1,ggb-manifest-1f00aa5,Books & Magazines > Books > eBooks,"Books, Gullah Geechee, eBook, Digital",Digital,,,,,Yes,"PDF, EPUB",Active
How to Build Resilience in Tough Times,How to Build Resilience in Tough Times — A Gullah Geechee publication by Darryl E. Brown,3.99,1,ggb-manifest-b29c5ad,Books & Magazines > Books > eBooks,"Books, Gullah Geechee, eBook, Digital",Digital,,,,,Yes,"PDF, EPUB",Active
How to Practice Mindful Living,How to Practice Mindful Living — A Gullah Geechee publication by Darryl E. Brown,3.99,1,ggb-manifest-f219a59,Books & Magazines > Books > eBooks,"Books, Gullah Geechee, eBook, Digital",Digital,,,,,Yes,"PDF, EPUB",Active
How to Let Go of Perfectionism,How to Let Go of Perfectionism — A Gullah Geechee publication by Darryl E. Brown,3.99,1,ggb-manifest-15a1394,Books & Magazines > Books > eBooks,"Books, Gullah Geechee, eBook, Digital",Digital,,,,,Yes,"PDF, EPUB",Active
How to Create a Personal Mission Statement,How to Create a Personal Mission Statement — A Gullah Geechee publication by Darryl E. Brown,3.99,1,ggb-manifest-dd004ab,Books & Magazines > Books > eBooks,"Books, Gullah Geechee, eBook, Digital",Digital,,,,,Yes,"PDF, EPUB",Active
How to Develop a Growth Mindset,How to Develop a Growth Mindset — A Gullah Geechee publication by Darryl E. Brown,3.99,1,ggb-manifest-19c141a,Books & Magazines > Books > eBooks,"Books, Gullah Geechee, eBook, Digital",Digital,,,,,Yes,"PDF, EPUB",Active
How to Handle Criticism Gracefully,How to Handle Criticism Gracefully — A Gullah Geechee publication by Darryl E. Brown,3.99,1,ggb-manifest-4885e35,Books & Magazines > Books > eBooks,"Books, Gullah Geechee, eBook, Digital",Digital,,,,,Yes,"PDF, EPUB",Active
How to Build Healthy Relationships,How to Build Healthy Relationships — A Gullah Geechee publication by Darryl E. Brown,3.99,1,ggb-manifest-ba83edb,Books & Magazines > Books > eBooks,"Books, Gullah Geechee, eBook, Digital",Digital,,,,,Yes,"PDF, EPUB",Active
How to Find Inner Peace,How to Find Inner Peace — A Gullah Geechee publication by Darryl E. Brown,3.99,1,ggb-manifest-00c5937,Books & Magazines > Books > eBooks,"Books, Gullah Geechee, eBook, Digital",Digital,,,,,Yes,"PDF, EPUB",Active
How to Stop People-Pleasing,How to Stop People-Pleasing — A Gullah Geechee publication by Darryl E. Brown,3.99,1,ggb-manifest-e4bf676,Books & Magazines > Books > eBooks,"Books, Gullah Geechee, eBook, Digital",Digital,,,,,Yes,"PDF, EPUB",Active
How to Embrace Your Authentic Self,How to Embrace Your Authentic Self — A Gullah Geechee publication by Darryl E. Brown,3.99,1,ggb-manifest-3339a9f,Books & Magazines > Books > eBooks,"Books, Gullah Geechee, eBook, Digital",Digital,,,,,Yes,"PDF, EPUB",Active
How to Navigate Life Transitions,How to Navigate Life Transitions — A Gullah Geechee publication by Darryl E. Brown,3.99,1,ggb-manifest-a884bb4,Books & Magazines > Books > eBooks,"Books, Gullah Geechee, eBook, Digital",Digital,,,,,Yes,"PDF, EPUB",Active
How to Practice Self-Compassion,How to Practice Self-Compassion — A Gullah Geechee publication by Darryl E. Brown,3.99,1,ggb-manifest-2a00fc1,Books & Magazines > Books > eBooks,"Books, Gullah Geechee, eBook, Digital",Digital,,,,,Yes,"PDF, EPUB",Active
How to Build Mental Toughness,How to Build Mental Toughness — A Gullah Geechee publication by Darryl E. Brown,3.99,1,ggb-manifest-5cc9168,Books & Magazines > Books > eBooks,"Books, Gullah Geechee, eBook, Digital",Digital,,,,,Yes,"PDF, EPUB",Active
How to Create a Vision Board That Works,How to Create a Vision Board That Works — A Gullah Geechee publication by Darryl E. Brown,3.99,1,ggb-manifest-fa03ebc,Books & Magazines > Books > eBooks,"Books, Gullah Geechee, eBook, Digital",Digital,,,,,Yes,"PDF, EPUB",Active
How to Develop Daily Discipline,How to Develop Daily Discipline — A Gullah Geechee publication by Darryl E. Brown,3.99,1,ggb-manifest-c20b53c,Books & Magazines > Books > eBooks,"Books, Gullah Geechee, eBook, Digital",Digital,,,,,Yes,"PDF, EPUB",Active
How to Overcome Fear of Failure,How to Overcome Fear of Failure — A Gullah Geechee publication by Darryl E. Brown,3.99,1,ggb-manifest-3a07da5,Books & Magazines > Books > eBooks,"Books, Gullah Geechee, eBook, Digital",Digital,,,,,Yes,"PDF, EPUB",Active
How to Cultivate Patience,How to Cultivate Patience — A Gullah Geechee publication by Darryl E. Brown,3.99,1,ggb-manifest-3e9fd68,Books & Magazines > Books > eBooks,"Books, Gullah Geechee, eBook, Digital",Digital,,,,,Yes,"PDF, EPUB",Active
How to Live with Intention,How to Live with Intention — A Gullah Geechee publication by Darryl E. Brown,3.99,1,ggb-manifest-42bbeb1,Books & Magazines > Books > eBooks,"Books, Gullah Geechee, eBook, Digital",Digital,,,,,Yes,"PDF, EPUB",Active
How to Start a Side Hustle,How to Start a Side Hustle — A Gullah Geechee publication by Darryl E. Brown,3.99,1,ggb-manifest-f28d380,Books & Magazines > Books > eBooks,"Books, Gullah Geechee, eBook, Digital",Digital,,,,,Yes,"PDF, EPUB",Active
How to Build a Personal Brand,How to Build a Personal Brand — A Gullah Geechee publication by Darryl E. Brown,3.99,1,ggb-manifest-ce78b1a,Books & Magazines > Books > eBooks,"Books, Gullah Geechee, eBook, Digital",Digital,,,,,Yes,"PDF, EPUB",Active
How to Create a Business Plan,How to Create a Business Plan — A Gullah Geechee publication by Darryl E. Brown,3.99,1,ggb-manifest-13c5d05,Books & Magazines > Books > eBooks,"Books, Gullah Geechee, eBook, Digital",Digital,,,,,Yes,"PDF, EPUB",Active
How to Master Social Media Marketing,How to Master Social Media Marketing — A Gullah Geechee publication by Darryl E. Brown,3.99,1,ggb-manifest-bb334b0,Books & Magazines > Books > eBooks,"Books, Gullah Geechee, eBook, Digital",Digital,,,,,Yes,"PDF, EPUB",Active
How to Launch an Online Course,How to Launch an Online Course — A Gullah Geechee publication by Darryl E. Brown,3.99,1,ggb-manifest-d6af3c3,Books & Magazines > Books > eBooks,"Books, Gullah Geechee, eBook, Digital",Digital,,,,,Yes,"PDF, EPUB",Active
How to Write a Winning Grant Proposal,How to Write a Winning Grant Proposal — A Gullah Geechee publication by Darryl E. Brown,3.99,1,ggb-manifest-e5f9d04,Books & Magazines > Books > eBooks,"Books, Gullah Geechee, eBook, Digital",Digital,,,,,Yes,"PDF, EPUB",Active
How to Build an Email List from Scratch,How to Build an Email List from Scratch — A Gullah Geechee publication by Darryl E. Brown,3.99,1,ggb-manifest-e69bc2d,Books & Magazines > Books > eBooks,"Books, Gullah Geechee, eBook, Digital",Digital,,,,,Yes,"PDF, EPUB",Active
How to Price Your Products or Services,How to Price Your Products or Services — A Gullah Geechee publication by Darryl E. Brown,3.99,1,ggb-manifest-c996ed0,Books & Magazines > Books > eBooks,"Books, Gullah Geechee, eBook, Digital",Digital,,,,,Yes,"PDF, EPUB",Active
How to Network Like a Pro,How to Network Like a Pro — A Gullah Geechee publication by Darryl E. Brown,3.99,1,ggb-manifest-02a636c,Books & Magazines > Books > eBooks,"Books, Gullah Geechee, eBook, Digital",Digital,,,,,Yes,"PDF, EPUB",Active
How to Manage Business Finances,How to Manage Business Finances — A Gullah Geechee publication by Darryl E. Brown,3.99,1,ggb-manifest-b833793,Books & Magazines > Books > eBooks,"Books, Gullah Geechee, eBook, Digital",Digital,,,,,Yes,"PDF, EPUB",Active
How to Create a Content Strategy,How to Create a Content Strategy — A Gullah Geechee publication by Darryl E. Brown,3.99,1,ggb-manifest-73db13c,Books & Magazines > Books > eBooks,"Books, Gullah Geechee, eBook, Digital",Digital,,,,,Yes,"PDF, EPUB",Active
How to Build a Website on a Budget,How to Build a Website on a Budget — A Gullah Geechee publication by Darryl E. Brown,3.99,1,ggb-manifest-42aad03,Books & Magazines > Books > eBooks,"Books, Gullah Geechee, eBook, Digital",Digital,,,,,Yes,"PDF, EPUB",Active
How to Master Public Speaking,How to Master Public Speaking — A Gullah Geechee publication by Darryl E. Brown,3.99,1,ggb-manifest-bcef917,Books & Magazines > Books > eBooks,"Books, Gullah Geechee, eBook, Digital",Digital,,,,,Yes,"PDF, EPUB",Active
How to Negotiate Better Deals,How to Negotiate Better Deals — A Gullah Geechee publication by Darryl E. Brown,3.99,1,ggb-manifest-7542cf4,Books & Magazines > Books > eBooks,"Books, Gullah Geechee, eBook, Digital",Digital,,,,,Yes,"PDF, EPUB",Active
How to Build a Remote Team,How to Build a Remote Team — A Gullah Geechee publication by Darryl E. Brown,3.99,1,ggb-manifest-d397be9,Books & Magazines > Books > eBooks,"Books, Gullah Geechee, eBook, Digital",Digital,,,,,Yes,"PDF, EPUB",Active
How to Scale Your Small Business,How to Scale Your Small Business — A Gullah Geechee publication by Darryl E. Brown,3.99,1,ggb-manifest-5bd6f77,Books & Magazines > Books > eBooks,"Books, Gullah Geechee, eBook, Digital",Digital,,,,,Yes,"PDF, EPUB",Active
How to Create a Marketing Funnel,How to Create a Marketing Funnel — A Gullah Geechee publication by Darryl E. Brown,3.99,1,ggb-manifest-df71da4,Books & Magazines > Books > eBooks,"Books, Gullah Geechee, eBook, Digital",Digital,,,,,Yes,"PDF, EPUB",Active
How to Use AI in Your Business,How to Use AI in Your Business — A Gullah Geechee publication by Darryl E. Brown,3.99,1,ggb-manifest-12e3df7,Books & Magazines > Books > eBooks,"Books, Gullah Geechee, eBook, Digital",Digital,,,,,Yes,"PDF, EPUB",Active
How to Build Customer Loyalty,How to Build Customer Loyalty — A Gullah Geechee publication by Darryl E. Brown,3.99,1,ggb-manifest-65fefcb,Books & Magazines > Books > eBooks,"Books, Gullah Geechee, eBook, Digital",Digital,,,,,Yes,"PDF, EPUB",Active
How to Manage Your Time Effectively,How to Manage Your Time Effectively — A Gullah Geechee publication by Darryl E. Brown,3.99,1,ggb-manifest-9771f9f,Books & Magazines > Books > eBooks,"Books, Gullah Geechee, eBook, Digital",Digital,,,,,Yes,"PDF, EPUB",Active
How to Create a Sales Funnel,How to Create a Sales Funnel — A Gullah Geechee publication by Darryl E. Brown,3.99,1,ggb-manifest-7abd029,Books & Magazines > Books > eBooks,"Books, Gullah Geechee, eBook, Digital",Digital,,,,,Yes,"PDF, EPUB",Active
How to Build Strategic Partnerships,How to Build Strategic Partnerships — A Gullah Geechee publication by Darryl E. Brown,3.99,1,ggb-manifest-241e403,Books & Magazines > Books > eBooks,"Books, Gullah Geechee, eBook, Digital",Digital,,,,,Yes,"PDF, EPUB",Active
How to Master Email Marketing,How to Master Email Marketing — A Gullah Geechee publication by Darryl E. Brown,3.99,1,ggb-manifest-cd49bb9,Books & Magazines > Books > eBooks,"Books, Gullah Geechee, eBook, Digital",Digital,,,,,Yes,"PDF, EPUB",Active
How to Create a Brand Style Guide,How to Create a Brand Style Guide — A Gullah Geechee publication by Darryl E. Brown,3.99,1,ggb-manifest-0ae2f24,Books & Magazines > Books > eBooks,"Books, Gullah Geechee, eBook, Digital",Digital,,,,,Yes,"PDF, EPUB",Active
How to Build a Freelance Career,How to Build a Freelance Career — A Gullah Geechee publication by Darryl E. Brown,3.99,1,ggb-manifest-ae09d35,Books & Magazines > Books > eBooks,"Books, Gullah Geechee, eBook, Digital",Digital,,,,,Yes,"PDF, EPUB",Active
How to Write Copy That Sells,How to Write Copy That Sells — A Gullah Geechee publication by Darryl E. Brown,3.99,1,ggb-manifest-6754798,Books & Magazines > Books > eBooks,"Books, Gullah Geechee, eBook, Digital",Digital,,,,,Yes,"PDF, EPUB",Active
How to Create a Product Launch Plan,How to Create a Product Launch Plan — A Gullah Geechee publication by Darryl E. Brown,3.99,1,ggb-manifest-ad0a963,Books & Magazines > Books > eBooks,"Books, Gullah Geechee, eBook, Digital",Digital,,,,,Yes,"PDF, EPUB",Active
How to Build a Community Around Your Brand,How to Build a Community Around Your Brand — A Gullah Geechee publication by Darryl E. Brown,3.99,1,ggb-manifest-d529872,Books & Magazines > Books > eBooks,"Books, Gullah Geechee, eBook, Digital",Digital,,,,,Yes,"PDF, EPUB",Active
How to Master LinkedIn for Business,How to Master LinkedIn for Business — A Gullah Geechee publication by Darryl E. Brown,3.99,1,ggb-manifest-aeb8176,Books & Magazines > Books > eBooks,"Books, Gullah Geechee, eBook, Digital",Digital,,,,,Yes,"PDF, EPUB",Active
How to Create a Customer Journey Map,How to Create a Customer Journey Map — A Gullah Geechee publication by Darryl E. Brown,3.99,1,ggb-manifest-22b4aeb,Books & Magazines > Books > eBooks,"Books, Gullah Geechee, eBook, Digital",Digital,,,,,Yes,"PDF, EPUB",Active
How to Build a Subscription Business,How to Build a Subscription Business — A Gullah Geechee publication by Darryl E. Brown,3.99,1,ggb-manifest-3475f56,Books & Magazines > Books > eBooks,"Books, Gullah Geechee, eBook, Digital",Digital,,,,,Yes,"PDF, EPUB",Active
How to Create a Referral Program,How to Create a Referral Program — A Gullah Geechee publication by Darryl E. Brown,3.99,1,ggb-manifest-b259163,Books & Magazines > Books > eBooks,"Books, Gullah Geechee, eBook, Digital",Digital,,,,,Yes,"PDF, EPUB",Active
How to Master Business Storytelling,How to Master Business Storytelling — A Gullah Geechee publication by Darryl E. Brown,3.99,1,ggb-manifest-667ab62,Books & Magazines > Books > eBooks,"Books, Gullah Geechee, eBook, Digital",Digital,,,,,Yes,"PDF, EPUB",Active
How to Build a Digital Product Empire,How to Build a Digital Product Empire — A Gullah Geechee publication by Darryl E. Brown,3.99,1,ggb-manifest-a061389,Books & Magazines > Books > eBooks,"Books, Gullah Geechee, eBook, Digital",Digital,,,,,Yes,"PDF, EPUB",Active
How to Create a Business Exit Strategy,How to Create a Business Exit Strategy — A Gullah Geechee publication by Darryl E. Brown,3.99,1,ggb-manifest-d03f282,Books & Magazines > Books > eBooks,"Books, Gullah Geechee, eBook, Digital",Digital,,,,,Yes,"PDF, EPUB",Active
How to Cook Perfect Gullah Red Rice,How to Cook Perfect Gullah Red Rice — A Gullah Geechee publication by Darryl E. Brown,3.99,1,ggb-manifest-f5fdba6,Books & Magazines > Books > eBooks,"Books, Gullah Geechee, eBook, Digital",Digital,,,,,Yes,"PDF, EPUB",Active
How to Make Southern Cornbread from Scratch,How to Make Southern Cornbread from Scratch — A Gullah Geechee publication by Darryl E. Brown,3.99,1,ggb-manifest-072ca56,Books & Magazines > Books > eBooks,"Books, Gullah Geechee, eBook, Digital",Digital,,,,,Yes,"PDF, EPUB",Active
How to Fry the Perfect Fish,How to Fry the Perfect Fish — A Gullah Geechee publication by Darryl E. Brown,3.99,1,ggb-manifest-cb26962,Books & Magazines > Books > eBooks,"Books, Gullah Geechee, eBook, Digital",Digital,,,,,Yes,"PDF, EPUB",Active
How to Make Authentic Shrimp and Grits,How to Make Authentic Shrimp and Grits — A Gullah Geechee publication by Darryl E. Brown,3.99,1,ggb-manifest-eaa120f,Books & Magazines > Books > eBooks,"Books, Gullah Geechee, eBook, Digital",Digital,,,,,Yes,"PDF, EPUB",Active
How to Bake Sweet Potato Pie,How to Bake Sweet Potato Pie — A Gullah Geechee publication by Darryl E. Brown,3.99,1,ggb-manifest-1e52310,Books & Magazines > Books > eBooks,"Books, Gullah Geechee, eBook, Digital",Digital,,,,,Yes,"PDF, EPUB",Active
How to Make Hoppin' John for New Year's,How to Make Hoppin' John for New Year's — A Gullah Geechee publication by Darryl E. Brown,3.99,1,ggb-manifest-92fabeb,Books & Magazines > Books > eBooks,"Books, Gullah Geechee, eBook, Digital",Digital,,,,,Yes,"PDF, EPUB",Active
How to Cook Collard Greens the Right Way,How to Cook Collard Greens the Right Way — A Gullah Geechee publication by Darryl E. Brown,3.99,1,ggb-manifest-6db8ba7,Books & Magazines > Books > eBooks,"Books, Gullah Geechee, eBook, Digital",Digital,,,,,Yes,"PDF, EPUB",Active
How to Make Benne Wafers,How to Make Benne Wafers — A Gullah Geechee publication by Darryl E. Brown,3.99,1,ggb-manifest-6b58360,Books & Magazines > Books > eBooks,"Books, Gullah Geechee, eBook, Digital",Digital,,,,,Yes,"PDF, EPUB",Active
How to Prepare Okra and Tomatoes,How to Prepare Okra and Tomatoes — A Gullah Geechee publication by Darryl E. Brown,3.99,1,ggb-manifest-c9110eb,Books & Magazines > Books > eBooks,"Books, Gullah Geechee, eBook, Digital",Digital,,,,,Yes,"PDF, EPUB",Active
How to Make Gullah Tea Cakes,How to Make Gullah Tea Cakes — A Gullah Geechee publication by Darryl E. Brown,3.99,1,ggb-manifest-c655fc8,Books & Magazines > Books > eBooks,"Books, Gullah Geechee, eBook, Digital",Digital,,,,,Yes,"PDF, EPUB",Active
How to Cook Lowcountry Boil,How to Cook Lowcountry Boil — A Gullah Geechee publication by Darryl E. Brown,3.99,1,ggb-manifest-9f9c66c,Books & Magazines > Books > eBooks,"Books, Gullah Geechee, eBook, Digital",Digital,,,,,Yes,"PDF, EPUB",Active
How to Make Pickled Shrimp,How to Make Pickled Shrimp — A Gullah Geechee publication by Darryl E. Brown,3.99,1,ggb-manifest-7478330,Books & Magazines > Books > eBooks,"Books, Gullah Geechee, eBook, Digital",Digital,,,,,Yes,"PDF, EPUB",Active
How to Bake Buttermilk Cornbread,How to Bake Buttermilk Cornbread — A Gullah Geechee publication by Darryl E. Brown,3.99,1,ggb-manifest-915ac4f,Books & Magazines > Books > eBooks,"Books, Gullah Geechee, eBook, Digital",Digital,,,,,Yes,"PDF, EPUB",Active
How to Make Boiled Peanuts,How to Make Boiled Peanuts — A Gullah Geechee publication by Darryl E. Brown,3.99,1,ggb-manifest-582c83e,Books & Magazines > Books > eBooks,"Books, Gullah Geechee, eBook, Digital",Digital,,,,,Yes,"PDF, EPUB",Active
How to Cook Gullah Cabbage,How to Cook Gullah Cabbage — A Gullah Geechee publication by Darryl E. Brown,3.99,1,ggb-manifest-5b9a762,Books & Magazines > Books > eBooks,"Books, Gullah Geechee, eBook, Digital",Digital,,,,,Yes,"PDF, EPUB",Active
How to Make Mac and Cheese the Southern Way,How to Make Mac and Cheese the Southern Way — A Gullah Geechee publication by Darryl E. Brown,3.99,1,ggb-manifest-a5ec4cb,Books & Magazines > Books > eBooks,"Books, Gullah Geechee, eBook, Digital",Digital,,,,,Yes,"PDF, EPUB",Active
How to Prepare Gullah Chicken Soup,How to Prepare Gullah Chicken Soup — A Gullah Geechee publication by Darryl E. Brown,3.99,1,ggb-manifest-fac9c47,Books & Magazines > Books > eBooks,"Books, Gullah Geechee, eBook, Digital",Digital,,,,,Yes,"PDF, EPUB",Active
How to Make Rice Pudding,How to Make Rice Pudding — A Gullah Geechee publication by Darryl E. Brown,3.99,1,ggb-manifest-ea218c8,Books & Magazines > Books > eBooks,"Books, Gullah Geechee, eBook, Digital",Digital,,,,,Yes,"PDF, EPUB",Active
How to Cook Gullah Pork Chops,How to Cook Gullah Pork Chops — A Gullah Geechee publication by Darryl E. Brown,3.99,1,ggb-manifest-7533c4e,Books & Magazines > Books > eBooks,"Books, Gullah Geechee, eBook, Digital",Digital,,,,,Yes,"PDF, EPUB",Active
How to Make Sweetgrass Lemonade,How to Make Sweetgrass Lemonade — A Gullah Geechee publication by Darryl E. Brown,3.99,1,ggb-manifest-03c5ba0,Books & Magazines > Books > eBooks,"Books, Gullah Geechee, eBook, Digital",Digital,,,,,Yes,"PDF, EPUB",Active
How to Make Gullah Potato Salad,How to Make Gullah Potato Salad — A Gullah Geechee publication by Darryl E. Brown,3.99,1,ggb-manifest-b18e49f,Books & Magazines > Books > eBooks,"Books, Gullah Geechee, eBook, Digital",Digital,,,,,Yes,"PDF, EPUB",Active
How to Cook Benne Chicken,How to Cook Benne Chicken — A Gullah Geechee publication by Darryl E. Brown,3.99,1,ggb-manifest-af5b45e,Books & Magazines > Books > eBooks,"Books, Gullah Geechee, eBook, Digital",Digital,,,,,Yes,"PDF, EPUB",Active
How to Make Gullah Breakfast,How to Make Gullah Breakfast — A Gullah Geechee publication by Darryl E. Brown,3.99,1,ggb-manifest-ad8aa77,Books & Magazines > Books > eBooks,"Books, Gullah Geechee, eBook, Digital",Digital,,,,,Yes,"PDF, EPUB",Active
How to Preserve Summer Vegetables,How to Preserve Summer Vegetables — A Gullah Geechee publication by Darryl E. Brown,3.99,1,ggb-manifest-38485b3,Books & Magazines > Books > eBooks,"Books, Gullah Geechee, eBook, Digital",Digital,,,,,Yes,"PDF, EPUB",Active
How to Master Cast Iron Cooking,How to Master Cast Iron Cooking — A Gullah Geechee publication by Darryl E. Brown,3.99,1,ggb-manifest-717b5e7,Books & Magazines > Books > eBooks,"Books, Gullah Geechee, eBook, Digital",Digital,,,,,Yes,"PDF, EPUB",Active
How to Make One-Pot Gullah Meals,How to Make One-Pot Gullah Meals — A Gullah Geechee publication by Darryl E. Brown,3.99,1,ggb-manifest-8dc90af,Books & Magazines > Books > eBooks,"Books, Gullah Geechee, eBook, Digital",Digital,,,,,Yes,"PDF, EPUB",Active
How to Cook with Seasonal Lowcountry Ingredients,How to Cook with Seasonal Lowcountry Ingredients — A Gullah Geechee publication by Darryl E. Brown,3.99,1,ggb-manifest-49ba5b6,Books & Magazines > Books > eBooks,"Books, Gullah Geechee, eBook, Digital",Digital,,,,,Yes,"PDF, EPUB",Active
How to Make Gullah Sauces and Seasonings,How to Make Gullah Sauces and Seasonings — A Gullah Geechee publication by Darryl E. Brown,3.99,1,ggb-manifest-37eca76,Books & Magazines > Books > eBooks,"Books, Gullah Geechee, eBook, Digital",Digital,,,,,Yes,"PDF, EPUB",Active
How to Bake Gullah Desserts,How to Bake Gullah Desserts — A Gullah Geechee publication by Darryl E. Brown,3.99,1,ggb-manifest-812f715,Books & Magazines > Books > eBooks,"Books, Gullah Geechee, eBook, Digital",Digital,,,,,Yes,"PDF, EPUB",Active
How to Make Holiday Gullah Feasts,How to Make Holiday Gullah Feasts — A Gullah Geechee publication by Darryl E. Brown,3.99,1,ggb-manifest-bca593c,Books & Magazines > Books > eBooks,"Books, Gullah Geechee, eBook, Digital",Digital,,,,,Yes,"PDF, EPUB",Active
How to Cook Gullah Seafood,How to Cook Gullah Seafood — A Gullah Geechee publication by Darryl E. Brown,3.99,1,ggb-manifest-5518daf,Books & Magazines > Books > eBooks,"Books, Gullah Geechee, eBook, Digital",Digital,,,,,Yes,"PDF, EPUB",Active
How to Make Gullah Soups and Stews,How to Make Gullah Soups and Stews — A Gullah Geechee publication by Darryl E. Brown,3.99,1,ggb-manifest-12bb996,Books & Magazines > Books > eBooks,"Books, Gullah Geechee, eBook, Digital",Digital,,,,,Yes,"PDF, EPUB",Active
How to Prepare Gullah Side Dishes,How to Prepare Gullah Side Dishes — A Gullah Geechee publication by Darryl E. Brown,3.99,1,ggb-manifest-891521c,Books & Magazines > Books > eBooks,"Books, Gullah Geechee, eBook, Digital",Digital,,,,,Yes,"PDF, EPUB",Active
How to Make Gullah Breads,How to Make Gullah Breads — A Gullah Geechee publication by Darryl E. Brown,3.99,1,ggb-manifest-203b564,Books & Magazines > Books > eBooks,"Books, Gullah Geechee, eBook, Digital",Digital,,,,,Yes,"PDF, EPUB",Active
How to Cook Gullah Vegetables,How to Cook Gullah Vegetables — A Gullah Geechee publication by Darryl E. Brown,3.99,1,ggb-manifest-4dca89c,Books & Magazines > Books > eBooks,"Books, Gullah Geechee, eBook, Digital",Digital,,,,,Yes,"PDF, EPUB",Active
KDP Draft — How to Find Your Purpose,KDP Draft — How to Find Your Purpose — A Gullah Geechee publication by Darryl E. Brown,3.99,1,ggb-manifest-e948762,Books & Magazines > Books > eBooks,"Books, Gullah Geechee, eBook, Digital",Digital,,,,,Yes,"PDF, EPUB",Active
KDP Draft — How to Build Unshakeable Confidence,KDP Draft — How to Build Unshakeable Confidence — A Gullah Geechee publication by Darryl E. Brown,3.99,1,ggb-manifest-e07c90a,Books & Magazines > Books > eBooks,"Books, Gullah Geechee, eBook, Digital",Digital,,,,,Yes,"PDF, EPUB",Active
KDP Draft — How to Master Your Morning Routine,KDP Draft — How to Master Your Morning Routine — A Gullah Geechee publication by Darryl E. Brown,3.99,1,ggb-manifest-415eaab,Books & Magazines > Books > eBooks,"Books, Gullah Geechee, eBook, Digital",Digital,,,,,Yes,"PDF, EPUB",Active
KDP Draft — How to Overcome Imposter Syndrome,KDP Draft — How to Overcome Imposter Syndrome — A Gullah Geechee publication by Darryl E. Brown,3.99,1,ggb-manifest-7b8b5bc,Books & Magazines > Books > eBooks,"Books, Gullah Geechee, eBook, Digital",Digital,,,,,Yes,"PDF, EPUB",Active
KDP Draft — How to Practice Radical Self-Care,KDP Draft — How to Practice Radical Self-Care — A Gullah Geechee publication by Darryl E. Brown,3.99,1,ggb-manifest-b6cb585,Books & Magazines > Books > eBooks,"Books, Gullah Geechee, eBook, Digital",Digital,,,,,Yes,"PDF, EPUB",Active
KDP Draft — How to Set Boundaries That Stick,KDP Draft — How to Set Boundaries That Stick — A Gullah Geechee publication by Darryl E. Brown,3.99,1,ggb-manifest-1d7f777,Books & Magazines > Books > eBooks,"Books, Gullah Geechee, eBook, Digital",Digital,,,,,Yes,"PDF, EPUB",Active
KDP Draft — How to Break Bad Habits Forever,KDP Draft — How to Break Bad Habits Forever — A Gullah Geechee publication by Darryl E. Brown,3.99,1,ggb-manifest-465672c,Books & Magazines > Books > eBooks,"Books, Gullah Geechee, eBook, Digital",Digital,,,,,Yes,"PDF, EPUB",Active
KDP Draft — How to Cultivate Daily Gratitude,KDP Draft — How to Cultivate Daily Gratitude — A Gullah Geechee publication by Darryl E. Brown,3.99,1,ggb-manifest-9bd6747,Books & Magazines > Books > eBooks,"Books, Gullah Geechee, eBook, Digital",Digital,,,,,Yes,"PDF, EPUB",Active
KDP Draft — How to Manage Anxiety Naturally,KDP Draft — How to Manage Anxiety Naturally — A Gullah Geechee publication by Darryl E. Brown,3.99,1,ggb-manifest-bfa43ac,Books & Magazines > Books > eBooks,"Books, Gullah Geechee, eBook, Digital",Digital,,,,,Yes,"PDF, EPUB",Active
KDP Draft — How to Develop Emotional Intelligence,KDP Draft — How to Develop Emotional Intelligence — A Gullah Geechee publication by Darryl E. Brown,3.99,1,ggb-manifest-301fc02,Books & Magazines > Books > eBooks,"Books, Gullah Geechee, eBook, Digital",Digital,,,,,Yes,"PDF, EPUB",Active
KDP Draft — How to Forgive Yourself and Move On,KDP Draft — How to Forgive Yourself and Move On — A Gullah Geechee publication by Darryl E. Brown,3.99,1,ggb-manifest-8c5d3fe,Books & Magazines > Books > eBooks,"Books, Gullah Geechee, eBook, Digital",Digital,,,,,Yes,"PDF, EPUB",Active
KDP Draft — How to Stay Motivated Every Day,KDP Draft — How to Stay Motivated Every Day — A Gullah Geechee publication by Darryl E. Brown,3.99,1,ggb-manifest-7cad0b6,Books & Magazines > Books > eBooks,"Books, Gullah Geechee, eBook, Digital",Digital,,,,,Yes,"PDF, EPUB",Active
KDP Draft — How to Build Resilience in Tough Times,KDP Draft — How to Build Resilience in Tough Times — A Gullah Geechee publication by Darryl E. Brown,3.99,1,ggb-manifest-a163a89,Books & Magazines > Books > eBooks,"Books, Gullah Geechee, eBook, Digital",Digital,,,,,Yes,"PDF, EPUB",Active
KDP Draft — How to Practice Mindful Living,KDP Draft — How to Practice Mindful Living — A Gullah Geechee publication by Darryl E. Brown,3.99,1,ggb-manifest-87309eb,Books & Magazines > Books > eBooks,"Books, Gullah Geechee, eBook, Digital",Digital,,,,,Yes,"PDF, EPUB",Active
KDP Draft — How to Let Go of Perfectionism,KDP Draft — How to Let Go of Perfectionism — A Gullah Geechee publication by Darryl E. Brown,3.99,1,ggb-manifest-2369a9d,Books & Magazines > Books > eBooks,"Books, Gullah Geechee, eBook, Digital",Digital,,,,,Yes,"PDF, EPUB",Active
KDP Draft — How to Create a Personal Mission Statement,KDP Draft — How to Create a Personal Mission Statement — A Gullah Geechee publication by Darryl E. Brown,3.99,1,ggb-manifest-ecfca05,Books & Magazines > Books > eBooks,"Books, Gullah Geechee, eBook, Digital",Digital,,,,,Yes,"PDF, EPUB",Active
KDP Draft — How to Develop a Growth Mindset,KDP Draft — How to Develop a Growth Mindset — A Gullah Geechee publication by Darryl E. Brown,3.99,1,ggb-manifest-e8bae49,Books & Magazines > Books > eBooks,"Books, Gullah Geechee, eBook, Digital",Digital,,,,,Yes,"PDF, EPUB",Active
KDP Draft — How to Handle Criticism Gracefully,KDP Draft — How to Handle Criticism Gracefully — A Gullah Geechee publication by Darryl E. Brown,3.99,1,ggb-manifest-d161ef3,Books & Magazines > Books > eBooks,"Books, Gullah Geechee, eBook, Digital",Digital,,,,,Yes,"PDF, EPUB",Active
KDP Draft — How to Build Healthy Relationships,KDP Draft — How to Build Healthy Relationships — A Gullah Geechee publication by Darryl E. Brown,3.99,1,ggb-manifest-7bbcde5,Books & Magazines > Books > eBooks,"Books, Gullah Geechee, eBook, Digital",Digital,,,,,Yes,"PDF, EPUB",Active
KDP Draft — How to Find Inner Peace,KDP Draft — How to Find Inner Peace — A Gullah Geechee publication by Darryl E. Brown,3.99,1,ggb-manifest-02a4a24,Books & Magazines > Books > eBooks,"Books, Gullah Geechee, eBook, Digital",Digital,,,,,Yes,"PDF, EPUB",Active
KDP Draft — How to Stop People-Pleasing,KDP Draft — How to Stop People-Pleasing — A Gullah Geechee publication by Darryl E. Brown,3.99,1,ggb-manifest-2604b9e,Books & Magazines > Books > eBooks,"Books, Gullah Geechee, eBook, Digital",Digital,,,,,Yes,"PDF, EPUB",Active
KDP Draft — How to Embrace Your Authentic Self,KDP Draft — How to Embrace Your Authentic Self — A Gullah Geechee publication by Darryl E. Brown,3.99,1,ggb-manifest-7601e87,Books & Magazines > Books > eBooks,"Books, Gullah Geechee, eBook, Digital",Digital,,,,,Yes,"PDF, EPUB",Active
KDP Draft — How to Navigate Life Transitions,KDP Draft — How to Navigate Life Transitions — A Gullah Geechee publication by Darryl E. Brown,3.99,1,ggb-manifest-497efec,Books & Magazines > Books > eBooks,"Books, Gullah Geechee, eBook, Digital",Digital,,,,,Yes,"PDF, EPUB",Active
KDP Draft — How to Practice Self-Compassion,KDP Draft — How to Practice Self-Compassion — A Gullah Geechee publication by Darryl E. Brown,3.99,1,ggb-manifest-566ef15,Books & Magazines > Books > eBooks,"Books, Gullah Geechee, eBook, Digital",Digital,,,,,Yes,"PDF, EPUB",Active
KDP Draft — How to Build Mental Toughness,KDP Draft — How to Build Mental Toughness — A Gullah Geechee publication by Darryl E. Brown,3.99,1,ggb-manifest-454b1b4,Books & Magazines > Books > eBooks,"Books, Gullah Geechee, eBook, Digital",Digital,,,,,Yes,"PDF, EPUB",Active
KDP Draft — How to Create a Vision Board That Works,KDP Draft — How to Create a Vision Board That Works — A Gullah Geechee publication by Darryl E. Brown,3.99,1,ggb-manifest-75ea0f6,Books & Magazines > Books > eBooks,"Books, Gullah Geechee, eBook, Digital",Digital,,,,,Yes,"PDF, EPUB",Active
KDP Draft — How to Develop Daily Discipline,KDP Draft — How to Develop Daily Discipline — A Gullah Geechee publication by Darryl E. Brown,3.99,1,ggb-manifest-15dffee,Books & Magazines > Books > eBooks,"Books, Gullah Geechee, eBook, Digital",Digital,,,,,Yes,"PDF, EPUB",Active
KDP Draft — How to Overcome Fear of Failure,KDP Draft — How to Overcome Fear of Failure — A Gullah Geechee publication by Darryl E. Brown,3.99,1,ggb-manifest-6c9a37f,Books & Magazines > Books > eBooks,"Books, Gullah Geechee, eBook, Digital",Digital,,,,,Yes,"PDF, EPUB",Active
KDP Draft — How to Cultivate Patience,KDP Draft — How to Cultivate Patience — A Gullah Geechee publication by Darryl E. Brown,3.99,1,ggb-manifest-c4bcc8d,Books & Magazines > Books > eBooks,"Books, Gullah Geechee, eBook, Digital",Digital,,,,,Yes,"PDF, EPUB",Active
KDP Draft — How to Live with Intention,KDP Draft — How to Live with Intention — A Gullah Geechee publication by Darryl E. Brown,3.99,1,ggb-manifest-045761e,Books & Magazines > Books > eBooks,"Books, Gullah Geechee, eBook, Digital",Digital,,,,,Yes,"PDF, EPUB",Active
KDP Draft — How to Start a Side Hustle,KDP Draft — How to Start a Side Hustle — A Gullah Geechee publication by Darryl E. Brown,3.99,1,ggb-manifest-d99892d,Books & Magazines > Books > eBooks,"Books, Gullah Geechee, eBook, Digital",Digital,,,,,Yes,"PDF, EPUB",Active
KDP Draft — How to Build a Personal Brand,KDP Draft — How to Build a Personal Brand — A Gullah Geechee publication by Darryl E. Brown,3.99,1,ggb-manifest-ffdd520,Books & Magazines > Books > eBooks,"Books, Gullah Geechee, eBook, Digital",Digital,,,,,Yes,"PDF, EPUB",Active
KDP Draft — How to Create a Business Plan,KDP Draft — How to Create a Business Plan — A Gullah Geechee publication by Darryl E. Brown,3.99,1,ggb-manifest-5f8efc5,Books & Magazines > Books > eBooks,"Books, Gullah Geechee, eBook, Digital",Digital,,,,,Yes,"PDF, EPUB",Active
KDP Draft — How to Master Social Media Marketing,KDP Draft — How to Master Social Media Marketing — A Gullah Geechee publication by Darryl E. Brown,3.99,1,ggb-manifest-8a19487,Books & Magazines > Books > eBooks,"Books, Gullah Geechee, eBook, Digital",Digital,,,,,Yes,"PDF, EPUB",Active
KDP Draft — How to Launch an Online Course,KDP Draft — How to Launch an Online Course — A Gullah Geechee publication by Darryl E. Brown,3.99,1,ggb-manifest-e53eca7,Books & Magazines > Books > eBooks,"Books, Gullah Geechee, eBook, Digital",Digital,,,,,Yes,"PDF, EPUB",Active
KDP Draft — How to Write a Winning Grant Proposal,KDP Draft — How to Write a Winning Grant Proposal — A Gullah Geechee publication by Darryl E. Brown,3.99,1,ggb-manifest-04eeabd,Books & Magazines > Books > eBooks,"Books, Gullah Geechee, eBook, Digital",Digital,,,,,Yes,"PDF, EPUB",Active
KDP Draft — How to Build an Email List from Scratch,KDP Draft — How to Build an Email List from Scratch — A Gullah Geechee publication by Darryl E. Brown,3.99,1,ggb-manifest-fd180f0,Books & Magazines > Books > eBooks,"Books, Gullah Geechee, eBook, Digital",Digital,,,,,Yes,"PDF, EPUB",Active
KDP Draft — How to Price Your Products or Services,KDP Draft — How to Price Your Products or Services — A Gullah Geechee publication by Darryl E. Brown,3.99,1,ggb-manifest-35fe8c9,Books & Magazines > Books > eBooks,"Books, Gullah Geechee, eBook, Digital",Digital,,,,,Yes,"PDF, EPUB",Active
KDP Draft — How to Network Like a Pro,KDP Draft — How to Network Like a Pro — A Gullah Geechee publication by Darryl E. Brown,3.99,1,ggb-manifest-f88ae6a,Books & Magazines > Books > eBooks,"Books, Gullah Geechee, eBook, Digital",Digital,,,,,Yes,"PDF, EPUB",Active
KDP Draft — How to Manage Business Finances,KDP Draft — How to Manage Business Finances — A Gullah Geechee publication by Darryl E. Brown,3.99,1,ggb-manifest-085d3f1,Books & Magazines > Books > eBooks,"Books, Gullah Geechee, eBook, Digital",Digital,,,,,Yes,"PDF, EPUB",Active
KDP Draft — How to Create a Content Strategy,KDP Draft — How to Create a Content Strategy — A Gullah Geechee publication by Darryl E. Brown,3.99,1,ggb-manifest-370cd1a,Books & Magazines > Books > eBooks,"Books, Gullah Geechee, eBook, Digital",Digital,,,,,Yes,"PDF, EPUB",Active
KDP Draft — How to Build a Website on a Budget,KDP Draft — How to Build a Website on a Budget — A Gullah Geechee publication by Darryl E. Brown,3.99,1,ggb-manifest-09dd94f,Books & Magazines > Books > eBooks,"Books, Gullah Geechee, eBook, Digital",Digital,,,,,Yes,"PDF, EPUB",Active
KDP Draft — How to Master Public Speaking,KDP Draft — How to Master Public Speaking — A Gullah Geechee publication by Darryl E. Brown,3.99,1,ggb-manifest-23a2bd1,Books & Magazines > Books > eBooks,"Books, Gullah Geechee, eBook, Digital",Digital,,,,,Yes,"PDF, EPUB",Active
KDP Draft — How to Negotiate Better Deals,KDP Draft — How to Negotiate Better Deals — A Gullah Geechee publication by Darryl E. Brown,3.99,1,ggb-manifest-aec96cd,Books & Magazines > Books > eBooks,"Books, Gullah Geechee, eBook, Digital",Digital,,,,,Yes,"PDF, EPUB",Active
KDP Draft — How to Build a Remote Team,KDP Draft — How to Build a Remote Team — A Gullah Geechee publication by Darryl E. Brown,3.99,1,ggb-manifest-a1073bc,Books & Magazines > Books > eBooks,"Books, Gullah Geechee, eBook, Digital",Digital,,,,,Yes,"PDF, EPUB",Active
KDP Draft — How to Scale Your Small Business,KDP Draft — How to Scale Your Small Business — A Gullah Geechee publication by Darryl E. Brown,3.99,1,ggb-manifest-1827c8f,Books & Magazines > Books > eBooks,"Books, Gullah Geechee, eBook, Digital",Digital,,,,,Yes,"PDF, EPUB",Active
KDP Draft — How to Create a Marketing Funnel,KDP Draft — How to Create a Marketing Funnel — A Gullah Geechee publication by Darryl E. Brown,3.99,1,ggb-manifest-a28b043,Books & Magazines > Books > eBooks,"Books, Gullah Geechee, eBook, Digital",Digital,,,,,Yes,"PDF, EPUB",Active
KDP Draft — How to Use AI in Your Business,KDP Draft — How to Use AI in Your Business — A Gullah Geechee publication by Darryl E. Brown,3.99,1,ggb-manifest-e6d9443,Books & Magazines > Books > eBooks,"Books, Gullah Geechee, eBook, Digital",Digital,,,,,Yes,"PDF, EPUB",Active
KDP Draft — How to Build Customer Loyalty,KDP Draft — How to Build Customer Loyalty — A Gullah Geechee publication by Darryl E. Brown,3.99,1,ggb-manifest-1837cdf,Books & Magazines > Books > eBooks,"Books, Gullah Geechee, eBook, Digital",Digital,,,,,Yes,"PDF, EPUB",Active
KDP Draft — How to Manage Your Time Effectively,KDP Draft — How to Manage Your Time Effectively — A Gullah Geechee publication by Darryl E. Brown,3.99,1,ggb-manifest-aa7f036,Books & Magazines > Books > eBooks,"Books, Gullah Geechee, eBook, Digital",Digital,,,,,Yes,"PDF, EPUB",Active
KDP Draft — How to Create a Sales Funnel,KDP Draft — How to Create a Sales Funnel — A Gullah Geechee publication by Darryl E. Brown,3.99,1,ggb-manifest-5b0baa9,Books & Magazines > Books > eBooks,"Books, Gullah Geechee, eBook, Digital",Digital,,,,,Yes,"PDF, EPUB",Active
KDP Draft — How to Build Strategic Partnerships,KDP Draft — How to Build Strategic Partnerships — A Gullah Geechee publication by Darryl E. Brown,3.99,1,ggb-manifest-319181c,Books & Magazines > Books > eBooks,"Books, Gullah Geechee, eBook, Digital",Digital,,,,,Yes,"PDF, EPUB",Active
KDP Draft — How to Master Email Marketing,KDP Draft — How to Master Email Marketing — A Gullah Geechee publication by Darryl E. Brown,3.99,1,ggb-manifest-e7ea911,Books & Magazines > Books > eBooks,"Books, Gullah Geechee, eBook, Digital",Digital,,,,,Yes,"PDF, EPUB",Active
KDP Draft — How to Create a Brand Style Guide,KDP Draft — How to Create a Brand Style Guide — A Gullah Geechee publication by Darryl E. Brown,3.99,1,ggb-manifest-f6c3a1f,Books & Magazines > Books > eBooks,"Books, Gullah Geechee, eBook, Digital",Digital,,,,,Yes,"PDF, EPUB",Active
KDP Draft — How to Build a Freelance Career,KDP Draft — How to Build a Freelance Career — A Gullah Geechee publication by Darryl E. Brown,3.99,1,ggb-manifest-029d6d6,Books & Magazines > Books > eBooks,"Books, Gullah Geechee, eBook, Digital",Digital,,,,,Yes,"PDF, EPUB",Active
KDP Draft — How to Write Copy That Sells,KDP Draft — How to Write Copy That Sells — A Gullah Geechee publication by Darryl E. Brown,3.99,1,ggb-manifest-4a657cc,Books & Magazines > Books > eBooks,"Books, Gullah Geechee, eBook, Digital",Digital,,,,,Yes,"PDF, EPUB",Active
KDP Draft — How to Create a Product Launch Plan,KDP Draft — How to Create a Product Launch Plan — A Gullah Geechee publication by Darryl E. Brown,3.99,1,ggb-manifest-b81e552,Books & Magazines > Books > eBooks,"Books, Gullah Geechee, eBook, Digital",Digital,,,,,Yes,"PDF, EPUB",Active
KDP Draft — How to Build a Community Around Your Brand,KDP Draft — How to Build a Community Around Your Brand — A Gullah Geechee publication by Darryl E. Brown,3.99,1,ggb-manifest-30b50c8,Books & Magazines > Books > eBooks,"Books, Gullah Geechee, eBook, Digital",Digital,,,,,Yes,"PDF, EPUB",Active
KDP Draft — How to Master LinkedIn for Business,KDP Draft — How to Master LinkedIn for Business — A Gullah Geechee publication by Darryl E. Brown,3.99,1,ggb-manifest-7528f7c,Books & Magazines > Books > eBooks,"Books, Gullah Geechee, eBook, Digital",Digital,,,,,Yes,"PDF, EPUB",Active
KDP Draft — How to Create a Customer Journey Map,KDP Draft — How to Create a Customer Journey Map — A Gullah Geechee publication by Darryl E. Brown,3.99,1,ggb-manifest-956bcd3,Books & Magazines > Books > eBooks,"Books, Gullah Geechee, eBook, Digital",Digital,,,,,Yes,"PDF, EPUB",Active
KDP Draft — How to Build a Subscription Business,KDP Draft — How to Build a Subscription Business — A Gullah Geechee publication by Darryl E. Brown,3.99,1,ggb-manifest-926a2f0,Books & Magazines > Books > eBooks,"Books, Gullah Geechee, eBook, Digital",Digital,,,,,Yes,"PDF, EPUB",Active
KDP Draft — How to Create a Referral Program,KDP Draft — How to Create a Referral Program — A Gullah Geechee publication by Darryl E. Brown,3.99,1,ggb-manifest-b5db904,Books & Magazines > Books > eBooks,"Books, Gullah Geechee, eBook, Digital",Digital,,,,,Yes,"PDF, EPUB",Active
KDP Draft — How to Master Business Storytelling,KDP Draft — How to Master Business Storytelling — A Gullah Geechee publication by Darryl E. Brown,3.99,1,ggb-manifest-bc5cf5b,Books & Magazines > Books > eBooks,"Books, Gullah Geechee, eBook, Digital",Digital,,,,,Yes,"PDF, EPUB",Active
KDP Draft — How to Build a Digital Product Empire,KDP Draft — How to Build a Digital Product Empire — A Gullah Geechee publication by Darryl E. Brown,3.99,1,ggb-manifest-9f5e1e6,Books & Magazines > Books > eBooks,"Books, Gullah Geechee, eBook, Digital",Digital,,,,,Yes,"PDF, EPUB",Active
KDP Draft — How to Create a Business Exit Strategy,KDP Draft — How to Create a Business Exit Strategy — A Gullah Geechee publication by Darryl E. Brown,3.99,1,ggb-manifest-7615ca7,Books & Magazines > Books > eBooks,"Books, Gullah Geechee, eBook, Digital",Digital,,,,,Yes,"PDF, EPUB",Active
KDP Draft — How to Cook Perfect Gullah Red Rice,KDP Draft — How to Cook Perfect Gullah Red Rice — A Gullah Geechee publication by Darryl E. Brown,3.99,1,ggb-manifest-82c655b,Books & Magazines > Books > eBooks,"Books, Gullah Geechee, eBook, Digital",Digital,,,,,Yes,"PDF, EPUB",Active
KDP Draft — How to Make Southern Cornbread from Scratch,KDP Draft — How to Make Southern Cornbread from Scratch — A Gullah Geechee publication by Darryl E. Brown,3.99,1,ggb-manifest-06e58ad,Books & Magazines > Books > eBooks,"Books, Gullah Geechee, eBook, Digital",Digital,,,,,Yes,"PDF, EPUB",Active
KDP Draft — How to Fry the Perfect Fish,KDP Draft — How to Fry the Perfect Fish — A Gullah Geechee publication by Darryl E. Brown,3.99,1,ggb-manifest-405e4d8,Books & Magazines > Books > eBooks,"Books, Gullah Geechee, eBook, Digital",Digital,,,,,Yes,"PDF, EPUB",Active
KDP Draft — How to Make Authentic Shrimp and Grits,KDP Draft — How to Make Authentic Shrimp and Grits — A Gullah Geechee publication by Darryl E. Brown,3.99,1,ggb-manifest-3eca6cb,Books & Magazines > Books > eBooks,"Books, Gullah Geechee, eBook, Digital",Digital,,,,,Yes,"PDF, EPUB",Active
KDP Draft — How to Bake Sweet Potato Pie,KDP Draft — How to Bake Sweet Potato Pie — A Gullah Geechee publication by Darryl E. Brown,3.99,1,ggb-manifest-01ac530,Books & Magazines > Books > eBooks,"Books, Gullah Geechee, eBook, Digital",Digital,,,,,Yes,"PDF, EPUB",Active
KDP Draft — How to Make Hoppin' John for New Year's,KDP Draft — How to Make Hoppin' John for New Year's — A Gullah Geechee publication by Darryl E. Brown,3.99,1,ggb-manifest-f5e3532,Books & Magazines > Books > eBooks,"Books, Gullah Geechee, eBook, Digital",Digital,,,,,Yes,"PDF, EPUB",Active
KDP Draft — How to Cook Collard Greens the Right Way,KDP Draft — How to Cook Collard Greens the Right Way — A Gullah Geechee publication by Darryl E. Brown,3.99,1,ggb-manifest-d9ed535,Books & Magazines > Books > eBooks,"Books, Gullah Geechee, eBook, Digital",Digital,,,,,Yes,"PDF, EPUB",Active
KDP Draft — How to Make Benne Wafers,KDP Draft — How to Make Benne Wafers — A Gullah Geechee publication by Darryl E. Brown,3.99,1,ggb-manifest-5c5dcb7,Books & Magazines > Books > eBooks,"Books, Gullah Geechee, eBook, Digital",Digital,,,,,Yes,"PDF, EPUB",Active
KDP Draft — How to Prepare Okra and Tomatoes,KDP Draft — How to Prepare Okra and Tomatoes — A Gullah Geechee publication by Darryl E. Brown,3.99,1,ggb-manifest-67f6599,Books & Magazines > Books > eBooks,"Books, Gullah Geechee, eBook, Digital",Digital,,,,,Yes,"PDF, EPUB",Active
KDP Draft — How to Make Gullah Tea Cakes,KDP Draft — How to Make Gullah Tea Cakes — A Gullah Geechee publication by Darryl E. Brown,3.99,1,ggb-manifest-8b8a5b6,Books & Magazines > Books > eBooks,"Books, Gullah Geechee, eBook, Digital",Digital,,,,,Yes,"PDF, EPUB",Active
KDP Draft — How to Cook Lowcountry Boil,KDP Draft — How to Cook Lowcountry Boil — A Gullah Geechee publication by Darryl E. Brown,3.99,1,ggb-manifest-2420bfa,Books & Magazines > Books > eBooks,"Books, Gullah Geechee, eBook, Digital",Digital,,,,,Yes,"PDF, EPUB",Active
KDP Draft — How to Make Pickled Shrimp,KDP Draft — How to Make Pickled Shrimp — A Gullah Geechee publication by Darryl E. Brown,3.99,1,ggb-manifest-25573c5,Books & Magazines > Books > eBooks,"Books, Gullah Geechee, eBook, Digital",Digital,,,,,Yes,"PDF, EPUB",Active
KDP Draft — How to Bake Buttermilk Cornbread,KDP Draft — How to Bake Buttermilk Cornbread — A Gullah Geechee publication by Darryl E. Brown,3.99,1,ggb-manifest-092f0a5,Books & Magazines > Books > eBooks,"Books, Gullah Geechee, eBook, Digital",Digital,,,,,Yes,"PDF, EPUB",Active
KDP Draft — How to Make Boiled Peanuts,KDP Draft — How to Make Boiled Peanuts — A Gullah Geechee publication by Darryl E. Brown,3.99,1,ggb-manifest-677f5b4,Books & Magazines > Books > eBooks,"Books, Gullah Geechee, eBook, Digital",Digital,,,,,Yes,"PDF, EPUB",Active
KDP Draft — How to Cook Gullah Cabbage,KDP Draft — How to Cook Gullah Cabbage — A Gullah Geechee publication by Darryl E. Brown,3.99,1,ggb-manifest-4088732,Books & Magazines > Books > eBooks,"Books, Gullah Geechee, eBook, Digital",Digital,,,,,Yes,"PDF, EPUB",Active
KDP Draft — How to Make Mac and Cheese the Southern Way,KDP Draft — How to Make Mac and Cheese the Southern Way — A Gullah Geechee publication by Darryl E. Brown,3.99,1,ggb-manifest-f4b06af,Books & Magazines > Books > eBooks,"Books, Gullah Geechee, eBook, Digital",Digital,,,,,Yes,"PDF, EPUB",Active
KDP Draft — How to Prepare Gullah Chicken Soup,KDP Draft — How to Prepare Gullah Chicken Soup — A Gullah Geechee publication by Darryl E. Brown,3.99,1,ggb-manifest-e3abb4e,Books & Magazines > Books > eBooks,"Books, Gullah Geechee, eBook, Digital",Digital,,,,,Yes,"PDF, EPUB",Active
KDP Draft — How to Make Rice Pudding,KDP Draft — How to Make Rice Pudding — A Gullah Geechee publication by Darryl E. Brown,3.99,1,ggb-manifest-c439f59,Books & Magazines > Books > eBooks,"Books, Gullah Geechee, eBook, Digital",Digital,,,,,Yes,"PDF, EPUB",Active
KDP Draft — How to Cook Gullah Pork Chops,KDP Draft — How to Cook Gullah Pork Chops — A Gullah Geechee publication by Darryl E. Brown,3.99,1,ggb-manifest-6fb5c8c,Books & Magazines > Books > eBooks,"Books, Gullah Geechee, eBook, Digital",Digital,,,,,Yes,"PDF, EPUB",Active
KDP Draft — How to Make Sweetgrass Lemonade,KDP Draft — How to Make Sweetgrass Lemonade — A Gullah Geechee publication by Darryl E. Brown,3.99,1,ggb-manifest-c0aacd3,Books & Magazines > Books > eBooks,"Books, Gullah Geechee, eBook, Digital",Digital,,,,,Yes,"PDF, EPUB",Active
KDP Draft — How to Make Gullah Potato Salad,KDP Draft — How to Make Gullah Potato Salad — A Gullah Geechee publication by Darryl E. Brown,3.99,1,ggb-manifest-e930df4,Books & Magazines > Books > eBooks,"Books, Gullah Geechee, eBook, Digital",Digital,,,,,Yes,"PDF, EPUB",Active
KDP Draft — How to Cook Benne Chicken,KDP Draft — How to Cook Benne Chicken — A Gullah Geechee publication by Darryl E. Brown,3.99,1,ggb-manifest-e524747,Books & Magazines > Books > eBooks,"Books, Gullah Geechee, eBook, Digital",Digital,,,,,Yes,"PDF, EPUB",Active
KDP Draft — How to Make Gullah Breakfast,KDP Draft — How to Make Gullah Breakfast — A Gullah Geechee publication by Darryl E. Brown,3.99,1,ggb-manifest-2f7f73d,Books & Magazines > Books > eBooks,"Books, Gullah Geechee, eBook, Digital",Digital,,,,,Yes,"PDF, EPUB",Active
KDP Draft — How to Preserve Summer Vegetables,KDP Draft — How to Preserve Summer Vegetables — A Gullah Geechee publication by Darryl E. Brown,3.99,1,ggb-manifest-c7a841f,Books & Magazines > Books > eBooks,"Books, Gullah Geechee, eBook, Digital",Digital,,,,,Yes,"PDF, EPUB",Active
KDP Draft — How to Master Cast Iron Cooking,KDP Draft — How to Master Cast Iron Cooking — A Gullah Geechee publication by Darryl E. Brown,3.99,1,ggb-manifest-2b04597,Books & Magazines > Books > eBooks,"Books, Gullah Geechee, eBook, Digital",Digital,,,,,Yes,"PDF, EPUB",Active
KDP Draft — How to Make One-Pot Gullah Meals,KDP Draft — How to Make One-Pot Gullah Meals — A Gullah Geechee publication by Darryl E. Brown,3.99,1,ggb-manifest-8901036,Books & Magazines > Books > eBooks,"Books, Gullah Geechee, eBook, Digital",Digital,,,,,Yes,"PDF, EPUB",Active
KDP Draft — How to Cook with Seasonal Lowcountry Ingredients,KDP Draft — How to Cook with Seasonal Lowcountry Ingredients — A Gullah Geechee publication by Darryl E. Brown,3.99,1,ggb-manifest-b9395cb,Books & Magazines > Books > eBooks,"Books, Gullah Geechee, eBook, Digital",Digital,,,,,Yes,"PDF, EPUB",Active
KDP Draft — How to Make Gullah Sauces and Seasonings,KDP Draft — How to Make Gullah Sauces and Seasonings — A Gullah Geechee publication by Darryl E. Brown,3.99,1,ggb-manifest-0e743b0,Books & Magazines > Books > eBooks,"Books, Gullah Geechee, eBook, Digital",Digital,,,,,Yes,"PDF, EPUB",Active
KDP Draft — How to Bake Gullah Desserts,KDP Draft — How to Bake Gullah Desserts — A Gullah Geechee publication by Darryl E. Brown,3.99,1,ggb-manifest-176081e,Books & Magazines > Books > eBooks,"Books, Gullah Geechee, eBook, Digital",Digital,,,,,Yes,"PDF, EPUB",Active
KDP Draft — How to Make Holiday Gullah Feasts,KDP Draft — How to Make Holiday Gullah Feasts — A Gullah Geechee publication by Darryl E. Brown,3.99,1,ggb-manifest-7f8bba1,Books & Magazines > Books > eBooks,"Books, Gullah Geechee, eBook, Digital",Digital,,,,,Yes,"PDF, EPUB",Active
KDP Draft — How to Cook Gullah Seafood,KDP Draft — How to Cook Gullah Seafood — A Gullah Geechee publication by Darryl E. Brown,3.99,1,ggb-manifest-390945e,Books & Magazines > Books > eBooks,"Books, Gullah Geechee, eBook, Digital",Digital,,,,,Yes,"PDF, EPUB",Active
KDP Draft — How to Make Gullah Soups and Stews,KDP Draft — How to Make Gullah Soups and Stews — A Gullah Geechee publication by Darryl E. Brown,3.99,1,ggb-manifest-2bd1ce1,Books & Magazines > Books > eBooks,"Books, Gullah Geechee, eBook, Digital",Digital,,,,,Yes,"PDF, EPUB",Active
KDP Draft — How to Prepare Gullah Side Dishes,KDP Draft — How to Prepare Gullah Side Dishes — A Gullah Geechee publication by Darryl E. Brown,3.99,1,ggb-manifest-ad3242e,Books & Magazines > Books > eBooks,"Books, Gullah Geechee, eBook, Digital",Digital,,,,,Yes,"PDF, EPUB",Active
KDP Draft — How to Make Gullah Breads,KDP Draft — How to Make Gullah Breads — A Gullah Geechee publication by Darryl E. Brown,3.99,1,ggb-manifest-ccda19d,Books & Magazines > Books > eBooks,"Books, Gullah Geechee, eBook, Digital",Digital,,,,,Yes,"PDF, EPUB",Active
KDP Draft — How to Cook Gullah Vegetables,KDP Draft — How to Cook Gullah Vegetables — A Gullah Geechee publication by Darryl E. Brown,3.99,1,ggb-manifest-a513a3f,Books & Magazines > Books > eBooks,"Books, Gullah Geechee, eBook, Digital",Digital,,,,,Yes,"PDF, EPUB",Active
KDP Draft — Gullah Geechee Business Planning,KDP Draft — Gullah Geechee Business Planning — A Gullah Geechee publication by Darryl E. Brown,3.99,1,ggb-manifest-a45d5bc,Books & Magazines > Books > eBooks,"Books, Gullah Geechee, eBook, Digital",Digital,,,,,Yes,"PDF, EPUB",Active
KDP Draft — Gullah Geechee Camp Cooking,KDP Draft — Gullah Geechee Camp Cooking — A Gullah Geechee publication by Darryl E. Brown,3.99,1,ggb-manifest-75dd441,Books & Magazines > Books > eBooks,"Books, Gullah Geechee, eBook, Digital",Digital,,,,,Yes,"PDF, EPUB",Active
KDP Draft — Gullah Geechee Community Commerce,KDP Draft — Gullah Geechee Community Commerce — A Gullah Geechee publication by Darryl E. Brown,3.99,1,ggb-manifest-df0cda3,Books & Magazines > Books > eBooks,"Books, Gullah Geechee, eBook, Digital",Digital,,,,,Yes,"PDF, EPUB",Active
KDP Draft — Gullah Geechee Condiments,KDP Draft — Gullah Geechee Condiments — A Gullah Geechee publication by Darryl E. Brown,3.99,1,ggb-manifest-3d01272,Books & Magazines > Books > eBooks,"Books, Gullah Geechee, eBook, Digital",Digital,,,,,Yes,"PDF, EPUB",Active
KDP Draft — Gullah Geechee Microenterprise,KDP Draft — Gullah Geechee Microenterprise — A Gullah Geechee publication by Darryl E. Brown,3.99,1,ggb-manifest-f463b46,Books & Magazines > Books > eBooks,"Books, Gullah Geechee, eBook, Digital",Digital,,,,,Yes,"PDF, EPUB",Active
KDP Draft — Gullah Geechee One-Pot Meals,KDP Draft — Gullah Geechee One-Pot Meals — A Gullah Geechee publication by Darryl E. Brown,3.99,1,ggb-manifest-f0ef5b3,Books & Magazines > Books > eBooks,"Books, Gullah Geechee, eBook, Digital",Digital,,,,,Yes,"PDF, EPUB",Active
How to Build Abundance,How to Build Abundance — A Gullah Geechee publication by Darryl E. Brown,3.99,1,ggb-manifest-857c726,Books & Magazines > Books > eBooks,"Books, Gullah Geechee, eBook, Digital",Digital,,,,,Yes,"PDF, EPUB",Active
How to Build Balance,How to Build Balance — A Gullah Geechee publication by Darryl E. Brown,3.99,1,ggb-manifest-a501636,Books & Magazines > Books > eBooks,"Books, Gullah Geechee, eBook, Digital",Digital,,,,,Yes,"PDF, EPUB",Active
How to Build Connection,How to Build Connection — A Gullah Geechee publication by Darryl E. Brown,3.99,1,ggb-manifest-9d99a35,Books & Magazines > Books > eBooks,"Books, Gullah Geechee, eBook, Digital",Digital,,,,,Yes,"PDF, EPUB",Active
How to Build Imagination,How to Build Imagination — A Gullah Geechee publication by Darryl E. Brown,3.99,1,ggb-manifest-99da459,Books & Magazines > Books > eBooks,"Books, Gullah Geechee, eBook, Digital",Digital,,,,,Yes,"PDF, EPUB",Active
How to Build Simplicity,How to Build Simplicity — A Gullah Geechee publication by Darryl E. Brown,3.99,1,ggb-manifest-247f7e4,Books & Magazines > Books > eBooks,"Books, Gullah Geechee, eBook, Digital",Digital,,,,,Yes,"PDF, EPUB",Active
How to Build Surrender,How to Build Surrender — A Gullah Geechee publication by Darryl E. Brown,3.99,1,ggb-manifest-68fcf20,Books & Magazines > Books > eBooks,"Books, Gullah Geechee, eBook, Digital",Digital,,,,,Yes,"PDF, EPUB",Active
How to Build Vision,How to Build Vision — A Gullah Geechee publication by Darryl E. Brown,3.99,1,ggb-manifest-66182a3,Books & Magazines > Books > eBooks,"Books, Gullah Geechee, eBook, Digital",Digital,,,,,Yes,"PDF, EPUB",Active
How to Build Vulnerability,How to Build Vulnerability — A Gullah Geechee publication by Darryl E. Brown,3.99,1,ggb-manifest-155562e,Books & Magazines > Books > eBooks,"Books, Gullah Geechee, eBook, Digital",Digital,,,,,Yes,"PDF, EPUB",Active
How to Build Zeal,How to Build Zeal — A Gullah Geechee publication by Darryl E. Brown,3.99,1,ggb-manifest-51bfff0,Books & Magazines > Books > eBooks,"Books, Gullah Geechee, eBook, Digital",Digital,,,,,Yes,"PDF, EPUB",Active
KDP Draft — The Gullah Geechee Guide to Discipline,KDP Draft — The Gullah Geechee Guide to Discipline — A Gullah Geechee publication by Darryl E. Brown,3.99,1,ggb-manifest-a93c211,Books & Magazines > Books > eBooks,"Books, Gullah Geechee, eBook, Digital",Digital,,,,,Yes,"PDF, EPUB",Active
KDP Draft — The Gullah Geechee Guide to Unity,KDP Draft — The Gullah Geechee Guide to Unity — A Gullah Geechee publication by Darryl E. Brown,3.99,1,ggb-manifest-e95e300,Books & Magazines > Books > eBooks,"Books, Gullah Geechee, eBook, Digital",Digital,,,,,Yes,"PDF, EPUB",Active
KDP Draft — The Gullah Geechee Guide to Yearning,KDP Draft — The Gullah Geechee Guide to Yearning — A Gullah Geechee publication by Darryl E. Brown,3.99,1,ggb-manifest-3dd6372,Books & Magazines > Books > eBooks,"Books, Gullah Geechee, eBook, Digital",Digital,,,,,Yes,"PDF, EPUB",Active
Lowcountry Tourism,Lowcountry Tourism — A Gullah Geechee publication by Darryl E. Brown,3.99,1,ggb-manifest-b72fe7b,Books & Magazines > Books > eBooks,"Books, Gullah Geechee, eBook, Digital",Digital,,,,,Yes,"PDF, EPUB",Active
Gullah Geechee Biz TV Spot,Gullah Geechee Biz TV Spot — A Gullah Geechee publication by Darryl E. Brown,3.99,1,ggb-manifest-785d29c,Books & Magazines > Books > eBooks,"Books, Gullah Geechee, eBook, Digital",Digital,,,,,Yes,"PDF, EPUB",Active
KDP Draft — How to Negotiate Better Deals,KDP Draft — How to Negotiate Better Deals — A Gullah Geechee publication by Darryl E. Brown,3.99,1,ggb-manifest-5b6772d,Books & Magazines > Books > eBooks,"Books, Gullah Geechee, eBook, Digital",Digital,,,,,Yes,"PDF, EPUB",Active
Sweetgrass Basket,Sweetgrass Basket — A Gullah Geechee publication by Darryl E. Brown,3.99,1,ggb-manifest-d2e0391,Books & Magazines > Books > eBooks,"Books, Gullah Geechee, eBook, Digital",Digital,,,,,Yes,"PDF, EPUB",Active
Gullah Geechee Appetizers,Gullah Geechee Appetizers — A Gullah Geechee publication by Darryl E. Brown,3.99,1,ggb-manifest-1c0d10a,Books & Magazines > Books > eBooks,"Books, Gullah Geechee, eBook, Digital",Digital,,,,,Yes,"PDF, EPUB",Active
Gullah Geechee Business Planning,Gullah Geechee Business Planning — A Gullah Geechee publication by Darryl E. Brown,3.99,1,ggb-manifest-6442277,Books & Magazines > Books > eBooks,"Books, Gullah Geechee, eBook, Digital",Digital,,,,,Yes,"PDF, EPUB",Active
Gullah Geechee Camp Cooking,Gullah Geechee Camp Cooking — A Gullah Geechee publication by Darryl E. Brown,3.99,1,ggb-manifest-d24a1f3,Books & Magazines > Books > eBooks,"Books, Gullah Geechee, eBook, Digital",Digital,,,,,Yes,"PDF, EPUB",Active
Gullah Geechee Community Commerce,Gullah Geechee Community Commerce — A Gullah Geechee publication by Darryl E. Brown,3.99,1,ggb-manifest-35de774,Books & Magazines > Books > eBooks,"Books, Gullah Geechee, eBook, Digital",Digital,,,,,Yes,"PDF, EPUB",Active
Gullah Geechee Condiments,Gullah Geechee Condiments — A Gullah Geechee publication by Darryl E. Brown,3.99,1,ggb-manifest-dc15e72,Books & Magazines > Books > eBooks,"Books, Gullah Geechee, eBook, Digital",Digital,,,,,Yes,"PDF, EPUB",Active
Gullah Geechee Digital Marketing,Gullah Geechee Digital Marketing — A Gullah Geechee publication by Darryl E. Brown,3.99,1,ggb-manifest-65d5b80,Books & Magazines > Books > eBooks,"Books, Gullah Geechee, eBook, Digital",Digital,,,,,Yes,"PDF, EPUB",Active
Gullah Geechee Financial Literacy,Gullah Geechee Financial Literacy — A Gullah Geechee publication by Darryl E. Brown,3.99,1,ggb-manifest-8ac55ec,Books & Magazines > Books > eBooks,"Books, Gullah Geechee, eBook, Digital",Digital,,,,,Yes,"PDF, EPUB",Active
Gullah Geechee Job Creation,Gullah Geechee Job Creation — A Gullah Geechee publication by Darryl E. Brown,3.99,1,ggb-manifest-cd2611d,Books & Magazines > Books > eBooks,"Books, Gullah Geechee, eBook, Digital",Digital,,,,,Yes,"PDF, EPUB",Active
Gullah Geechee Meal Prep,Gullah Geechee Meal Prep — A Gullah Geechee publication by Darryl E. Brown,3.99,1,ggb-manifest-c1e939a,Books & Magazines > Books > eBooks,"Books, Gullah Geechee, eBook, Digital",Digital,,,,,Yes,"PDF, EPUB",Active
Gullah Geechee Microenterprise,Gullah Geechee Microenterprise — A Gullah Geechee publication by Darryl E. Brown,3.99,1,ggb-manifest-f23d551,Books & Magazines > Books > eBooks,"Books, Gullah Geechee, eBook, Digital",Digital,,,,,Yes,"PDF, EPUB",Active
Gullah Geechee One-Pot Meals,Gullah Geechee One-Pot Meals — A Gullah Geechee publication by Darryl E. Brown,3.99,1,ggb-manifest-efc55d5,Books & Magazines > Books > eBooks,"Books, Gullah Geechee, eBook, Digital",Digital,,,,,Yes,"PDF, EPUB",Active
Gullah Geechee Smoothies,Gullah Geechee Smoothies — A Gullah Geechee publication by Darryl E. Brown,3.99,1,ggb-manifest-3c75f45,Books & Magazines > Books > eBooks,"Books, Gullah Geechee, eBook, Digital",Digital,,,,,Yes,"PDF, EPUB",Active
The Gullah Geechee Guide to Determination,The Gullah Geechee Guide to Determination — A Gullah Geechee publication by Darryl E. Brown,3.99,1,ggb-manifest-f216ba0,Books & Magazines > Books > eBooks,"Books, Gullah Geechee, eBook, Digital",Digital,,,,,Yes,"PDF, EPUB",Active
The Gullah Geechee Guide to Discipline,The Gullah Geechee Guide to Discipline — A Gullah Geechee publication by Darryl E. Brown,3.99,1,ggb-manifest-bfe1181,Books & Magazines > Books > eBooks,"Books, Gullah Geechee, eBook, Digital",Digital,,,,,Yes,"PDF, EPUB",Active
The Gullah Geechee Guide to Harmony,The Gullah Geechee Guide to Harmony — A Gullah Geechee publication by Darryl E. Brown,3.99,1,ggb-manifest-030d7d2,Books & Magazines > Books > eBooks,"Books, Gullah Geechee, eBook, Digital",Digital,,,,,Yes,"PDF, EPUB",Active
The Gullah Geechee Guide to Unity,The Gullah Geechee Guide to Unity — A Gullah Geechee publication by Darryl E. Brown,3.99,1,ggb-manifest-16fb768,Books & Magazines > Books > eBooks,"Books, Gullah Geechee, eBook, Digital",Digital,,,,,Yes,"PDF, EPUB",Active
The Gullah Geechee Guide to Wisdom,The Gullah Geechee Guide to Wisdom — A Gullah Geechee publication by Darryl E. Brown,3.99,1,ggb-manifest-dc0aff2,Books & Magazines > Books > eBooks,"Books, Gullah Geechee, eBook, Digital",Digital,,,,,Yes,"PDF, EPUB",Active
The Gullah Geechee Guide to Yearning,The Gullah Geechee Guide to Yearning — A Gullah Geechee publication by Darryl E. Brown,3.99,1,ggb-manifest-bfb0566,Books & Magazines > Books > eBooks,"Books, Gullah Geechee, eBook, Digital",Digital,,,,,Yes,"PDF, EPUB",Active
How to Build Faith,How to Build Faith — A Gullah Geechee publication by Darryl E. Brown,3.99,1,ggb-manifest-07f80fc,Books & Magazines > Books > eBooks,"Books, Gullah Geechee, eBook, Digital",Digital,,,,,Yes,"PDF, EPUB",Active
How to Build Joy,How to Build Joy — A Gullah Geechee publication by Darryl E. Brown,3.99,1,ggb-manifest-4b5b44c,Books & Magazines > Books > eBooks,"Books, Gullah Geechee, eBook, Digital",Digital,,,,,Yes,"PDF, EPUB",Active
How to Build Reflection,How to Build Reflection — A Gullah Geechee publication by Darryl E. Brown,3.99,1,ggb-manifest-b1a7d79,Books & Magazines > Books > eBooks,"Books, Gullah Geechee, eBook, Digital",Digital,,,,,Yes,"PDF, EPUB",Active
Gullah Geechee Beverages,Gullah Geechee Beverages — A Gullah Geechee publication by Darryl E. Brown,3.99,1,ggb-manifest-a359264,Books & Magazines > Books > eBooks,"Books, Gullah Geechee, eBook, Digital",Digital,,,,,Yes,"PDF, EPUB",Active
Gullah Geechee Startup Guide,Gullah Geechee Startup Guide — A Gullah Geechee publication by Darryl E. Brown,3.99,1,ggb-manifest-e20c908,Books & Magazines > Books > eBooks,"Books, Gullah Geechee, eBook, Digital",Digital,,,,,Yes,"PDF, EPUB",Active
The Gullah Geechee Guide to Adaptability,The Gullah Geechee Guide to Adaptability — A Gullah Geechee publication by Darryl E. Brown,3.99,1,ggb-manifest-9a57fea,Books & Magazines > Books > eBooks,"Books, Gullah Geechee, eBook, Digital",Digital,,,,,Yes,"PDF, EPUB",Active
KDP Draft — How to Negotiate Better Deals,KDP Draft — How to Negotiate Better Deals — A Gullah Geechee publication by Darryl E. Brown,3.99,1,ggb-manifest-7ba3bca,Books & Magazines > Books > eBooks,"Books, Gullah Geechee, eBook, Digital",Digital,,,,,Yes,"PDF, EPUB",Active
Encyclopedia Volume 04,Encyclopedia Volume 04 — A Gullah Geechee publication by Darryl E. Brown,3.99,1,ggb-manifest-77a2c06,Books & Magazines > Books > eBooks,"Books, Gullah Geechee, eBook, Digital",Digital,,,,,Yes,"PDF, EPUB",Active
KDP Draft — How to Build Customer Loyalty,KDP Draft — How to Build Customer Loyalty — A Gullah Geechee publication by Darryl E. Brown,3.99,1,ggb-manifest-73a68d0,Books & Magazines > Books > eBooks,"Books, Gullah Geechee, eBook, Digital",Digital,,,,,Yes,"PDF, EPUB",Active
KDP Draft — How to Let Go of Perfectionism,KDP Draft — How to Let Go of Perfectionism — A Gullah Geechee publication by Darryl E. Brown,3.99,1,ggb-manifest-d25a655,Books & Magazines > Books > eBooks,"Books, Gullah Geechee, eBook, Digital",Digital,,,,,Yes,"PDF, EPUB",Active
How to Build Mental Toughness,How to Build Mental Toughness — A Gullah Geechee publication by Darryl E. Brown,3.99,1,ggb-manifest-aa83d69,Books & Magazines > Books > eBooks,"Books, Gullah Geechee, eBook, Digital",Digital,,,,,Yes,"PDF, EPUB",Active
How to Make Southern Cornbread from Scratch,How to Make Southern Cornbread from Scratch — A Gullah Geechee publication by Darryl E. Brown,3.99,1,ggb-manifest-609dd8b,Books & Magazines > Books > eBooks,"Books, Gullah Geechee, eBook, Digital",Digital,,,,,Yes,"PDF, EPUB",Active
How to Make Boiled Peanuts,How to Make Boiled Peanuts — A Gullah Geechee publication by Darryl E. Brown,3.99,1,ggb-manifest-430f237,Books & Magazines > Books > eBooks,"Books, Gullah Geechee, eBook, Digital",Digital,,,,,Yes,"PDF, EPUB",Active
Gullah Geechee Appetizers,Gullah Geechee Appetizers — A Gullah Geechee publication by Darryl E. Brown,3.99,1,ggb-manifest-201c548,Books & Magazines > Books > eBooks,"Books, Gullah Geechee, eBook, Digital",Digital,,,,,Yes,"PDF, EPUB",Active
KDP Draft — How to Make Gullah Tea Cakes,KDP Draft — How to Make Gullah Tea Cakes — A Gullah Geechee publication by Darryl E. Brown,3.99,1,ggb-manifest-181127f,Books & Magazines > Books > eBooks,"Books, Gullah Geechee, eBook, Digital",Digital,,,,,Yes,"PDF, EPUB",Active
How to Create a Sales Funnel,How to Create a Sales Funnel — A Gullah Geechee publication by Darryl E. Brown,3.99,1,ggb-manifest-9e5b150,Books & Magazines > Books > eBooks,"Books, Gullah Geechee, eBook, Digital",Digital,,,,,Yes,"PDF, EPUB",Active
How to Make Hoppin' John for New Year's,How to Make Hoppin' John for New Year's — A Gullah Geechee publication by Darryl E. Brown,3.99,1,ggb-manifest-2f18525,Books & Magazines > Books > eBooks,"Books, Gullah Geechee, eBook, Digital",Digital,,,,,Yes,"PDF, EPUB",Active
How to Create a Business Plan,How to Create a Business Plan — A Gullah Geechee publication by Darryl E. Brown,3.99,1,ggb-manifest-b589a71,Books & Magazines > Books > eBooks,"Books, Gullah Geechee, eBook, Digital",Digital,,,,,Yes,"PDF, EPUB",Active
Gullah Geechee Networking,Gullah Geechee Networking — A Gullah Geechee publication by Darryl E. Brown,3.99,1,ggb-manifest-8bdbb75,Books & Magazines > Books > eBooks,"Books, Gullah Geechee, eBook, Digital",Digital,,,,,Yes,"PDF, EPUB",Active
How to Cook with Seasonal Lowcountry Ingredients,How to Cook with Seasonal Lowcountry Ingredients — A Gullah Geechee publication by Darryl E. Brown,3.99,1,ggb-manifest-a249a89,Books & Magazines > Books > eBooks,"Books, Gullah Geechee, eBook, Digital",Digital,,,,,Yes,"PDF, EPUB",Active
How to Cook Perfect Gullah Red Rice,How to Cook Perfect Gullah Red Rice — A Gullah Geechee publication by Darryl E. Brown,3.99,1,ggb-manifest-520905c,Books & Magazines > Books > eBooks,"Books, Gullah Geechee, eBook, Digital",Digital,,,,,Yes,"PDF, EPUB",Active
The Gullah Geechee Guide to Dignity,The Gullah Geechee Guide to Dignity — A Gullah Geechee publication by Darryl E. Brown,3.99,1,ggb-manifest-6249802,Books & Magazines > Books > eBooks,"Books, Gullah Geechee, eBook, Digital",Digital,,,,,Yes,"PDF, EPUB",Active
How to Practice Mindful Living,How to Practice Mindful Living — A Gullah Geechee publication by Darryl E. Brown,3.99,1,ggb-manifest-1eaed27,Books & Magazines > Books > eBooks,"Books, Gullah Geechee, eBook, Digital",Digital,,,,,Yes,"PDF, EPUB",Active
KDP Draft — How to Forgive Yourself and Move On,KDP Draft — How to Forgive Yourself and Move On — A Gullah Geechee publication by Darryl E. Brown,3.99,1,ggb-manifest-255d56c,Books & Magazines > Books > eBooks,"Books, Gullah Geechee, eBook, Digital",Digital,,,,,Yes,"PDF, EPUB",Active
KDP Draft — How to Cultivate Patience,KDP Draft — How to Cultivate Patience — A Gullah Geechee publication by Darryl E. Brown,3.99,1,ggb-manifest-99290db,Books & Magazines > Books > eBooks,"Books, Gullah Geechee, eBook, Digital",Digital,,,,,Yes,"PDF, EPUB",Active
How to Master Social Media Marketing,How to Master Social Media Marketing — A Gullah Geechee publication by Darryl E. Brown,3.99,1,ggb-manifest-38e3c95,Books & Magazines > Books > eBooks,"Books, Gullah Geechee, eBook, Digital",Digital,,,,,Yes,"PDF, EPUB",Active
KDP Draft — How to Create a Vision Board That Works,KDP Draft — How to Create a Vision Board That Works — A Gullah Geechee publication by Darryl E. Brown,3.99,1,ggb-manifest-5519eba,Books & Magazines > Books > eBooks,"Books, Gullah Geechee, eBook, Digital",Digital,,,,,Yes,"PDF, EPUB",Active
How to Build Zeal,How to Build Zeal — A Gullah Geechee publication by Darryl E. Brown,3.99,1,ggb-manifest-d1119a1,Books & Magazines > Books > eBooks,"Books, Gullah Geechee, eBook, Digital",Digital,,,,,Yes,"PDF, EPUB",Active
How to Practice Radical Self-Care,How to Practice Radical Self-Care — A Gullah Geechee publication by Darryl E. Brown,3.99,1,ggb-manifest-d6dea6c,Books & Magazines > Books > eBooks,"Books, Gullah Geechee, eBook, Digital",Digital,,,,,Yes,"PDF, EPUB",Active
How to Break Bad Habits Forever,How to Break Bad Habits Forever — A Gullah Geechee publication by Darryl E. Brown,3.99,1,ggb-manifest-d38f6d6,Books & Magazines > Books > eBooks,"Books, Gullah Geechee, eBook, Digital",Digital,,,,,Yes,"PDF, EPUB",Active
KDP Draft — How to Make Mac and Cheese the Southern Way,KDP Draft — How to Make Mac and Cheese the Southern Way — A Gullah Geechee publication by Darryl E. Brown,3.99,1,ggb-manifest-dfe6e93,Books & Magazines > Books > eBooks,"Books, Gullah Geechee, eBook, Digital",Digital,,,,,Yes,"PDF, EPUB",Active
How to Make Southern Cornbread from Scratch,How to Make Southern Cornbread from Scratch — A Gullah Geechee publication by Darryl E. Brown,3.99,1,ggb-manifest-0542581,Books & Magazines > Books > eBooks,"Books, Gullah Geechee, eBook, Digital",Digital,,,,,Yes,"PDF, EPUB",Active
KDP Draft — How to Create a Business Plan,KDP Draft — How to Create a Business Plan — A Gullah Geechee publication by Darryl E. Brown,3.99,1,ggb-manifest-12fca62,Books & Magazines > Books > eBooks,"Books, Gullah Geechee, eBook, Digital",Digital,,,,,Yes,"PDF, EPUB",Active
KDP Draft — How to Create a Business Exit Strategy,KDP Draft — How to Create a Business Exit Strategy — A Gullah Geechee publication by Darryl E. Brown,3.99,1,ggb-manifest-c0a1649,Books & Magazines > Books > eBooks,"Books, Gullah Geechee, eBook, Digital",Digital,,,,,Yes,"PDF, EPUB",Active
How to Master Cast Iron Cooking,How to Master Cast Iron Cooking — A Gullah Geechee publication by Darryl E. Brown,3.99,1,ggb-manifest-31d97fe,Books & Magazines > Books > eBooks,"Books, Gullah Geechee, eBook, Digital",Digital,,,,,Yes,"PDF, EPUB",Active
KDP Draft — How to Develop Emotional Intelligence,KDP Draft — How to Develop Emotional Intelligence — A Gullah Geechee publication by Darryl E. Brown,3.99,1,ggb-manifest-996fc44,Books & Magazines > Books > eBooks,"Books, Gullah Geechee, eBook, Digital",Digital,,,,,Yes,"PDF, EPUB",Active
How to Make Gullah Potato Salad,How to Make Gullah Potato Salad — A Gullah Geechee publication by Darryl E. Brown,3.99,1,ggb-manifest-a22648b,Books & Magazines > Books > eBooks,"Books, Gullah Geechee, eBook, Digital",Digital,,,,,Yes,"PDF, EPUB",Active
Gullah Geechee Microenterprise,Gullah Geechee Microenterprise — A Gullah Geechee publication by Darryl E. Brown,3.99,1,ggb-manifest-e0c57ee,Books & Magazines > Books > eBooks,"Books, Gullah Geechee, eBook, Digital",Digital,,,,,Yes,"PDF, EPUB",Active
KDP Draft — How to Bake Buttermilk Cornbread,KDP Draft — How to Bake Buttermilk Cornbread — A Gullah Geechee publication by Darryl E. Brown,3.99,1,ggb-manifest-73abd63,Books & Magazines > Books > eBooks,"Books, Gullah Geechee, eBook, Digital",Digital,,,,,Yes,"PDF, EPUB",Active
How to Price Your Products or Services,How to Price Your Products or Services — A Gullah Geechee publication by Darryl E. Brown,3.99,1,ggb-manifest-b0bcf7b,Books & Magazines > Books > eBooks,"Books, Gullah Geechee, eBook, Digital",Digital,,,,,Yes,"PDF, EPUB",Active
Gullah Geechee Business Planning,Gullah Geechee Business Planning — A Gullah Geechee publication by Darryl E. Brown,3.99,1,ggb-manifest-2fbf288,Books & Magazines > Books > eBooks,"Books, Gullah Geechee, eBook, Digital",Digital,,,,,Yes,"PDF, EPUB",Active
The Gullah Geechee Guide to Determination,The Gullah Geechee Guide to Determination — A Gullah Geechee publication by Darryl E. Brown,3.99,1,ggb-manifest-0edd1ed,Books & Magazines > Books > eBooks,"Books, Gullah Geechee, eBook, Digital",Digital,,,,,Yes,"PDF, EPUB",Active
KDP Draft — How to Cultivate Patience,KDP Draft — How to Cultivate Patience — A Gullah Geechee publication by Darryl E. Brown,3.99,1,ggb-manifest-df8624e,Books & Magazines > Books > eBooks,"Books, Gullah Geechee, eBook, Digital",Digital,,,,,Yes,"PDF, EPUB",Active
KDP Draft — How to Build a Freelance Career,KDP Draft — How to Build a Freelance Career — A Gullah Geechee publication by Darryl E. Brown,3.99,1,ggb-manifest-34f08a2,Books & Magazines > Books > eBooks,"Books, Gullah Geechee, eBook, Digital",Digital,,,,,Yes,"PDF, EPUB",Active
KDP Draft — Gullah Geechee Microenterprise,KDP Draft — Gullah Geechee Microenterprise — A Gullah Geechee publication by Darryl E. Brown,3.99,1,ggb-manifest-cf2d69e,Books & Magazines > Books > eBooks,"Books, Gullah Geechee, eBook, Digital",Digital,,,,,Yes,"PDF, EPUB",Active
Gullah Geechee Community Commerce,Gullah Geechee Community Commerce — A Gullah Geechee publication by Darryl E. Brown,3.99,1,ggb-manifest-b06f0cf,Books & Magazines > Books > eBooks,"Books, Gullah Geechee, eBook, Digital",Digital,,,,,Yes,"PDF, EPUB",Active
KDP Draft — How to Embrace Your Authentic Self,KDP Draft — How to Embrace Your Authentic Self — A Gullah Geechee publication by Darryl E. Brown,3.99,1,ggb-manifest-e1700ca,Books & Magazines > Books > eBooks,"Books, Gullah Geechee, eBook, Digital",Digital,,,,,Yes,"PDF, EPUB",Active
How to Cook Lowcountry Boil,How to Cook Lowcountry Boil — A Gullah Geechee publication by Darryl E. Brown,3.99,1,ggb-manifest-942dace,Books & Magazines > Books > eBooks,"Books, Gullah Geechee, eBook, Digital",Digital,,,,,Yes,"PDF, EPUB",Active
How to Make Gullah Breakfast,How to Make Gullah Breakfast — A Gullah Geechee publication by Darryl E. Brown,3.99,1,ggb-manifest-bab07d7,Books & Magazines > Books > eBooks,"Books, Gullah Geechee, eBook, Digital",Digital,,,,,Yes,"PDF, EPUB",Active
How to Cook Collard Greens the Right Way,How to Cook Collard Greens the Right Way — A Gullah Geechee publication by Darryl E. Brown,3.99,1,ggb-manifest-b9d0cd2,Books & Magazines > Books > eBooks,"Books, Gullah Geechee, eBook, Digital",Digital,,,,,Yes,"PDF, EPUB",Active
How to Write Copy That Sells,How to Write Copy That Sells — A Gullah Geechee publication by Darryl E. Brown,3.99,1,ggb-manifest-2f8e807,Books & Magazines > Books > eBooks,"Books, Gullah Geechee, eBook, Digital",Digital,,,,,Yes,"PDF, EPUB",Active
How to Master Your Morning Routine,How to Master Your Morning Routine — A Gullah Geechee publication by Darryl E. Brown,3.99,1,ggb-manifest-ad975aa,Books & Magazines > Books > eBooks,"Books, Gullah Geechee, eBook, Digital",Digital,,,,,Yes,"PDF, EPUB",Active
How to Break Bad Habits Forever,How to Break Bad Habits Forever — A Gullah Geechee publication by Darryl E. Brown,3.99,1,ggb-manifest-2017d0c,Books & Magazines > Books > eBooks,"Books, Gullah Geechee, eBook, Digital",Digital,,,,,Yes,"PDF, EPUB",Active
KDP Draft — How to Develop Daily Discipline,KDP Draft — How to Develop Daily Discipline — A Gullah Geechee publication by Darryl E. Brown,3.99,1,ggb-manifest-5204ece,Books & Magazines > Books > eBooks,"Books, Gullah Geechee, eBook, Digital",Digital,,,,,Yes,"PDF, EPUB",Active
How to Cultivate Daily Gratitude,How to Cultivate Daily Gratitude — A Gullah Geechee publication by Darryl E. Brown,3.99,1,ggb-manifest-bae6170,Books & Magazines > Books > eBooks,"Books, Gullah Geechee, eBook, Digital",Digital,,,,,Yes,"PDF, EPUB",Active
Sweetgrass Basket,Sweetgrass Basket — A Gullah Geechee publication by Darryl E. Brown,3.99,1,ggb-manifest-2afec44,Books & Magazines > Books > eBooks,"Books, Gullah Geechee, eBook, Digital",Digital,,,,,Yes,"PDF, EPUB",Active
How to Find Your Purpose,How to Find Your Purpose — A Gullah Geechee publication by Darryl E. Brown,3.99,1,ggb-manifest-7169b53,Books & Magazines > Books > eBooks,"Books, Gullah Geechee, eBook, Digital",Digital,,,,,Yes,"PDF, EPUB",Active
How to Make Gullah Tea Cakes,How to Make Gullah Tea Cakes — A Gullah Geechee publication by Darryl E. Brown,3.99,1,ggb-manifest-a958d34,Books & Magazines > Books > eBooks,"Books, Gullah Geechee, eBook, Digital",Digital,,,,,Yes,"PDF, EPUB",Active
How to Build a Subscription Business,How to Build a Subscription Business — A Gullah Geechee publication by Darryl E. Brown,3.99,1,ggb-manifest-be95493,Books & Magazines > Books > eBooks,"Books, Gullah Geechee, eBook, Digital",Digital,,,,,Yes,"PDF, EPUB",Active
How to Create a Marketing Funnel,How to Create a Marketing Funnel — A Gullah Geechee publication by Darryl E. Brown,3.99,1,ggb-manifest-e77ce26,Books & Magazines > Books > eBooks,"Books, Gullah Geechee, eBook, Digital",Digital,,,,,Yes,"PDF, EPUB",Active
How to Create a Brand Style Guide,How to Create a Brand Style Guide — A Gullah Geechee publication by Darryl E. Brown,3.99,1,ggb-manifest-70c5317,Books & Magazines > Books > eBooks,"Books, Gullah Geechee, eBook, Digital",Digital,,,,,Yes,"PDF, EPUB",Active
How to Start a Side Hustle,How to Start a Side Hustle — A Gullah Geechee publication by Darryl E. Brown,3.99,1,ggb-manifest-2591aad,Books & Magazines > Books > eBooks,"Books, Gullah Geechee, eBook, Digital",Digital,,,,,Yes,"PDF, EPUB",Active
How to Build Abundance,How to Build Abundance — A Gullah Geechee publication by Darryl E. Brown,3.99,1,ggb-manifest-bfe3f63,Books & Magazines > Books > eBooks,"Books, Gullah Geechee, eBook, Digital",Digital,,,,,Yes,"PDF, EPUB",Active
How to Let Go of Perfectionism,How to Let Go of Perfectionism — A Gullah Geechee publication by Darryl E. Brown,3.99,1,ggb-manifest-77dae6b,Books & Magazines > Books > eBooks,"Books, Gullah Geechee, eBook, Digital",Digital,,,,,Yes,"PDF, EPUB",Active
Gullah Geechee Appetizers,Gullah Geechee Appetizers — A Gullah Geechee publication by Darryl E. Brown,3.99,1,ggb-manifest-dd83064,Books & Magazines > Books > eBooks,"Books, Gullah Geechee, eBook, Digital",Digital,,,,,Yes,"PDF, EPUB",Active
KDP Draft — How to Create a Brand Style Guide,KDP Draft — How to Create a Brand Style Guide — A Gullah Geechee publication by Darryl E. Brown,3.99,1,ggb-manifest-d15e260,Books & Magazines > Books > eBooks,"Books, Gullah Geechee, eBook, Digital",Digital,,,,,Yes,"PDF, EPUB",Active
KDP Draft — How to Create a Vision Board That Works,KDP Draft — How to Create a Vision Board That Works — A Gullah Geechee publication by Darryl E. Brown,3.99,1,ggb-manifest-165c3eb,Books & Magazines > Books > eBooks,"Books, Gullah Geechee, eBook, Digital",Digital,,,,,Yes,"PDF, EPUB",Active
How to Launch an Online Course,How to Launch an Online Course — A Gullah Geechee publication by Darryl E. Brown,3.99,1,ggb-manifest-5e4b3cc,Books & Magazines > Books > eBooks,"Books, Gullah Geechee, eBook, Digital",Digital,,,,,Yes,"PDF, EPUB",Active
KDP Draft — How to Write Copy That Sells,KDP Draft — How to Write Copy That Sells — A Gullah Geechee publication by Darryl E. Brown,3.99,1,ggb-manifest-e2d49eb,Books & Magazines > Books > eBooks,"Books, Gullah Geechee, eBook, Digital",Digital,,,,,Yes,"PDF, EPUB",Active
How to Build a Personal Brand,How to Build a Personal Brand — A Gullah Geechee publication by Darryl E. Brown,3.99,1,ggb-manifest-21671d7,Books & Magazines > Books > eBooks,"Books, Gullah Geechee, eBook, Digital",Digital,,,,,Yes,"PDF, EPUB",Active
How to Stop People-Pleasing,How to Stop People-Pleasing — A Gullah Geechee publication by Darryl E. Brown,3.99,1,ggb-manifest-60a37ea,Books & Magazines > Books > eBooks,"Books, Gullah Geechee, eBook, Digital",Digital,,,,,Yes,"PDF, EPUB",Active
How to Manage Your Time Effectively,How to Manage Your Time Effectively — A Gullah Geechee publication by Darryl E. Brown,3.99,1,ggb-manifest-1372aa1,Books & Magazines > Books > eBooks,"Books, Gullah Geechee, eBook, Digital",Digital,,,,,Yes,"PDF, EPUB",Active
How to Cook Gullah Pork Chops,How to Cook Gullah Pork Chops — A Gullah Geechee publication by Darryl E. Brown,3.99,1,ggb-manifest-dc2e7e5,Books & Magazines > Books > eBooks,"Books, Gullah Geechee, eBook, Digital",Digital,,,,,Yes,"PDF, EPUB",Active
Gullah Geechee Digital Marketing,Gullah Geechee Digital Marketing — A Gullah Geechee publication by Darryl E. Brown,3.99,1,ggb-manifest-6046cca,Books & Magazines > Books > eBooks,"Books, Gullah Geechee, eBook, Digital",Digital,,,,,Yes,"PDF, EPUB",Active
How to Create a Content Strategy,How to Create a Content Strategy — A Gullah Geechee publication by Darryl E. Brown,3.99,1,ggb-manifest-3243f80,Books & Magazines > Books > eBooks,"Books, Gullah Geechee, eBook, Digital",Digital,,,,,Yes,"PDF, EPUB",Active
How to Navigate Life Transitions,How to Navigate Life Transitions — A Gullah Geechee publication by Darryl E. Brown,3.99,1,ggb-manifest-bee3ede,Books & Magazines > Books > eBooks,"Books, Gullah Geechee, eBook, Digital",Digital,,,,,Yes,"PDF, EPUB",Active
How to Build Abundance,How to Build Abundance — A Gullah Geechee publication by Darryl E. Brown,3.99,1,ggb-manifest-b88cba9,Books & Magazines > Books > eBooks,"Books, Gullah Geechee, eBook, Digital",Digital,,,,,Yes,"PDF, EPUB",Active
KDP Draft — How to Make Gullah Breakfast,KDP Draft — How to Make Gullah Breakfast — A Gullah Geechee publication by Darryl E. Brown,3.99,1,ggb-manifest-bfca53b,Books & Magazines > Books > eBooks,"Books, Gullah Geechee, eBook, Digital",Digital,,,,,Yes,"PDF, EPUB",Active
How to Prepare Gullah Side Dishes,How to Prepare Gullah Side Dishes — A Gullah Geechee publication by Darryl E. Brown,3.99,1,ggb-manifest-f0dbac9,Books & Magazines > Books > eBooks,"Books, Gullah Geechee, eBook, Digital",Digital,,,,,Yes,"PDF, EPUB",Active
How to Prepare Gullah Chicken Soup,How to Prepare Gullah Chicken Soup — A Gullah Geechee publication by Darryl E. Brown,3.99,1,ggb-manifest-a246cf5,Books & Magazines > Books > eBooks,"Books, Gullah Geechee, eBook, Digital",Digital,,,,,Yes,"PDF, EPUB",Active
How to Build Zeal,How to Build Zeal — A Gullah Geechee publication by Darryl E. Brown,3.99,1,ggb-manifest-9aebc15,Books & Magazines > Books > eBooks,"Books, Gullah Geechee, eBook, Digital",Digital,,,,,Yes,"PDF, EPUB",Active
KDP Draft — How to Build a Community Around Your Brand,KDP Draft — How to Build a Community Around Your Brand — A Gullah Geechee publication by Darryl E. Brown,3.99,1,ggb-manifest-9e6a2f7,Books & Magazines > Books > eBooks,"Books, Gullah Geechee, eBook, Digital",Digital,,,,,Yes,"PDF, EPUB",Active
KDP Draft — How to Stay Motivated Every Day,KDP Draft — How to Stay Motivated Every Day — A Gullah Geechee publication by Darryl E. Brown,3.99,1,ggb-manifest-c14428d,Books & Magazines > Books > eBooks,"Books, Gullah Geechee, eBook, Digital",Digital,,,,,Yes,"PDF, EPUB",Active
How to Overcome Imposter Syndrome,How to Overcome Imposter Syndrome — A Gullah Geechee publication by Darryl E. Brown,3.99,1,ggb-manifest-786271c,Books & Magazines > Books > eBooks,"Books, Gullah Geechee, eBook, Digital",Digital,,,,,Yes,"PDF, EPUB",Active
How to Create a Sales Funnel,How to Create a Sales Funnel — A Gullah Geechee publication by Darryl E. Brown,3.99,1,ggb-manifest-8c8f034,Books & Magazines > Books > eBooks,"Books, Gullah Geechee, eBook, Digital",Digital,,,,,Yes,"PDF, EPUB",Active
KDP Draft — How to Build an Email List from Scratch,KDP Draft — How to Build an Email List from Scratch — A Gullah Geechee publication by Darryl E. Brown,3.99,1,ggb-manifest-e9fb422,Books & Magazines > Books > eBooks,"Books, Gullah Geechee, eBook, Digital",Digital,,,,,Yes,"PDF, EPUB",Active
KDP Draft — How to Develop Emotional Intelligence,KDP Draft — How to Develop Emotional Intelligence — A Gullah Geechee publication by Darryl E. Brown,3.99,1,ggb-manifest-dc77bea,Books & Magazines > Books > eBooks,"Books, Gullah Geechee, eBook, Digital",Digital,,,,,Yes,"PDF, EPUB",Active
KDP Draft — How to Create a Sales Funnel,KDP Draft — How to Create a Sales Funnel — A Gullah Geechee publication by Darryl E. Brown,3.99,1,ggb-manifest-d0c010c,Books & Magazines > Books > eBooks,"Books, Gullah Geechee, eBook, Digital",Digital,,,,,Yes,"PDF, EPUB",Active
Gullah Geechee Condiments,Gullah Geechee Condiments — A Gullah Geechee publication by Darryl E. Brown,3.99,1,ggb-manifest-46961e9,Books & Magazines > Books > eBooks,"Books, Gullah Geechee, eBook, Digital",Digital,,,,,Yes,"PDF, EPUB",Active
Sweetgrass Basket,Sweetgrass Basket — A Gullah Geechee publication by Darryl E. Brown,3.99,1,ggb-manifest-1435915,Books & Magazines > Books > eBooks,"Books, Gullah Geechee, eBook, Digital",Digital,,,,,Yes,"PDF, EPUB",Active
How to Practice Self-Compassion,How to Practice Self-Compassion — A Gullah Geechee publication by Darryl E. Brown,3.99,1,ggb-manifest-b63b3cd,Books & Magazines > Books > eBooks,"Books, Gullah Geechee, eBook, Digital",Digital,,,,,Yes,"PDF, EPUB",Active
KDP Draft — How to Make Hoppin' John for New Year's,KDP Draft — How to Make Hoppin' John for New Year's — A Gullah Geechee publication by Darryl E. Brown,3.99,1,ggb-manifest-cc30d6e,Books & Magazines > Books > eBooks,"Books, Gullah Geechee, eBook, Digital",Digital,,,,,Yes,"PDF, EPUB",Active
KDP Draft — How to Create a Marketing Funnel,KDP Draft — How to Create a Marketing Funnel — A Gullah Geechee publication by Darryl E. Brown,3.99,1,ggb-manifest-5fdb2a2,Books & Magazines > Books > eBooks,"Books, Gullah Geechee, eBook, Digital",Digital,,,,,Yes,"PDF, EPUB",Active
KDP Draft — The Gullah Geechee Guide to Yearning,KDP Draft — The Gullah Geechee Guide to Yearning — A Gullah Geechee publication by Darryl E. Brown,3.99,1,ggb-manifest-1aef4fa,Books & Magazines > Books > eBooks,"Books, Gullah Geechee, eBook, Digital",Digital,,,,,Yes,"PDF, EPUB",Active
How to Make Authentic Shrimp and Grits,How to Make Authentic Shrimp and Grits — A Gullah Geechee publication by Darryl E. Brown,3.99,1,ggb-manifest-c60b631,Books & Magazines > Books > eBooks,"Books, Gullah Geechee, eBook, Digital",Digital,,,,,Yes,"PDF, EPUB",Active
The Gullah Geechee Guide to Unity,The Gullah Geechee Guide to Unity — A Gullah Geechee publication by Darryl E. Brown,3.99,1,ggb-manifest-b4730e3,Books & Magazines > Books > eBooks,"Books, Gullah Geechee, eBook, Digital",Digital,,,,,Yes,"PDF, EPUB",Active
Lowcountry Tourism,Lowcountry Tourism — A Gullah Geechee publication by Darryl E. Brown,3.99,1,ggb-manifest-c89a10b,Books & Magazines > Books > eBooks,"Books, Gullah Geechee, eBook, Digital",Digital,,,,,Yes,"PDF, EPUB",Active
KDP Draft — How to Build a Personal Brand,KDP Draft — How to Build a Personal Brand — A Gullah Geechee publication by Darryl E. Brown,3.99,1,ggb-manifest-b675b9a,Books & Magazines > Books > eBooks,"Books, Gullah Geechee, eBook, Digital",Digital,,,,,Yes,"PDF, EPUB",Active
KDP Draft — Gullah Geechee Microenterprise,KDP Draft — Gullah Geechee Microenterprise — A Gullah Geechee publication by Darryl E. Brown,3.99,1,ggb-manifest-63ec873,Books & Magazines > Books > eBooks,"Books, Gullah Geechee, eBook, Digital",Digital,,,,,Yes,"PDF, EPUB",Active
KDP Draft — How to Cook Gullah Cabbage,KDP Draft — How to Cook Gullah Cabbage — A Gullah Geechee publication by Darryl E. Brown,3.99,1,ggb-manifest-30016c6,Books & Magazines > Books > eBooks,"Books, Gullah Geechee, eBook, Digital",Digital,,,,,Yes,"PDF, EPUB",Active
How to Make Gullah Potato Salad,How to Make Gullah Potato Salad — A Gullah Geechee publication by Darryl E. Brown,3.99,1,ggb-manifest-9a1c0eb,Books & Magazines > Books > eBooks,"Books, Gullah Geechee, eBook, Digital",Digital,,,,,Yes,"PDF, EPUB",Active
How to Master Your Morning Routine,How to Master Your Morning Routine — A Gullah Geechee publication by Darryl E. Brown,3.99,1,ggb-manifest-dad70a0,Books & Magazines > Books > eBooks,"Books, Gullah Geechee, eBook, Digital",Digital,,,,,Yes,"PDF, EPUB",Active
How to Master Cast Iron Cooking,How to Master Cast Iron Cooking — A Gullah Geechee publication by Darryl E. Brown,3.99,1,ggb-manifest-8326a39,Books & Magazines > Books > eBooks,"Books, Gullah Geechee, eBook, Digital",Digital,,,,,Yes,"PDF, EPUB",Active
How to Create a Customer Journey Map,How to Create a Customer Journey Map — A Gullah Geechee publication by Darryl E. Brown,3.99,1,ggb-manifest-4c3055f,Books & Magazines > Books > eBooks,"Books, Gullah Geechee, eBook, Digital",Digital,,,,,Yes,"PDF, EPUB",Active
How to Stay Motivated Every Day,How to Stay Motivated Every Day — A Gullah Geechee publication by Darryl E. Brown,3.99,1,ggb-manifest-cee6f41,Books & Magazines > Books > eBooks,"Books, Gullah Geechee, eBook, Digital",Digital,,,,,Yes,"PDF, EPUB",Active
KDP Draft — How to Cook with Seasonal Lowcountry Ingredients,KDP Draft — How to Cook with Seasonal Lowcountry Ingredients — A Gullah Geechee publication by Darryl E. Brown,3.99,1,ggb-manifest-989e285,Books & Magazines > Books > eBooks,"Books, Gullah Geechee, eBook, Digital",Digital,,,,,Yes,"PDF, EPUB",Active
How to Manage Business Finances,How to Manage Business Finances — A Gullah Geechee publication by Darryl E. Brown,3.99,1,ggb-manifest-d97c1cb,Books & Magazines > Books > eBooks,"Books, Gullah Geechee, eBook, Digital",Digital,,,,,Yes,"PDF, EPUB",Active
How to Handle Criticism Gracefully,How to Handle Criticism Gracefully — A Gullah Geechee publication by Darryl E. Brown,3.99,1,ggb-manifest-c71034d,Books & Magazines > Books > eBooks,"Books, Gullah Geechee, eBook, Digital",Digital,,,,,Yes,"PDF, EPUB",Active
How to Build Unshakeable Confidence,How to Build Unshakeable Confidence — A Gullah Geechee publication by Darryl E. Brown,3.99,1,ggb-manifest-b302ba3,Books & Magazines > Books > eBooks,"Books, Gullah Geechee, eBook, Digital",Digital,,,,,Yes,"PDF, EPUB",Active
Gullah Geechee One-Pot Meals,Gullah Geechee One-Pot Meals — A Gullah Geechee publication by Darryl E. Brown,3.99,1,ggb-manifest-aada741,Books & Magazines > Books > eBooks,"Books, Gullah Geechee, eBook, Digital",Digital,,,,,Yes,"PDF, EPUB",Active
How to Make Gullah Tea Cakes,How to Make Gullah Tea Cakes — A Gullah Geechee publication by Darryl E. Brown,3.99,1,ggb-manifest-59d4fcc,Books & Magazines > Books > eBooks,"Books, Gullah Geechee, eBook, Digital",Digital,,,,,Yes,"PDF, EPUB",Active
KDP Draft — How to Scale Your Small Business,KDP Draft — How to Scale Your Small Business — A Gullah Geechee publication by Darryl E. Brown,3.99,1,ggb-manifest-bc0bcb8,Books & Magazines > Books > eBooks,"Books, Gullah Geechee, eBook, Digital",Digital,,,,,Yes,"PDF, EPUB",Active
How to Build an Email List from Scratch,How to Build an Email List from Scratch — A Gullah Geechee publication by Darryl E. Brown,3.99,1,ggb-manifest-2ab82ce,Books & Magazines > Books > eBooks,"Books, Gullah Geechee, eBook, Digital",Digital,,,,,Yes,"PDF, EPUB",Active
KDP Draft — How to Network Like a Pro,KDP Draft — How to Network Like a Pro — A Gullah Geechee publication by Darryl E. Brown,3.99,1,ggb-manifest-33c0d17,Books & Magazines > Books > eBooks,"Books, Gullah Geechee, eBook, Digital",Digital,,,,,Yes,"PDF, EPUB",Active
How to Negotiate Better Deals,How to Negotiate Better Deals — A Gullah Geechee publication by Darryl E. Brown,3.99,1,ggb-manifest-974072f,Books & Magazines > Books > eBooks,"Books, Gullah Geechee, eBook, Digital",Digital,,,,,Yes,"PDF, EPUB",Active
How to Create a Referral Program,How to Create a Referral Program — A Gullah Geechee publication by Darryl E. Brown,3.99,1,ggb-manifest-d53a5dc,Books & Magazines > Books > eBooks,"Books, Gullah Geechee, eBook, Digital",Digital,,,,,Yes,"PDF, EPUB",Active
How to Create a Content Strategy,How to Create a Content Strategy — A Gullah Geechee publication by Darryl E. Brown,3.99,1,ggb-manifest-be98f21,Books & Magazines > Books > eBooks,"Books, Gullah Geechee, eBook, Digital",Digital,,,,,Yes,"PDF, EPUB",Active
How to Build Unshakeable Confidence,How to Build Unshakeable Confidence — A Gullah Geechee publication by Darryl E. Brown,3.99,1,ggb-manifest-46c387d,Books & Magazines > Books > eBooks,"Books, Gullah Geechee, eBook, Digital",Digital,,,,,Yes,"PDF, EPUB",Active
How to Prepare Gullah Side Dishes,How to Prepare Gullah Side Dishes — A Gullah Geechee publication by Darryl E. Brown,3.99,1,ggb-manifest-088cffa,Books & Magazines > Books > eBooks,"Books, Gullah Geechee, eBook, Digital",Digital,,,,,Yes,"PDF, EPUB",Active
How to Build a Remote Team,How to Build a Remote Team — A Gullah Geechee publication by Darryl E. Brown,3.99,1,ggb-manifest-b8d8ed6,Books & Magazines > Books > eBooks,"Books, Gullah Geechee, eBook, Digital",Digital,,,,,Yes,"PDF, EPUB",Active
KDP Draft — How to Scale Your Small Business,KDP Draft — How to Scale Your Small Business — A Gullah Geechee publication by Darryl E. Brown,3.99,1,ggb-manifest-33c9a86,Books & Magazines > Books > eBooks,"Books, Gullah Geechee, eBook, Digital",Digital,,,,,Yes,"PDF, EPUB",Active
How to Manage Anxiety Naturally,How to Manage Anxiety Naturally — A Gullah Geechee publication by Darryl E. Brown,3.99,1,ggb-manifest-b86329e,Books & Magazines > Books > eBooks,"Books, Gullah Geechee, eBook, Digital",Digital,,,,,Yes,"PDF, EPUB",Active
How to Build a Subscription Business,How to Build a Subscription Business — A Gullah Geechee publication by Darryl E. Brown,3.99,1,ggb-manifest-ba3c735,Books & Magazines > Books > eBooks,"Books, Gullah Geechee, eBook, Digital",Digital,,,,,Yes,"PDF, EPUB",Active
KDP Draft — How to Break Bad Habits Forever,KDP Draft — How to Break Bad Habits Forever — A Gullah Geechee publication by Darryl E. Brown,3.99,1,ggb-manifest-8502778,Books & Magazines > Books > eBooks,"Books, Gullah Geechee, eBook, Digital",Digital,,,,,Yes,"PDF, EPUB",Active
How to Build an Email List from Scratch,How to Build an Email List from Scratch — A Gullah Geechee publication by Darryl E. Brown,3.99,1,ggb-manifest-288d257,Books & Magazines > Books > eBooks,"Books, Gullah Geechee, eBook, Digital",Digital,,,,,Yes,"PDF, EPUB",Active
KDP Draft — How to Build Healthy Relationships,KDP Draft — How to Build Healthy Relationships — A Gullah Geechee publication by Darryl E. Brown,3.99,1,ggb-manifest-722f748,Books & Magazines > Books > eBooks,"Books, Gullah Geechee, eBook, Digital",Digital,,,,,Yes,"PDF, EPUB",Active
How to Set Boundaries That Stick,How to Set Boundaries That Stick — A Gullah Geechee publication by Darryl E. Brown,3.99,1,ggb-manifest-9b8d8de,Books & Magazines > Books > eBooks,"Books, Gullah Geechee, eBook, Digital",Digital,,,,,Yes,"PDF, EPUB",Active
KDP Draft — How to Negotiate Better Deals,KDP Draft — How to Negotiate Better Deals — A Gullah Geechee publication by Darryl E. Brown,3.99,1,ggb-manifest-a91cc50,Books & Magazines > Books > eBooks,"Books, Gullah Geechee, eBook, Digital",Digital,,,,,Yes,"PDF, EPUB",Active
How to Build Imagination,How to Build Imagination — A Gullah Geechee publication by Darryl E. Brown,3.99,1,ggb-manifest-065dbf8,Books & Magazines > Books > eBooks,"Books, Gullah Geechee, eBook, Digital",Digital,,,,,Yes,"PDF, EPUB",Active
KDP Draft — How to Find Inner Peace,KDP Draft — How to Find Inner Peace — A Gullah Geechee publication by Darryl E. Brown,3.99,1,ggb-manifest-3050685,Books & Magazines > Books > eBooks,"Books, Gullah Geechee, eBook, Digital",Digital,,,,,Yes,"PDF, EPUB",Active
How to Master Email Marketing,How to Master Email Marketing — A Gullah Geechee publication by Darryl E. Brown,3.99,1,ggb-manifest-63356a4,Books & Magazines > Books > eBooks,"Books, Gullah Geechee, eBook, Digital",Digital,,,,,Yes,"PDF, EPUB",Active
How to Build a Remote Team,How to Build a Remote Team — A Gullah Geechee publication by Darryl E. Brown,3.99,1,ggb-manifest-b7c0260,Books & Magazines > Books > eBooks,"Books, Gullah Geechee, eBook, Digital",Digital,,,,,Yes,"PDF, EPUB",Active
KDP Draft — How to Create a Business Plan,KDP Draft — How to Create a Business Plan — A Gullah Geechee publication by Darryl E. Brown,3.99,1,ggb-manifest-7c9cd70,Books & Magazines > Books > eBooks,"Books, Gullah Geechee, eBook, Digital",Digital,,,,,Yes,"PDF, EPUB",Active
How to Create a Customer Journey Map,How to Create a Customer Journey Map — A Gullah Geechee publication by Darryl E. Brown,3.99,1,ggb-manifest-40f9508,Books & Magazines > Books > eBooks,"Books, Gullah Geechee, eBook, Digital",Digital,,,,,Yes,"PDF, EPUB",Active
How to Make Gullah Breakfast,How to Make Gullah Breakfast — A Gullah Geechee publication by Darryl E. Brown,3.99,1,ggb-manifest-a944cf7,Books & Magazines > Books > eBooks,"Books, Gullah Geechee, eBook, Digital",Digital,,,,,Yes,"PDF, EPUB",Active
How to Make Gullah Soups and Stews,How to Make Gullah Soups and Stews — A Gullah Geechee publication by Darryl E. Brown,3.99,1,ggb-manifest-5595f38,Books & Magazines > Books > eBooks,"Books, Gullah Geechee, eBook, Digital",Digital,,,,,Yes,"PDF, EPUB",Active
How to Embrace Your Authentic Self,How to Embrace Your Authentic Self — A Gullah Geechee publication by Darryl E. Brown,3.99,1,ggb-manifest-8bc2bc4,Books & Magazines > Books > eBooks,"Books, Gullah Geechee, eBook, Digital",Digital,,,,,Yes,"PDF, EPUB",Active
KDP Draft — How to Master Email Marketing,KDP Draft — How to Master Email Marketing — A Gullah Geechee publication by Darryl E. Brown,3.99,1,ggb-manifest-b4bd011,Books & Magazines > Books > eBooks,"Books, Gullah Geechee, eBook, Digital",Digital,,,,,Yes,"PDF, EPUB",Active
KDP Draft — How to Cook Lowcountry Boil,KDP Draft — How to Cook Lowcountry Boil — A Gullah Geechee publication by Darryl E. Brown,3.99,1,ggb-manifest-12a1ef0,Books & Magazines > Books > eBooks,"Books, Gullah Geechee, eBook, Digital",Digital,,,,,Yes,"PDF, EPUB",Active
How to Bake Gullah Desserts,How to Bake Gullah Desserts — A Gullah Geechee publication by Darryl E. Brown,3.99,1,ggb-manifest-15f9c7d,Books & Magazines > Books > eBooks,"Books, Gullah Geechee, eBook, Digital",Digital,,,,,Yes,"PDF, EPUB",Active
How to Build Healthy Relationships,How to Build Healthy Relationships — A Gullah Geechee publication by Darryl E. Brown,3.99,1,ggb-manifest-51cee6e,Books & Magazines > Books > eBooks,"Books, Gullah Geechee, eBook, Digital",Digital,,,,,Yes,"PDF, EPUB",Active
KDP Draft — How to Make Hoppin' John for New Year's,KDP Draft — How to Make Hoppin' John for New Year's — A Gullah Geechee publication by Darryl E. Brown,3.99,1,ggb-manifest-bb55a8d,Books & Magazines > Books > eBooks,"Books, Gullah Geechee, eBook, Digital",Digital,,,,,Yes,"PDF, EPUB",Active
How to Fry the Perfect Fish,How to Fry the Perfect Fish — A Gullah Geechee publication by Darryl E. Brown,3.99,1,ggb-manifest-2ee8d08,Books & Magazines > Books > eBooks,"Books, Gullah Geechee, eBook, Digital",Digital,,,,,Yes,"PDF, EPUB",Active
KDP Draft — How to Prepare Okra and Tomatoes,KDP Draft — How to Prepare Okra and Tomatoes — A Gullah Geechee publication by Darryl E. Brown,3.99,1,ggb-manifest-6a7a95a,Books & Magazines > Books > eBooks,"Books, Gullah Geechee, eBook, Digital",Digital,,,,,Yes,"PDF, EPUB",Active
KDP Draft — Gullah Geechee Business Planning,KDP Draft — Gullah Geechee Business Planning — A Gullah Geechee publication by Darryl E. Brown,3.99,1,ggb-manifest-f077203,Books & Magazines > Books > eBooks,"Books, Gullah Geechee, eBook, Digital",Digital,,,,,Yes,"PDF, EPUB",Active
How to Set Boundaries That Stick,How to Set Boundaries That Stick — A Gullah Geechee publication by Darryl E. Brown,3.99,1,ggb-manifest-3d96345,Books & Magazines > Books > eBooks,"Books, Gullah Geechee, eBook, Digital",Digital,,,,,Yes,"PDF, EPUB",Active
How to Build Vulnerability,How to Build Vulnerability — A Gullah Geechee publication by Darryl E. Brown,3.99,1,ggb-manifest-652396c,Books & Magazines > Books > eBooks,"Books, Gullah Geechee, eBook, Digital",Digital,,,,,Yes,"PDF, EPUB",Active
How to Bake Gullah Desserts,How to Bake Gullah Desserts — A Gullah Geechee publication by Darryl E. Brown,3.99,1,ggb-manifest-fad2188,Books & Magazines > Books > eBooks,"Books, Gullah Geechee, eBook, Digital",Digital,,,,,Yes,"PDF, EPUB",Active
KDP Draft — How to Stop People-Pleasing,KDP Draft — How to Stop People-Pleasing — A Gullah Geechee publication by Darryl E. Brown,3.99,1,ggb-manifest-4af424d,Books & Magazines > Books > eBooks,"Books, Gullah Geechee, eBook, Digital",Digital,,,,,Yes,"PDF, EPUB",Active
How to Make Pickled Shrimp,How to Make Pickled Shrimp — A Gullah Geechee publication by Darryl E. Brown,3.99,1,ggb-manifest-676ca68,Books & Magazines > Books > eBooks,"Books, Gullah Geechee, eBook, Digital",Digital,,,,,Yes,"PDF, EPUB",Active
KDP Draft — How to Build a Freelance Career,KDP Draft — How to Build a Freelance Career — A Gullah Geechee publication by Darryl E. Brown,3.99,1,ggb-manifest-e1ccdb5,Books & Magazines > Books > eBooks,"Books, Gullah Geechee, eBook, Digital",Digital,,,,,Yes,"PDF, EPUB",Active
KDP Draft — How to Prepare Gullah Chicken Soup,KDP Draft — How to Prepare Gullah Chicken Soup — A Gullah Geechee publication by Darryl E. Brown,3.99,1,ggb-manifest-a0ba1a8,Books & Magazines > Books > eBooks,"Books, Gullah Geechee, eBook, Digital",Digital,,,,,Yes,"PDF, EPUB",Active
How to Overcome Imposter Syndrome,How to Overcome Imposter Syndrome — A Gullah Geechee publication by Darryl E. Brown,3.99,1,ggb-manifest-9b6a904,Books & Magazines > Books > eBooks,"Books, Gullah Geechee, eBook, Digital",Digital,,,,,Yes,"PDF, EPUB",Active
The Gullah Geechee Guide to Discipline,The Gullah Geechee Guide to Discipline — A Gullah Geechee publication by Darryl E. Brown,3.99,1,ggb-manifest-4c1424d,Books & Magazines > Books > eBooks,"Books, Gullah Geechee, eBook, Digital",Digital,,,,,Yes,"PDF, EPUB",Active
KDP Draft — How to Cook Gullah Pork Chops,KDP Draft — How to Cook Gullah Pork Chops — A Gullah Geechee publication by Darryl E. Brown,3.99,1,ggb-manifest-3087a89,Books & Magazines > Books > eBooks,"Books, Gullah Geechee, eBook, Digital",Digital,,,,,Yes,"PDF, EPUB",Active
How to Create a Business Exit Strategy,How to Create a Business Exit Strategy — A Gullah Geechee publication by Darryl E. Brown,3.99,1,ggb-manifest-40ce2bf,Books & Magazines > Books > eBooks,"Books, Gullah Geechee, eBook, Digital",Digital,,,,,Yes,"PDF, EPUB",Active
Gullah Geechee One-Pot Meals,Gullah Geechee One-Pot Meals — A Gullah Geechee publication by Darryl E. Brown,3.99,1,ggb-manifest-cad4c23,Books & Magazines > Books > eBooks,"Books, Gullah Geechee, eBook, Digital",Digital,,,,,Yes,"PDF, EPUB",Active
How to Create a Personal Mission Statement,How to Create a Personal Mission Statement — A Gullah Geechee publication by Darryl E. Brown,3.99,1,ggb-manifest-c49ecfa,Books & Magazines > Books > eBooks,"Books, Gullah Geechee, eBook, Digital",Digital,,,,,Yes,"PDF, EPUB",Active
How to Master Cast Iron Cooking,How to Master Cast Iron Cooking — A Gullah Geechee publication by Darryl E. Brown,3.99,1,ggb-manifest-c5326dc,Books & Magazines > Books > eBooks,"Books, Gullah Geechee, eBook, Digital",Digital,,,,,Yes,"PDF, EPUB",Active
How to Develop Daily Discipline,How to Develop Daily Discipline — A Gullah Geechee publication by Darryl E. Brown,3.99,1,ggb-manifest-97f9d9b,Books & Magazines > Books > eBooks,"Books, Gullah Geechee, eBook, Digital",Digital,,,,,Yes,"PDF, EPUB",Active
KDP Draft — How to Make Gullah Soups and Stews,KDP Draft — How to Make Gullah Soups and Stews — A Gullah Geechee publication by Darryl E. Brown,3.99,1,ggb-manifest-4edc78c,Books & Magazines > Books > eBooks,"Books, Gullah Geechee, eBook, Digital",Digital,,,,,Yes,"PDF, EPUB",Active
KDP Draft — Gullah Geechee Business Planning,KDP Draft — Gullah Geechee Business Planning — A Gullah Geechee publication by Darryl E. Brown,3.99,1,ggb-manifest-164a767,Books & Magazines > Books > eBooks,"Books, Gullah Geechee, eBook, Digital",Digital,,,,,Yes,"PDF, EPUB",Active
KDP Draft — How to Create a Referral Program,KDP Draft — How to Create a Referral Program — A Gullah Geechee publication by Darryl E. Brown,3.99,1,ggb-manifest-0d4e216,Books & Magazines > Books > eBooks,"Books, Gullah Geechee, eBook, Digital",Digital,,,,,Yes,"PDF, EPUB",Active
KDP Draft — How to Cultivate Daily Gratitude,KDP Draft — How to Cultivate Daily Gratitude — A Gullah Geechee publication by Darryl E. Brown,3.99,1,ggb-manifest-4dc2263,Books & Magazines > Books > eBooks,"Books, Gullah Geechee, eBook, Digital",Digital,,,,,Yes,"PDF, EPUB",Active
How to Launch an Online Course,How to Launch an Online Course — A Gullah Geechee publication by Darryl E. Brown,3.99,1,ggb-manifest-70d3959,Books & Magazines > Books > eBooks,"Books, Gullah Geechee, eBook, Digital",Digital,,,,,Yes,"PDF, EPUB",Active
KDP Draft — How to Practice Self-Compassion,KDP Draft — How to Practice Self-Compassion — A Gullah Geechee publication by Darryl E. Brown,3.99,1,ggb-manifest-2f5da15,Books & Magazines > Books > eBooks,"Books, Gullah Geechee, eBook, Digital",Digital,,,,,Yes,"PDF, EPUB",Active
How to Create a Vision Board That Works,How to Create a Vision Board That Works — A Gullah Geechee publication by Darryl E. Brown,3.99,1,ggb-manifest-b23dc39,Books & Magazines > Books > eBooks,"Books, Gullah Geechee, eBook, Digital",Digital,,,,,Yes,"PDF, EPUB",Active
How to Develop Emotional Intelligence,How to Develop Emotional Intelligence — A Gullah Geechee publication by Darryl E. Brown,3.99,1,ggb-manifest-ba6418c,Books & Magazines > Books > eBooks,"Books, Gullah Geechee, eBook, Digital",Digital,,,,,Yes,"PDF, EPUB",Active
KDP Draft — How to Manage Your Time Effectively,KDP Draft — How to Manage Your Time Effectively — A Gullah Geechee publication by Darryl E. Brown,3.99,1,ggb-manifest-7c848bd,Books & Magazines > Books > eBooks,"Books, Gullah Geechee, eBook, Digital",Digital,,,,,Yes,"PDF, EPUB",Active
How to Create a Sales Funnel,How to Create a Sales Funnel — A Gullah Geechee publication by Darryl E. Brown,3.99,1,ggb-manifest-a8ca083,Books & Magazines > Books > eBooks,"Books, Gullah Geechee, eBook, Digital",Digital,,,,,Yes,"PDF, EPUB",Active
KDP Draft — How to Make Benne Wafers,KDP Draft — How to Make Benne Wafers — A Gullah Geechee publication by Darryl E. Brown,3.99,1,ggb-manifest-696838c,Books & Magazines > Books > eBooks,"Books, Gullah Geechee, eBook, Digital",Digital,,,,,Yes,"PDF, EPUB",Active
How to Build Strategic Partnerships,How to Build Strategic Partnerships — A Gullah Geechee publication by Darryl E. Brown,3.99,1,ggb-manifest-493170e,Books & Magazines > Books > eBooks,"Books, Gullah Geechee, eBook, Digital",Digital,,,,,Yes,"PDF, EPUB",Active
How to Stay Motivated Every Day,How to Stay Motivated Every Day — A Gullah Geechee publication by Darryl E. Brown,3.99,1,ggb-manifest-80d5f78,Books & Magazines > Books > eBooks,"Books, Gullah Geechee, eBook, Digital",Digital,,,,,Yes,"PDF, EPUB",Active
How to Develop a Growth Mindset,How to Develop a Growth Mindset — A Gullah Geechee publication by Darryl E. Brown,3.99,1,ggb-manifest-8467a96,Books & Magazines > Books > eBooks,"Books, Gullah Geechee, eBook, Digital",Digital,,,,,Yes,"PDF, EPUB",Active
KDP Draft — How to Make Gullah Sauces and Seasonings,KDP Draft — How to Make Gullah Sauces and Seasonings — A Gullah Geechee publication by Darryl E. Brown,3.99,1,ggb-manifest-a94ee65,Books & Magazines > Books > eBooks,"Books, Gullah Geechee, eBook, Digital",Digital,,,,,Yes,"PDF, EPUB",Active
KDP Draft — Gullah Geechee One-Pot Meals,KDP Draft — Gullah Geechee One-Pot Meals — A Gullah Geechee publication by Darryl E. Brown,3.99,1,ggb-manifest-4fcfecf,Books & Magazines > Books > eBooks,"Books, Gullah Geechee, eBook, Digital",Digital,,,,,Yes,"PDF, EPUB",Active
How to Create a Product Launch Plan,How to Create a Product Launch Plan — A Gullah Geechee publication by Darryl E. Brown,3.99,1,ggb-manifest-63e13b0,Books & Magazines > Books > eBooks,"Books, Gullah Geechee, eBook, Digital",Digital,,,,,Yes,"PDF, EPUB",Active
How to Build Connection,How to Build Connection — A Gullah Geechee publication by Darryl E. Brown,3.99,1,ggb-manifest-478c10b,Books & Magazines > Books > eBooks,"Books, Gullah Geechee, eBook, Digital",Digital,,,,,Yes,"PDF, EPUB",Active
KDP Draft — How to Bake Buttermilk Cornbread,KDP Draft — How to Bake Buttermilk Cornbread — A Gullah Geechee publication by Darryl E. Brown,3.99,1,ggb-manifest-d11ed9a,Books & Magazines > Books > eBooks,"Books, Gullah Geechee, eBook, Digital",Digital,,,,,Yes,"PDF, EPUB",Active
KDP Draft — How to Build Resilience in Tough Times,KDP Draft — How to Build Resilience in Tough Times — A Gullah Geechee publication by Darryl E. Brown,3.99,1,ggb-manifest-35a2b48,Books & Magazines > Books > eBooks,"Books, Gullah Geechee, eBook, Digital",Digital,,,,,Yes,"PDF, EPUB",Active
How to Cook Gullah Seafood,How to Cook Gullah Seafood — A Gullah Geechee publication by Darryl E. Brown,3.99,1,ggb-manifest-647efa0,Books & Magazines > Books > eBooks,"Books, Gullah Geechee, eBook, Digital",Digital,,,,,Yes,"PDF, EPUB",Active
How to Bake Gullah Desserts,How to Bake Gullah Desserts — A Gullah Geechee publication by Darryl E. Brown,3.99,1,ggb-manifest-c4cb9f2,Books & Magazines > Books > eBooks,"Books, Gullah Geechee, eBook, Digital",Digital,,,,,Yes,"PDF, EPUB",Active
How to Make Gullah Sauces and Seasonings,How to Make Gullah Sauces and Seasonings — A Gullah Geechee publication by Darryl E. Brown,3.99,1,ggb-manifest-36a18e8,Books & Magazines > Books > eBooks,"Books, Gullah Geechee, eBook, Digital",Digital,,,,,Yes,"PDF, EPUB",Active
KDP Draft — How to Make Southern Cornbread from Scratch,KDP Draft — How to Make Southern Cornbread from Scratch — A Gullah Geechee publication by Darryl E. Brown,3.99,1,ggb-manifest-bf8290e,Books & Magazines > Books > eBooks,"Books, Gullah Geechee, eBook, Digital",Digital,,,,,Yes,"PDF, EPUB",Active
Gullah Geechee Condiments,Gullah Geechee Condiments — A Gullah Geechee publication by Darryl E. Brown,3.99,1,ggb-manifest-80d4a0c,Books & Magazines > Books > eBooks,"Books, Gullah Geechee, eBook, Digital",Digital,,,,,Yes,"PDF, EPUB",Active
KDP Draft — How to Make Benne Wafers,KDP Draft — How to Make Benne Wafers — A Gullah Geechee publication by Darryl E. Brown,3.99,1,ggb-manifest-27fca9b,Books & Magazines > Books > eBooks,"Books, Gullah Geechee, eBook, Digital",Digital,,,,,Yes,"PDF, EPUB",Active
How to Make Benne Wafers,How to Make Benne Wafers — A Gullah Geechee publication by Darryl E. Brown,3.99,1,ggb-manifest-e7da89c,Books & Magazines > Books > eBooks,"Books, Gullah Geechee, eBook, Digital",Digital,,,,,Yes,"PDF, EPUB",Active
How to Create a Brand Style Guide,How to Create a Brand Style Guide — A Gullah Geechee publication by Darryl E. Brown,3.99,1,ggb-manifest-57b061f,Books & Magazines > Books > eBooks,"Books, Gullah Geechee, eBook, Digital",Digital,,,,,Yes,"PDF, EPUB",Active
How to Scale Your Small Business,How to Scale Your Small Business — A Gullah Geechee publication by Darryl E. Brown,3.99,1,ggb-manifest-3c81a9c,Books & Magazines > Books > eBooks,"Books, Gullah Geechee, eBook, Digital",Digital,,,,,Yes,"PDF, EPUB",Active
KDP Draft — How to Find Your Purpose,KDP Draft — How to Find Your Purpose — A Gullah Geechee publication by Darryl E. Brown,3.99,1,ggb-manifest-90eda93,Books & Magazines > Books > eBooks,"Books, Gullah Geechee, eBook, Digital",Digital,,,,,Yes,"PDF, EPUB",Active
How to Build Balance,How to Build Balance — A Gullah Geechee publication by Darryl E. Brown,3.99,1,ggb-manifest-541d82c,Books & Magazines > Books > eBooks,"Books, Gullah Geechee, eBook, Digital",Digital,,,,,Yes,"PDF, EPUB",Active
KDP Draft — How to Create a Product Launch Plan,KDP Draft — How to Create a Product Launch Plan — A Gullah Geechee publication by Darryl E. Brown,3.99,1,ggb-manifest-1c2cd71,Books & Magazines > Books > eBooks,"Books, Gullah Geechee, eBook, Digital",Digital,,,,,Yes,"PDF, EPUB",Active
KDP Draft — How to Master Business Storytelling,KDP Draft — How to Master Business Storytelling — A Gullah Geechee publication by Darryl E. Brown,3.99,1,ggb-manifest-3bcde09,Books & Magazines > Books > eBooks,"Books, Gullah Geechee, eBook, Digital",Digital,,,,,Yes,"PDF, EPUB",Active
How to Cultivate Patience,How to Cultivate Patience — A Gullah Geechee publication by Darryl E. Brown,3.99,1,ggb-manifest-bbe9954,Books & Magazines > Books > eBooks,"Books, Gullah Geechee, eBook, Digital",Digital,,,,,Yes,"PDF, EPUB",Active
How to Find Your Purpose,How to Find Your Purpose — A Gullah Geechee publication by Darryl E. Brown,3.99,1,ggb-manifest-310cb04,Books & Magazines > Books > eBooks,"Books, Gullah Geechee, eBook, Digital",Digital,,,,,Yes,"PDF, EPUB",Active
KDP Draft — How to Create a Content Strategy,KDP Draft — How to Create a Content Strategy — A Gullah Geechee publication by Darryl E. Brown,3.99,1,ggb-manifest-6c2925c,Books & Magazines > Books > eBooks,"Books, Gullah Geechee, eBook, Digital",Digital,,,,,Yes,"PDF, EPUB",Active
How to Bake Sweet Potato Pie,How to Bake Sweet Potato Pie — A Gullah Geechee publication by Darryl E. Brown,3.99,1,ggb-manifest-62c1bea,Books & Magazines > Books > eBooks,"Books, Gullah Geechee, eBook, Digital",Digital,,,,,Yes,"PDF, EPUB",Active
How to Make Gullah Soups and Stews,How to Make Gullah Soups and Stews — A Gullah Geechee publication by Darryl E. Brown,3.99,1,ggb-manifest-6f20ddb,Books & Magazines > Books > eBooks,"Books, Gullah Geechee, eBook, Digital",Digital,,,,,Yes,"PDF, EPUB",Active
How to Make Boiled Peanuts,How to Make Boiled Peanuts — A Gullah Geechee publication by Darryl E. Brown,3.99,1,ggb-manifest-cbf0fd0,Books & Magazines > Books > eBooks,"Books, Gullah Geechee, eBook, Digital",Digital,,,,,Yes,"PDF, EPUB",Active
How to Build Unshakeable Confidence,How to Build Unshakeable Confidence — A Gullah Geechee publication by Darryl E. Brown,3.99,1,ggb-manifest-12b86d0,Books & Magazines > Books > eBooks,"Books, Gullah Geechee, eBook, Digital",Digital,,,,,Yes,"PDF, EPUB",Active
KDP Draft — How to Start a Side Hustle,KDP Draft — How to Start a Side Hustle — A Gullah Geechee publication by Darryl E. Brown,3.99,1,ggb-manifest-0243d0e,Books & Magazines > Books > eBooks,"Books, Gullah Geechee, eBook, Digital",Digital,,,,,Yes,"PDF, EPUB",Active
How to Overcome Fear of Failure,How to Overcome Fear of Failure — A Gullah Geechee publication by Darryl E. Brown,3.99,1,ggb-manifest-e10ac10,Books & Magazines > Books > eBooks,"Books, Gullah Geechee, eBook, Digital",Digital,,,,,Yes,"PDF, EPUB",Active
Gullah Geechee Financial Literacy,Gullah Geechee Financial Literacy — A Gullah Geechee publication by Darryl E. Brown,3.99,1,ggb-manifest-a61c5fd,Books & Magazines > Books > eBooks,"Books, Gullah Geechee, eBook, Digital",Digital,,,,,Yes,"PDF, EPUB",Active
KDP Draft — How to Develop a Growth Mindset,KDP Draft — How to Develop a Growth Mindset — A Gullah Geechee publication by Darryl E. Brown,3.99,1,ggb-manifest-add8689,Books & Magazines > Books > eBooks,"Books, Gullah Geechee, eBook, Digital",Digital,,,,,Yes,"PDF, EPUB",Active
KDP Draft — How to Cook Gullah Vegetables,KDP Draft — How to Cook Gullah Vegetables — A Gullah Geechee publication by Darryl E. Brown,3.99,1,ggb-manifest-9273b00,Books & Magazines > Books > eBooks,"Books, Gullah Geechee, eBook, Digital",Digital,,,,,Yes,"PDF, EPUB",Active
How to Find Your Purpose,How to Find Your Purpose — A Gullah Geechee publication by Darryl E. Brown,3.99,1,ggb-manifest-18b3603,Books & Magazines > Books > eBooks,"Books, Gullah Geechee, eBook, Digital",Digital,,,,,Yes,"PDF, EPUB",Active
How to Cook with Seasonal Lowcountry Ingredients,How to Cook with Seasonal Lowcountry Ingredients — A Gullah Geechee publication by Darryl E. Brown,3.99,1,ggb-manifest-b694d8e,Books & Magazines > Books > eBooks,"Books, Gullah Geechee, eBook, Digital",Digital,,,,,Yes,"PDF, EPUB",Active
How to Make Hoppin' John for New Year's,How to Make Hoppin' John for New Year's — A Gullah Geechee publication by Darryl E. Brown,3.99,1,ggb-manifest-9bf4e30,Books & Magazines > Books > eBooks,"Books, Gullah Geechee, eBook, Digital",Digital,,,,,Yes,"PDF, EPUB",Active
KDP Draft — How to Build Strategic Partnerships,KDP Draft — How to Build Strategic Partnerships — A Gullah Geechee publication by Darryl E. Brown,3.99,1,ggb-manifest-a16c318,Books & Magazines > Books > eBooks,"Books, Gullah Geechee, eBook, Digital",Digital,,,,,Yes,"PDF, EPUB",Active
How to Make Gullah Breads,How to Make Gullah Breads — A Gullah Geechee publication by Darryl E. Brown,3.99,1,ggb-manifest-93293cf,Books & Magazines > Books > eBooks,"Books, Gullah Geechee, eBook, Digital",Digital,,,,,Yes,"PDF, EPUB",Active
How to Write a Winning Grant Proposal,How to Write a Winning Grant Proposal — A Gullah Geechee publication by Darryl E. Brown,3.99,1,ggb-manifest-7d17d61,Books & Magazines > Books > eBooks,"Books, Gullah Geechee, eBook, Digital",Digital,,,,,Yes,"PDF, EPUB",Active
How to Build a Subscription Business,How to Build a Subscription Business — A Gullah Geechee publication by Darryl E. Brown,3.99,1,ggb-manifest-dba19a4,Books & Magazines > Books > eBooks,"Books, Gullah Geechee, eBook, Digital",Digital,,,,,Yes,"PDF, EPUB",Active
Gullah Geechee Biz TV Spot,Gullah Geechee Biz TV Spot — A Gullah Geechee publication by Darryl E. Brown,3.99,1,ggb-manifest-3e67b6a,Books & Magazines > Books > eBooks,"Books, Gullah Geechee, eBook, Digital",Digital,,,,,Yes,"PDF, EPUB",Active
How to Bake Sweet Potato Pie,How to Bake Sweet Potato Pie — A Gullah Geechee publication by Darryl E. Brown,3.99,1,ggb-manifest-d9ef530,Books & Magazines > Books > eBooks,"Books, Gullah Geechee, eBook, Digital",Digital,,,,,Yes,"PDF, EPUB",Active
Encyclopedia Volume 02,Encyclopedia Volume 02 — A Gullah Geechee publication by Darryl E. Brown,3.99,1,ggb-manifest-4a09e21,Books & Magazines > Books > eBooks,"Books, Gullah Geechee, eBook, Digital",Digital,,,,,Yes,"PDF, EPUB",Active
How to Negotiate Better Deals,How to Negotiate Better Deals — A Gullah Geechee publication by Darryl E. Brown,3.99,1,ggb-manifest-f2e2532,Books & Magazines > Books > eBooks,"Books, Gullah Geechee, eBook, Digital",Digital,,,,,Yes,"PDF, EPUB",Active
KDP Draft — How to Bake Sweet Potato Pie,KDP Draft — How to Bake Sweet Potato Pie — A Gullah Geechee publication by Darryl E. Brown,3.99,1,ggb-manifest-09bbac7,Books & Magazines > Books > eBooks,"Books, Gullah Geechee, eBook, Digital",Digital,,,,,Yes,"PDF, EPUB",Active
KDP Draft — How to Live with Intention,KDP Draft — How to Live with Intention — A Gullah Geechee publication by Darryl E. Brown,3.99,1,ggb-manifest-c15817e,Books & Magazines > Books > eBooks,"Books, Gullah Geechee, eBook, Digital",Digital,,,,,Yes,"PDF, EPUB",Active
How to Navigate Life Transitions,How to Navigate Life Transitions — A Gullah Geechee publication by Darryl E. Brown,3.99,1,ggb-manifest-9cac427,Books & Magazines > Books > eBooks,"Books, Gullah Geechee, eBook, Digital",Digital,,,,,Yes,"PDF, EPUB",Active
KDP Draft — The Gullah Geechee Guide to Unity,KDP Draft — The Gullah Geechee Guide to Unity — A Gullah Geechee publication by Darryl E. Brown,3.99,1,ggb-manifest-c575951,Books & Magazines > Books > eBooks,"Books, Gullah Geechee, eBook, Digital",Digital,,,,,Yes,"PDF, EPUB",Active
KDP Draft — How to Overcome Imposter Syndrome,KDP Draft — How to Overcome Imposter Syndrome — A Gullah Geechee publication by Darryl E. Brown,3.99,1,ggb-manifest-f830678,Books & Magazines > Books > eBooks,"Books, Gullah Geechee, eBook, Digital",Digital,,,,,Yes,"PDF, EPUB",Active
KDP Draft — How to Use AI in Your Business,KDP Draft — How to Use AI in Your Business — A Gullah Geechee publication by Darryl E. Brown,3.99,1,ggb-manifest-711c396,Books & Magazines > Books > eBooks,"Books, Gullah Geechee, eBook, Digital",Digital,,,,,Yes,"PDF, EPUB",Active
KDP Draft — How to Build a Subscription Business,KDP Draft — How to Build a Subscription Business — A Gullah Geechee publication by Darryl E. Brown,3.99,1,ggb-manifest-64b076a,Books & Magazines > Books > eBooks,"Books, Gullah Geechee, eBook, Digital",Digital,,,,,Yes,"PDF, EPUB",Active
How to Forgive Yourself and Move On,How to Forgive Yourself and Move On — A Gullah Geechee publication by Darryl E. Brown,3.99,1,ggb-manifest-87fdf7c,Books & Magazines > Books > eBooks,"Books, Gullah Geechee, eBook, Digital",Digital,,,,,Yes,"PDF, EPUB",Active
How to Make Sweetgrass Lemonade,How to Make Sweetgrass Lemonade — A Gullah Geechee publication by Darryl E. Brown,3.99,1,ggb-manifest-8388f9c,Books & Magazines > Books > eBooks,"Books, Gullah Geechee, eBook, Digital",Digital,,,,,Yes,"PDF, EPUB",Active
How to Make Authentic Shrimp and Grits,How to Make Authentic Shrimp and Grits — A Gullah Geechee publication by Darryl E. Brown,3.99,1,ggb-manifest-01cb71b,Books & Magazines > Books > eBooks,"Books, Gullah Geechee, eBook, Digital",Digital,,,,,Yes,"PDF, EPUB",Active
How to Master LinkedIn for Business,How to Master LinkedIn for Business — A Gullah Geechee publication by Darryl E. Brown,3.99,1,ggb-manifest-856d106,Books & Magazines > Books > eBooks,"Books, Gullah Geechee, eBook, Digital",Digital,,,,,Yes,"PDF, EPUB",Active
How to Make Rice Pudding,How to Make Rice Pudding — A Gullah Geechee publication by Darryl E. Brown,3.99,1,ggb-manifest-8e936b0,Books & Magazines > Books > eBooks,"Books, Gullah Geechee, eBook, Digital",Digital,,,,,Yes,"PDF, EPUB",Active
How to Embrace Your Authentic Self,How to Embrace Your Authentic Self — A Gullah Geechee publication by Darryl E. Brown,3.99,1,ggb-manifest-0012d08,Books & Magazines > Books > eBooks,"Books, Gullah Geechee, eBook, Digital",Digital,,,,,Yes,"PDF, EPUB",Active
KDP Draft — How to Create a Personal Mission Statement,KDP Draft — How to Create a Personal Mission Statement — A Gullah Geechee publication by Darryl E. Brown,3.99,1,ggb-manifest-95950fe,Books & Magazines > Books > eBooks,"Books, Gullah Geechee, eBook, Digital",Digital,,,,,Yes,"PDF, EPUB",Active
KDP Draft — How to Find Your Purpose,KDP Draft — How to Find Your Purpose — A Gullah Geechee publication by Darryl E. Brown,3.99,1,ggb-manifest-ac32d82,Books & Magazines > Books > eBooks,"Books, Gullah Geechee, eBook, Digital",Digital,,,,,Yes,"PDF, EPUB",Active
How to Cook Gullah Pork Chops,How to Cook Gullah Pork Chops — A Gullah Geechee publication by Darryl E. Brown,3.99,1,ggb-manifest-c30fa98,Books & Magazines > Books > eBooks,"Books, Gullah Geechee, eBook, Digital",Digital,,,,,Yes,"PDF, EPUB",Active
KDP Draft — How to Cook Perfect Gullah Red Rice,KDP Draft — How to Cook Perfect Gullah Red Rice — A Gullah Geechee publication by Darryl E. Brown,3.99,1,ggb-manifest-676a1c7,Books & Magazines > Books > eBooks,"Books, Gullah Geechee, eBook, Digital",Digital,,,,,Yes,"PDF, EPUB",Active
How to Manage Business Finances,How to Manage Business Finances — A Gullah Geechee publication by Darryl E. Brown,3.99,1,ggb-manifest-0bacf9a,Books & Magazines > Books > eBooks,"Books, Gullah Geechee, eBook, Digital",Digital,,,,,Yes,"PDF, EPUB",Active
How to Build a Community Around Your Brand,How to Build a Community Around Your Brand — A Gullah Geechee publication by Darryl E. Brown,3.99,1,ggb-manifest-0008985,Books & Magazines > Books > eBooks,"Books, Gullah Geechee, eBook, Digital",Digital,,,,,Yes,"PDF, EPUB",Active
KDP Draft — How to Create a Personal Mission Statement,KDP Draft — How to Create a Personal Mission Statement — A Gullah Geechee publication by Darryl E. Brown,3.99,1,ggb-manifest-1cf8a8d,Books & Magazines > Books > eBooks,"Books, Gullah Geechee, eBook, Digital",Digital,,,,,Yes,"PDF, EPUB",Active
KDP Draft — How to Write a Winning Grant Proposal,KDP Draft — How to Write a Winning Grant Proposal — A Gullah Geechee publication by Darryl E. Brown,3.99,1,ggb-manifest-ddc6018,Books & Magazines > Books > eBooks,"Books, Gullah Geechee, eBook, Digital",Digital,,,,,Yes,"PDF, EPUB",Active
How to Cook Gullah Pork Chops,How to Cook Gullah Pork Chops — A Gullah Geechee publication by Darryl E. Brown,3.99,1,ggb-manifest-1ee5041,Books & Magazines > Books > eBooks,"Books, Gullah Geechee, eBook, Digital",Digital,,,,,Yes,"PDF, EPUB",Active
KDP Draft — How to Master Business Storytelling,KDP Draft — How to Master Business Storytelling — A Gullah Geechee publication by Darryl E. Brown,3.99,1,ggb-manifest-c9e58e7,Books & Magazines > Books > eBooks,"Books, Gullah Geechee, eBook, Digital",Digital,,,,,Yes,"PDF, EPUB",Active
How to Cook Gullah Vegetables,How to Cook Gullah Vegetables — A Gullah Geechee publication by Darryl E. Brown,3.99,1,ggb-manifest-3c91400,Books & Magazines > Books > eBooks,"Books, Gullah Geechee, eBook, Digital",Digital,,,,,Yes,"PDF, EPUB",Active
How to Build a Remote Team,How to Build a Remote Team — A Gullah Geechee publication by Darryl E. Brown,3.99,1,ggb-manifest-2a9cc68,Books & Magazines > Books > eBooks,"Books, Gullah Geechee, eBook, Digital",Digital,,,,,Yes,"PDF, EPUB",Active
How to Let Go of Perfectionism,How to Let Go of Perfectionism — A Gullah Geechee publication by Darryl E. Brown,3.99,1,ggb-manifest-4dac2da,Books & Magazines > Books > eBooks,"Books, Gullah Geechee, eBook, Digital",Digital,,,,,Yes,"PDF, EPUB",Active
KDP Draft — How to Develop a Growth Mindset,KDP Draft — How to Develop a Growth Mindset — A Gullah Geechee publication by Darryl E. Brown,3.99,1,ggb-manifest-2b0cead,Books & Magazines > Books > eBooks,"Books, Gullah Geechee, eBook, Digital",Digital,,,,,Yes,"PDF, EPUB",Active
KDP Draft — How to Create a Content Strategy,KDP Draft — How to Create a Content Strategy — A Gullah Geechee publication by Darryl E. Brown,3.99,1,ggb-manifest-057c5fc,Books & Magazines > Books > eBooks,"Books, Gullah Geechee, eBook, Digital",Digital,,,,,Yes,"PDF, EPUB",Active
KDP Draft — How to Make Authentic Shrimp and Grits,KDP Draft — How to Make Authentic Shrimp and Grits — A Gullah Geechee publication by Darryl E. Brown,3.99,1,ggb-manifest-1956ff8,Books & Magazines > Books > eBooks,"Books, Gullah Geechee, eBook, Digital",Digital,,,,,Yes,"PDF, EPUB",Active
How to Create a Customer Journey Map,How to Create a Customer Journey Map — A Gullah Geechee publication by Darryl E. Brown,3.99,1,ggb-manifest-b17b477,Books & Magazines > Books > eBooks,"Books, Gullah Geechee, eBook, Digital",Digital,,,,,Yes,"PDF, EPUB",Active
How to Manage Your Time Effectively,How to Manage Your Time Effectively — A Gullah Geechee publication by Darryl E. Brown,3.99,1,ggb-manifest-795ef43,Books & Magazines > Books > eBooks,"Books, Gullah Geechee, eBook, Digital",Digital,,,,,Yes,"PDF, EPUB",Active
How to Prepare Gullah Side Dishes,How to Prepare Gullah Side Dishes — A Gullah Geechee publication by Darryl E. Brown,3.99,1,ggb-manifest-8df320c,Books & Magazines > Books > eBooks,"Books, Gullah Geechee, eBook, Digital",Digital,,,,,Yes,"PDF, EPUB",Active
How to Create a Business Exit Strategy,How to Create a Business Exit Strategy — A Gullah Geechee publication by Darryl E. Brown,3.99,1,ggb-manifest-ecac585,Books & Magazines > Books > eBooks,"Books, Gullah Geechee, eBook, Digital",Digital,,,,,Yes,"PDF, EPUB",Active
KDP Draft — The Gullah Geechee Guide to Discipline,KDP Draft — The Gullah Geechee Guide to Discipline — A Gullah Geechee publication by Darryl E. Brown,3.99,1,ggb-manifest-6bfea76,Books & Magazines > Books > eBooks,"Books, Gullah Geechee, eBook, Digital",Digital,,,,,Yes,"PDF, EPUB",Active
KDP Draft — How to Build a Website on a Budget,KDP Draft — How to Build a Website on a Budget — A Gullah Geechee publication by Darryl E. Brown,3.99,1,ggb-manifest-3159128,Books & Magazines > Books > eBooks,"Books, Gullah Geechee, eBook, Digital",Digital,,,,,Yes,"PDF, EPUB",Active
How to Scale Your Small Business,How to Scale Your Small Business — A Gullah Geechee publication by Darryl E. Brown,3.99,1,ggb-manifest-ce872a4,Books & Magazines > Books > eBooks,"Books, Gullah Geechee, eBook, Digital",Digital,,,,,Yes,"PDF, EPUB",Active
How to Master LinkedIn for Business,How to Master LinkedIn for Business — A Gullah Geechee publication by Darryl E. Brown,3.99,1,ggb-manifest-4a0403a,Books & Magazines > Books > eBooks,"Books, Gullah Geechee, eBook, Digital",Digital,,,,,Yes,"PDF, EPUB",Active
KDP Draft — How to Practice Mindful Living,KDP Draft — How to Practice Mindful Living — A Gullah Geechee publication by Darryl E. Brown,3.99,1,ggb-manifest-b269a52,Books & Magazines > Books > eBooks,"Books, Gullah Geechee, eBook, Digital",Digital,,,,,Yes,"PDF, EPUB",Active
How to Use AI in Your Business,How to Use AI in Your Business — A Gullah Geechee publication by Darryl E. Brown,3.99,1,ggb-manifest-1fb870d,Books & Magazines > Books > eBooks,"Books, Gullah Geechee, eBook, Digital",Digital,,,,,Yes,"PDF, EPUB",Active
KDP Draft — How to Build a Community Around Your Brand,KDP Draft — How to Build a Community Around Your Brand — A Gullah Geechee publication by Darryl E. Brown,3.99,1,ggb-manifest-35d60aa,Books & Magazines > Books > eBooks,"Books, Gullah Geechee, eBook, Digital",Digital,,,,,Yes,"PDF, EPUB",Active
How to Forgive Yourself and Move On,How to Forgive Yourself and Move On — A Gullah Geechee publication by Darryl E. Brown,3.99,1,ggb-manifest-21151ea,Books & Magazines > Books > eBooks,"Books, Gullah Geechee, eBook, Digital",Digital,,,,,Yes,"PDF, EPUB",Active
How to Break Bad Habits Forever,How to Break Bad Habits Forever — A Gullah Geechee publication by Darryl E. Brown,3.99,1,ggb-manifest-c2cdbfd,Books & Magazines > Books > eBooks,"Books, Gullah Geechee, eBook, Digital",Digital,,,,,Yes,"PDF, EPUB",Active
How to Build a Digital Product Empire,How to Build a Digital Product Empire — A Gullah Geechee publication by Darryl E. Brown,3.99,1,ggb-manifest-b27a800,Books & Magazines > Books > eBooks,"Books, Gullah Geechee, eBook, Digital",Digital,,,,,Yes,"PDF, EPUB",Active
How to Make Sweetgrass Lemonade,How to Make Sweetgrass Lemonade — A Gullah Geechee publication by Darryl E. Brown,3.99,1,ggb-manifest-5ade7aa,Books & Magazines > Books > eBooks,"Books, Gullah Geechee, eBook, Digital",Digital,,,,,Yes,"PDF, EPUB",Active
KDP Draft — How to Make Authentic Shrimp and Grits,KDP Draft — How to Make Authentic Shrimp and Grits — A Gullah Geechee publication by Darryl E. Brown,3.99,1,ggb-manifest-2b9b82c,Books & Magazines > Books > eBooks,"Books, Gullah Geechee, eBook, Digital",Digital,,,,,Yes,"PDF, EPUB",Active
How to Build Connection,How to Build Connection — A Gullah Geechee publication by Darryl E. Brown,3.99,1,ggb-manifest-0a48ee4,Books & Magazines > Books > eBooks,"Books, Gullah Geechee, eBook, Digital",Digital,,,,,Yes,"PDF, EPUB",Active
How to Fry the Perfect Fish,How to Fry the Perfect Fish — A Gullah Geechee publication by Darryl E. Brown,3.99,1,ggb-manifest-7b736b6,Books & Magazines > Books > eBooks,"Books, Gullah Geechee, eBook, Digital",Digital,,,,,Yes,"PDF, EPUB",Active
KDP Draft — How to Practice Radical Self-Care,KDP Draft — How to Practice Radical Self-Care — A Gullah Geechee publication by Darryl E. Brown,3.99,1,ggb-manifest-8bbbfb5,Books & Magazines > Books > eBooks,"Books, Gullah Geechee, eBook, Digital",Digital,,,,,Yes,"PDF, EPUB",Active
How to Create a Personal Mission Statement,How to Create a Personal Mission Statement — A Gullah Geechee publication by Darryl E. Brown,3.99,1,ggb-manifest-b690e0a,Books & Magazines > Books > eBooks,"Books, Gullah Geechee, eBook, Digital",Digital,,,,,Yes,"PDF, EPUB",Active
KDP Draft — How to Bake Gullah Desserts,KDP Draft — How to Bake Gullah Desserts — A Gullah Geechee publication by Darryl E. Brown,3.99,1,ggb-manifest-ff0d303,Books & Magazines > Books > eBooks,"Books, Gullah Geechee, eBook, Digital",Digital,,,,,Yes,"PDF, EPUB",Active
How to Build Strategic Partnerships,How to Build Strategic Partnerships — A Gullah Geechee publication by Darryl E. Brown,3.99,1,ggb-manifest-53320b4,Books & Magazines > Books > eBooks,"Books, Gullah Geechee, eBook, Digital",Digital,,,,,Yes,"PDF, EPUB",Active
KDP Draft — How to Make Holiday Gullah Feasts,KDP Draft — How to Make Holiday Gullah Feasts — A Gullah Geechee publication by Darryl E. Brown,3.99,1,ggb-manifest-062ab5f,Books & Magazines > Books > eBooks,"Books, Gullah Geechee, eBook, Digital",Digital,,,,,Yes,"PDF, EPUB",Active
KDP Draft — How to Cook Perfect Gullah Red Rice,KDP Draft — How to Cook Perfect Gullah Red Rice — A Gullah Geechee publication by Darryl E. Brown,3.99,1,ggb-manifest-d64c3b9,Books & Magazines > Books > eBooks,"Books, Gullah Geechee, eBook, Digital",Digital,,,,,Yes,"PDF, EPUB",Active
How to Make Mac and Cheese the Southern Way,How to Make Mac and Cheese the Southern Way — A Gullah Geechee publication by Darryl E. Brown,3.99,1,ggb-manifest-4102ad1,Books & Magazines > Books > eBooks,"Books, Gullah Geechee, eBook, Digital",Digital,,,,,Yes,"PDF, EPUB",Active
KDP Draft — How to Overcome Imposter Syndrome,KDP Draft — How to Overcome Imposter Syndrome — A Gullah Geechee publication by Darryl E. Brown,3.99,1,ggb-manifest-cf53179,Books & Magazines > Books > eBooks,"Books, Gullah Geechee, eBook, Digital",Digital,,,,,Yes,"PDF, EPUB",Active
How to Build a Freelance Career,How to Build a Freelance Career — A Gullah Geechee publication by Darryl E. Brown,3.99,1,ggb-manifest-5dc47f5,Books & Magazines > Books > eBooks,"Books, Gullah Geechee, eBook, Digital",Digital,,,,,Yes,"PDF, EPUB",Active
How to Start a Side Hustle,How to Start a Side Hustle — A Gullah Geechee publication by Darryl E. Brown,3.99,1,ggb-manifest-c493ba1,Books & Magazines > Books > eBooks,"Books, Gullah Geechee, eBook, Digital",Digital,,,,,Yes,"PDF, EPUB",Active
KDP Draft — How to Build a Digital Product Empire,KDP Draft — How to Build a Digital Product Empire — A Gullah Geechee publication by Darryl E. Brown,3.99,1,ggb-manifest-edbc790,Books & Magazines > Books > eBooks,"Books, Gullah Geechee, eBook, Digital",Digital,,,,,Yes,"PDF, EPUB",Active
How to Build Resilience,How to Build Resilience — A Gullah Geechee publication by Darryl E. Brown,3.99,1,ggb-manifest-d1fad4a,Books & Magazines > Books > eBooks,"Books, Gullah Geechee, eBook, Digital",Digital,,,,,Yes,"PDF, EPUB",Active
How to Embrace Your Authentic Self,How to Embrace Your Authentic Self — A Gullah Geechee publication by Darryl E. Brown,3.99,1,ggb-manifest-aca9e31,Books & Magazines > Books > eBooks,"Books, Gullah Geechee, eBook, Digital",Digital,,,,,Yes,"PDF, EPUB",Active
How to Live with Intention,How to Live with Intention — A Gullah Geechee publication by Darryl E. Brown,3.99,1,ggb-manifest-aa32804,Books & Magazines > Books > eBooks,"Books, Gullah Geechee, eBook, Digital",Digital,,,,,Yes,"PDF, EPUB",Active
How to Write Copy That Sells,How to Write Copy That Sells — A Gullah Geechee publication by Darryl E. Brown,3.99,1,ggb-manifest-9fa5f61,Books & Magazines > Books > eBooks,"Books, Gullah Geechee, eBook, Digital",Digital,,,,,Yes,"PDF, EPUB",Active
The Gullah Geechee Guide to Yearning,The Gullah Geechee Guide to Yearning — A Gullah Geechee publication by Darryl E. Brown,3.99,1,ggb-manifest-a1777ba,Books & Magazines > Books > eBooks,"Books, Gullah Geechee, eBook, Digital",Digital,,,,,Yes,"PDF, EPUB",Active
KDP Draft — How to Price Your Products or Services,KDP Draft — How to Price Your Products or Services — A Gullah Geechee publication by Darryl E. Brown,3.99,1,ggb-manifest-167e622,Books & Magazines > Books > eBooks,"Books, Gullah Geechee, eBook, Digital",Digital,,,,,Yes,"PDF, EPUB",Active
How to Make One-Pot Gullah Meals,How to Make One-Pot Gullah Meals — A Gullah Geechee publication by Darryl E. Brown,3.99,1,ggb-manifest-5c2dd08,Books & Magazines > Books > eBooks,"Books, Gullah Geechee, eBook, Digital",Digital,,,,,Yes,"PDF, EPUB",Active
KDP Draft — The Gullah Geechee Guide to Yearning,KDP Draft — The Gullah Geechee Guide to Yearning — A Gullah Geechee publication by Darryl E. Brown,3.99,1,ggb-manifest-33f9440,Books & Magazines > Books > eBooks,"Books, Gullah Geechee, eBook, Digital",Digital,,,,,Yes,"PDF, EPUB",Active
Gullah Geechee Job Creation,Gullah Geechee Job Creation — A Gullah Geechee publication by Darryl E. Brown,3.99,1,ggb-manifest-ea9b318,Books & Magazines > Books > eBooks,"Books, Gullah Geechee, eBook, Digital",Digital,,,,,Yes,"PDF, EPUB",Active
How to Make Gullah Sauces and Seasonings,How to Make Gullah Sauces and Seasonings — A Gullah Geechee publication by Darryl E. Brown,3.99,1,ggb-manifest-ddaa182,Books & Magazines > Books > eBooks,"Books, Gullah Geechee, eBook, Digital",Digital,,,,,Yes,"PDF, EPUB",Active
KDP Draft — How to Make Gullah Soups and Stews,KDP Draft — How to Make Gullah Soups and Stews — A Gullah Geechee publication by Darryl E. Brown,3.99,1,ggb-manifest-ba59f70,Books & Magazines > Books > eBooks,"Books, Gullah Geechee, eBook, Digital",Digital,,,,,Yes,"PDF, EPUB",Active
KDP Draft — How to Make One-Pot Gullah Meals,KDP Draft — How to Make One-Pot Gullah Meals — A Gullah Geechee publication by Darryl E. Brown,3.99,1,ggb-manifest-fe67524,Books & Magazines > Books > eBooks,"Books, Gullah Geechee, eBook, Digital",Digital,,,,,Yes,"PDF, EPUB",Active
KDP Draft — How to Set Boundaries That Stick,KDP Draft — How to Set Boundaries That Stick — A Gullah Geechee publication by Darryl E. Brown,3.99,1,ggb-manifest-e2c4f52,Books & Magazines > Books > eBooks,"Books, Gullah Geechee, eBook, Digital",Digital,,,,,Yes,"PDF, EPUB",Active
How to Network Like a Pro,How to Network Like a Pro — A Gullah Geechee publication by Darryl E. Brown,3.99,1,ggb-manifest-ca2bce8,Books & Magazines > Books > eBooks,"Books, Gullah Geechee, eBook, Digital",Digital,,,,,Yes,"PDF, EPUB",Active
How to Write a Winning Grant Proposal,How to Write a Winning Grant Proposal — A Gullah Geechee publication by Darryl E. Brown,3.99,1,ggb-manifest-593c29f,Books & Magazines > Books > eBooks,"Books, Gullah Geechee, eBook, Digital",Digital,,,,,Yes,"PDF, EPUB",Active
KDP Draft — How to Bake Sweet Potato Pie,KDP Draft — How to Bake Sweet Potato Pie — A Gullah Geechee publication by Darryl E. Brown,3.99,1,ggb-manifest-63b5165,Books & Magazines > Books > eBooks,"Books, Gullah Geechee, eBook, Digital",Digital,,,,,Yes,"PDF, EPUB",Active
KDP Draft — How to Make Gullah Tea Cakes,KDP Draft — How to Make Gullah Tea Cakes — A Gullah Geechee publication by Darryl E. Brown,3.99,1,ggb-manifest-06db9d7,Books & Magazines > Books > eBooks,"Books, Gullah Geechee, eBook, Digital",Digital,,,,,Yes,"PDF, EPUB",Active
How to Live with Intention,How to Live with Intention — A Gullah Geechee publication by Darryl E. Brown,3.99,1,ggb-manifest-999f53b,Books & Magazines > Books > eBooks,"Books, Gullah Geechee, eBook, Digital",Digital,,,,,Yes,"PDF, EPUB",Active
KDP Draft — How to Master Public Speaking,KDP Draft — How to Master Public Speaking — A Gullah Geechee publication by Darryl E. Brown,3.99,1,ggb-manifest-76ec3f6,Books & Magazines > Books > eBooks,"Books, Gullah Geechee, eBook, Digital",Digital,,,,,Yes,"PDF, EPUB",Active
How to Scale Your Small Business,How to Scale Your Small Business — A Gullah Geechee publication by Darryl E. Brown,3.99,1,ggb-manifest-ca6e375,Books & Magazines > Books > eBooks,"Books, Gullah Geechee, eBook, Digital",Digital,,,,,Yes,"PDF, EPUB",Active
How to Make Gullah Breakfast,How to Make Gullah Breakfast — A Gullah Geechee publication by Darryl E. Brown,3.99,1,ggb-manifest-3e1d1ca,Books & Magazines > Books > eBooks,"Books, Gullah Geechee, eBook, Digital",Digital,,,,,Yes,"PDF, EPUB",Active
KDP Draft — How to Make Boiled Peanuts,KDP Draft — How to Make Boiled Peanuts — A Gullah Geechee publication by Darryl E. Brown,3.99,1,ggb-manifest-8781eec,Books & Magazines > Books > eBooks,"Books, Gullah Geechee, eBook, Digital",Digital,,,,,Yes,"PDF, EPUB",Active
KDP Draft — How to Cook Gullah Pork Chops,KDP Draft — How to Cook Gullah Pork Chops — A Gullah Geechee publication by Darryl E. Brown,3.99,1,ggb-manifest-eaa5e58,Books & Magazines > Books > eBooks,"Books, Gullah Geechee, eBook, Digital",Digital,,,,,Yes,"PDF, EPUB",Active
KDP Draft — How to Cultivate Daily Gratitude,KDP Draft — How to Cultivate Daily Gratitude — A Gullah Geechee publication by Darryl E. Brown,3.99,1,ggb-manifest-cb0d082,Books & Magazines > Books > eBooks,"Books, Gullah Geechee, eBook, Digital",Digital,,,,,Yes,"PDF, EPUB",Active
KDP Draft — How to Forgive Yourself and Move On,KDP Draft — How to Forgive Yourself and Move On — A Gullah Geechee publication by Darryl E. Brown,3.99,1,ggb-manifest-3199f3b,Books & Magazines > Books > eBooks,"Books, Gullah Geechee, eBook, Digital",Digital,,,,,Yes,"PDF, EPUB",Active
How to Master Business Storytelling,How to Master Business Storytelling — A Gullah Geechee publication by Darryl E. Brown,3.99,1,ggb-manifest-1144be8,Books & Magazines > Books > eBooks,"Books, Gullah Geechee, eBook, Digital",Digital,,,,,Yes,"PDF, EPUB",Active
How to Forgive Yourself and Move On,How to Forgive Yourself and Move On — A Gullah Geechee publication by Darryl E. Brown,3.99,1,ggb-manifest-196e287,Books & Magazines > Books > eBooks,"Books, Gullah Geechee, eBook, Digital",Digital,,,,,Yes,"PDF, EPUB",Active
KDP Draft — How to Let Go of Perfectionism,KDP Draft — How to Let Go of Perfectionism — A Gullah Geechee publication by Darryl E. Brown,3.99,1,ggb-manifest-5364447,Books & Magazines > Books > eBooks,"Books, Gullah Geechee, eBook, Digital",Digital,,,,,Yes,"PDF, EPUB",Active
How to Make Benne Wafers,How to Make Benne Wafers — A Gullah Geechee publication by Darryl E. Brown,3.99,1,ggb-manifest-60edbaf,Books & Magazines > Books > eBooks,"Books, Gullah Geechee, eBook, Digital",Digital,,,,,Yes,"PDF, EPUB",Active
KDP Draft — Gullah Geechee One-Pot Meals,KDP Draft — Gullah Geechee One-Pot Meals — A Gullah Geechee publication by Darryl E. Brown,3.99,1,ggb-manifest-7b50389,Books & Magazines > Books > eBooks,"Books, Gullah Geechee, eBook, Digital",Digital,,,,,Yes,"PDF, EPUB",Active
How to Build a Freelance Career,How to Build a Freelance Career — A Gullah Geechee publication by Darryl E. Brown,3.99,1,ggb-manifest-c7353f7,Books & Magazines > Books > eBooks,"Books, Gullah Geechee, eBook, Digital",Digital,,,,,Yes,"PDF, EPUB",Active
How to Build Vision,How to Build Vision — A Gullah Geechee publication by Darryl E. Brown,3.99,1,ggb-manifest-787e16d,Books & Magazines > Books > eBooks,"Books, Gullah Geechee, eBook, Digital",Digital,,,,,Yes,"PDF, EPUB",Active
KDP Draft — How to Preserve Summer Vegetables,KDP Draft — How to Preserve Summer Vegetables — A Gullah Geechee publication by Darryl E. Brown,3.99,1,ggb-manifest-cc85e57,Books & Magazines > Books > eBooks,"Books, Gullah Geechee, eBook, Digital",Digital,,,,,Yes,"PDF, EPUB",Active
How to Build Resilience in Tough Times,How to Build Resilience in Tough Times — A Gullah Geechee publication by Darryl E. Brown,3.99,1,ggb-manifest-f7a051d,Books & Magazines > Books > eBooks,"Books, Gullah Geechee, eBook, Digital",Digital,,,,,Yes,"PDF, EPUB",Active
KDP Draft — How to Cook Gullah Cabbage,KDP Draft — How to Cook Gullah Cabbage — A Gullah Geechee publication by Darryl E. Brown,3.99,1,ggb-manifest-98821c4,Books & Magazines > Books > eBooks,"Books, Gullah Geechee, eBook, Digital",Digital,,,,,Yes,"PDF, EPUB",Active
How to Master Public Speaking,How to Master Public Speaking — A Gullah Geechee publication by Darryl E. Brown,3.99,1,ggb-manifest-c1d6314,Books & Magazines > Books > eBooks,"Books, Gullah Geechee, eBook, Digital",Digital,,,,,Yes,"PDF, EPUB",Active
Gullah Geechee Business Planning,Gullah Geechee Business Planning — A Gullah Geechee publication by Darryl E. Brown,3.99,1,ggb-manifest-7a9b183,Books & Magazines > Books > eBooks,"Books, Gullah Geechee, eBook, Digital",Digital,,,,,Yes,"PDF, EPUB",Active
How to Cultivate Patience,How to Cultivate Patience — A Gullah Geechee publication by Darryl E. Brown,3.99,1,ggb-manifest-1d134a2,Books & Magazines > Books > eBooks,"Books, Gullah Geechee, eBook, Digital",Digital,,,,,Yes,"PDF, EPUB",Active
KDP Draft — How to Master Email Marketing,KDP Draft — How to Master Email Marketing — A Gullah Geechee publication by Darryl E. Brown,3.99,1,ggb-manifest-921a82f,Books & Magazines > Books > eBooks,"Books, Gullah Geechee, eBook, Digital",Digital,,,,,Yes,"PDF, EPUB",Active
How to Develop Daily Discipline,How to Develop Daily Discipline — A Gullah Geechee publication by Darryl E. Brown,3.99,1,ggb-manifest-0d2c94c,Books & Magazines > Books > eBooks,"Books, Gullah Geechee, eBook, Digital",Digital,,,,,Yes,"PDF, EPUB",Active
KDP Draft — How to Overcome Fear of Failure,KDP Draft — How to Overcome Fear of Failure — A Gullah Geechee publication by Darryl E. Brown,3.99,1,ggb-manifest-99aa0fb,Books & Magazines > Books > eBooks,"Books, Gullah Geechee, eBook, Digital",Digital,,,,,Yes,"PDF, EPUB",Active
How to Build Mental Toughness,How to Build Mental Toughness — A Gullah Geechee publication by Darryl E. Brown,3.99,1,ggb-manifest-4cbbde9,Books & Magazines > Books > eBooks,"Books, Gullah Geechee, eBook, Digital",Digital,,,,,Yes,"PDF, EPUB",Active
KDP Draft — How to Make Sweetgrass Lemonade,KDP Draft — How to Make Sweetgrass Lemonade — A Gullah Geechee publication by Darryl E. Brown,3.99,1,ggb-manifest-4c1b10a,Books & Magazines > Books > eBooks,"Books, Gullah Geechee, eBook, Digital",Digital,,,,,Yes,"PDF, EPUB",Active
KDP Draft — How to Make One-Pot Gullah Meals,KDP Draft — How to Make One-Pot Gullah Meals — A Gullah Geechee publication by Darryl E. Brown,3.99,1,ggb-manifest-ba63dbc,Books & Magazines > Books > eBooks,"Books, Gullah Geechee, eBook, Digital",Digital,,,,,Yes,"PDF, EPUB",Active
How to Preserve Summer Vegetables,How to Preserve Summer Vegetables — A Gullah Geechee publication by Darryl E. Brown,3.99,1,ggb-manifest-392fb3d,Books & Magazines > Books > eBooks,"Books, Gullah Geechee, eBook, Digital",Digital,,,,,Yes,"PDF, EPUB",Active
How to Manage Anxiety Naturally,How to Manage Anxiety Naturally — A Gullah Geechee publication by Darryl E. Brown,3.99,1,ggb-manifest-c8ea709,Books & Magazines > Books > eBooks,"Books, Gullah Geechee, eBook, Digital",Digital,,,,,Yes,"PDF, EPUB",Active
How to Create a Business Plan,How to Create a Business Plan — A Gullah Geechee publication by Darryl E. Brown,3.99,1,ggb-manifest-66db9a1,Books & Magazines > Books > eBooks,"Books, Gullah Geechee, eBook, Digital",Digital,,,,,Yes,"PDF, EPUB",Active
KDP Draft — How to Practice Mindful Living,KDP Draft — How to Practice Mindful Living — A Gullah Geechee publication by Darryl E. Brown,3.99,1,ggb-manifest-87ca0c4,Books & Magazines > Books > eBooks,"Books, Gullah Geechee, eBook, Digital",Digital,,,,,Yes,"PDF, EPUB",Active
KDP Draft — How to Fry the Perfect Fish,KDP Draft — How to Fry the Perfect Fish — A Gullah Geechee publication by Darryl E. Brown,3.99,1,ggb-manifest-073749e,Books & Magazines > Books > eBooks,"Books, Gullah Geechee, eBook, Digital",Digital,,,,,Yes,"PDF, EPUB",Active
Gullah Geechee Financial Literacy,Gullah Geechee Financial Literacy — A Gullah Geechee publication by Darryl E. Brown,3.99,1,ggb-manifest-a3464fb,Books & Magazines > Books > eBooks,"Books, Gullah Geechee, eBook, Digital",Digital,,,,,Yes,"PDF, EPUB",Active
How to Make Holiday Gullah Feasts,How to Make Holiday Gullah Feasts — A Gullah Geechee publication by Darryl E. Brown,3.99,1,ggb-manifest-08e430d,Books & Magazines > Books > eBooks,"Books, Gullah Geechee, eBook, Digital",Digital,,,,,Yes,"PDF, EPUB",Active
How to Start a Side Hustle,How to Start a Side Hustle — A Gullah Geechee publication by Darryl E. Brown,3.99,1,ggb-manifest-10accbe,Books & Magazines > Books > eBooks,"Books, Gullah Geechee, eBook, Digital",Digital,,,,,Yes,"PDF, EPUB",Active
How to Prepare Okra and Tomatoes,How to Prepare Okra and Tomatoes — A Gullah Geechee publication by Darryl E. Brown,3.99,1,ggb-manifest-bec4d2a,Books & Magazines > Books > eBooks,"Books, Gullah Geechee, eBook, Digital",Digital,,,,,Yes,"PDF, EPUB",Active
How to Develop Daily Discipline,How to Develop Daily Discipline — A Gullah Geechee publication by Darryl E. Brown,3.99,1,ggb-manifest-dab0350,Books & Magazines > Books > eBooks,"Books, Gullah Geechee, eBook, Digital",Digital,,,,,Yes,"PDF, EPUB",Active
How to Make Rice Pudding,How to Make Rice Pudding — A Gullah Geechee publication by Darryl E. Brown,3.99,1,ggb-manifest-1a2b57f,Books & Magazines > Books > eBooks,"Books, Gullah Geechee, eBook, Digital",Digital,,,,,Yes,"PDF, EPUB",Active
How to Build a Community Around Your Brand,How to Build a Community Around Your Brand — A Gullah Geechee publication by Darryl E. Brown,3.99,1,ggb-manifest-c5dd72b,Books & Magazines > Books > eBooks,"Books, Gullah Geechee, eBook, Digital",Digital,,,,,Yes,"PDF, EPUB",Active
How to Live with Intention,How to Live with Intention — A Gullah Geechee publication by Darryl E. Brown,3.99,1,ggb-manifest-3c30b1b,Books & Magazines > Books > eBooks,"Books, Gullah Geechee, eBook, Digital",Digital,,,,,Yes,"PDF, EPUB",Active
KDP Draft — How to Stop People-Pleasing,KDP Draft — How to Stop People-Pleasing — A Gullah Geechee publication by Darryl E. Brown,3.99,1,ggb-manifest-ec03293,Books & Magazines > Books > eBooks,"Books, Gullah Geechee, eBook, Digital",Digital,,,,,Yes,"PDF, EPUB",Active
How to Cook Lowcountry Boil,How to Cook Lowcountry Boil — A Gullah Geechee publication by Darryl E. Brown,3.99,1,ggb-manifest-b5879ee,Books & Magazines > Books > eBooks,"Books, Gullah Geechee, eBook, Digital",Digital,,,,,Yes,"PDF, EPUB",Active
How to Master Social Media Marketing,How to Master Social Media Marketing — A Gullah Geechee publication by Darryl E. Brown,3.99,1,ggb-manifest-bfdbcbb,Books & Magazines > Books > eBooks,"Books, Gullah Geechee, eBook, Digital",Digital,,,,,Yes,"PDF, EPUB",Active
How to Stay Motivated Every Day,How to Stay Motivated Every Day — A Gullah Geechee publication by Darryl E. Brown,3.99,1,ggb-manifest-f16b952,Books & Magazines > Books > eBooks,"Books, Gullah Geechee, eBook, Digital",Digital,,,,,Yes,"PDF, EPUB",Active
How to Use AI in Your Business,How to Use AI in Your Business — A Gullah Geechee publication by Darryl E. Brown,3.99,1,ggb-manifest-54110f9,Books & Magazines > Books > eBooks,"Books, Gullah Geechee, eBook, Digital",Digital,,,,,Yes,"PDF, EPUB",Active
How to Master Business Storytelling,How to Master Business Storytelling — A Gullah Geechee publication by Darryl E. Brown,3.99,1,ggb-manifest-d436c51,Books & Magazines > Books > eBooks,"Books, Gullah Geechee, eBook, Digital",Digital,,,,,Yes,"PDF, EPUB",Active
KDP Draft — How to Build Unshakeable Confidence,KDP Draft — How to Build Unshakeable Confidence — A Gullah Geechee publication by Darryl E. Brown,3.99,1,ggb-manifest-329a14f,Books & Magazines > Books > eBooks,"Books, Gullah Geechee, eBook, Digital",Digital,,,,,Yes,"PDF, EPUB",Active
How to Master Your Morning Routine,How to Master Your Morning Routine — A Gullah Geechee publication by Darryl E. Brown,3.99,1,ggb-manifest-bfa98e6,Books & Magazines > Books > eBooks,"Books, Gullah Geechee, eBook, Digital",Digital,,,,,Yes,"PDF, EPUB",Active
KDP Draft — How to Create a Business Exit Strategy,KDP Draft — How to Create a Business Exit Strategy — A Gullah Geechee publication by Darryl E. Brown,3.99,1,ggb-manifest-5a21e6b,Books & Magazines > Books > eBooks,"Books, Gullah Geechee, eBook, Digital",Digital,,,,,Yes,"PDF, EPUB",Active
KDP Draft — How to Handle Criticism Gracefully,KDP Draft — How to Handle Criticism Gracefully — A Gullah Geechee publication by Darryl E. Brown,3.99,1,ggb-manifest-b4bf8c2,Books & Magazines > Books > eBooks,"Books, Gullah Geechee, eBook, Digital",Digital,,,,,Yes,"PDF, EPUB",Active
How to Find Inner Peace,How to Find Inner Peace — A Gullah Geechee publication by Darryl E. Brown,3.99,1,ggb-manifest-2d1971b,Books & Magazines > Books > eBooks,"Books, Gullah Geechee, eBook, Digital",Digital,,,,,Yes,"PDF, EPUB",Active
KDP Draft — How to Master Social Media Marketing,KDP Draft — How to Master Social Media Marketing — A Gullah Geechee publication by Darryl E. Brown,3.99,1,ggb-manifest-58ad42d,Books & Magazines > Books > eBooks,"Books, Gullah Geechee, eBook, Digital",Digital,,,,,Yes,"PDF, EPUB",Active
Gullah Geechee Community Commerce,Gullah Geechee Community Commerce — A Gullah Geechee publication by Darryl E. Brown,3.99,1,ggb-manifest-72cb41f,Books & Magazines > Books > eBooks,"Books, Gullah Geechee, eBook, Digital",Digital,,,,,Yes,"PDF, EPUB",Active
How to Build Healthy Relationships,How to Build Healthy Relationships — A Gullah Geechee publication by Darryl E. Brown,3.99,1,ggb-manifest-d9b981f,Books & Magazines > Books > eBooks,"Books, Gullah Geechee, eBook, Digital",Digital,,,,,Yes,"PDF, EPUB",Active
How to Bake Buttermilk Cornbread,How to Bake Buttermilk Cornbread — A Gullah Geechee publication by Darryl E. Brown,3.99,1,ggb-manifest-74a830c,Books & Magazines > Books > eBooks,"Books, Gullah Geechee, eBook, Digital",Digital,,,,,Yes,"PDF, EPUB",Active
How to Use AI in Your Business,How to Use AI in Your Business — A Gullah Geechee publication by Darryl E. Brown,3.99,1,ggb-manifest-9de70b0,Books & Magazines > Books > eBooks,"Books, Gullah Geechee, eBook, Digital",Digital,,,,,Yes,"PDF, EPUB",Active
Gullah Geechee Comfort Food,Gullah Geechee Comfort Food — A Gullah Geechee publication by Darryl E. Brown,3.99,1,ggb-manifest-8a5ab55,Books & Magazines > Books > eBooks,"Books, Gullah Geechee, eBook, Digital",Digital,,,,,Yes,"PDF, EPUB",Active
How to Build a Digital Product Empire,How to Build a Digital Product Empire — A Gullah Geechee publication by Darryl E. Brown,3.99,1,ggb-manifest-2c57a1d,Books & Magazines > Books > eBooks,"Books, Gullah Geechee, eBook, Digital",Digital,,,,,Yes,"PDF, EPUB",Active
KDP Draft — How to Prepare Gullah Chicken Soup,KDP Draft — How to Prepare Gullah Chicken Soup — A Gullah Geechee publication by Darryl E. Brown,3.99,1,ggb-manifest-9528ac4,Books & Magazines > Books > eBooks,"Books, Gullah Geechee, eBook, Digital",Digital,,,,,Yes,"PDF, EPUB",Active
Gullah Geechee Job Creation,Gullah Geechee Job Creation — A Gullah Geechee publication by Darryl E. Brown,3.99,1,ggb-manifest-7a590d6,Books & Magazines > Books > eBooks,"Books, Gullah Geechee, eBook, Digital",Digital,,,,,Yes,"PDF, EPUB",Active
How to Develop Emotional Intelligence,How to Develop Emotional Intelligence — A Gullah Geechee publication by Darryl E. Brown,3.99,1,ggb-manifest-8e6244f,Books & Magazines > Books > eBooks,"Books, Gullah Geechee, eBook, Digital",Digital,,,,,Yes,"PDF, EPUB",Active
KDP Draft — How to Develop Daily Discipline,KDP Draft — How to Develop Daily Discipline — A Gullah Geechee publication by Darryl E. Brown,3.99,1,ggb-manifest-f3cbe75,Books & Magazines > Books > eBooks,"Books, Gullah Geechee, eBook, Digital",Digital,,,,,Yes,"PDF, EPUB",Active
How to Create a Personal Mission Statement,How to Create a Personal Mission Statement — A Gullah Geechee publication by Darryl E. Brown,3.99,1,ggb-manifest-4e19dd9,Books & Magazines > Books > eBooks,"Books, Gullah Geechee, eBook, Digital",Digital,,,,,Yes,"PDF, EPUB",Active
How to Bake Buttermilk Cornbread,How to Bake Buttermilk Cornbread — A Gullah Geechee publication by Darryl E. Brown,3.99,1,ggb-manifest-3a491e0,Books & Magazines > Books > eBooks,"Books, Gullah Geechee, eBook, Digital",Digital,,,,,Yes,"PDF, EPUB",Active
How to Cook Perfect Gullah Red Rice,How to Cook Perfect Gullah Red Rice — A Gullah Geechee publication by Darryl E. Brown,3.99,1,ggb-manifest-8bb7603,Books & Magazines > Books > eBooks,"Books, Gullah Geechee, eBook, Digital",Digital,,,,,Yes,"PDF, EPUB",Active
KDP Draft — How to Create a Sales Funnel,KDP Draft — How to Create a Sales Funnel — A Gullah Geechee publication by Darryl E. Brown,3.99,1,ggb-manifest-94ef33d,Books & Magazines > Books > eBooks,"Books, Gullah Geechee, eBook, Digital",Digital,,,,,Yes,"PDF, EPUB",Active
KDP Draft — How to Network Like a Pro,KDP Draft — How to Network Like a Pro — A Gullah Geechee publication by Darryl E. Brown,3.99,1,ggb-manifest-eb92bd6,Books & Magazines > Books > eBooks,"Books, Gullah Geechee, eBook, Digital",Digital,,,,,Yes,"PDF, EPUB",Active
How to Prepare Okra and Tomatoes,How to Prepare Okra and Tomatoes — A Gullah Geechee publication by Darryl E. Brown,3.99,1,ggb-manifest-168e676,Books & Magazines > Books > eBooks,"Books, Gullah Geechee, eBook, Digital",Digital,,,,,Yes,"PDF, EPUB",Active
KDP Draft — How to Create a Referral Program,KDP Draft — How to Create a Referral Program — A Gullah Geechee publication by Darryl E. Brown,3.99,1,ggb-manifest-5063b5e,Books & Magazines > Books > eBooks,"Books, Gullah Geechee, eBook, Digital",Digital,,,,,Yes,"PDF, EPUB",Active
KDP Draft — How to Make Rice Pudding,KDP Draft — How to Make Rice Pudding — A Gullah Geechee publication by Darryl E. Brown,3.99,1,ggb-manifest-e99bbdd,Books & Magazines > Books > eBooks,"Books, Gullah Geechee, eBook, Digital",Digital,,,,,Yes,"PDF, EPUB",Active
How to Build a Community Around Your Brand,How to Build a Community Around Your Brand — A Gullah Geechee publication by Darryl E. Brown,3.99,1,ggb-manifest-635dad5,Books & Magazines > Books > eBooks,"Books, Gullah Geechee, eBook, Digital",Digital,,,,,Yes,"PDF, EPUB",Active
How to Make Rice Pudding,How to Make Rice Pudding — A Gullah Geechee publication by Darryl E. Brown,3.99,1,ggb-manifest-7de24b2,Books & Magazines > Books > eBooks,"Books, Gullah Geechee, eBook, Digital",Digital,,,,,Yes,"PDF, EPUB",Active
KDP Draft — How to Cook Benne Chicken,KDP Draft — How to Cook Benne Chicken — A Gullah Geechee publication by Darryl E. Brown,3.99,1,ggb-manifest-e99a333,Books & Magazines > Books > eBooks,"Books, Gullah Geechee, eBook, Digital",Digital,,,,,Yes,"PDF, EPUB",Active
KDP Draft — How to Create a Customer Journey Map,KDP Draft — How to Create a Customer Journey Map — A Gullah Geechee publication by Darryl E. Brown,3.99,1,ggb-manifest-cde70da,Books & Magazines > Books > eBooks,"Books, Gullah Geechee, eBook, Digital",Digital,,,,,Yes,"PDF, EPUB",Active
How to Make Gullah Tea Cakes,How to Make Gullah Tea Cakes — A Gullah Geechee publication by Darryl E. Brown,3.99,1,ggb-manifest-a88abc5,Books & Magazines > Books > eBooks,"Books, Gullah Geechee, eBook, Digital",Digital,,,,,Yes,"PDF, EPUB",Active
How to Practice Self-Compassion,How to Practice Self-Compassion — A Gullah Geechee publication by Darryl E. Brown,3.99,1,ggb-manifest-f77255f,Books & Magazines > Books > eBooks,"Books, Gullah Geechee, eBook, Digital",Digital,,,,,Yes,"PDF, EPUB",Active
How to Overcome Fear of Failure,How to Overcome Fear of Failure — A Gullah Geechee publication by Darryl E. Brown,3.99,1,ggb-manifest-292732e,Books & Magazines > Books > eBooks,"Books, Gullah Geechee, eBook, Digital",Digital,,,,,Yes,"PDF, EPUB",Active
How to Make Pickled Shrimp,How to Make Pickled Shrimp — A Gullah Geechee publication by Darryl E. Brown,3.99,1,ggb-manifest-ddfb94e,Books & Magazines > Books > eBooks,"Books, Gullah Geechee, eBook, Digital",Digital,,,,,Yes,"PDF, EPUB",Active
How to Cook Gullah Vegetables,How to Cook Gullah Vegetables — A Gullah Geechee publication by Darryl E. Brown,3.99,1,ggb-manifest-321aa73,Books & Magazines > Books > eBooks,"Books, Gullah Geechee, eBook, Digital",Digital,,,,,Yes,"PDF, EPUB",Active
KDP Draft — Gullah Geechee Camp Cooking,KDP Draft — Gullah Geechee Camp Cooking — A Gullah Geechee publication by Darryl E. Brown,3.99,1,ggb-manifest-c1a2295,Books & Magazines > Books > eBooks,"Books, Gullah Geechee, eBook, Digital",Digital,,,,,Yes,"PDF, EPUB",Active
How to Make Holiday Gullah Feasts,How to Make Holiday Gullah Feasts — A Gullah Geechee publication by Darryl E. Brown,3.99,1,ggb-manifest-622da65,Books & Magazines > Books > eBooks,"Books, Gullah Geechee, eBook, Digital",Digital,,,,,Yes,"PDF, EPUB",Active
KDP Draft — How to Make Sweetgrass Lemonade,KDP Draft — How to Make Sweetgrass Lemonade — A Gullah Geechee publication by Darryl E. Brown,3.99,1,ggb-manifest-78aab67,Books & Magazines > Books > eBooks,"Books, Gullah Geechee, eBook, Digital",Digital,,,,,Yes,"PDF, EPUB",Active
KDP Draft — How to Handle Criticism Gracefully,KDP Draft — How to Handle Criticism Gracefully — A Gullah Geechee publication by Darryl E. Brown,3.99,1,ggb-manifest-0efd6ab,Books & Magazines > Books > eBooks,"Books, Gullah Geechee, eBook, Digital",Digital,,,,,Yes,"PDF, EPUB",Active
KDP Draft — How to Master Your Morning Routine,KDP Draft — How to Master Your Morning Routine — A Gullah Geechee publication by Darryl E. Brown,3.99,1,ggb-manifest-b6cb111,Books & Magazines > Books > eBooks,"Books, Gullah Geechee, eBook, Digital",Digital,,,,,Yes,"PDF, EPUB",Active
How to Make Pickled Shrimp,How to Make Pickled Shrimp — A Gullah Geechee publication by Darryl E. Brown,3.99,1,ggb-manifest-4a3905e,Books & Magazines > Books > eBooks,"Books, Gullah Geechee, eBook, Digital",Digital,,,,,Yes,"PDF, EPUB",Active
How to Build Imagination,How to Build Imagination — A Gullah Geechee publication by Darryl E. Brown,3.99,1,ggb-manifest-ed939b4,Books & Magazines > Books > eBooks,"Books, Gullah Geechee, eBook, Digital",Digital,,,,,Yes,"PDF, EPUB",Active
KDP Draft — Gullah Geechee Community Commerce,KDP Draft — Gullah Geechee Community Commerce — A Gullah Geechee publication by Darryl E. Brown,3.99,1,ggb-manifest-8f472a7,Books & Magazines > Books > eBooks,"Books, Gullah Geechee, eBook, Digital",Digital,,,,,Yes,"PDF, EPUB",Active
Encyclopedia Volume 03,Encyclopedia Volume 03 — A Gullah Geechee publication by Darryl E. Brown,3.99,1,ggb-manifest-37e40ad,Books & Magazines > Books > eBooks,"Books, Gullah Geechee, eBook, Digital",Digital,,,,,Yes,"PDF, EPUB",Active
How to Cook Gullah Seafood,How to Cook Gullah Seafood — A Gullah Geechee publication by Darryl E. Brown,3.99,1,ggb-manifest-6d060e4,Books & Magazines > Books > eBooks,"Books, Gullah Geechee, eBook, Digital",Digital,,,,,Yes,"PDF, EPUB",Active
KDP Draft — How to Master Public Speaking,KDP Draft — How to Master Public Speaking — A Gullah Geechee publication by Darryl E. Brown,3.99,1,ggb-manifest-65214a6,Books & Magazines > Books > eBooks,"Books, Gullah Geechee, eBook, Digital",Digital,,,,,Yes,"PDF, EPUB",Active
KDP Draft — How to Launch an Online Course,KDP Draft — How to Launch an Online Course — A Gullah Geechee publication by Darryl E. Brown,3.99,1,ggb-manifest-c562130,Books & Magazines > Books > eBooks,"Books, Gullah Geechee, eBook, Digital",Digital,,,,,Yes,"PDF, EPUB",Active
How to Master Business Storytelling,How to Master Business Storytelling — A Gullah Geechee publication by Darryl E. Brown,3.99,1,ggb-manifest-320689b,Books & Magazines > Books > eBooks,"Books, Gullah Geechee, eBook, Digital",Digital,,,,,Yes,"PDF, EPUB",Active
How to Make Sweetgrass Lemonade,How to Make Sweetgrass Lemonade — A Gullah Geechee publication by Darryl E. Brown,3.99,1,ggb-manifest-cc7ce0c,Books & Magazines > Books > eBooks,"Books, Gullah Geechee, eBook, Digital",Digital,,,,,Yes,"PDF, EPUB",Active
How to Prepare Gullah Chicken Soup,How to Prepare Gullah Chicken Soup — A Gullah Geechee publication by Darryl E. Brown,3.99,1,ggb-manifest-ee51415,Books & Magazines > Books > eBooks,"Books, Gullah Geechee, eBook, Digital",Digital,,,,,Yes,"PDF, EPUB",Active
KDP Draft — How to Create a Product Launch Plan,KDP Draft — How to Create a Product Launch Plan — A Gullah Geechee publication by Darryl E. Brown,3.99,1,ggb-manifest-c651752,Books & Magazines > Books > eBooks,"Books, Gullah Geechee, eBook, Digital",Digital,,,,,Yes,"PDF, EPUB",Active
How to Cultivate Patience,How to Cultivate Patience — A Gullah Geechee publication by Darryl E. Brown,3.99,1,ggb-manifest-f12c2a7,Books & Magazines > Books > eBooks,"Books, Gullah Geechee, eBook, Digital",Digital,,,,,Yes,"PDF, EPUB",Active
KDP Draft — How to Master Social Media Marketing,KDP Draft — How to Master Social Media Marketing — A Gullah Geechee publication by Darryl E. Brown,3.99,1,ggb-manifest-3c0b994,Books & Magazines > Books > eBooks,"Books, Gullah Geechee, eBook, Digital",Digital,,,,,Yes,"PDF, EPUB",Active
KDP Draft — How to Overcome Fear of Failure,KDP Draft — How to Overcome Fear of Failure — A Gullah Geechee publication by Darryl E. Brown,3.99,1,ggb-manifest-c8927cb,Books & Magazines > Books > eBooks,"Books, Gullah Geechee, eBook, Digital",Digital,,,,,Yes,"PDF, EPUB",Active
KDP Draft — How to Make Holiday Gullah Feasts,KDP Draft — How to Make Holiday Gullah Feasts — A Gullah Geechee publication by Darryl E. Brown,3.99,1,ggb-manifest-8620af1,Books & Magazines > Books > eBooks,"Books, Gullah Geechee, eBook, Digital",Digital,,,,,Yes,"PDF, EPUB",Active
KDP Draft — How to Master Cast Iron Cooking,KDP Draft — How to Master Cast Iron Cooking — A Gullah Geechee publication by Darryl E. Brown,3.99,1,ggb-manifest-20ac212,Books & Magazines > Books > eBooks,"Books, Gullah Geechee, eBook, Digital",Digital,,,,,Yes,"PDF, EPUB",Active
How to Make One-Pot Gullah Meals,How to Make One-Pot Gullah Meals — A Gullah Geechee publication by Darryl E. Brown,3.99,1,ggb-manifest-9e711b9,Books & Magazines > Books > eBooks,"Books, Gullah Geechee, eBook, Digital",Digital,,,,,Yes,"PDF, EPUB",Active
How to Practice Self-Compassion,How to Practice Self-Compassion — A Gullah Geechee publication by Darryl E. Brown,3.99,1,ggb-manifest-8a42116,Books & Magazines > Books > eBooks,"Books, Gullah Geechee, eBook, Digital",Digital,,,,,Yes,"PDF, EPUB",Active
How to Prepare Okra and Tomatoes,How to Prepare Okra and Tomatoes — A Gullah Geechee publication by Darryl E. Brown,3.99,1,ggb-manifest-6418c18,Books & Magazines > Books > eBooks,"Books, Gullah Geechee, eBook, Digital",Digital,,,,,Yes,"PDF, EPUB",Active
How to Master Social Media Marketing,How to Master Social Media Marketing — A Gullah Geechee publication by Darryl E. Brown,3.99,1,ggb-manifest-8e303d1,Books & Magazines > Books > eBooks,"Books, Gullah Geechee, eBook, Digital",Digital,,,,,Yes,"PDF, EPUB",Active
How to Create a Vision Board That Works,How to Create a Vision Board That Works — A Gullah Geechee publication by Darryl E. Brown,3.99,1,ggb-manifest-a586ee5,Books & Magazines > Books > eBooks,"Books, Gullah Geechee, eBook, Digital",Digital,,,,,Yes,"PDF, EPUB",Active
How to Make Authentic Shrimp and Grits,How to Make Authentic Shrimp and Grits — A Gullah Geechee publication by Darryl E. Brown,3.99,1,ggb-manifest-a1ed6f2,Books & Magazines > Books > eBooks,"Books, Gullah Geechee, eBook, Digital",Digital,,,,,Yes,"PDF, EPUB",Active
KDP Draft — How to Cook Gullah Seafood,KDP Draft — How to Cook Gullah Seafood — A Gullah Geechee publication by Darryl E. Brown,3.99,1,ggb-manifest-8f40a98,Books & Magazines > Books > eBooks,"Books, Gullah Geechee, eBook, Digital",Digital,,,,,Yes,"PDF, EPUB",Active
The Gullah Geechee Guide to Discipline,The Gullah Geechee Guide to Discipline — A Gullah Geechee publication by Darryl E. Brown,3.99,1,ggb-manifest-9df00f7,Books & Magazines > Books > eBooks,"Books, Gullah Geechee, eBook, Digital",Digital,,,,,Yes,"PDF, EPUB",Active
How to Build a Digital Product Empire,How to Build a Digital Product Empire — A Gullah Geechee publication by Darryl E. Brown,3.99,1,ggb-manifest-945e1b4,Books & Magazines > Books > eBooks,"Books, Gullah Geechee, eBook, Digital",Digital,,,,,Yes,"PDF, EPUB",Active
How to Practice Mindful Living,How to Practice Mindful Living — A Gullah Geechee publication by Darryl E. Brown,3.99,1,ggb-manifest-03420fe,Books & Magazines > Books > eBooks,"Books, Gullah Geechee, eBook, Digital",Digital,,,,,Yes,"PDF, EPUB",Active
Gullah Geechee Smoothies,Gullah Geechee Smoothies — A Gullah Geechee publication by Darryl E. Brown,3.99,1,ggb-manifest-7821df4,Books & Magazines > Books > eBooks,"Books, Gullah Geechee, eBook, Digital",Digital,,,,,Yes,"PDF, EPUB",Active
How to Build Surrender,How to Build Surrender — A Gullah Geechee publication by Darryl E. Brown,3.99,1,ggb-manifest-8283db2,Books & Magazines > Books > eBooks,"Books, Gullah Geechee, eBook, Digital",Digital,,,,,Yes,"PDF, EPUB",Active
How to Create a Business Exit Strategy,How to Create a Business Exit Strategy — A Gullah Geechee publication by Darryl E. Brown,3.99,1,ggb-manifest-fcb1678,Books & Magazines > Books > eBooks,"Books, Gullah Geechee, eBook, Digital",Digital,,,,,Yes,"PDF, EPUB",Active
The Gullah Geechee Guide to Determination,The Gullah Geechee Guide to Determination — A Gullah Geechee publication by Darryl E. Brown,3.99,1,ggb-manifest-bc23de1,Books & Magazines > Books > eBooks,"Books, Gullah Geechee, eBook, Digital",Digital,,,,,Yes,"PDF, EPUB",Active
KDP Draft — How to Cook Lowcountry Boil,KDP Draft — How to Cook Lowcountry Boil — A Gullah Geechee publication by Darryl E. Brown,3.99,1,ggb-manifest-1bd669c,Books & Magazines > Books > eBooks,"Books, Gullah Geechee, eBook, Digital",Digital,,,,,Yes,"PDF, EPUB",Active
KDP Draft — How to Build a Subscription Business,KDP Draft — How to Build a Subscription Business — A Gullah Geechee publication by Darryl E. Brown,3.99,1,ggb-manifest-0d5357e,Books & Magazines > Books > eBooks,"Books, Gullah Geechee, eBook, Digital",Digital,,,,,Yes,"PDF, EPUB",Active
How to Make One-Pot Gullah Meals,How to Make One-Pot Gullah Meals — A Gullah Geechee publication by Darryl E. Brown,3.99,1,ggb-manifest-0ca3177,Books & Magazines > Books > eBooks,"Books, Gullah Geechee, eBook, Digital",Digital,,,,,Yes,"PDF, EPUB",Active
KDP Draft — How to Build a Digital Product Empire,KDP Draft — How to Build a Digital Product Empire — A Gullah Geechee publication by Darryl E. Brown,3.99,1,ggb-manifest-26b26c4,Books & Magazines > Books > eBooks,"Books, Gullah Geechee, eBook, Digital",Digital,,,,,Yes,"PDF, EPUB",Active
How to Build Customer Loyalty,How to Build Customer Loyalty — A Gullah Geechee publication by Darryl E. Brown,3.99,1,ggb-manifest-4729cfb,Books & Magazines > Books > eBooks,"Books, Gullah Geechee, eBook, Digital",Digital,,,,,Yes,"PDF, EPUB",Active
KDP Draft — How to Make Southern Cornbread from Scratch,KDP Draft — How to Make Southern Cornbread from Scratch — A Gullah Geechee publication by Darryl E. Brown,3.99,1,ggb-manifest-6e8169f,Books & Magazines > Books > eBooks,"Books, Gullah Geechee, eBook, Digital",Digital,,,,,Yes,"PDF, EPUB",Active
How to Bake Buttermilk Cornbread,How to Bake Buttermilk Cornbread — A Gullah Geechee publication by Darryl E. Brown,3.99,1,ggb-manifest-30b48bd,Books & Magazines > Books > eBooks,"Books, Gullah Geechee, eBook, Digital",Digital,,,,,Yes,"PDF, EPUB",Active
How to Cook Collard Greens the Right Way,How to Cook Collard Greens the Right Way — A Gullah Geechee publication by Darryl E. Brown,3.99,1,ggb-manifest-74f9c83,Books & Magazines > Books > eBooks,"Books, Gullah Geechee, eBook, Digital",Digital,,,,,Yes,"PDF, EPUB",Active
How to Find Inner Peace,How to Find Inner Peace — A Gullah Geechee publication by Darryl E. Brown,3.99,1,ggb-manifest-9a71f5a,Books & Magazines > Books > eBooks,"Books, Gullah Geechee, eBook, Digital",Digital,,,,,Yes,"PDF, EPUB",Active
How to Make Gullah Soups and Stews,How to Make Gullah Soups and Stews — A Gullah Geechee publication by Darryl E. Brown,3.99,1,ggb-manifest-eff7e63,Books & Magazines > Books > eBooks,"Books, Gullah Geechee, eBook, Digital",Digital,,,,,Yes,"PDF, EPUB",Active
How to Build Vision,How to Build Vision — A Gullah Geechee publication by Darryl E. Brown,3.99,1,ggb-manifest-49e2ba7,Books & Magazines > Books > eBooks,"Books, Gullah Geechee, eBook, Digital",Digital,,,,,Yes,"PDF, EPUB",Active
How to Cook Benne Chicken,How to Cook Benne Chicken — A Gullah Geechee publication by Darryl E. Brown,3.99,1,ggb-manifest-a2e93f8,Books & Magazines > Books > eBooks,"Books, Gullah Geechee, eBook, Digital",Digital,,,,,Yes,"PDF, EPUB",Active
How to Build a Freelance Career,How to Build a Freelance Career — A Gullah Geechee publication by Darryl E. Brown,3.99,1,ggb-manifest-db0bdab,Books & Magazines > Books > eBooks,"Books, Gullah Geechee, eBook, Digital",Digital,,,,,Yes,"PDF, EPUB",Active
KDP Draft — The Gullah Geechee Guide to Unity,KDP Draft — The Gullah Geechee Guide to Unity — A Gullah Geechee publication by Darryl E. Brown,3.99,1,ggb-manifest-9e50ceb,Books & Magazines > Books > eBooks,"Books, Gullah Geechee, eBook, Digital",Digital,,,,,Yes,"PDF, EPUB",Active
How to Make Gullah Sauces and Seasonings,How to Make Gullah Sauces and Seasonings — A Gullah Geechee publication by Darryl E. Brown,3.99,1,ggb-manifest-491a2ce,Books & Magazines > Books > eBooks,"Books, Gullah Geechee, eBook, Digital",Digital,,,,,Yes,"PDF, EPUB",Active
How to Network Like a Pro,How to Network Like a Pro — A Gullah Geechee publication by Darryl E. Brown,3.99,1,ggb-manifest-1065266,Books & Magazines > Books > eBooks,"Books, Gullah Geechee, eBook, Digital",Digital,,,,,Yes,"PDF, EPUB",Active
KDP Draft — How to Write Copy That Sells,KDP Draft — How to Write Copy That Sells — A Gullah Geechee publication by Darryl E. Brown,3.99,1,ggb-manifest-ea0dca6,Books & Magazines > Books > eBooks,"Books, Gullah Geechee, eBook, Digital",Digital,,,,,Yes,"PDF, EPUB",Active
KDP Draft — How to Preserve Summer Vegetables,KDP Draft — How to Preserve Summer Vegetables — A Gullah Geechee publication by Darryl E. Brown,3.99,1,ggb-manifest-61ff31b,Books & Magazines > Books > eBooks,"Books, Gullah Geechee, eBook, Digital",Digital,,,,,Yes,"PDF, EPUB",Active
How to Preserve Summer Vegetables,How to Preserve Summer Vegetables — A Gullah Geechee publication by Darryl E. Brown,3.99,1,ggb-manifest-d4050c5,Books & Magazines > Books > eBooks,"Books, Gullah Geechee, eBook, Digital",Digital,,,,,Yes,"PDF, EPUB",Active
How to Make Gullah Breads,How to Make Gullah Breads — A Gullah Geechee publication by Darryl E. Brown,3.99,1,ggb-manifest-7ac7547,Books & Magazines > Books > eBooks,"Books, Gullah Geechee, eBook, Digital",Digital,,,,,Yes,"PDF, EPUB",Active
KDP Draft — Gullah Geechee Community Commerce,KDP Draft — Gullah Geechee Community Commerce — A Gullah Geechee publication by Darryl E. Brown,3.99,1,ggb-manifest-4651942,Books & Magazines > Books > eBooks,"Books, Gullah Geechee, eBook, Digital",Digital,,,,,Yes,"PDF, EPUB",Active
KDP Draft — How to Cook Collard Greens the Right Way,KDP Draft — How to Cook Collard Greens the Right Way — A Gullah Geechee publication by Darryl E. Brown,3.99,1,ggb-manifest-1ac2ac9,Books & Magazines > Books > eBooks,"Books, Gullah Geechee, eBook, Digital",Digital,,,,,Yes,"PDF, EPUB",Active
How to Build a Website on a Budget,How to Build a Website on a Budget — A Gullah Geechee publication by Darryl E. Brown,3.99,1,ggb-manifest-2757aea,Books & Magazines > Books > eBooks,"Books, Gullah Geechee, eBook, Digital",Digital,,,,,Yes,"PDF, EPUB",Active
KDP Draft — How to Make Gullah Sauces and Seasonings,KDP Draft — How to Make Gullah Sauces and Seasonings — A Gullah Geechee publication by Darryl E. Brown,3.99,1,ggb-manifest-bca9570,Books & Magazines > Books > eBooks,"Books, Gullah Geechee, eBook, Digital",Digital,,,,,Yes,"PDF, EPUB",Active
How to Develop a Growth Mindset,How to Develop a Growth Mindset — A Gullah Geechee publication by Darryl E. Brown,3.99,1,ggb-manifest-be63f93,Books & Magazines > Books > eBooks,"Books, Gullah Geechee, eBook, Digital",Digital,,,,,Yes,"PDF, EPUB",Active
The Gullah Geechee Guide to Unity,The Gullah Geechee Guide to Unity — A Gullah Geechee publication by Darryl E. Brown,3.99,1,ggb-manifest-7e3f060,Books & Magazines > Books > eBooks,"Books, Gullah Geechee, eBook, Digital",Digital,,,,,Yes,"PDF, EPUB",Active
How to Set Boundaries That Stick,How to Set Boundaries That Stick — A Gullah Geechee publication by Darryl E. Brown,3.99,1,ggb-manifest-ac20322,Books & Magazines > Books > eBooks,"Books, Gullah Geechee, eBook, Digital",Digital,,,,,Yes,"PDF, EPUB",Active
How to Create a Business Plan,How to Create a Business Plan — A Gullah Geechee publication by Darryl E. Brown,3.99,1,ggb-manifest-b08dd00,Books & Magazines > Books > eBooks,"Books, Gullah Geechee, eBook, Digital",Digital,,,,,Yes,"PDF, EPUB",Active
How to Build a Website on a Budget,How to Build a Website on a Budget — A Gullah Geechee publication by Darryl E. Brown,3.99,1,ggb-manifest-fdf7784,Books & Magazines > Books > eBooks,"Books, Gullah Geechee, eBook, Digital",Digital,,,,,Yes,"PDF, EPUB",Active
How to Price Your Products or Services,How to Price Your Products or Services — A Gullah Geechee publication by Darryl E. Brown,3.99,1,ggb-manifest-692ac24,Books & Magazines > Books > eBooks,"Books, Gullah Geechee, eBook, Digital",Digital,,,,,Yes,"PDF, EPUB",Active
How to Make Mac and Cheese the Southern Way,How to Make Mac and Cheese the Southern Way — A Gullah Geechee publication by Darryl E. Brown,3.99,1,ggb-manifest-f2467e1,Books & Magazines > Books > eBooks,"Books, Gullah Geechee, eBook, Digital",Digital,,,,,Yes,"PDF, EPUB",Active
How to Build Resilience in Tough Times,How to Build Resilience in Tough Times — A Gullah Geechee publication by Darryl E. Brown,3.99,1,ggb-manifest-5cee8c2,Books & Magazines > Books > eBooks,"Books, Gullah Geechee, eBook, Digital",Digital,,,,,Yes,"PDF, EPUB",Active
How to Cultivate Daily Gratitude,How to Cultivate Daily Gratitude — A Gullah Geechee publication by Darryl E. Brown,3.99,1,ggb-manifest-de064db,Books & Magazines > Books > eBooks,"Books, Gullah Geechee, eBook, Digital",Digital,,,,,Yes,"PDF, EPUB",Active
How to Practice Mindful Living,How to Practice Mindful Living — A Gullah Geechee publication by Darryl E. Brown,3.99,1,ggb-manifest-7b684b9,Books & Magazines > Books > eBooks,"Books, Gullah Geechee, eBook, Digital",Digital,,,,,Yes,"PDF, EPUB",Active
How to Stop People-Pleasing,How to Stop People-Pleasing — A Gullah Geechee publication by Darryl E. Brown,3.99,1,ggb-manifest-fc47d97,Books & Magazines > Books > eBooks,"Books, Gullah Geechee, eBook, Digital",Digital,,,,,Yes,"PDF, EPUB",Active
KDP Draft — How to Master Your Morning Routine,KDP Draft — How to Master Your Morning Routine — A Gullah Geechee publication by Darryl E. Brown,3.99,1,ggb-manifest-79cd0d6,Books & Magazines > Books > eBooks,"Books, Gullah Geechee, eBook, Digital",Digital,,,,,Yes,"PDF, EPUB",Active
The Gullah Geechee Guide to Harmony,The Gullah Geechee Guide to Harmony — A Gullah Geechee publication by Darryl E. Brown,3.99,1,ggb-manifest-c2f5f53,Books & Magazines > Books > eBooks,"Books, Gullah Geechee, eBook, Digital",Digital,,,,,Yes,"PDF, EPUB",Active
KDP Draft — Gullah Geechee Condiments,KDP Draft — Gullah Geechee Condiments — A Gullah Geechee publication by Darryl E. Brown,3.99,1,ggb-manifest-29392b9,Books & Magazines > Books > eBooks,"Books, Gullah Geechee, eBook, Digital",Digital,,,,,Yes,"PDF, EPUB",Active
How to Build Simplicity,How to Build Simplicity — A Gullah Geechee publication by Darryl E. Brown,3.99,1,ggb-manifest-f591d24,Books & Magazines > Books > eBooks,"Books, Gullah Geechee, eBook, Digital",Digital,,,,,Yes,"PDF, EPUB",Active
How to Network Like a Pro,How to Network Like a Pro — A Gullah Geechee publication by Darryl E. Brown,3.99,1,ggb-manifest-6cdcbeb,Books & Magazines > Books > eBooks,"Books, Gullah Geechee, eBook, Digital",Digital,,,,,Yes,"PDF, EPUB",Active
KDP Draft — How to Make Rice Pudding,KDP Draft — How to Make Rice Pudding — A Gullah Geechee publication by Darryl E. Brown,3.99,1,ggb-manifest-3055cb3,Books & Magazines > Books > eBooks,"Books, Gullah Geechee, eBook, Digital",Digital,,,,,Yes,"PDF, EPUB",Active
How to Build Customer Loyalty,How to Build Customer Loyalty — A Gullah Geechee publication by Darryl E. Brown,3.99,1,ggb-manifest-9966c9f,Books & Magazines > Books > eBooks,"Books, Gullah Geechee, eBook, Digital",Digital,,,,,Yes,"PDF, EPUB",Active
How to Build Resilience in Tough Times,How to Build Resilience in Tough Times — A Gullah Geechee publication by Darryl E. Brown,3.99,1,ggb-manifest-90bee1c,Books & Magazines > Books > eBooks,"Books, Gullah Geechee, eBook, Digital",Digital,,,,,Yes,"PDF, EPUB",Active
How to Master LinkedIn for Business,How to Master LinkedIn for Business — A Gullah Geechee publication by Darryl E. Brown,3.99,1,ggb-manifest-0e188f7,Books & Magazines > Books > eBooks,"Books, Gullah Geechee, eBook, Digital",Digital,,,,,Yes,"PDF, EPUB",Active
KDP Draft — How to Practice Self-Compassion,KDP Draft — How to Practice Self-Compassion — A Gullah Geechee publication by Darryl E. Brown,3.99,1,ggb-manifest-f060edd,Books & Magazines > Books > eBooks,"Books, Gullah Geechee, eBook, Digital",Digital,,,,,Yes,"PDF, EPUB",Active
How to Cook Gullah Vegetables,How to Cook Gullah Vegetables — A Gullah Geechee publication by Darryl E. Brown,3.99,1,ggb-manifest-e5ad23a,Books & Magazines > Books > eBooks,"Books, Gullah Geechee, eBook, Digital",Digital,,,,,Yes,"PDF, EPUB",Active
How to Make Benne Wafers,How to Make Benne Wafers — A Gullah Geechee publication by Darryl E. Brown,3.99,1,ggb-manifest-d79ec39,Books & Magazines > Books > eBooks,"Books, Gullah Geechee, eBook, Digital",Digital,,,,,Yes,"PDF, EPUB",Active
How to Make Boiled Peanuts,How to Make Boiled Peanuts — A Gullah Geechee publication by Darryl E. Brown,3.99,1,ggb-manifest-a48f771,Books & Magazines > Books > eBooks,"Books, Gullah Geechee, eBook, Digital",Digital,,,,,Yes,"PDF, EPUB",Active
How to Create a Brand Style Guide,How to Create a Brand Style Guide — A Gullah Geechee publication by Darryl E. Brown,3.99,1,ggb-manifest-0f5d5ad,Books & Magazines > Books > eBooks,"Books, Gullah Geechee, eBook, Digital",Digital,,,,,Yes,"PDF, EPUB",Active
How to Overcome Imposter Syndrome,How to Overcome Imposter Syndrome — A Gullah Geechee publication by Darryl E. Brown,3.99,1,ggb-manifest-480f583,Books & Magazines > Books > eBooks,"Books, Gullah Geechee, eBook, Digital",Digital,,,,,Yes,"PDF, EPUB",Active
KDP Draft — How to Build a Personal Brand,KDP Draft — How to Build a Personal Brand — A Gullah Geechee publication by Darryl E. Brown,3.99,1,ggb-manifest-383a25a,Books & Magazines > Books > eBooks,"Books, Gullah Geechee, eBook, Digital",Digital,,,,,Yes,"PDF, EPUB",Active
KDP Draft — How to Make Pickled Shrimp,KDP Draft — How to Make Pickled Shrimp — A Gullah Geechee publication by Darryl E. Brown,3.99,1,ggb-manifest-a7fce59,Books & Magazines > Books > eBooks,"Books, Gullah Geechee, eBook, Digital",Digital,,,,,Yes,"PDF, EPUB",Active
KDP Draft — How to Fry the Perfect Fish,KDP Draft — How to Fry the Perfect Fish — A Gullah Geechee publication by Darryl E. Brown,3.99,1,ggb-manifest-9e9ffa7,Books & Magazines > Books > eBooks,"Books, Gullah Geechee, eBook, Digital",Digital,,,,,Yes,"PDF, EPUB",Active
KDP Draft — How to Manage Business Finances,KDP Draft — How to Manage Business Finances — A Gullah Geechee publication by Darryl E. Brown,3.99,1,ggb-manifest-2cf86a7,Books & Magazines > Books > eBooks,"Books, Gullah Geechee, eBook, Digital",Digital,,,,,Yes,"PDF, EPUB",Active
How to Manage Anxiety Naturally,How to Manage Anxiety Naturally — A Gullah Geechee publication by Darryl E. Brown,3.99,1,ggb-manifest-627ad61,Books & Magazines > Books > eBooks,"Books, Gullah Geechee, eBook, Digital",Digital,,,,,Yes,"PDF, EPUB",Active
KDP Draft — How to Prepare Gullah Side Dishes,KDP Draft — How to Prepare Gullah Side Dishes — A Gullah Geechee publication by Darryl E. Brown,3.99,1,ggb-manifest-8fa9ff7,Books & Magazines > Books > eBooks,"Books, Gullah Geechee, eBook, Digital",Digital,,,,,Yes,"PDF, EPUB",Active
KDP Draft — How to Make Gullah Breads,KDP Draft — How to Make Gullah Breads — A Gullah Geechee publication by Darryl E. Brown,3.99,1,ggb-manifest-8b66563,Books & Magazines > Books > eBooks,"Books, Gullah Geechee, eBook, Digital",Digital,,,,,Yes,"PDF, EPUB",Active
How to Cook Benne Chicken,How to Cook Benne Chicken — A Gullah Geechee publication by Darryl E. Brown,3.99,1,ggb-manifest-102fc1a,Books & Magazines > Books > eBooks,"Books, Gullah Geechee, eBook, Digital",Digital,,,,,Yes,"PDF, EPUB",Active
How to Build Customer Loyalty,How to Build Customer Loyalty — A Gullah Geechee publication by Darryl E. Brown,3.99,1,ggb-manifest-c15ef88,Books & Magazines > Books > eBooks,"Books, Gullah Geechee, eBook, Digital",Digital,,,,,Yes,"PDF, EPUB",Active
How to Cook Gullah Seafood,How to Cook Gullah Seafood — A Gullah Geechee publication by Darryl E. Brown,3.99,1,ggb-manifest-6d3a2a4,Books & Magazines > Books > eBooks,"Books, Gullah Geechee, eBook, Digital",Digital,,,,,Yes,"PDF, EPUB",Active
How to Build a Personal Brand,How to Build a Personal Brand — A Gullah Geechee publication by Darryl E. Brown,3.99,1,ggb-manifest-6d5306a,Books & Magazines > Books > eBooks,"Books, Gullah Geechee, eBook, Digital",Digital,,,,,Yes,"PDF, EPUB",Active
How to Cultivate Daily Gratitude,How to Cultivate Daily Gratitude — A Gullah Geechee publication by Darryl E. Brown,3.99,1,ggb-manifest-3de2765,Books & Magazines > Books > eBooks,"Books, Gullah Geechee, eBook, Digital",Digital,,,,,Yes,"PDF, EPUB",Active
KDP Draft — How to Build a Website on a Budget,KDP Draft — How to Build a Website on a Budget — A Gullah Geechee publication by Darryl E. Brown,3.99,1,ggb-manifest-bb20d2d,Books & Magazines > Books > eBooks,"Books, Gullah Geechee, eBook, Digital",Digital,,,,,Yes,"PDF, EPUB",Active
KDP Draft — How to Find Inner Peace,KDP Draft — How to Find Inner Peace — A Gullah Geechee publication by Darryl E. Brown,3.99,1,ggb-manifest-e8374ad,Books & Magazines > Books > eBooks,"Books, Gullah Geechee, eBook, Digital",Digital,,,,,Yes,"PDF, EPUB",Active
KDP Draft — Gullah Geechee Condiments,KDP Draft — Gullah Geechee Condiments — A Gullah Geechee publication by Darryl E. Brown,3.99,1,ggb-manifest-e1845c6,Books & Magazines > Books > eBooks,"Books, Gullah Geechee, eBook, Digital",Digital,,,,,Yes,"PDF, EPUB",Active
KDP Draft — How to Negotiate Better Deals,KDP Draft — How to Negotiate Better Deals — A Gullah Geechee publication by Darryl E. Brown,3.99,1,ggb-manifest-5128f17,Books & Magazines > Books > eBooks,"Books, Gullah Geechee, eBook, Digital",Digital,,,,,Yes,"PDF, EPUB",Active
KDP Draft — How to Cook with Seasonal Lowcountry Ingredients,KDP Draft — How to Cook with Seasonal Lowcountry Ingredients — A Gullah Geechee publication by Darryl E. Brown,3.99,1,ggb-manifest-2a26cb6,Books & Magazines > Books > eBooks,"Books, Gullah Geechee, eBook, Digital",Digital,,,,,Yes,"PDF, EPUB",Active
KDP Draft — How to Build a Remote Team,KDP Draft — How to Build a Remote Team — A Gullah Geechee publication by Darryl E. Brown,3.99,1,ggb-manifest-ba60dca,Books & Magazines > Books > eBooks,"Books, Gullah Geechee, eBook, Digital",Digital,,,,,Yes,"PDF, EPUB",Active
KDP Draft — How to Make Pickled Shrimp,KDP Draft — How to Make Pickled Shrimp — A Gullah Geechee publication by Darryl E. Brown,3.99,1,ggb-manifest-088a28f,Books & Magazines > Books > eBooks,"Books, Gullah Geechee, eBook, Digital",Digital,,,,,Yes,"PDF, EPUB",Active
KDP Draft — How to Make Gullah Potato Salad,KDP Draft — How to Make Gullah Potato Salad — A Gullah Geechee publication by Darryl E. Brown,3.99,1,ggb-manifest-bbfc6e9,Books & Magazines > Books > eBooks,"Books, Gullah Geechee, eBook, Digital",Digital,,,,,Yes,"PDF, EPUB",Active
How to Cook Gullah Cabbage,How to Cook Gullah Cabbage — A Gullah Geechee publication by Darryl E. Brown,3.99,1,ggb-manifest-2a83538,Books & Magazines > Books > eBooks,"Books, Gullah Geechee, eBook, Digital",Digital,,,,,Yes,"PDF, EPUB",Active
How to Cook Benne Chicken,How to Cook Benne Chicken — A Gullah Geechee publication by Darryl E. Brown,3.99,1,ggb-manifest-dfb382d,Books & Magazines > Books > eBooks,"Books, Gullah Geechee, eBook, Digital",Digital,,,,,Yes,"PDF, EPUB",Active
The Gullah Geechee Guide to Harmony,The Gullah Geechee Guide to Harmony — A Gullah Geechee publication by Darryl E. Brown,3.99,1,ggb-manifest-3cf4a95,Books & Magazines > Books > eBooks,"Books, Gullah Geechee, eBook, Digital",Digital,,,,,Yes,"PDF, EPUB",Active
How to Stop People-Pleasing,How to Stop People-Pleasing — A Gullah Geechee publication by Darryl E. Brown,3.99,1,ggb-manifest-709f130,Books & Magazines > Books > eBooks,"Books, Gullah Geechee, eBook, Digital",Digital,,,,,Yes,"PDF, EPUB",Active
KDP Draft — How to Build Strategic Partnerships,KDP Draft — How to Build Strategic Partnerships — A Gullah Geechee publication by Darryl E. Brown,3.99,1,ggb-manifest-80fb28b,Books & Magazines > Books > eBooks,"Books, Gullah Geechee, eBook, Digital",Digital,,,,,Yes,"PDF, EPUB",Active
KDP Draft — How to Bake Gullah Desserts,KDP Draft — How to Bake Gullah Desserts — A Gullah Geechee publication by Darryl E. Brown,3.99,1,ggb-manifest-d9f8eba,Books & Magazines > Books > eBooks,"Books, Gullah Geechee, eBook, Digital",Digital,,,,,Yes,"PDF, EPUB",Active
KDP Draft — Gullah Geechee Camp Cooking,KDP Draft — Gullah Geechee Camp Cooking — A Gullah Geechee publication by Darryl E. Brown,3.99,1,ggb-manifest-06ef66c,Books & Magazines > Books > eBooks,"Books, Gullah Geechee, eBook, Digital",Digital,,,,,Yes,"PDF, EPUB",Active
How to Make Hoppin' John for New Year's,How to Make Hoppin' John for New Year's — A Gullah Geechee publication by Darryl E. Brown,3.99,1,ggb-manifest-cc3a18d,Books & Magazines > Books > eBooks,"Books, Gullah Geechee, eBook, Digital",Digital,,,,,Yes,"PDF, EPUB",Active
KDP Draft — How to Create a Marketing Funnel,KDP Draft — How to Create a Marketing Funnel — A Gullah Geechee publication by Darryl E. Brown,3.99,1,ggb-manifest-2cf12fd,Books & Magazines > Books > eBooks,"Books, Gullah Geechee, eBook, Digital",Digital,,,,,Yes,"PDF, EPUB",Active
KDP Draft — How to Price Your Products or Services,KDP Draft — How to Price Your Products or Services — A Gullah Geechee publication by Darryl E. Brown,3.99,1,ggb-manifest-2a8bf0b,Books & Magazines > Books > eBooks,"Books, Gullah Geechee, eBook, Digital",Digital,,,,,Yes,"PDF, EPUB",Active
KDP Draft — How to Use AI in Your Business,KDP Draft — How to Use AI in Your Business — A Gullah Geechee publication by Darryl E. Brown,3.99,1,ggb-manifest-af61f32,Books & Magazines > Books > eBooks,"Books, Gullah Geechee, eBook, Digital",Digital,,,,,Yes,"PDF, EPUB",Active
How to Write Copy That Sells,How to Write Copy That Sells — A Gullah Geechee publication by Darryl E. Brown,3.99,1,ggb-manifest-ca801ee,Books & Magazines > Books > eBooks,"Books, Gullah Geechee, eBook, Digital",Digital,,,,,Yes,"PDF, EPUB",Active
KDP Draft — How to Cook Gullah Seafood,KDP Draft — How to Cook Gullah Seafood — A Gullah Geechee publication by Darryl E. Brown,3.99,1,ggb-manifest-46fd2a8,Books & Magazines > Books > eBooks,"Books, Gullah Geechee, eBook, Digital",Digital,,,,,Yes,"PDF, EPUB",Active
How to Master Email Marketing,How to Master Email Marketing — A Gullah Geechee publication by Darryl E. Brown,3.99,1,ggb-manifest-979a115,Books & Magazines > Books > eBooks,"Books, Gullah Geechee, eBook, Digital",Digital,,,,,Yes,"PDF, EPUB",Active
KDP Draft — How to Live with Intention,KDP Draft — How to Live with Intention — A Gullah Geechee publication by Darryl E. Brown,3.99,1,ggb-manifest-21dc072,Books & Magazines > Books > eBooks,"Books, Gullah Geechee, eBook, Digital",Digital,,,,,Yes,"PDF, EPUB",Active
KDP Draft — How to Embrace Your Authentic Self,KDP Draft — How to Embrace Your Authentic Self — A Gullah Geechee publication by Darryl E. Brown,3.99,1,ggb-manifest-078e666,Books & Magazines > Books > eBooks,"Books, Gullah Geechee, eBook, Digital",Digital,,,,,Yes,"PDF, EPUB",Active
Gullah Geechee Camp Cooking,Gullah Geechee Camp Cooking — A Gullah Geechee publication by Darryl E. Brown,3.99,1,ggb-manifest-9f0e5b7,Books & Magazines > Books > eBooks,"Books, Gullah Geechee, eBook, Digital",Digital,,,,,Yes,"PDF, EPUB",Active
Gullah Geechee Biz TV Spot,Gullah Geechee Biz TV Spot — A Gullah Geechee publication by Darryl E. Brown,3.99,1,ggb-manifest-408f67a,Books & Magazines > Books > eBooks,"Books, Gullah Geechee, eBook, Digital",Digital,,,,,Yes,"PDF, EPUB",Active
How to Create a Referral Program,How to Create a Referral Program — A Gullah Geechee publication by Darryl E. Brown,3.99,1,ggb-manifest-e6b0252,Books & Magazines > Books > eBooks,"Books, Gullah Geechee, eBook, Digital",Digital,,,,,Yes,"PDF, EPUB",Active
KDP Draft — How to Build Healthy Relationships,KDP Draft — How to Build Healthy Relationships — A Gullah Geechee publication by Darryl E. Brown,3.99,1,ggb-manifest-c3d625b,Books & Magazines > Books > eBooks,"Books, Gullah Geechee, eBook, Digital",Digital,,,,,Yes,"PDF, EPUB",Active
How to Overcome Fear of Failure,How to Overcome Fear of Failure — A Gullah Geechee publication by Darryl E. Brown,3.99,1,ggb-manifest-3225af5,Books & Magazines > Books > eBooks,"Books, Gullah Geechee, eBook, Digital",Digital,,,,,Yes,"PDF, EPUB",Active
How to Practice Radical Self-Care,How to Practice Radical Self-Care — A Gullah Geechee publication by Darryl E. Brown,3.99,1,ggb-manifest-b0217e9,Books & Magazines > Books > eBooks,"Books, Gullah Geechee, eBook, Digital",Digital,,,,,Yes,"PDF, EPUB",Active
KDP Draft — How to Cook Gullah Vegetables,KDP Draft — How to Cook Gullah Vegetables — A Gullah Geechee publication by Darryl E. Brown,3.99,1,ggb-manifest-baa9e1d,Books & Magazines > Books > eBooks,"Books, Gullah Geechee, eBook, Digital",Digital,,,,,Yes,"PDF, EPUB",Active
KDP Draft — How to Navigate Life Transitions,KDP Draft — How to Navigate Life Transitions — A Gullah Geechee publication by Darryl E. Brown,3.99,1,ggb-manifest-b043218,Books & Magazines > Books > eBooks,"Books, Gullah Geechee, eBook, Digital",Digital,,,,,Yes,"PDF, EPUB",Active
How to Master Public Speaking,How to Master Public Speaking — A Gullah Geechee publication by Darryl E. Brown,3.99,1,ggb-manifest-71bc8ee,Books & Magazines > Books > eBooks,"Books, Gullah Geechee, eBook, Digital",Digital,,,,,Yes,"PDF, EPUB",Active
Gullah Geechee Camp Cooking,Gullah Geechee Camp Cooking — A Gullah Geechee publication by Darryl E. Brown,3.99,1,ggb-manifest-93d3212,Books & Magazines > Books > eBooks,"Books, Gullah Geechee, eBook, Digital",Digital,,,,,Yes,"PDF, EPUB",Active
How to Cook Collard Greens the Right Way,How to Cook Collard Greens the Right Way — A Gullah Geechee publication by Darryl E. Brown,3.99,1,ggb-manifest-2d11575,Books & Magazines > Books > eBooks,"Books, Gullah Geechee, eBook, Digital",Digital,,,,,Yes,"PDF, EPUB",Active
KDP Draft — How to Write a Winning Grant Proposal,KDP Draft — How to Write a Winning Grant Proposal — A Gullah Geechee publication by Darryl E. Brown,3.99,1,ggb-manifest-c1d5d83,Books & Magazines > Books > eBooks,"Books, Gullah Geechee, eBook, Digital",Digital,,,,,Yes,"PDF, EPUB",Active
How to Make Gullah Potato Salad,How to Make Gullah Potato Salad — A Gullah Geechee publication by Darryl E. Brown,3.99,1,ggb-manifest-2bbb48b,Books & Magazines > Books > eBooks,"Books, Gullah Geechee, eBook, Digital",Digital,,,,,Yes,"PDF, EPUB",Active
How to Manage Business Finances,How to Manage Business Finances — A Gullah Geechee publication by Darryl E. Brown,3.99,1,ggb-manifest-54fb1d1,Books & Magazines > Books > eBooks,"Books, Gullah Geechee, eBook, Digital",Digital,,,,,Yes,"PDF, EPUB",Active
KDP Draft — How to Create a Brand Style Guide,KDP Draft — How to Create a Brand Style Guide — A Gullah Geechee publication by Darryl E. Brown,3.99,1,ggb-manifest-0c1545c,Books & Magazines > Books > eBooks,"Books, Gullah Geechee, eBook, Digital",Digital,,,,,Yes,"PDF, EPUB",Active
KDP Draft — How to Cook Benne Chicken,KDP Draft — How to Cook Benne Chicken — A Gullah Geechee publication by Darryl E. Brown,3.99,1,ggb-manifest-2281de6,Books & Magazines > Books > eBooks,"Books, Gullah Geechee, eBook, Digital",Digital,,,,,Yes,"PDF, EPUB",Active
KDP Draft — How to Prepare Gullah Side Dishes,KDP Draft — How to Prepare Gullah Side Dishes — A Gullah Geechee publication by Darryl E. Brown,3.99,1,ggb-manifest-f9368d5,Books & Magazines > Books > eBooks,"Books, Gullah Geechee, eBook, Digital",Digital,,,,,Yes,"PDF, EPUB",Active
How to Make Gullah Breads,How to Make Gullah Breads — A Gullah Geechee publication by Darryl E. Brown,3.99,1,ggb-manifest-deb9d49,Books & Magazines > Books > eBooks,"Books, Gullah Geechee, eBook, Digital",Digital,,,,,Yes,"PDF, EPUB",Active
KDP Draft — How to Master Cast Iron Cooking,KDP Draft — How to Master Cast Iron Cooking — A Gullah Geechee publication by Darryl E. Brown,3.99,1,ggb-manifest-1947810,Books & Magazines > Books > eBooks,"Books, Gullah Geechee, eBook, Digital",Digital,,,,,Yes,"PDF, EPUB",Active
KDP Draft — How to Manage Business Finances,KDP Draft — How to Manage Business Finances — A Gullah Geechee publication by Darryl E. Brown,3.99,1,ggb-manifest-d9708f7,Books & Magazines > Books > eBooks,"Books, Gullah Geechee, eBook, Digital",Digital,,,,,Yes,"PDF, EPUB",Active
How to Build Mental Toughness,How to Build Mental Toughness — A Gullah Geechee publication by Darryl E. Brown,3.99,1,ggb-manifest-cd7b22e,Books & Magazines > Books > eBooks,"Books, Gullah Geechee, eBook, Digital",Digital,,,,,Yes,"PDF, EPUB",Active
How to Practice Radical Self-Care,How to Practice Radical Self-Care — A Gullah Geechee publication by Darryl E. Brown,3.99,1,ggb-manifest-e2ef3f8,Books & Magazines > Books > eBooks,"Books, Gullah Geechee, eBook, Digital",Digital,,,,,Yes,"PDF, EPUB",Active
KDP Draft — How to Make Mac and Cheese the Southern Way,KDP Draft — How to Make Mac and Cheese the Southern Way — A Gullah Geechee publication by Darryl E. Brown,3.99,1,ggb-manifest-3ff83d2,Books & Magazines > Books > eBooks,"Books, Gullah Geechee, eBook, Digital",Digital,,,,,Yes,"PDF, EPUB",Active
The Gullah Geechee Guide to Yearning,The Gullah Geechee Guide to Yearning — A Gullah Geechee publication by Darryl E. Brown,3.99,1,ggb-manifest-59269f4,Books & Magazines > Books > eBooks,"Books, Gullah Geechee, eBook, Digital",Digital,,,,,Yes,"PDF, EPUB",Active
How to Create a Product Launch Plan,How to Create a Product Launch Plan — A Gullah Geechee publication by Darryl E. Brown,3.99,1,ggb-manifest-2a55f3e,Books & Magazines > Books > eBooks,"Books, Gullah Geechee, eBook, Digital",Digital,,,,,Yes,"PDF, EPUB",Active
How to Build a Website on a Budget,How to Build a Website on a Budget — A Gullah Geechee publication by Darryl E. Brown,3.99,1,ggb-manifest-e3c8f93,Books & Magazines > Books > eBooks,"Books, Gullah Geechee, eBook, Digital",Digital,,,,,Yes,"PDF, EPUB",Active
How to Handle Criticism Gracefully,How to Handle Criticism Gracefully — A Gullah Geechee publication by Darryl E. Brown,3.99,1,ggb-manifest-82736e8,Books & Magazines > Books > eBooks,"Books, Gullah Geechee, eBook, Digital",Digital,,,,,Yes,"PDF, EPUB",Active
How to Handle Criticism Gracefully,How to Handle Criticism Gracefully — A Gullah Geechee publication by Darryl E. Brown,3.99,1,ggb-manifest-195b9fe,Books & Magazines > Books > eBooks,"Books, Gullah Geechee, eBook, Digital",Digital,,,,,Yes,"PDF, EPUB",Active
How to Preserve Summer Vegetables,How to Preserve Summer Vegetables — A Gullah Geechee publication by Darryl E. Brown,3.99,1,ggb-manifest-5e0edeb,Books & Magazines > Books > eBooks,"Books, Gullah Geechee, eBook, Digital",Digital,,,,,Yes,"PDF, EPUB",Active
Gullah Geechee Microenterprise,Gullah Geechee Microenterprise — A Gullah Geechee publication by Darryl E. Brown,3.99,1,ggb-manifest-a3518b2,Books & Magazines > Books > eBooks,"Books, Gullah Geechee, eBook, Digital",Digital,,,,,Yes,"PDF, EPUB",Active
How to Build Vulnerability,How to Build Vulnerability — A Gullah Geechee publication by Darryl E. Brown,3.99,1,ggb-manifest-09e531c,Books & Magazines > Books > eBooks,"Books, Gullah Geechee, eBook, Digital",Digital,,,,,Yes,"PDF, EPUB",Active
How to Prepare Gullah Chicken Soup,How to Prepare Gullah Chicken Soup — A Gullah Geechee publication by Darryl E. Brown,3.99,1,ggb-manifest-c413028,Books & Magazines > Books > eBooks,"Books, Gullah Geechee, eBook, Digital",Digital,,,,,Yes,"PDF, EPUB",Active
Gullah Geechee Smoothies,Gullah Geechee Smoothies — A Gullah Geechee publication by Darryl E. Brown,3.99,1,ggb-manifest-8d3daf2,Books & Magazines > Books > eBooks,"Books, Gullah Geechee, eBook, Digital",Digital,,,,,Yes,"PDF, EPUB",Active
How to Make Southern Cornbread from Scratch,How to Make Southern Cornbread from Scratch — A Gullah Geechee publication by Darryl E. Brown,3.99,1,ggb-manifest-5f842a9,Books & Magazines > Books > eBooks,"Books, Gullah Geechee, eBook, Digital",Digital,,,,,Yes,"PDF, EPUB",Active
How to Fry the Perfect Fish,How to Fry the Perfect Fish — A Gullah Geechee publication by Darryl E. Brown,3.99,1,ggb-manifest-a31130f,Books & Magazines > Books > eBooks,"Books, Gullah Geechee, eBook, Digital",Digital,,,,,Yes,"PDF, EPUB",Active
KDP Draft — How to Build Unshakeable Confidence,KDP Draft — How to Build Unshakeable Confidence — A Gullah Geechee publication by Darryl E. Brown,3.99,1,ggb-manifest-1ce8d88,Books & Magazines > Books > eBooks,"Books, Gullah Geechee, eBook, Digital",Digital,,,,,Yes,"PDF, EPUB",Active
KDP Draft — How to Cook Collard Greens the Right Way,KDP Draft — How to Cook Collard Greens the Right Way — A Gullah Geechee publication by Darryl E. Brown,3.99,1,ggb-manifest-d815d83,Books & Magazines > Books > eBooks,"Books, Gullah Geechee, eBook, Digital",Digital,,,,,Yes,"PDF, EPUB",Active
KDP Draft — The Gullah Geechee Guide to Discipline,KDP Draft — The Gullah Geechee Guide to Discipline — A Gullah Geechee publication by Darryl E. Brown,3.99,1,ggb-manifest-48d956f,Books & Magazines > Books > eBooks,"Books, Gullah Geechee, eBook, Digital",Digital,,,,,Yes,"PDF, EPUB",Active
KDP Draft — How to Set Boundaries That Stick,KDP Draft — How to Set Boundaries That Stick — A Gullah Geechee publication by Darryl E. Brown,3.99,1,ggb-manifest-2490377,Books & Magazines > Books > eBooks,"Books, Gullah Geechee, eBook, Digital",Digital,,,,,Yes,"PDF, EPUB",Active
How to Build Strategic Partnerships,How to Build Strategic Partnerships — A Gullah Geechee publication by Darryl E. Brown,3.99,1,ggb-manifest-22c99f5,Books & Magazines > Books > eBooks,"Books, Gullah Geechee, eBook, Digital",Digital,,,,,Yes,"PDF, EPUB",Active
KDP Draft — How to Build Resilience in Tough Times,KDP Draft — How to Build Resilience in Tough Times — A Gullah Geechee publication by Darryl E. Brown,3.99,1,ggb-manifest-57b1947,Books & Magazines > Books > eBooks,"Books, Gullah Geechee, eBook, Digital",Digital,,,,,Yes,"PDF, EPUB",Active
How to Price Your Products or Services,How to Price Your Products or Services — A Gullah Geechee publication by Darryl E. Brown,3.99,1,ggb-manifest-031a405,Books & Magazines > Books > eBooks,"Books, Gullah Geechee, eBook, Digital",Digital,,,,,Yes,"PDF, EPUB",Active
How to Cook Perfect Gullah Red Rice,How to Cook Perfect Gullah Red Rice — A Gullah Geechee publication by Darryl E. Brown,3.99,1,ggb-manifest-aa7068f,Books & Magazines > Books > eBooks,"Books, Gullah Geechee, eBook, Digital",Digital,,,,,Yes,"PDF, EPUB",Active
How to Build Healthy Relationships,How to Build Healthy Relationships — A Gullah Geechee publication by Darryl E. Brown,3.99,1,ggb-manifest-2bb8608,Books & Magazines > Books > eBooks,"Books, Gullah Geechee, eBook, Digital",Digital,,,,,Yes,"PDF, EPUB",Active
How to Cook Gullah Cabbage,How to Cook Gullah Cabbage — A Gullah Geechee publication by Darryl E. Brown,3.99,1,ggb-manifest-9fff171,Books & Magazines > Books > eBooks,"Books, Gullah Geechee, eBook, Digital",Digital,,,,,Yes,"PDF, EPUB",Active
Encyclopedia Volume 01,Encyclopedia Volume 01 — A Gullah Geechee publication by Darryl E. Brown,3.99,1,ggb-manifest-65ab226,Books & Magazines > Books > eBooks,"Books, Gullah Geechee, eBook, Digital",Digital,,,,,Yes,"PDF, EPUB",Active
KDP Draft — How to Practice Radical Self-Care,KDP Draft — How to Practice Radical Self-Care — A Gullah Geechee publication by Darryl E. Brown,3.99,1,ggb-manifest-7d2759f,Books & Magazines > Books > eBooks,"Books, Gullah Geechee, eBook, Digital",Digital,,,,,Yes,"PDF, EPUB",Active
KDP Draft — How to Create a Customer Journey Map,KDP Draft — How to Create a Customer Journey Map — A Gullah Geechee publication by Darryl E. Brown,3.99,1,ggb-manifest-2149a83,Books & Magazines > Books > eBooks,"Books, Gullah Geechee, eBook, Digital",Digital,,,,,Yes,"PDF, EPUB",Active
How to Build a Personal Brand,How to Build a Personal Brand — A Gullah Geechee publication by Darryl E. Brown,3.99,1,ggb-manifest-82e842f,Books & Magazines > Books > eBooks,"Books, Gullah Geechee, eBook, Digital",Digital,,,,,Yes,"PDF, EPUB",Active
KDP Draft — How to Manage Anxiety Naturally,KDP Draft — How to Manage Anxiety Naturally — A Gullah Geechee publication by Darryl E. Brown,3.99,1,ggb-manifest-d5494f7,Books & Magazines > Books > eBooks,"Books, Gullah Geechee, eBook, Digital",Digital,,,,,Yes,"PDF, EPUB",Active
KDP Draft — How to Build a Remote Team,KDP Draft — How to Build a Remote Team — A Gullah Geechee publication by Darryl E. Brown,3.99,1,ggb-manifest-f0b7d59,Books & Magazines > Books > eBooks,"Books, Gullah Geechee, eBook, Digital",Digital,,,,,Yes,"PDF, EPUB",Active
How to Find Inner Peace,How to Find Inner Peace — A Gullah Geechee publication by Darryl E. Brown,3.99,1,ggb-manifest-9782beb,Books & Magazines > Books > eBooks,"Books, Gullah Geechee, eBook, Digital",Digital,,,,,Yes,"PDF, EPUB",Active
KDP Draft — How to Manage Anxiety Naturally,KDP Draft — How to Manage Anxiety Naturally — A Gullah Geechee publication by Darryl E. Brown,3.99,1,ggb-manifest-5a75f46,Books & Magazines > Books > eBooks,"Books, Gullah Geechee, eBook, Digital",Digital,,,,,Yes,"PDF, EPUB",Active
Encyclopedia Volume 05,Encyclopedia Volume 05 — A Gullah Geechee publication by Darryl E. Brown,3.99,1,ggb-manifest-436dc1a,Books & Magazines > Books > eBooks,"Books, Gullah Geechee, eBook, Digital",Digital,,,,,Yes,"PDF, EPUB",Active
How to Negotiate Better Deals,How to Negotiate Better Deals — A Gullah Geechee publication by Darryl E. Brown,3.99,1,ggb-manifest-58a5815,Books & Magazines > Books > eBooks,"Books, Gullah Geechee, eBook, Digital",Digital,,,,,Yes,"PDF, EPUB",Active
How to Build an Email List from Scratch,How to Build an Email List from Scratch — A Gullah Geechee publication by Darryl E. Brown,3.99,1,ggb-manifest-c00a2a5,Books & Magazines > Books > eBooks,"Books, Gullah Geechee, eBook, Digital",Digital,,,,,Yes,"PDF, EPUB",Active
KDP Draft — How to Make Gullah Breakfast,KDP Draft — How to Make Gullah Breakfast — A Gullah Geechee publication by Darryl E. Brown,3.99,1,ggb-manifest-56be45f,Books & Magazines > Books > eBooks,"Books, Gullah Geechee, eBook, Digital",Digital,,,,,Yes,"PDF, EPUB",Active
How to Make Mac and Cheese the Southern Way,How to Make Mac and Cheese the Southern Way — A Gullah Geechee publication by Darryl E. Brown,3.99,1,ggb-manifest-bbf54da,Books & Magazines > Books > eBooks,"Books, Gullah Geechee, eBook, Digital",Digital,,,,,Yes,"PDF, EPUB",Active
KDP Draft — How to Build an Email List from Scratch,KDP Draft — How to Build an Email List from Scratch — A Gullah Geechee publication by Darryl E. Brown,3.99,1,ggb-manifest-405fba0,Books & Magazines > Books > eBooks,"Books, Gullah Geechee, eBook, Digital",Digital,,,,,Yes,"PDF, EPUB",Active
How to Navigate Life Transitions,How to Navigate Life Transitions — A Gullah Geechee publication by Darryl E. Brown,3.99,1,ggb-manifest-b772e58,Books & Magazines > Books > eBooks,"Books, Gullah Geechee, eBook, Digital",Digital,,,,,Yes,"PDF, EPUB",Active
KDP Draft — How to Build Customer Loyalty,KDP Draft — How to Build Customer Loyalty — A Gullah Geechee publication by Darryl E. Brown,3.99,1,ggb-manifest-88419b0,Books & Magazines > Books > eBooks,"Books, Gullah Geechee, eBook, Digital",Digital,,,,,Yes,"PDF, EPUB",Active
KDP Draft — How to Start a Side Hustle,KDP Draft — How to Start a Side Hustle — A Gullah Geechee publication by Darryl E. Brown,3.99,1,ggb-manifest-04adeb7,Books & Magazines > Books > eBooks,"Books, Gullah Geechee, eBook, Digital",Digital,,,,,Yes,"PDF, EPUB",Active
How to Cook Lowcountry Boil,How to Cook Lowcountry Boil — A Gullah Geechee publication by Darryl E. Brown,3.99,1,ggb-manifest-426c1fb,Books & Magazines > Books > eBooks,"Books, Gullah Geechee, eBook, Digital",Digital,,,,,Yes,"PDF, EPUB",Active
How to Cook with Seasonal Lowcountry Ingredients,How to Cook with Seasonal Lowcountry Ingredients — A Gullah Geechee publication by Darryl E. Brown,3.99,1,ggb-manifest-eb64d71,Books & Magazines > Books > eBooks,"Books, Gullah Geechee, eBook, Digital",Digital,,,,,Yes,"PDF, EPUB",Active
How to Develop a Growth Mindset,How to Develop a Growth Mindset — A Gullah Geechee publication by Darryl E. Brown,3.99,1,ggb-manifest-2161768,Books & Magazines > Books > eBooks,"Books, Gullah Geechee, eBook, Digital",Digital,,,,,Yes,"PDF, EPUB",Active
KDP Draft — How to Navigate Life Transitions,KDP Draft — How to Navigate Life Transitions — A Gullah Geechee publication by Darryl E. Brown,3.99,1,ggb-manifest-fa3d705,Books & Magazines > Books > eBooks,"Books, Gullah Geechee, eBook, Digital",Digital,,,,,Yes,"PDF, EPUB",Active
KDP Draft — How to Make Boiled Peanuts,KDP Draft — How to Make Boiled Peanuts — A Gullah Geechee publication by Darryl E. Brown,3.99,1,ggb-manifest-f312564,Books & Magazines > Books > eBooks,"Books, Gullah Geechee, eBook, Digital",Digital,,,,,Yes,"PDF, EPUB",Active
KDP Draft — How to Stay Motivated Every Day,KDP Draft — How to Stay Motivated Every Day — A Gullah Geechee publication by Darryl E. Brown,3.99,1,ggb-manifest-565a8ee,Books & Magazines > Books > eBooks,"Books, Gullah Geechee, eBook, Digital",Digital,,,,,Yes,"PDF, EPUB",Active
How to Master Public Speaking,How to Master Public Speaking — A Gullah Geechee publication by Darryl E. Brown,3.99,1,ggb-manifest-4ec0f72,Books & Magazines > Books > eBooks,"Books, Gullah Geechee, eBook, Digital",Digital,,,,,Yes,"PDF, EPUB",Active
How to Create a Content Strategy,How to Create a Content Strategy — A Gullah Geechee publication by Darryl E. Brown,3.99,1,ggb-manifest-2c8f198,Books & Magazines > Books > eBooks,"Books, Gullah Geechee, eBook, Digital",Digital,,,,,Yes,"PDF, EPUB",Active
KDP Draft — How to Build Mental Toughness,KDP Draft — How to Build Mental Toughness — A Gullah Geechee publication by Darryl E. Brown,3.99,1,ggb-manifest-ee9688c,Books & Magazines > Books > eBooks,"Books, Gullah Geechee, eBook, Digital",Digital,,,,,Yes,"PDF, EPUB",Active
KDP Draft — How to Make Gullah Potato Salad,KDP Draft — How to Make Gullah Potato Salad — A Gullah Geechee publication by Darryl E. Brown,3.99,1,ggb-manifest-c610a3d,Books & Magazines > Books > eBooks,"Books, Gullah Geechee, eBook, Digital",Digital,,,,,Yes,"PDF, EPUB",Active
KDP Draft — How to Make Gullah Breads,KDP Draft — How to Make Gullah Breads — A Gullah Geechee publication by Darryl E. Brown,3.99,1,ggb-manifest-5be3f7c,Books & Magazines > Books > eBooks,"Books, Gullah Geechee, eBook, Digital",Digital,,,,,Yes,"PDF, EPUB",Active
How to Build Confidence,How to Build Confidence — A Gullah Geechee publication by Darryl E. Brown,3.99,1,ggb-manifest-38cd4e3,Books & Magazines > Books > eBooks,"Books, Gullah Geechee, eBook, Digital",Digital,,,,,Yes,"PDF, EPUB",Active
Gullah Geechee Meal Prep,Gullah Geechee Meal Prep — A Gullah Geechee publication by Darryl E. Brown,3.99,1,ggb-manifest-535946d,Books & Magazines > Books > eBooks,"Books, Gullah Geechee, eBook, Digital",Digital,,,,,Yes,"PDF, EPUB",Active
How to Develop Emotional Intelligence,How to Develop Emotional Intelligence — A Gullah Geechee publication by Darryl E. Brown,3.99,1,ggb-manifest-9f188f3,Books & Magazines > Books > eBooks,"Books, Gullah Geechee, eBook, Digital",Digital,,,,,Yes,"PDF, EPUB",Active
The Gullah Geechee Guide to Wisdom,The Gullah Geechee Guide to Wisdom — A Gullah Geechee publication by Darryl E. Brown,3.99,1,ggb-manifest-db889e7,Books & Magazines > Books > eBooks,"Books, Gullah Geechee, eBook, Digital",Digital,,,,,Yes,"PDF, EPUB",Active
KDP Draft — How to Master LinkedIn for Business,KDP Draft — How to Master LinkedIn for Business — A Gullah Geechee publication by Darryl E. Brown,3.99,1,ggb-manifest-74a8701,Books & Magazines > Books > eBooks,"Books, Gullah Geechee, eBook, Digital",Digital,,,,,Yes,"PDF, EPUB",Active
How to Create a Vision Board That Works,How to Create a Vision Board That Works — A Gullah Geechee publication by Darryl E. Brown,3.99,1,ggb-manifest-f2c92f9,Books & Magazines > Books > eBooks,"Books, Gullah Geechee, eBook, Digital",Digital,,,,,Yes,"PDF, EPUB",Active
Lowcountry Tourism,Lowcountry Tourism — A Gullah Geechee publication by Darryl E. Brown,3.99,1,ggb-manifest-6ec516d,Books & Magazines > Books > eBooks,"Books, Gullah Geechee, eBook, Digital",Digital,,,,,Yes,"PDF, EPUB",Active
KDP Draft — How to Manage Your Time Effectively,KDP Draft — How to Manage Your Time Effectively — A Gullah Geechee publication by Darryl E. Brown,3.99,1,ggb-manifest-0ac0b15,Books & Magazines > Books > eBooks,"Books, Gullah Geechee, eBook, Digital",Digital,,,,,Yes,"PDF, EPUB",Active
How to Create a Referral Program,How to Create a Referral Program — A Gullah Geechee publication by Darryl E. Brown,3.99,1,ggb-manifest-d8e0029,Books & Magazines > Books > eBooks,"Books, Gullah Geechee, eBook, Digital",Digital,,,,,Yes,"PDF, EPUB",Active
How to Create a Marketing Funnel,How to Create a Marketing Funnel — A Gullah Geechee publication by Darryl E. Brown,3.99,1,ggb-manifest-bd12f6f,Books & Magazines > Books > eBooks,"Books, Gullah Geechee, eBook, Digital",Digital,,,,,Yes,"PDF, EPUB",Active
KDP Draft — How to Master LinkedIn for Business,KDP Draft — How to Master LinkedIn for Business — A Gullah Geechee publication by Darryl E. Brown,3.99,1,ggb-manifest-6b2ca4a,Books & Magazines > Books > eBooks,"Books, Gullah Geechee, eBook, Digital",Digital,,,,,Yes,"PDF, EPUB",Active
KDP Draft — How to Launch an Online Course,KDP Draft — How to Launch an Online Course — A Gullah Geechee publication by Darryl E. Brown,3.99,1,ggb-manifest-897346b,Books & Magazines > Books > eBooks,"Books, Gullah Geechee, eBook, Digital",Digital,,,,,Yes,"PDF, EPUB",Active
How to Master Email Marketing,How to Master Email Marketing — A Gullah Geechee publication by Darryl E. Brown,3.99,1,ggb-manifest-d4cd4f3,Books & Magazines > Books > eBooks,"Books, Gullah Geechee, eBook, Digital",Digital,,,,,Yes,"PDF, EPUB",Active
How to Create a Product Launch Plan,How to Create a Product Launch Plan — A Gullah Geechee publication by Darryl E. Brown,3.99,1,ggb-manifest-0ea4da1,Books & Magazines > Books > eBooks,"Books, Gullah Geechee, eBook, Digital",Digital,,,,,Yes,"PDF, EPUB",Active
How to Launch an Online Course,How to Launch an Online Course — A Gullah Geechee publication by Darryl E. Brown,3.99,1,ggb-manifest-492072c,Books & Magazines > Books > eBooks,"Books, Gullah Geechee, eBook, Digital",Digital,,,,,Yes,"PDF, EPUB",Active
KDP Draft — How to Build Mental Toughness,KDP Draft — How to Build Mental Toughness — A Gullah Geechee publication by Darryl E. Brown,3.99,1,ggb-manifest-d352c66,Books & Magazines > Books > eBooks,"Books, Gullah Geechee, eBook, Digital",Digital,,,,,Yes,"PDF, EPUB",Active
KDP Draft — How to Break Bad Habits Forever,KDP Draft — How to Break Bad Habits Forever — A Gullah Geechee publication by Darryl E. Brown,3.99,1,ggb-manifest-4b5e85c,Books & Magazines > Books > eBooks,"Books, Gullah Geechee, eBook, Digital",Digital,,,,,Yes,"PDF, EPUB",Active
How to Let Go of Perfectionism,How to Let Go of Perfectionism — A Gullah Geechee publication by Darryl E. Brown,3.99,1,ggb-manifest-56be485,Books & Magazines > Books > eBooks,"Books, Gullah Geechee, eBook, Digital",Digital,,,,,Yes,"PDF, EPUB",Active
Encyclopedia Volume 01,Encyclopedia Volume 01 — A Gullah Geechee publication by Darryl E. Brown,3.99,1,ggb-manifest-dea290c,Books & Magazines > Books > eBooks,"Books, Gullah Geechee, eBook, Digital",Digital,,,,,Yes,"PDF, EPUB",Active
How to Manage Your Time Effectively,How to Manage Your Time Effectively — A Gullah Geechee publication by Darryl E. Brown,3.99,1,ggb-manifest-a060684,Books & Magazines > Books > eBooks,"Books, Gullah Geechee, eBook, Digital",Digital,,,,,Yes,"PDF, EPUB",Active
How to Make Holiday Gullah Feasts,How to Make Holiday Gullah Feasts — A Gullah Geechee publication by Darryl E. Brown,3.99,1,ggb-manifest-e84c274,Books & Magazines > Books > eBooks,"Books, Gullah Geechee, eBook, Digital",Digital,,,,,Yes,"PDF, EPUB",Active
How to Bake Sweet Potato Pie,How to Bake Sweet Potato Pie — A Gullah Geechee publication by Darryl E. Brown,3.99,1,ggb-manifest-74d5e34,Books & Magazines > Books > eBooks,"Books, Gullah Geechee, eBook, Digital",Digital,,,,,Yes,"PDF, EPUB",Active
How to Create a Marketing Funnel,How to Create a Marketing Funnel — A Gullah Geechee publication by Darryl E. Brown,3.99,1,ggb-manifest-1609f37,Books & Magazines > Books > eBooks,"Books, Gullah Geechee, eBook, Digital",Digital,,,,,Yes,"PDF, EPUB",Active
KDP Draft — How to Prepare Okra and Tomatoes,KDP Draft — How to Prepare Okra and Tomatoes — A Gullah Geechee publication by Darryl E. Brown,3.99,1,ggb-manifest-80bd9de,Books & Magazines > Books > eBooks,"Books, Gullah Geechee, eBook, Digital",Digital,,,,,Yes,"PDF, EPUB",Active
How to Cook Gullah Cabbage,How to Cook Gullah Cabbage — A Gullah Geechee publication by Darryl E. Brown,3.99,1,ggb-manifest-aefc2a9,Books & Magazines > Books > eBooks,"Books, Gullah Geechee, eBook, Digital",Digital,,,,,Yes,"PDF, EPUB",Active
How to Write a Winning Grant Proposal,How to Write a Winning Grant Proposal — A Gullah Geechee publication by Darryl E. Brown,3.99,1,ggb-manifest-01579bd,Books & Magazines > Books > eBooks,"Books, Gullah Geechee, eBook, Digital",Digital,,,,,Yes,"PDF, EPUB",Active
Sweetgrass in the Hands,Sweetgrass in the Hands — A Gullah Geechee publication by Darryl E. Brown,3.99,1,ggb-manifest-ffde56a,Books & Magazines > Books > eBooks,"Books, Gullah Geechee, eBook, Digital",Digital,,,,,Yes,"PDF, EPUB",Active
Encyclopedia Volume 01,Encyclopedia Volume 01 — A Gullah Geechee publication by Darryl E. Brown,3.99,1,ggb-manifest-dbed700,Books & Magazines > Books > eBooks,"Books, Gullah Geechee, eBook, Digital",Digital,,,,,Yes,"PDF, EPUB",Active
The Sea Islands Story,The Sea Islands Story — A Gullah Geechee publication by Darryl E. Brown,3.99,1,ggb-manifest-8dc4a16,Books & Magazines > Books > eBooks,"Books, Gullah Geechee, eBook, Digital",Digital,,,,,Yes,"PDF, EPUB",Active
Batch 001 How To Find Your Purpose,Batch 001 How To Find Your Purpose — A Gullah Geechee publication by Darryl E. Brown,3.99,1,ggb-manifest-batch-0,Books & Magazines > Books > eBooks,"Books, Gullah Geechee, eBook, Digital",Digital,,,,,Yes,"PDF, EPUB",Active
Batch 002 How To Build Unshakeable Confidence,Batch 002 How To Build Unshakeable Confidence — A Gullah Geechee publication by Darryl E. Brown,3.99,1,ggb-manifest-batch-0,Books & Magazines > Books > eBooks,"Books, Gullah Geechee, eBook, Digital",Digital,,,,,Yes,"PDF, EPUB",Active
Batch 003 How To Master Your Morning Routine,Batch 003 How To Master Your Morning Routine — A Gullah Geechee publication by Darryl E. Brown,3.99,1,ggb-manifest-batch-0,Books & Magazines > Books > eBooks,"Books, Gullah Geechee, eBook, Digital",Digital,,,,,Yes,"PDF, EPUB",Active
Batch 004 How To Overcome Imposter Syndrome,Batch 004 How To Overcome Imposter Syndrome — A Gullah Geechee publication by Darryl E. Brown,3.99,1,ggb-manifest-batch-0,Books & Magazines > Books > eBooks,"Books, Gullah Geechee, eBook, Digital",Digital,,,,,Yes,"PDF, EPUB",Active
Batch 005 How To Practice Radical Self Care,Batch 005 How To Practice Radical Self Care — A Gullah Geechee publication by Darryl E. Brown,3.99,1,ggb-manifest-batch-0,Books & Magazines > Books > eBooks,"Books, Gullah Geechee, eBook, Digital",Digital,,,,,Yes,"PDF, EPUB",Active
Batch 006 How To Set Boundaries That Stick,Batch 006 How To Set Boundaries That Stick — A Gullah Geechee publication by Darryl E. Brown,3.99,1,ggb-manifest-batch-0,Books & Magazines > Books > eBooks,"Books, Gullah Geechee, eBook, Digital",Digital,,,,,Yes,"PDF, EPUB",Active
Batch 007 How To Break Bad Habits Forever,Batch 007 How To Break Bad Habits Forever — A Gullah Geechee publication by Darryl E. Brown,3.99,1,ggb-manifest-batch-0,Books & Magazines > Books > eBooks,"Books, Gullah Geechee, eBook, Digital",Digital,,,,,Yes,"PDF, EPUB",Active
Batch 008 How To Cultivate Daily Gratitude,Batch 008 How To Cultivate Daily Gratitude — A Gullah Geechee publication by Darryl E. Brown,3.99,1,ggb-manifest-batch-0,Books & Magazines > Books > eBooks,"Books, Gullah Geechee, eBook, Digital",Digital,,,,,Yes,"PDF, EPUB",Active
Batch 009 How To Manage Anxiety Naturally,Batch 009 How To Manage Anxiety Naturally — A Gullah Geechee publication by Darryl E. Brown,3.99,1,ggb-manifest-batch-0,Books & Magazines > Books > eBooks,"Books, Gullah Geechee, eBook, Digital",Digital,,,,,Yes,"PDF, EPUB",Active
Batch 010 How To Develop Emotional Intelligence,Batch 010 How To Develop Emotional Intelligence — A Gullah Geechee publication by Darryl E. Brown,3.99,1,ggb-manifest-batch-0,Books & Magazines > Books > eBooks,"Books, Gullah Geechee, eBook, Digital",Digital,,,,,Yes,"PDF, EPUB",Active
Batch 011 How To Forgive Yourself And Move On,Batch 011 How To Forgive Yourself And Move On — A Gullah Geechee publication by Darryl E. Brown,3.99,1,ggb-manifest-batch-0,Books & Magazines > Books > eBooks,"Books, Gullah Geechee, eBook, Digital",Digital,,,,,Yes,"PDF, EPUB",Active
Batch 012 How To Stay Motivated Every Day,Batch 012 How To Stay Motivated Every Day — A Gullah Geechee publication by Darryl E. Brown,3.99,1,ggb-manifest-batch-0,Books & Magazines > Books > eBooks,"Books, Gullah Geechee, eBook, Digital",Digital,,,,,Yes,"PDF, EPUB",Active
Batch 013 How To Build Resilience In Tough Times,Batch 013 How To Build Resilience In Tough Times — A Gullah Geechee publication by Darryl E. Brown,3.99,1,ggb-manifest-batch-0,Books & Magazines > Books > eBooks,"Books, Gullah Geechee, eBook, Digital",Digital,,,,,Yes,"PDF, EPUB",Active
Batch 014 How To Practice Mindful Living,Batch 014 How To Practice Mindful Living — A Gullah Geechee publication by Darryl E. Brown,3.99,1,ggb-manifest-batch-0,Books & Magazines > Books > eBooks,"Books, Gullah Geechee, eBook, Digital",Digital,,,,,Yes,"PDF, EPUB",Active
Batch 015 How To Let Go Of Perfectionism,Batch 015 How To Let Go Of Perfectionism — A Gullah Geechee publication by Darryl E. Brown,3.99,1,ggb-manifest-batch-0,Books & Magazines > Books > eBooks,"Books, Gullah Geechee, eBook, Digital",Digital,,,,,Yes,"PDF, EPUB",Active
Batch 016 How To Create A Personal Mission Stateme,Batch 016 How To Create A Personal Mission Stateme — A Gullah Geechee publication by Darryl E. Brown,3.99,1,ggb-manifest-batch-0,Books & Magazines > Books > eBooks,"Books, Gullah Geechee, eBook, Digital",Digital,,,,,Yes,"PDF, EPUB",Active
Batch 017 How To Develop A Growth Mindset,Batch 017 How To Develop A Growth Mindset — A Gullah Geechee publication by Darryl E. Brown,3.99,1,ggb-manifest-batch-0,Books & Magazines > Books > eBooks,"Books, Gullah Geechee, eBook, Digital",Digital,,,,,Yes,"PDF, EPUB",Active
Batch 018 How To Handle Criticism Gracefully,Batch 018 How To Handle Criticism Gracefully — A Gullah Geechee publication by Darryl E. Brown,3.99,1,ggb-manifest-batch-0,Books & Magazines > Books > eBooks,"Books, Gullah Geechee, eBook, Digital",Digital,,,,,Yes,"PDF, EPUB",Active
Batch 019 How To Build Healthy Relationships,Batch 019 How To Build Healthy Relationships — A Gullah Geechee publication by Darryl E. Brown,3.99,1,ggb-manifest-batch-0,Books & Magazines > Books > eBooks,"Books, Gullah Geechee, eBook, Digital",Digital,,,,,Yes,"PDF, EPUB",Active
Batch 020 How To Find Inner Peace,Batch 020 How To Find Inner Peace — A Gullah Geechee publication by Darryl E. Brown,3.99,1,ggb-manifest-batch-0,Books & Magazines > Books > eBooks,"Books, Gullah Geechee, eBook, Digital",Digital,,,,,Yes,"PDF, EPUB",Active
Batch 021 How To Stop People Pleasing,Batch 021 How To Stop People Pleasing — A Gullah Geechee publication by Darryl E. Brown,3.99,1,ggb-manifest-batch-0,Books & Magazines > Books > eBooks,"Books, Gullah Geechee, eBook, Digital",Digital,,,,,Yes,"PDF, EPUB",Active
Batch 022 How To Embrace Your Authentic Self,Batch 022 How To Embrace Your Authentic Self — A Gullah Geechee publication by Darryl E. Brown,3.99,1,ggb-manifest-batch-0,Books & Magazines > Books > eBooks,"Books, Gullah Geechee, eBook, Digital",Digital,,,,,Yes,"PDF, EPUB",Active
Batch 023 How To Navigate Life Transitions,Batch 023 How To Navigate Life Transitions — A Gullah Geechee publication by Darryl E. Brown,3.99,1,ggb-manifest-batch-0,Books & Magazines > Books > eBooks,"Books, Gullah Geechee, eBook, Digital",Digital,,,,,Yes,"PDF, EPUB",Active
Batch 024 How To Practice Self Compassion,Batch 024 How To Practice Self Compassion — A Gullah Geechee publication by Darryl E. Brown,3.99,1,ggb-manifest-batch-0,Books & Magazines > Books > eBooks,"Books, Gullah Geechee, eBook, Digital",Digital,,,,,Yes,"PDF, EPUB",Active
Batch 025 How To Build Mental Toughness,Batch 025 How To Build Mental Toughness — A Gullah Geechee publication by Darryl E. Brown,3.99,1,ggb-manifest-batch-0,Books & Magazines > Books > eBooks,"Books, Gullah Geechee, eBook, Digital",Digital,,,,,Yes,"PDF, EPUB",Active
Batch 026 How To Create A Vision Board That Works,Batch 026 How To Create A Vision Board That Works — A Gullah Geechee publication by Darryl E. Brown,3.99,1,ggb-manifest-batch-0,Books & Magazines > Books > eBooks,"Books, Gullah Geechee, eBook, Digital",Digital,,,,,Yes,"PDF, EPUB",Active
Batch 027 How To Develop Daily Discipline,Batch 027 How To Develop Daily Discipline — A Gullah Geechee publication by Darryl E. Brown,3.99,1,ggb-manifest-batch-0,Books & Magazines > Books > eBooks,"Books, Gullah Geechee, eBook, Digital",Digital,,,,,Yes,"PDF, EPUB",Active
Batch 028 How To Overcome Fear Of Failure,Batch 028 How To Overcome Fear Of Failure — A Gullah Geechee publication by Darryl E. Brown,3.99,1,ggb-manifest-batch-0,Books & Magazines > Books > eBooks,"Books, Gullah Geechee, eBook, Digital",Digital,,,,,Yes,"PDF, EPUB",Active
Batch 029 How To Cultivate Patience,Batch 029 How To Cultivate Patience — A Gullah Geechee publication by Darryl E. Brown,3.99,1,ggb-manifest-batch-0,Books & Magazines > Books > eBooks,"Books, Gullah Geechee, eBook, Digital",Digital,,,,,Yes,"PDF, EPUB",Active
Batch 030 How To Live With Intention,Batch 030 How To Live With Intention — A Gullah Geechee publication by Darryl E. Brown,3.99,1,ggb-manifest-batch-0,Books & Magazines > Books > eBooks,"Books, Gullah Geechee, eBook, Digital",Digital,,,,,Yes,"PDF, EPUB",Active
Batch 031 How To Start A Side Hustle,Batch 031 How To Start A Side Hustle — A Gullah Geechee publication by Darryl E. Brown,3.99,1,ggb-manifest-batch-0,Books & Magazines > Books > eBooks,"Books, Gullah Geechee, eBook, Digital",Digital,,,,,Yes,"PDF, EPUB",Active
Batch 032 How To Build A Personal Brand,Batch 032 How To Build A Personal Brand — A Gullah Geechee publication by Darryl E. Brown,3.99,1,ggb-manifest-batch-0,Books & Magazines > Books > eBooks,"Books, Gullah Geechee, eBook, Digital",Digital,,,,,Yes,"PDF, EPUB",Active
Batch 033 How To Create A Business Plan,Batch 033 How To Create A Business Plan — A Gullah Geechee publication by Darryl E. Brown,3.99,1,ggb-manifest-batch-0,Books & Magazines > Books > eBooks,"Books, Gullah Geechee, eBook, Digital",Digital,,,,,Yes,"PDF, EPUB",Active
Batch 034 How To Master Social Media Marketing,Batch 034 How To Master Social Media Marketing — A Gullah Geechee publication by Darryl E. Brown,3.99,1,ggb-manifest-batch-0,Books & Magazines > Books > eBooks,"Books, Gullah Geechee, eBook, Digital",Digital,,,,,Yes,"PDF, EPUB",Active
Batch 035 How To Launch An Online Course,Batch 035 How To Launch An Online Course — A Gullah Geechee publication by Darryl E. Brown,3.99,1,ggb-manifest-batch-0,Books & Magazines > Books > eBooks,"Books, Gullah Geechee, eBook, Digital",Digital,,,,,Yes,"PDF, EPUB",Active
Batch 036 How To Write A Winning Grant Proposal,Batch 036 How To Write A Winning Grant Proposal — A Gullah Geechee publication by Darryl E. Brown,3.99,1,ggb-manifest-batch-0,Books & Magazines > Books > eBooks,"Books, Gullah Geechee, eBook, Digital",Digital,,,,,Yes,"PDF, EPUB",Active
Batch 037 How To Build An Email List From Scratch,Batch 037 How To Build An Email List From Scratch — A Gullah Geechee publication by Darryl E. Brown,3.99,1,ggb-manifest-batch-0,Books & Magazines > Books > eBooks,"Books, Gullah Geechee, eBook, Digital",Digital,,,,,Yes,"PDF, EPUB",Active
Batch 038 How To Price Your Products Or Services,Batch 038 How To Price Your Products Or Services — A Gullah Geechee publication by Darryl E. Brown,3.99,1,ggb-manifest-batch-0,Books & Magazines > Books > eBooks,"Books, Gullah Geechee, eBook, Digital",Digital,,,,,Yes,"PDF, EPUB",Active
Batch 039 How To Network Like A Pro,Batch 039 How To Network Like A Pro — A Gullah Geechee publication by Darryl E. Brown,3.99,1,ggb-manifest-batch-0,Books & Magazines > Books > eBooks,"Books, Gullah Geechee, eBook, Digital",Digital,,,,,Yes,"PDF, EPUB",Active
Batch 040 How To Manage Business Finances,Batch 040 How To Manage Business Finances — A Gullah Geechee publication by Darryl E. Brown,3.99,1,ggb-manifest-batch-0,Books & Magazines > Books > eBooks,"Books, Gullah Geechee, eBook, Digital",Digital,,,,,Yes,"PDF, EPUB",Active
Batch 041 How To Create A Content Strategy,Batch 041 How To Create A Content Strategy — A Gullah Geechee publication by Darryl E. Brown,3.99,1,ggb-manifest-batch-0,Books & Magazines > Books > eBooks,"Books, Gullah Geechee, eBook, Digital",Digital,,,,,Yes,"PDF, EPUB",Active
Batch 042 How To Build A Website On A Budget,Batch 042 How To Build A Website On A Budget — A Gullah Geechee publication by Darryl E. Brown,3.99,1,ggb-manifest-batch-0,Books & Magazines > Books > eBooks,"Books, Gullah Geechee, eBook, Digital",Digital,,,,,Yes,"PDF, EPUB",Active
Batch 043 How To Master Public Speaking,Batch 043 How To Master Public Speaking — A Gullah Geechee publication by Darryl E. Brown,3.99,1,ggb-manifest-batch-0,Books & Magazines > Books > eBooks,"Books, Gullah Geechee, eBook, Digital",Digital,,,,,Yes,"PDF, EPUB",Active
Batch 044 How To Negotiate Better Deals,Batch 044 How To Negotiate Better Deals — A Gullah Geechee publication by Darryl E. Brown,3.99,1,ggb-manifest-batch-0,Books & Magazines > Books > eBooks,"Books, Gullah Geechee, eBook, Digital",Digital,,,,,Yes,"PDF, EPUB",Active
Batch 045 How To Build A Remote Team,Batch 045 How To Build A Remote Team — A Gullah Geechee publication by Darryl E. Brown,3.99,1,ggb-manifest-batch-0,Books & Magazines > Books > eBooks,"Books, Gullah Geechee, eBook, Digital",Digital,,,,,Yes,"PDF, EPUB",Active
Batch 046 How To Scale Your Small Business,Batch 046 How To Scale Your Small Business — A Gullah Geechee publication by Darryl E. Brown,3.99,1,ggb-manifest-batch-0,Books & Magazines > Books > eBooks,"Books, Gullah Geechee, eBook, Digital",Digital,,,,,Yes,"PDF, EPUB",Active
Batch 047 How To Create A Marketing Funnel,Batch 047 How To Create A Marketing Funnel — A Gullah Geechee publication by Darryl E. Brown,3.99,1,ggb-manifest-batch-0,Books & Magazines > Books > eBooks,"Books, Gullah Geechee, eBook, Digital",Digital,,,,,Yes,"PDF, EPUB",Active
Batch 048 How To Use Ai In Your Business,Batch 048 How To Use Ai In Your Business — A Gullah Geechee publication by Darryl E. Brown,3.99,1,ggb-manifest-batch-0,Books & Magazines > Books > eBooks,"Books, Gullah Geechee, eBook, Digital",Digital,,,,,Yes,"PDF, EPUB",Active
Batch 049 How To Build Customer Loyalty,Batch 049 How To Build Customer Loyalty — A Gullah Geechee publication by Darryl E. Brown,3.99,1,ggb-manifest-batch-0,Books & Magazines > Books > eBooks,"Books, Gullah Geechee, eBook, Digital",Digital,,,,,Yes,"PDF, EPUB",Active
Batch 050 How To Manage Your Time Effectively,Batch 050 How To Manage Your Time Effectively — A Gullah Geechee publication by Darryl E. Brown,3.99,1,ggb-manifest-batch-0,Books & Magazines > Books > eBooks,"Books, Gullah Geechee, eBook, Digital",Digital,,,,,Yes,"PDF, EPUB",Active
Batch 051 How To Create A Sales Funnel,Batch 051 How To Create A Sales Funnel — A Gullah Geechee publication by Darryl E. Brown,3.99,1,ggb-manifest-batch-0,Books & Magazines > Books > eBooks,"Books, Gullah Geechee, eBook, Digital",Digital,,,,,Yes,"PDF, EPUB",Active
Batch 052 How To Build Strategic Partnerships,Batch 052 How To Build Strategic Partnerships — A Gullah Geechee publication by Darryl E. Brown,3.99,1,ggb-manifest-batch-0,Books & Magazines > Books > eBooks,"Books, Gullah Geechee, eBook, Digital",Digital,,,,,Yes,"PDF, EPUB",Active
Batch 053 How To Master Email Marketing,Batch 053 How To Master Email Marketing — A Gullah Geechee publication by Darryl E. Brown,3.99,1,ggb-manifest-batch-0,Books & Magazines > Books > eBooks,"Books, Gullah Geechee, eBook, Digital",Digital,,,,,Yes,"PDF, EPUB",Active
Batch 054 How To Create A Brand Style Guide,Batch 054 How To Create A Brand Style Guide — A Gullah Geechee publication by Darryl E. Brown,3.99,1,ggb-manifest-batch-0,Books & Magazines > Books > eBooks,"Books, Gullah Geechee, eBook, Digital",Digital,,,,,Yes,"PDF, EPUB",Active
Batch 055 How To Build A Freelance Career,Batch 055 How To Build A Freelance Career — A Gullah Geechee publication by Darryl E. Brown,3.99,1,ggb-manifest-batch-0,Books & Magazines > Books > eBooks,"Books, Gullah Geechee, eBook, Digital",Digital,,,,,Yes,"PDF, EPUB",Active
Batch 056 How To Write Copy That Sells,Batch 056 How To Write Copy That Sells — A Gullah Geechee publication by Darryl E. Brown,3.99,1,ggb-manifest-batch-0,Books & Magazines > Books > eBooks,"Books, Gullah Geechee, eBook, Digital",Digital,,,,,Yes,"PDF, EPUB",Active
Batch 057 How To Create A Product Launch Plan,Batch 057 How To Create A Product Launch Plan — A Gullah Geechee publication by Darryl E. Brown,3.99,1,ggb-manifest-batch-0,Books & Magazines > Books > eBooks,"Books, Gullah Geechee, eBook, Digital",Digital,,,,,Yes,"PDF, EPUB",Active
Batch 058 How To Build A Community Around Your Bra,Batch 058 How To Build A Community Around Your Bra — A Gullah Geechee publication by Darryl E. Brown,3.99,1,ggb-manifest-batch-0,Books & Magazines > Books > eBooks,"Books, Gullah Geechee, eBook, Digital",Digital,,,,,Yes,"PDF, EPUB",Active
Batch 059 How To Master Linkedin For Business,Batch 059 How To Master Linkedin For Business — A Gullah Geechee publication by Darryl E. Brown,3.99,1,ggb-manifest-batch-0,Books & Magazines > Books > eBooks,"Books, Gullah Geechee, eBook, Digital",Digital,,,,,Yes,"PDF, EPUB",Active
Batch 060 How To Create A Customer Journey Map,Batch 060 How To Create A Customer Journey Map — A Gullah Geechee publication by Darryl E. Brown,3.99,1,ggb-manifest-batch-0,Books & Magazines > Books > eBooks,"Books, Gullah Geechee, eBook, Digital",Digital,,,,,Yes,"PDF, EPUB",Active
Batch 061 How To Build A Subscription Business,Batch 061 How To Build A Subscription Business — A Gullah Geechee publication by Darryl E. Brown,3.99,1,ggb-manifest-batch-0,Books & Magazines > Books > eBooks,"Books, Gullah Geechee, eBook, Digital",Digital,,,,,Yes,"PDF, EPUB",Active
Batch 062 How To Create A Referral Program,Batch 062 How To Create A Referral Program — A Gullah Geechee publication by Darryl E. Brown,3.99,1,ggb-manifest-batch-0,Books & Magazines > Books > eBooks,"Books, Gullah Geechee, eBook, Digital",Digital,,,,,Yes,"PDF, EPUB",Active
Batch 063 How To Master Business Storytelling,Batch 063 How To Master Business Storytelling — A Gullah Geechee publication by Darryl E. Brown,3.99,1,ggb-manifest-batch-0,Books & Magazines > Books > eBooks,"Books, Gullah Geechee, eBook, Digital",Digital,,,,,Yes,"PDF, EPUB",Active
Batch 064 How To Build A Digital Product Empire,Batch 064 How To Build A Digital Product Empire — A Gullah Geechee publication by Darryl E. Brown,3.99,1,ggb-manifest-batch-0,Books & Magazines > Books > eBooks,"Books, Gullah Geechee, eBook, Digital",Digital,,,,,Yes,"PDF, EPUB",Active
Batch 065 How To Create A Business Exit Strategy,Batch 065 How To Create A Business Exit Strategy — A Gullah Geechee publication by Darryl E. Brown,3.99,1,ggb-manifest-batch-0,Books & Magazines > Books > eBooks,"Books, Gullah Geechee, eBook, Digital",Digital,,,,,Yes,"PDF, EPUB",Active
Batch 066 How To Cook Perfect Gullah Red Rice,Batch 066 How To Cook Perfect Gullah Red Rice — A Gullah Geechee publication by Darryl E. Brown,3.99,1,ggb-manifest-batch-0,Books & Magazines > Books > eBooks,"Books, Gullah Geechee, eBook, Digital",Digital,,,,,Yes,"PDF, EPUB",Active
Batch 067 How To Make Southern Cornbread From Scra,Batch 067 How To Make Southern Cornbread From Scra — A Gullah Geechee publication by Darryl E. Brown,3.99,1,ggb-manifest-batch-0,Books & Magazines > Books > eBooks,"Books, Gullah Geechee, eBook, Digital",Digital,,,,,Yes,"PDF, EPUB",Active
Batch 068 How To Fry The Perfect Fish,Batch 068 How To Fry The Perfect Fish — A Gullah Geechee publication by Darryl E. Brown,3.99,1,ggb-manifest-batch-0,Books & Magazines > Books > eBooks,"Books, Gullah Geechee, eBook, Digital",Digital,,,,,Yes,"PDF, EPUB",Active
Batch 069 How To Make Authentic Shrimp And Grits,Batch 069 How To Make Authentic Shrimp And Grits — A Gullah Geechee publication by Darryl E. Brown,3.99,1,ggb-manifest-batch-0,Books & Magazines > Books > eBooks,"Books, Gullah Geechee, eBook, Digital",Digital,,,,,Yes,"PDF, EPUB",Active
Batch 070 How To Bake Sweet Potato Pie,Batch 070 How To Bake Sweet Potato Pie — A Gullah Geechee publication by Darryl E. Brown,3.99,1,ggb-manifest-batch-0,Books & Magazines > Books > eBooks,"Books, Gullah Geechee, eBook, Digital",Digital,,,,,Yes,"PDF, EPUB",Active
Batch 071 How To Make Hoppin John For New Years,Batch 071 How To Make Hoppin John For New Years — A Gullah Geechee publication by Darryl E. Brown,3.99,1,ggb-manifest-batch-0,Books & Magazines > Books > eBooks,"Books, Gullah Geechee, eBook, Digital",Digital,,,,,Yes,"PDF, EPUB",Active
Batch 072 How To Cook Collard Greens The Right Way,Batch 072 How To Cook Collard Greens The Right Way — A Gullah Geechee publication by Darryl E. Brown,3.99,1,ggb-manifest-batch-0,Books & Magazines > Books > eBooks,"Books, Gullah Geechee, eBook, Digital",Digital,,,,,Yes,"PDF, EPUB",Active
Batch 073 How To Make Benne Wafers,Batch 073 How To Make Benne Wafers — A Gullah Geechee publication by Darryl E. Brown,3.99,1,ggb-manifest-batch-0,Books & Magazines > Books > eBooks,"Books, Gullah Geechee, eBook, Digital",Digital,,,,,Yes,"PDF, EPUB",Active
Batch 074 How To Prepare Okra And Tomatoes,Batch 074 How To Prepare Okra And Tomatoes — A Gullah Geechee publication by Darryl E. Brown,3.99,1,ggb-manifest-batch-0,Books & Magazines > Books > eBooks,"Books, Gullah Geechee, eBook, Digital",Digital,,,,,Yes,"PDF, EPUB",Active
Batch 075 How To Make Gullah Tea Cakes,Batch 075 How To Make Gullah Tea Cakes — A Gullah Geechee publication by Darryl E. Brown,3.99,1,ggb-manifest-batch-0,Books & Magazines > Books > eBooks,"Books, Gullah Geechee, eBook, Digital",Digital,,,,,Yes,"PDF, EPUB",Active
Batch 076 How To Cook Lowcountry Boil,Batch 076 How To Cook Lowcountry Boil — A Gullah Geechee publication by Darryl E. Brown,3.99,1,ggb-manifest-batch-0,Books & Magazines > Books > eBooks,"Books, Gullah Geechee, eBook, Digital",Digital,,,,,Yes,"PDF, EPUB",Active
Batch 077 How To Make Pickled Shrimp,Batch 077 How To Make Pickled Shrimp — A Gullah Geechee publication by Darryl E. Brown,3.99,1,ggb-manifest-batch-0,Books & Magazines > Books > eBooks,"Books, Gullah Geechee, eBook, Digital",Digital,,,,,Yes,"PDF, EPUB",Active
Batch 078 How To Bake Buttermilk Cornbread,Batch 078 How To Bake Buttermilk Cornbread — A Gullah Geechee publication by Darryl E. Brown,3.99,1,ggb-manifest-batch-0,Books & Magazines > Books > eBooks,"Books, Gullah Geechee, eBook, Digital",Digital,,,,,Yes,"PDF, EPUB",Active
Batch 079 How To Make Boiled Peanuts,Batch 079 How To Make Boiled Peanuts — A Gullah Geechee publication by Darryl E. Brown,3.99,1,ggb-manifest-batch-0,Books & Magazines > Books > eBooks,"Books, Gullah Geechee, eBook, Digital",Digital,,,,,Yes,"PDF, EPUB",Active
Batch 080 How To Cook Gullah Cabbage,Batch 080 How To Cook Gullah Cabbage — A Gullah Geechee publication by Darryl E. Brown,3.99,1,ggb-manifest-batch-0,Books & Magazines > Books > eBooks,"Books, Gullah Geechee, eBook, Digital",Digital,,,,,Yes,"PDF, EPUB",Active
Batch 081 How To Make Mac And Cheese The Southern ,Batch 081 How To Make Mac And Cheese The Southern  — A Gullah Geechee publication by Darryl E. Brown,3.99,1,ggb-manifest-batch-0,Books & Magazines > Books > eBooks,"Books, Gullah Geechee, eBook, Digital",Digital,,,,,Yes,"PDF, EPUB",Active
Batch 082 How To Prepare Gullah Chicken Soup,Batch 082 How To Prepare Gullah Chicken Soup — A Gullah Geechee publication by Darryl E. Brown,3.99,1,ggb-manifest-batch-0,Books & Magazines > Books > eBooks,"Books, Gullah Geechee, eBook, Digital",Digital,,,,,Yes,"PDF, EPUB",Active
Batch 083 How To Make Rice Pudding,Batch 083 How To Make Rice Pudding — A Gullah Geechee publication by Darryl E. Brown,3.99,1,ggb-manifest-batch-0,Books & Magazines > Books > eBooks,"Books, Gullah Geechee, eBook, Digital",Digital,,,,,Yes,"PDF, EPUB",Active
Batch 084 How To Cook Gullah Pork Chops,Batch 084 How To Cook Gullah Pork Chops — A Gullah Geechee publication by Darryl E. Brown,3.99,1,ggb-manifest-batch-0,Books & Magazines > Books > eBooks,"Books, Gullah Geechee, eBook, Digital",Digital,,,,,Yes,"PDF, EPUB",Active
Batch 085 How To Make Sweetgrass Lemonade,Batch 085 How To Make Sweetgrass Lemonade — A Gullah Geechee publication by Darryl E. Brown,3.99,1,ggb-manifest-batch-0,Books & Magazines > Books > eBooks,"Books, Gullah Geechee, eBook, Digital",Digital,,,,,Yes,"PDF, EPUB",Active
Batch 086 How To Make Gullah Potato Salad,Batch 086 How To Make Gullah Potato Salad — A Gullah Geechee publication by Darryl E. Brown,3.99,1,ggb-manifest-batch-0,Books & Magazines > Books > eBooks,"Books, Gullah Geechee, eBook, Digital",Digital,,,,,Yes,"PDF, EPUB",Active
Batch 087 How To Cook Benne Chicken,Batch 087 How To Cook Benne Chicken — A Gullah Geechee publication by Darryl E. Brown,3.99,1,ggb-manifest-batch-0,Books & Magazines > Books > eBooks,"Books, Gullah Geechee, eBook, Digital",Digital,,,,,Yes,"PDF, EPUB",Active
Batch 088 How To Make Gullah Breakfast,Batch 088 How To Make Gullah Breakfast — A Gullah Geechee publication by Darryl E. Brown,3.99,1,ggb-manifest-batch-0,Books & Magazines > Books > eBooks,"Books, Gullah Geechee, eBook, Digital",Digital,,,,,Yes,"PDF, EPUB",Active
Batch 089 How To Preserve Summer Vegetables,Batch 089 How To Preserve Summer Vegetables — A Gullah Geechee publication by Darryl E. Brown,3.99,1,ggb-manifest-batch-0,Books & Magazines > Books > eBooks,"Books, Gullah Geechee, eBook, Digital",Digital,,,,,Yes,"PDF, EPUB",Active
Batch 090 How To Master Cast Iron Cooking,Batch 090 How To Master Cast Iron Cooking — A Gullah Geechee publication by Darryl E. Brown,3.99,1,ggb-manifest-batch-0,Books & Magazines > Books > eBooks,"Books, Gullah Geechee, eBook, Digital",Digital,,,,,Yes,"PDF, EPUB",Active
Batch 091 How To Make One Pot Gullah Meals,Batch 091 How To Make One Pot Gullah Meals — A Gullah Geechee publication by Darryl E. Brown,3.99,1,ggb-manifest-batch-0,Books & Magazines > Books > eBooks,"Books, Gullah Geechee, eBook, Digital",Digital,,,,,Yes,"PDF, EPUB",Active
Batch 092 How To Cook With Seasonal Lowcountry Ing,Batch 092 How To Cook With Seasonal Lowcountry Ing — A Gullah Geechee publication by Darryl E. Brown,3.99,1,ggb-manifest-batch-0,Books & Magazines > Books > eBooks,"Books, Gullah Geechee, eBook, Digital",Digital,,,,,Yes,"PDF, EPUB",Active
Batch 093 How To Make Gullah Sauces And Seasonings,Batch 093 How To Make Gullah Sauces And Seasonings — A Gullah Geechee publication by Darryl E. Brown,3.99,1,ggb-manifest-batch-0,Books & Magazines > Books > eBooks,"Books, Gullah Geechee, eBook, Digital",Digital,,,,,Yes,"PDF, EPUB",Active
Batch 094 How To Bake Gullah Desserts,Batch 094 How To Bake Gullah Desserts — A Gullah Geechee publication by Darryl E. Brown,3.99,1,ggb-manifest-batch-0,Books & Magazines > Books > eBooks,"Books, Gullah Geechee, eBook, Digital",Digital,,,,,Yes,"PDF, EPUB",Active
Batch 095 How To Make Holiday Gullah Feasts,Batch 095 How To Make Holiday Gullah Feasts — A Gullah Geechee publication by Darryl E. Brown,3.99,1,ggb-manifest-batch-0,Books & Magazines > Books > eBooks,"Books, Gullah Geechee, eBook, Digital",Digital,,,,,Yes,"PDF, EPUB",Active
Batch 096 How To Cook Gullah Seafood,Batch 096 How To Cook Gullah Seafood — A Gullah Geechee publication by Darryl E. Brown,3.99,1,ggb-manifest-batch-0,Books & Magazines > Books > eBooks,"Books, Gullah Geechee, eBook, Digital",Digital,,,,,Yes,"PDF, EPUB",Active
Batch 097 How To Make Gullah Soups And Stews,Batch 097 How To Make Gullah Soups And Stews — A Gullah Geechee publication by Darryl E. Brown,3.99,1,ggb-manifest-batch-0,Books & Magazines > Books > eBooks,"Books, Gullah Geechee, eBook, Digital",Digital,,,,,Yes,"PDF, EPUB",Active
Batch 098 How To Prepare Gullah Side Dishes,Batch 098 How To Prepare Gullah Side Dishes — A Gullah Geechee publication by Darryl E. Brown,3.99,1,ggb-manifest-batch-0,Books & Magazines > Books > eBooks,"Books, Gullah Geechee, eBook, Digital",Digital,,,,,Yes,"PDF, EPUB",Active
Batch 099 How To Make Gullah Breads,Batch 099 How To Make Gullah Breads — A Gullah Geechee publication by Darryl E. Brown,3.99,1,ggb-manifest-batch-0,Books & Magazines > Books > eBooks,"Books, Gullah Geechee, eBook, Digital",Digital,,,,,Yes,"PDF, EPUB",Active
Batch 100 How To Cook Gullah Vegetables,Batch 100 How To Cook Gullah Vegetables — A Gullah Geechee publication by Darryl E. Brown,3.99,1,ggb-manifest-batch-1,Books & Magazines > Books > eBooks,"Books, Gullah Geechee, eBook, Digital",Digital,,,,,Yes,"PDF, EPUB",Active
Encyclopedia Vol 01,Encyclopedia Vol 01 — A Gullah Geechee publication by Darryl E. Brown,3.99,1,ggb-manifest-encyclo,Books & Magazines > Books > eBooks,"Books, Gullah Geechee, eBook, Digital",Digital,,,,,Yes,"PDF, EPUB",Active
Encyclopedia Vol 02,Encyclopedia Vol 02 — A Gullah Geechee publication by Darryl E. Brown,3.99,1,ggb-manifest-encyclo,Books & Magazines > Books > eBooks,"Books, Gullah Geechee, eBook, Digital",Digital,,,,,Yes,"PDF, EPUB",Active
Encyclopedia Vol 03,Encyclopedia Vol 03 — A Gullah Geechee publication by Darryl E. Brown,3.99,1,ggb-manifest-encyclo,Books & Magazines > Books > eBooks,"Books, Gullah Geechee, eBook, Digital",Digital,,,,,Yes,"PDF, EPUB",Active
Encyclopedia Vol 04,Encyclopedia Vol 04 — A Gullah Geechee publication by Darryl E. Brown,3.99,1,ggb-manifest-encyclo,Books & Magazines > Books > eBooks,"Books, Gullah Geechee, eBook, Digital",Digital,,,,,Yes,"PDF, EPUB",Active
Encyclopedia Vol 05,Encyclopedia Vol 05 — A Gullah Geechee publication by Darryl E. Brown,3.99,1,ggb-manifest-encyclo,Books & Magazines > Books > eBooks,"Books, Gullah Geechee, eBook, Digital",Digital,,,,,Yes,"PDF, EPUB",Active
Encyclopedia Vol 06,Encyclopedia Vol 06 — A Gullah Geechee publication by Darryl E. Brown,3.99,1,ggb-manifest-encyclo,Books & Magazines > Books > eBooks,"Books, Gullah Geechee, eBook, Digital",Digital,,,,,Yes,"PDF, EPUB",Active
Encyclopedia Vol 07,Encyclopedia Vol 07 — A Gullah Geechee publication by Darryl E. Brown,3.99,1,ggb-manifest-encyclo,Books & Magazines > Books > eBooks,"Books, Gullah Geechee, eBook, Digital",Digital,,,,,Yes,"PDF, EPUB",Active
Encyclopedia Vol 08,Encyclopedia Vol 08 — A Gullah Geechee publication by Darryl E. Brown,3.99,1,ggb-manifest-encyclo,Books & Magazines > Books > eBooks,"Books, Gullah Geechee, eBook, Digital",Digital,,,,,Yes,"PDF, EPUB",Active
Encyclopedia Vol 09,Encyclopedia Vol 09 — A Gullah Geechee publication by Darryl E. Brown,3.99,1,ggb-manifest-encyclo,Books & Magazines > Books > eBooks,"Books, Gullah Geechee, eBook, Digital",Digital,,,,,Yes,"PDF, EPUB",Active
Encyclopedia Vol 10,Encyclopedia Vol 10 — A Gullah Geechee publication by Darryl E. Brown,3.99,1,ggb-manifest-encyclo,Books & Magazines > Books > eBooks,"Books, Gullah Geechee, eBook, Digital",Digital,,,,,Yes,"PDF, EPUB",Active
Encyclopedia Vol 11,Encyclopedia Vol 11 — A Gullah Geechee publication by Darryl E. Brown,3.99,1,ggb-manifest-encyclo,Books & Magazines > Books > eBooks,"Books, Gullah Geechee, eBook, Digital",Digital,,,,,Yes,"PDF, EPUB",Active
Encyclopedia Vol 12,Encyclopedia Vol 12 — A Gullah Geechee publication by Darryl E. Brown,3.99,1,ggb-manifest-encyclo,Books & Magazines > Books > eBooks,"Books, Gullah Geechee, eBook, Digital",Digital,,,,,Yes,"PDF, EPUB",Active
Encyclopedia Vol 13,Encyclopedia Vol 13 — A Gullah Geechee publication by Darryl E. Brown,3.99,1,ggb-manifest-encyclo,Books & Magazines > Books > eBooks,"Books, Gullah Geechee, eBook, Digital",Digital,,,,,Yes,"PDF, EPUB",Active
Encyclopedia Vol 14,Encyclopedia Vol 14 — A Gullah Geechee publication by Darryl E. Brown,3.99,1,ggb-manifest-encyclo,Books & Magazines > Books > eBooks,"Books, Gullah Geechee, eBook, Digital",Digital,,,,,Yes,"PDF, EPUB",Active
Encyclopedia Vol 15,Encyclopedia Vol 15 — A Gullah Geechee publication by Darryl E. Brown,3.99,1,ggb-manifest-encyclo,Books & Magazines > Books > eBooks,"Books, Gullah Geechee, eBook, Digital",Digital,,,,,Yes,"PDF, EPUB",Active
Encyclopedia Vol 16,Encyclopedia Vol 16 — A Gullah Geechee publication by Darryl E. Brown,3.99,1,ggb-manifest-encyclo,Books & Magazines > Books > eBooks,"Books, Gullah Geechee, eBook, Digital",Digital,,,,,Yes,"PDF, EPUB",Active
Encyclopedia Vol 17,Encyclopedia Vol 17 — A Gullah Geechee publication by Darryl E. Brown,3.99,1,ggb-manifest-encyclo,Books & Magazines > Books > eBooks,"Books, Gullah Geechee, eBook, Digital",Digital,,,,,Yes,"PDF, EPUB",Active
Encyclopedia Vol 18,Encyclopedia Vol 18 — A Gullah Geechee publication by Darryl E. Brown,3.99,1,ggb-manifest-encyclo,Books & Magazines > Books > eBooks,"Books, Gullah Geechee, eBook, Digital",Digital,,,,,Yes,"PDF, EPUB",Active
Encyclopedia Vol 19,Encyclopedia Vol 19 — A Gullah Geechee publication by Darryl E. Brown,3.99,1,ggb-manifest-encyclo,Books & Magazines > Books > eBooks,"Books, Gullah Geechee, eBook, Digital",Digital,,,,,Yes,"PDF, EPUB",Active
Encyclopedia Vol 20,Encyclopedia Vol 20 — A Gullah Geechee publication by Darryl E. Brown,3.99,1,ggb-manifest-encyclo,Books & Magazines > Books > eBooks,"Books, Gullah Geechee, eBook, Digital",Digital,,,,,Yes,"PDF, EPUB",Active
Encyclopedia Vol 21,Encyclopedia Vol 21 — A Gullah Geechee publication by Darryl E. Brown,3.99,1,ggb-manifest-encyclo,Books & Magazines > Books > eBooks,"Books, Gullah Geechee, eBook, Digital",Digital,,,,,Yes,"PDF, EPUB",Active
Encyclopedia Vol 22,Encyclopedia Vol 22 — A Gullah Geechee publication by Darryl E. Brown,3.99,1,ggb-manifest-encyclo,Books & Magazines > Books > eBooks,"Books, Gullah Geechee, eBook, Digital",Digital,,,,,Yes,"PDF, EPUB",Active
Encyclopedia Vol 23,Encyclopedia Vol 23 — A Gullah Geechee publication by Darryl E. Brown,3.99,1,ggb-manifest-encyclo,Books & Magazines > Books > eBooks,"Books, Gullah Geechee, eBook, Digital",Digital,,,,,Yes,"PDF, EPUB",Active
Encyclopedia Vol 24,Encyclopedia Vol 24 — A Gullah Geechee publication by Darryl E. Brown,3.99,1,ggb-manifest-encyclo,Books & Magazines > Books > eBooks,"Books, Gullah Geechee, eBook, Digital",Digital,,,,,Yes,"PDF, EPUB",Active
Encyclopedia Vol 25,Encyclopedia Vol 25 — A Gullah Geechee publication by Darryl E. Brown,3.99,1,ggb-manifest-encyclo,Books & Magazines > Books > eBooks,"Books, Gullah Geechee, eBook, Digital",Digital,,,,,Yes,"PDF, EPUB",Active
Encyclopedia Vol 26,Encyclopedia Vol 26 — A Gullah Geechee publication by Darryl E. Brown,3.99,1,ggb-manifest-encyclo,Books & Magazines > Books > eBooks,"Books, Gullah Geechee, eBook, Digital",Digital,,,,,Yes,"PDF, EPUB",Active
Encyclopedia Vol 27,Encyclopedia Vol 27 — A Gullah Geechee publication by Darryl E. Brown,3.99,1,ggb-manifest-encyclo,Books & Magazines > Books > eBooks,"Books, Gullah Geechee, eBook, Digital",Digital,,,,,Yes,"PDF, EPUB",Active
Encyclopedia Vol 28,Encyclopedia Vol 28 — A Gullah Geechee publication by Darryl E. Brown,3.99,1,ggb-manifest-encyclo,Books & Magazines > Books > eBooks,"Books, Gullah Geechee, eBook, Digital",Digital,,,,,Yes,"PDF, EPUB",Active
Encyclopedia Vol 29,Encyclopedia Vol 29 — A Gullah Geechee publication by Darryl E. Brown,3.99,1,ggb-manifest-encyclo,Books & Magazines > Books > eBooks,"Books, Gullah Geechee, eBook, Digital",Digital,,,,,Yes,"PDF, EPUB",Active
Encyclopedia Vol 30,Encyclopedia Vol 30 — A Gullah Geechee publication by Darryl E. Brown,3.99,1,ggb-manifest-encyclo,Books & Magazines > Books > eBooks,"Books, Gullah Geechee, eBook, Digital",Digital,,,,,Yes,"PDF, EPUB",Active
Encyclopedia Vol 31,Encyclopedia Vol 31 — A Gullah Geechee publication by Darryl E. Brown,3.99,1,ggb-manifest-encyclo,Books & Magazines > Books > eBooks,"Books, Gullah Geechee, eBook, Digital",Digital,,,,,Yes,"PDF, EPUB",Active
Encyclopedia Vol 32,Encyclopedia Vol 32 — A Gullah Geechee publication by Darryl E. Brown,3.99,1,ggb-manifest-encyclo,Books & Magazines > Books > eBooks,"Books, Gullah Geechee, eBook, Digital",Digital,,,,,Yes,"PDF, EPUB",Active
Encyclopedia Vol 33,Encyclopedia Vol 33 — A Gullah Geechee publication by Darryl E. Brown,3.99,1,ggb-manifest-encyclo,Books & Magazines > Books > eBooks,"Books, Gullah Geechee, eBook, Digital",Digital,,,,,Yes,"PDF, EPUB",Active
Encyclopedia Vol 34,Encyclopedia Vol 34 — A Gullah Geechee publication by Darryl E. Brown,3.99,1,ggb-manifest-encyclo,Books & Magazines > Books > eBooks,"Books, Gullah Geechee, eBook, Digital",Digital,,,,,Yes,"PDF, EPUB",Active
Encyclopedia Vol 35,Encyclopedia Vol 35 — A Gullah Geechee publication by Darryl E. Brown,3.99,1,ggb-manifest-encyclo,Books & Magazines > Books > eBooks,"Books, Gullah Geechee, eBook, Digital",Digital,,,,,Yes,"PDF, EPUB",Active
Encyclopedia Vol 36,Encyclopedia Vol 36 — A Gullah Geechee publication by Darryl E. Brown,3.99,1,ggb-manifest-encyclo,Books & Magazines > Books > eBooks,"Books, Gullah Geechee, eBook, Digital",Digital,,,,,Yes,"PDF, EPUB",Active
Encyclopedia Vol 37,Encyclopedia Vol 37 — A Gullah Geechee publication by Darryl E. Brown,3.99,1,ggb-manifest-encyclo,Books & Magazines > Books > eBooks,"Books, Gullah Geechee, eBook, Digital",Digital,,,,,Yes,"PDF, EPUB",Active
Encyclopedia Vol 38,Encyclopedia Vol 38 — A Gullah Geechee publication by Darryl E. Brown,3.99,1,ggb-manifest-encyclo,Books & Magazines > Books > eBooks,"Books, Gullah Geechee, eBook, Digital",Digital,,,,,Yes,"PDF, EPUB",Active
Encyclopedia Vol 39,Encyclopedia Vol 39 — A Gullah Geechee publication by Darryl E. Brown,3.99,1,ggb-manifest-encyclo,Books & Magazines > Books > eBooks,"Books, Gullah Geechee, eBook, Digital",Digital,,,,,Yes,"PDF, EPUB",Active
Encyclopedia Vol 40,Encyclopedia Vol 40 — A Gullah Geechee publication by Darryl E. Brown,3.99,1,ggb-manifest-encyclo,Books & Magazines > Books > eBooks,"Books, Gullah Geechee, eBook, Digital",Digital,,,,,Yes,"PDF, EPUB",Active
Encyclopedia Vol 41,Encyclopedia Vol 41 — A Gullah Geechee publication by Darryl E. Brown,3.99,1,ggb-manifest-encyclo,Books & Magazines > Books > eBooks,"Books, Gullah Geechee, eBook, Digital",Digital,,,,,Yes,"PDF, EPUB",Active
Encyclopedia Vol 42,Encyclopedia Vol 42 — A Gullah Geechee publication by Darryl E. Brown,3.99,1,ggb-manifest-encyclo,Books & Magazines > Books > eBooks,"Books, Gullah Geechee, eBook, Digital",Digital,,,,,Yes,"PDF, EPUB",Active
Encyclopedia Vol 43,Encyclopedia Vol 43 — A Gullah Geechee publication by Darryl E. Brown,3.99,1,ggb-manifest-encyclo,Books & Magazines > Books > eBooks,"Books, Gullah Geechee, eBook, Digital",Digital,,,,,Yes,"PDF, EPUB",Active
Encyclopedia Vol 44,Encyclopedia Vol 44 — A Gullah Geechee publication by Darryl E. Brown,3.99,1,ggb-manifest-encyclo,Books & Magazines > Books > eBooks,"Books, Gullah Geechee, eBook, Digital",Digital,,,,,Yes,"PDF, EPUB",Active
Encyclopedia Vol 45,Encyclopedia Vol 45 — A Gullah Geechee publication by Darryl E. Brown,3.99,1,ggb-manifest-encyclo,Books & Magazines > Books > eBooks,"Books, Gullah Geechee, eBook, Digital",Digital,,,,,Yes,"PDF, EPUB",Active
Encyclopedia Vol 46,Encyclopedia Vol 46 — A Gullah Geechee publication by Darryl E. Brown,3.99,1,ggb-manifest-encyclo,Books & Magazines > Books > eBooks,"Books, Gullah Geechee, eBook, Digital",Digital,,,,,Yes,"PDF, EPUB",Active
Encyclopedia Vol 47,Encyclopedia Vol 47 — A Gullah Geechee publication by Darryl E. Brown,3.99,1,ggb-manifest-encyclo,Books & Magazines > Books > eBooks,"Books, Gullah Geechee, eBook, Digital",Digital,,,,,Yes,"PDF, EPUB",Active
Encyclopedia Vol 48,Encyclopedia Vol 48 — A Gullah Geechee publication by Darryl E. Brown,3.99,1,ggb-manifest-encyclo,Books & Magazines > Books > eBooks,"Books, Gullah Geechee, eBook, Digital",Digital,,,,,Yes,"PDF, EPUB",Active
Encyclopedia Vol 49,Encyclopedia Vol 49 — A Gullah Geechee publication by Darryl E. Brown,3.99,1,ggb-manifest-encyclo,Books & Magazines > Books > eBooks,"Books, Gullah Geechee, eBook, Digital",Digital,,,,,Yes,"PDF, EPUB",Active
Encyclopedia Vol 50,Encyclopedia Vol 50 — A Gullah Geechee publication by Darryl E. Brown,3.99,1,ggb-manifest-encyclo,Books & Magazines > Books > eBooks,"Books, Gullah Geechee, eBook, Digital",Digital,,,,,Yes,"PDF, EPUB",Active
Es Batch 001 How To Find Your Purpose,Es Batch 001 How To Find Your Purpose — A Gullah Geechee publication by Darryl E. Brown,3.99,1,ggb-manifest-es-batc,Books & Magazines > Books > eBooks,"Books, Gullah Geechee, eBook, Digital",Digital,,,,,Yes,"PDF, EPUB",Active
Es Batch 002 How To Build Unshakeable Confidence,Es Batch 002 How To Build Unshakeable Confidence — A Gullah Geechee publication by Darryl E. Brown,3.99,1,ggb-manifest-es-batc,Books & Magazines > Books > eBooks,"Books, Gullah Geechee, eBook, Digital",Digital,,,,,Yes,"PDF, EPUB",Active
Es Batch 003 How To Master Your Morning Routine,Es Batch 003 How To Master Your Morning Routine — A Gullah Geechee publication by Darryl E. Brown,3.99,1,ggb-manifest-es-batc,Books & Magazines > Books > eBooks,"Books, Gullah Geechee, eBook, Digital",Digital,,,,,Yes,"PDF, EPUB",Active
Es Batch 004 How To Overcome Imposter Syndrome,Es Batch 004 How To Overcome Imposter Syndrome — A Gullah Geechee publication by Darryl E. Brown,3.99,1,ggb-manifest-es-batc,Books & Magazines > Books > eBooks,"Books, Gullah Geechee, eBook, Digital",Digital,,,,,Yes,"PDF, EPUB",Active
Es Batch 005 How To Practice Radical Self Care,Es Batch 005 How To Practice Radical Self Care — A Gullah Geechee publication by Darryl E. Brown,3.99,1,ggb-manifest-es-batc,Books & Magazines > Books > eBooks,"Books, Gullah Geechee, eBook, Digital",Digital,,,,,Yes,"PDF, EPUB",Active
Es Batch 006 How To Set Boundaries That Stick,Es Batch 006 How To Set Boundaries That Stick — A Gullah Geechee publication by Darryl E. Brown,3.99,1,ggb-manifest-es-batc,Books & Magazines > Books > eBooks,"Books, Gullah Geechee, eBook, Digital",Digital,,,,,Yes,"PDF, EPUB",Active
Es Batch 007 How To Break Bad Habits Forever,Es Batch 007 How To Break Bad Habits Forever — A Gullah Geechee publication by Darryl E. Brown,3.99,1,ggb-manifest-es-batc,Books & Magazines > Books > eBooks,"Books, Gullah Geechee, eBook, Digital",Digital,,,,,Yes,"PDF, EPUB",Active
Es Batch 008 How To Cultivate Daily Gratitude,Es Batch 008 How To Cultivate Daily Gratitude — A Gullah Geechee publication by Darryl E. Brown,3.99,1,ggb-manifest-es-batc,Books & Magazines > Books > eBooks,"Books, Gullah Geechee, eBook, Digital",Digital,,,,,Yes,"PDF, EPUB",Active
Es Batch 009 How To Manage Anxiety Naturally,Es Batch 009 How To Manage Anxiety Naturally — A Gullah Geechee publication by Darryl E. Brown,3.99,1,ggb-manifest-es-batc,Books & Magazines > Books > eBooks,"Books, Gullah Geechee, eBook, Digital",Digital,,,,,Yes,"PDF, EPUB",Active
Es Batch 010 How To Develop Emotional Intelligence,Es Batch 010 How To Develop Emotional Intelligence — A Gullah Geechee publication by Darryl E. Brown,3.99,1,ggb-manifest-es-batc,Books & Magazines > Books > eBooks,"Books, Gullah Geechee, eBook, Digital",Digital,,,,,Yes,"PDF, EPUB",Active
Es Batch 011 How To Forgive Yourself And Move On,Es Batch 011 How To Forgive Yourself And Move On — A Gullah Geechee publication by Darryl E. Brown,3.99,1,ggb-manifest-es-batc,Books & Magazines > Books > eBooks,"Books, Gullah Geechee, eBook, Digital",Digital,,,,,Yes,"PDF, EPUB",Active
Es Batch 012 How To Stay Motivated Every Day,Es Batch 012 How To Stay Motivated Every Day — A Gullah Geechee publication by Darryl E. Brown,3.99,1,ggb-manifest-es-batc,Books & Magazines > Books > eBooks,"Books, Gullah Geechee, eBook, Digital",Digital,,,,,Yes,"PDF, EPUB",Active
Es Batch 013 How To Build Resilience In Tough Times,Es Batch 013 How To Build Resilience In Tough Times — A Gullah Geechee publication by Darryl E. Brown,3.99,1,ggb-manifest-es-batc,Books & Magazines > Books > eBooks,"Books, Gullah Geechee, eBook, Digital",Digital,,,,,Yes,"PDF, EPUB",Active
Es Batch 014 How To Practice Mindful Living,Es Batch 014 How To Practice Mindful Living — A Gullah Geechee publication by Darryl E. Brown,3.99,1,ggb-manifest-es-batc,Books & Magazines > Books > eBooks,"Books, Gullah Geechee, eBook, Digital",Digital,,,,,Yes,"PDF, EPUB",Active
Es Batch 015 How To Let Go Of Perfectionism,Es Batch 015 How To Let Go Of Perfectionism — A Gullah Geechee publication by Darryl E. Brown,3.99,1,ggb-manifest-es-batc,Books & Magazines > Books > eBooks,"Books, Gullah Geechee, eBook, Digital",Digital,,,,,Yes,"PDF, EPUB",Active
Es Batch 016 How To Create A Personal Mission Stateme,Es Batch 016 How To Create A Personal Mission Stateme — A Gullah Geechee publication by Darryl E. Brown,3.99,1,ggb-manifest-es-batc,Books & Magazines > Books > eBooks,"Books, Gullah Geechee, eBook, Digital",Digital,,,,,Yes,"PDF, EPUB",Active
Es Batch 017 How To Develop A Growth Mindset,Es Batch 017 How To Develop A Growth Mindset — A Gullah Geechee publication by Darryl E. Brown,3.99,1,ggb-manifest-es-batc,Books & Magazines > Books > eBooks,"Books, Gullah Geechee, eBook, Digital",Digital,,,,,Yes,"PDF, EPUB",Active
Es Batch 018 How To Handle Criticism Gracefully,Es Batch 018 How To Handle Criticism Gracefully — A Gullah Geechee publication by Darryl E. Brown,3.99,1,ggb-manifest-es-batc,Books & Magazines > Books > eBooks,"Books, Gullah Geechee, eBook, Digital",Digital,,,,,Yes,"PDF, EPUB",Active
Es Batch 019 How To Build Healthy Relationships,Es Batch 019 How To Build Healthy Relationships — A Gullah Geechee publication by Darryl E. Brown,3.99,1,ggb-manifest-es-batc,Books & Magazines > Books > eBooks,"Books, Gullah Geechee, eBook, Digital",Digital,,,,,Yes,"PDF, EPUB",Active
Es Batch 020 How To Find Inner Peace,Es Batch 020 How To Find Inner Peace — A Gullah Geechee publication by Darryl E. Brown,3.99,1,ggb-manifest-es-batc,Books & Magazines > Books > eBooks,"Books, Gullah Geechee, eBook, Digital",Digital,,,,,Yes,"PDF, EPUB",Active
Es Batch 021 How To Stop People Pleasing,Es Batch 021 How To Stop People Pleasing — A Gullah Geechee publication by Darryl E. Brown,3.99,1,ggb-manifest-es-batc,Books & Magazines > Books > eBooks,"Books, Gullah Geechee, eBook, Digital",Digital,,,,,Yes,"PDF, EPUB",Active
Es Batch 022 How To Embrace Your Authentic Self,Es Batch 022 How To Embrace Your Authentic Self — A Gullah Geechee publication by Darryl E. Brown,3.99,1,ggb-manifest-es-batc,Books & Magazines > Books > eBooks,"Books, Gullah Geechee, eBook, Digital",Digital,,,,,Yes,"PDF, EPUB",Active
Es Batch 023 How To Navigate Life Transitions,Es Batch 023 How To Navigate Life Transitions — A Gullah Geechee publication by Darryl E. Brown,3.99,1,ggb-manifest-es-batc,Books & Magazines > Books > eBooks,"Books, Gullah Geechee, eBook, Digital",Digital,,,,,Yes,"PDF, EPUB",Active
Es Batch 024 How To Practice Self Compassion,Es Batch 024 How To Practice Self Compassion — A Gullah Geechee publication by Darryl E. Brown,3.99,1,ggb-manifest-es-batc,Books & Magazines > Books > eBooks,"Books, Gullah Geechee, eBook, Digital",Digital,,,,,Yes,"PDF, EPUB",Active
Es Batch 025 How To Build Mental Toughness,Es Batch 025 How To Build Mental Toughness — A Gullah Geechee publication by Darryl E. Brown,3.99,1,ggb-manifest-es-batc,Books & Magazines > Books > eBooks,"Books, Gullah Geechee, eBook, Digital",Digital,,,,,Yes,"PDF, EPUB",Active
Es Batch 026 How To Create A Vision Board That Works,Es Batch 026 How To Create A Vision Board That Works — A Gullah Geechee publication by Darryl E. Brown,3.99,1,ggb-manifest-es-batc,Books & Magazines > Books > eBooks,"Books, Gullah Geechee, eBook, Digital",Digital,,,,,Yes,"PDF, EPUB",Active
Es Batch 027 How To Develop Daily Discipline,Es Batch 027 How To Develop Daily Discipline — A Gullah Geechee publication by Darryl E. Brown,3.99,1,ggb-manifest-es-batc,Books & Magazines > Books > eBooks,"Books, Gullah Geechee, eBook, Digital",Digital,,,,,Yes,"PDF, EPUB",Active
Es Batch 028 How To Overcome Fear Of Failure,Es Batch 028 How To Overcome Fear Of Failure — A Gullah Geechee publication by Darryl E. Brown,3.99,1,ggb-manifest-es-batc,Books & Magazines > Books > eBooks,"Books, Gullah Geechee, eBook, Digital",Digital,,,,,Yes,"PDF, EPUB",Active
Es Batch 029 How To Cultivate Patience,Es Batch 029 How To Cultivate Patience — A Gullah Geechee publication by Darryl E. Brown,3.99,1,ggb-manifest-es-batc,Books & Magazines > Books > eBooks,"Books, Gullah Geechee, eBook, Digital",Digital,,,,,Yes,"PDF, EPUB",Active
Es Batch 030 How To Live With Intention,Es Batch 030 How To Live With Intention — A Gullah Geechee publication by Darryl E. Brown,3.99,1,ggb-manifest-es-batc,Books & Magazines > Books > eBooks,"Books, Gullah Geechee, eBook, Digital",Digital,,,,,Yes,"PDF, EPUB",Active
Es Batch 031 How To Start A Side Hustle,Es Batch 031 How To Start A Side Hustle — A Gullah Geechee publication by Darryl E. Brown,3.99,1,ggb-manifest-es-batc,Books & Magazines > Books > eBooks,"Books, Gullah Geechee, eBook, Digital",Digital,,,,,Yes,"PDF, EPUB",Active
Es Batch 032 How To Build A Personal Brand,Es Batch 032 How To Build A Personal Brand — A Gullah Geechee publication by Darryl E. Brown,3.99,1,ggb-manifest-es-batc,Books & Magazines > Books > eBooks,"Books, Gullah Geechee, eBook, Digital",Digital,,,,,Yes,"PDF, EPUB",Active
Es Batch 033 How To Create A Business Plan,Es Batch 033 How To Create A Business Plan — A Gullah Geechee publication by Darryl E. Brown,3.99,1,ggb-manifest-es-batc,Books & Magazines > Books > eBooks,"Books, Gullah Geechee, eBook, Digital",Digital,,,,,Yes,"PDF, EPUB",Active
Es Batch 034 How To Master Social Media Marketing,Es Batch 034 How To Master Social Media Marketing — A Gullah Geechee publication by Darryl E. Brown,3.99,1,ggb-manifest-es-batc,Books & Magazines > Books > eBooks,"Books, Gullah Geechee, eBook, Digital",Digital,,,,,Yes,"PDF, EPUB",Active
Es Batch 035 How To Launch An Online Course,Es Batch 035 How To Launch An Online Course — A Gullah Geechee publication by Darryl E. Brown,3.99,1,ggb-manifest-es-batc,Books & Magazines > Books > eBooks,"Books, Gullah Geechee, eBook, Digital",Digital,,,,,Yes,"PDF, EPUB",Active
Es Batch 036 How To Write A Winning Grant Proposal,Es Batch 036 How To Write A Winning Grant Proposal — A Gullah Geechee publication by Darryl E. Brown,3.99,1,ggb-manifest-es-batc,Books & Magazines > Books > eBooks,"Books, Gullah Geechee, eBook, Digital",Digital,,,,,Yes,"PDF, EPUB",Active
Es Batch 037 How To Build An Email List From Scratch,Es Batch 037 How To Build An Email List From Scratch — A Gullah Geechee publication by Darryl E. Brown,3.99,1,ggb-manifest-es-batc,Books & Magazines > Books > eBooks,"Books, Gullah Geechee, eBook, Digital",Digital,,,,,Yes,"PDF, EPUB",Active
Es Batch 038 How To Price Your Products Or Services,Es Batch 038 How To Price Your Products Or Services — A Gullah Geechee publication by Darryl E. Brown,3.99,1,ggb-manifest-es-batc,Books & Magazines > Books > eBooks,"Books, Gullah Geechee, eBook, Digital",Digital,,,,,Yes,"PDF, EPUB",Active
Es Batch 039 How To Network Like A Pro,Es Batch 039 How To Network Like A Pro — A Gullah Geechee publication by Darryl E. Brown,3.99,1,ggb-manifest-es-batc,Books & Magazines > Books > eBooks,"Books, Gullah Geechee, eBook, Digital",Digital,,,,,Yes,"PDF, EPUB",Active
Es Batch 040 How To Manage Business Finances,Es Batch 040 How To Manage Business Finances — A Gullah Geechee publication by Darryl E. Brown,3.99,1,ggb-manifest-es-batc,Books & Magazines > Books > eBooks,"Books, Gullah Geechee, eBook, Digital",Digital,,,,,Yes,"PDF, EPUB",Active
Es Batch 041 How To Create A Content Strategy,Es Batch 041 How To Create A Content Strategy — A Gullah Geechee publication by Darryl E. Brown,3.99,1,ggb-manifest-es-batc,Books & Magazines > Books > eBooks,"Books, Gullah Geechee, eBook, Digital",Digital,,,,,Yes,"PDF, EPUB",Active
Es Batch 042 How To Build A Website On A Budget,Es Batch 042 How To Build A Website On A Budget — A Gullah Geechee publication by Darryl E. Brown,3.99,1,ggb-manifest-es-batc,Books & Magazines > Books > eBooks,"Books, Gullah Geechee, eBook, Digital",Digital,,,,,Yes,"PDF, EPUB",Active
Es Batch 043 How To Master Public Speaking,Es Batch 043 How To Master Public Speaking — A Gullah Geechee publication by Darryl E. Brown,3.99,1,ggb-manifest-es-batc,Books & Magazines > Books > eBooks,"Books, Gullah Geechee, eBook, Digital",Digital,,,,,Yes,"PDF, EPUB",Active
Es Batch 044 How To Negotiate Better Deals,Es Batch 044 How To Negotiate Better Deals — A Gullah Geechee publication by Darryl E. Brown,3.99,1,ggb-manifest-es-batc,Books & Magazines > Books > eBooks,"Books, Gullah Geechee, eBook, Digital",Digital,,,,,Yes,"PDF, EPUB",Active
Es Batch 045 How To Build A Remote Team,Es Batch 045 How To Build A Remote Team — A Gullah Geechee publication by Darryl E. Brown,3.99,1,ggb-manifest-es-batc,Books & Magazines > Books > eBooks,"Books, Gullah Geechee, eBook, Digital",Digital,,,,,Yes,"PDF, EPUB",Active
Es Batch 046 How To Scale Your Small Business,Es Batch 046 How To Scale Your Small Business — A Gullah Geechee publication by Darryl E. Brown,3.99,1,ggb-manifest-es-batc,Books & Magazines > Books > eBooks,"Books, Gullah Geechee, eBook, Digital",Digital,,,,,Yes,"PDF, EPUB",Active
Es Batch 047 How To Create A Marketing Funnel,Es Batch 047 How To Create A Marketing Funnel — A Gullah Geechee publication by Darryl E. Brown,3.99,1,ggb-manifest-es-batc,Books & Magazines > Books > eBooks,"Books, Gullah Geechee, eBook, Digital",Digital,,,,,Yes,"PDF, EPUB",Active
Es Batch 048 How To Use Ai In Your Business,Es Batch 048 How To Use Ai In Your Business — A Gullah Geechee publication by Darryl E. Brown,3.99,1,ggb-manifest-es-batc,Books & Magazines > Books > eBooks,"Books, Gullah Geechee, eBook, Digital",Digital,,,,,Yes,"PDF, EPUB",Active
Es Batch 049 How To Build Customer Loyalty,Es Batch 049 How To Build Customer Loyalty — A Gullah Geechee publication by Darryl E. Brown,3.99,1,ggb-manifest-es-batc,Books & Magazines > Books > eBooks,"Books, Gullah Geechee, eBook, Digital",Digital,,,,,Yes,"PDF, EPUB",Active
Es Batch 050 How To Manage Your Time Effectively,Es Batch 050 How To Manage Your Time Effectively — A Gullah Geechee publication by Darryl E. Brown,3.99,1,ggb-manifest-es-batc,Books & Magazines > Books > eBooks,"Books, Gullah Geechee, eBook, Digital",Digital,,,,,Yes,"PDF, EPUB",Active
Es Batch 051 How To Create A Sales Funnel,Es Batch 051 How To Create A Sales Funnel — A Gullah Geechee publication by Darryl E. Brown,3.99,1,ggb-manifest-es-batc,Books & Magazines > Books > eBooks,"Books, Gullah Geechee, eBook, Digital",Digital,,,,,Yes,"PDF, EPUB",Active
Es Batch 052 How To Build Strategic Partnerships,Es Batch 052 How To Build Strategic Partnerships — A Gullah Geechee publication by Darryl E. Brown,3.99,1,ggb-manifest-es-batc,Books & Magazines > Books > eBooks,"Books, Gullah Geechee, eBook, Digital",Digital,,,,,Yes,"PDF, EPUB",Active
Es Batch 053 How To Master Email Marketing,Es Batch 053 How To Master Email Marketing — A Gullah Geechee publication by Darryl E. Brown,3.99,1,ggb-manifest-es-batc,Books & Magazines > Books > eBooks,"Books, Gullah Geechee, eBook, Digital",Digital,,,,,Yes,"PDF, EPUB",Active
Es Batch 054 How To Create A Brand Style Guide,Es Batch 054 How To Create A Brand Style Guide — A Gullah Geechee publication by Darryl E. Brown,3.99,1,ggb-manifest-es-batc,Books & Magazines > Books > eBooks,"Books, Gullah Geechee, eBook, Digital",Digital,,,,,Yes,"PDF, EPUB",Active
Es Batch 055 How To Build A Freelance Career,Es Batch 055 How To Build A Freelance Career — A Gullah Geechee publication by Darryl E. Brown,3.99,1,ggb-manifest-es-batc,Books & Magazines > Books > eBooks,"Books, Gullah Geechee, eBook, Digital",Digital,,,,,Yes,"PDF, EPUB",Active
Es Batch 056 How To Write Copy That Sells,Es Batch 056 How To Write Copy That Sells — A Gullah Geechee publication by Darryl E. Brown,3.99,1,ggb-manifest-es-batc,Books & Magazines > Books > eBooks,"Books, Gullah Geechee, eBook, Digital",Digital,,,,,Yes,"PDF, EPUB",Active
Es Batch 057 How To Create A Product Launch Plan,Es Batch 057 How To Create A Product Launch Plan — A Gullah Geechee publication by Darryl E. Brown,3.99,1,ggb-manifest-es-batc,Books & Magazines > Books > eBooks,"Books, Gullah Geechee, eBook, Digital",Digital,,,,,Yes,"PDF, EPUB",Active
Es Batch 058 How To Build A Community Around Your Bra,Es Batch 058 How To Build A Community Around Your Bra — A Gullah Geechee publication by Darryl E. Brown,3.99,1,ggb-manifest-es-batc,Books & Magazines > Books > eBooks,"Books, Gullah Geechee, eBook, Digital",Digital,,,,,Yes,"PDF, EPUB",Active
Es Batch 059 How To Master Linkedin For Business,Es Batch 059 How To Master Linkedin For Business — A Gullah Geechee publication by Darryl E. Brown,3.99,1,ggb-manifest-es-batc,Books & Magazines > Books > eBooks,"Books, Gullah Geechee, eBook, Digital",Digital,,,,,Yes,"PDF, EPUB",Active
Es Batch 060 How To Create A Customer Journey Map,Es Batch 060 How To Create A Customer Journey Map — A Gullah Geechee publication by Darryl E. Brown,3.99,1,ggb-manifest-es-batc,Books & Magazines > Books > eBooks,"Books, Gullah Geechee, eBook, Digital",Digital,,,,,Yes,"PDF, EPUB",Active
Es Batch 061 How To Build A Subscription Business,Es Batch 061 How To Build A Subscription Business — A Gullah Geechee publication by Darryl E. Brown,3.99,1,ggb-manifest-es-batc,Books & Magazines > Books > eBooks,"Books, Gullah Geechee, eBook, Digital",Digital,,,,,Yes,"PDF, EPUB",Active
Es Batch 062 How To Create A Referral Program,Es Batch 062 How To Create A Referral Program — A Gullah Geechee publication by Darryl E. Brown,3.99,1,ggb-manifest-es-batc,Books & Magazines > Books > eBooks,"Books, Gullah Geechee, eBook, Digital",Digital,,,,,Yes,"PDF, EPUB",Active
Es Batch 063 How To Master Business Storytelling,Es Batch 063 How To Master Business Storytelling — A Gullah Geechee publication by Darryl E. Brown,3.99,1,ggb-manifest-es-batc,Books & Magazines > Books > eBooks,"Books, Gullah Geechee, eBook, Digital",Digital,,,,,Yes,"PDF, EPUB",Active
Es Batch 064 How To Build A Digital Product Empire,Es Batch 064 How To Build A Digital Product Empire — A Gullah Geechee publication by Darryl E. Brown,3.99,1,ggb-manifest-es-batc,Books & Magazines > Books > eBooks,"Books, Gullah Geechee, eBook, Digital",Digital,,,,,Yes,"PDF, EPUB",Active
Es Batch 065 How To Create A Business Exit Strategy,Es Batch 065 How To Create A Business Exit Strategy — A Gullah Geechee publication by Darryl E. Brown,3.99,1,ggb-manifest-es-batc,Books & Magazines > Books > eBooks,"Books, Gullah Geechee, eBook, Digital",Digital,,,,,Yes,"PDF, EPUB",Active
Es Batch 066 How To Cook Perfect Gullah Red Rice,Es Batch 066 How To Cook Perfect Gullah Red Rice — A Gullah Geechee publication by Darryl E. Brown,3.99,1,ggb-manifest-es-batc,Books & Magazines > Books > eBooks,"Books, Gullah Geechee, eBook, Digital",Digital,,,,,Yes,"PDF, EPUB",Active
Es Batch 067 How To Make Southern Cornbread From Scra,Es Batch 067 How To Make Southern Cornbread From Scra — A Gullah Geechee publication by Darryl E. Brown,3.99,1,ggb-manifest-es-batc,Books & Magazines > Books > eBooks,"Books, Gullah Geechee, eBook, Digital",Digital,,,,,Yes,"PDF, EPUB",Active
Es Batch 068 How To Fry The Perfect Fish,Es Batch 068 How To Fry The Perfect Fish — A Gullah Geechee publication by Darryl E. Brown,3.99,1,ggb-manifest-es-batc,Books & Magazines > Books > eBooks,"Books, Gullah Geechee, eBook, Digital",Digital,,,,,Yes,"PDF, EPUB",Active
Es Batch 069 How To Make Authentic Shrimp And Grits,Es Batch 069 How To Make Authentic Shrimp And Grits — A Gullah Geechee publication by Darryl E. Brown,3.99,1,ggb-manifest-es-batc,Books & Magazines > Books > eBooks,"Books, Gullah Geechee, eBook, Digital",Digital,,,,,Yes,"PDF, EPUB",Active
Es Batch 070 How To Bake Sweet Potato Pie,Es Batch 070 How To Bake Sweet Potato Pie — A Gullah Geechee publication by Darryl E. Brown,3.99,1,ggb-manifest-es-batc,Books & Magazines > Books > eBooks,"Books, Gullah Geechee, eBook, Digital",Digital,,,,,Yes,"PDF, EPUB",Active
Es Batch 071 How To Make Hoppin John For New Years,Es Batch 071 How To Make Hoppin John For New Years — A Gullah Geechee publication by Darryl E. Brown,3.99,1,ggb-manifest-es-batc,Books & Magazines > Books > eBooks,"Books, Gullah Geechee, eBook, Digital",Digital,,,,,Yes,"PDF, EPUB",Active
Es Batch 072 How To Cook Collard Greens The Right Way,Es Batch 072 How To Cook Collard Greens The Right Way — A Gullah Geechee publication by Darryl E. Brown,3.99,1,ggb-manifest-es-batc,Books & Magazines > Books > eBooks,"Books, Gullah Geechee, eBook, Digital",Digital,,,,,Yes,"PDF, EPUB",Active
Es Batch 073 How To Make Benne Wafers,Es Batch 073 How To Make Benne Wafers — A Gullah Geechee publication by Darryl E. Brown,3.99,1,ggb-manifest-es-batc,Books & Magazines > Books > eBooks,"Books, Gullah Geechee, eBook, Digital",Digital,,,,,Yes,"PDF, EPUB",Active
Es Batch 074 How To Prepare Okra And Tomatoes,Es Batch 074 How To Prepare Okra And Tomatoes — A Gullah Geechee publication by Darryl E. Brown,3.99,1,ggb-manifest-es-batc,Books & Magazines > Books > eBooks,"Books, Gullah Geechee, eBook, Digital",Digital,,,,,Yes,"PDF, EPUB",Active
Es Batch 075 How To Make Gullah Tea Cakes,Es Batch 075 How To Make Gullah Tea Cakes — A Gullah Geechee publication by Darryl E. Brown,3.99,1,ggb-manifest-es-batc,Books & Magazines > Books > eBooks,"Books, Gullah Geechee, eBook, Digital",Digital,,,,,Yes,"PDF, EPUB",Active
Es Batch 076 How To Cook Lowcountry Boil,Es Batch 076 How To Cook Lowcountry Boil — A Gullah Geechee publication by Darryl E. Brown,3.99,1,ggb-manifest-es-batc,Books & Magazines > Books > eBooks,"Books, Gullah Geechee, eBook, Digital",Digital,,,,,Yes,"PDF, EPUB",Active
Es Batch 077 How To Make Pickled Shrimp,Es Batch 077 How To Make Pickled Shrimp — A Gullah Geechee publication by Darryl E. Brown,3.99,1,ggb-manifest-es-batc,Books & Magazines > Books > eBooks,"Books, Gullah Geechee, eBook, Digital",Digital,,,,,Yes,"PDF, EPUB",Active
Es Batch 078 How To Bake Buttermilk Cornbread,Es Batch 078 How To Bake Buttermilk Cornbread — A Gullah Geechee publication by Darryl E. Brown,3.99,1,ggb-manifest-es-batc,Books & Magazines > Books > eBooks,"Books, Gullah Geechee, eBook, Digital",Digital,,,,,Yes,"PDF, EPUB",Active
Es Batch 079 How To Make Boiled Peanuts,Es Batch 079 How To Make Boiled Peanuts — A Gullah Geechee publication by Darryl E. Brown,3.99,1,ggb-manifest-es-batc,Books & Magazines > Books > eBooks,"Books, Gullah Geechee, eBook, Digital",Digital,,,,,Yes,"PDF, EPUB",Active
Es Batch 080 How To Cook Gullah Cabbage,Es Batch 080 How To Cook Gullah Cabbage — A Gullah Geechee publication by Darryl E. Brown,3.99,1,ggb-manifest-es-batc,Books & Magazines > Books > eBooks,"Books, Gullah Geechee, eBook, Digital",Digital,,,,,Yes,"PDF, EPUB",Active
Es Batch 081 How To Make Mac And Cheese The Southern ,Es Batch 081 How To Make Mac And Cheese The Southern  — A Gullah Geechee publication by Darryl E. Brown,3.99,1,ggb-manifest-es-batc,Books & Magazines > Books > eBooks,"Books, Gullah Geechee, eBook, Digital",Digital,,,,,Yes,"PDF, EPUB",Active
Es Batch 082 How To Prepare Gullah Chicken Soup,Es Batch 082 How To Prepare Gullah Chicken Soup — A Gullah Geechee publication by Darryl E. Brown,3.99,1,ggb-manifest-es-batc,Books & Magazines > Books > eBooks,"Books, Gullah Geechee, eBook, Digital",Digital,,,,,Yes,"PDF, EPUB",Active
Es Batch 083 How To Make Rice Pudding,Es Batch 083 How To Make Rice Pudding — A Gullah Geechee publication by Darryl E. Brown,3.99,1,ggb-manifest-es-batc,Books & Magazines > Books > eBooks,"Books, Gullah Geechee, eBook, Digital",Digital,,,,,Yes,"PDF, EPUB",Active
Es Batch 084 How To Cook Gullah Pork Chops,Es Batch 084 How To Cook Gullah Pork Chops — A Gullah Geechee publication by Darryl E. Brown,3.99,1,ggb-manifest-es-batc,Books & Magazines > Books > eBooks,"Books, Gullah Geechee, eBook, Digital",Digital,,,,,Yes,"PDF, EPUB",Active
Es Batch 085 How To Make Sweetgrass Lemonade,Es Batch 085 How To Make Sweetgrass Lemonade — A Gullah Geechee publication by Darryl E. Brown,3.99,1,ggb-manifest-es-batc,Books & Magazines > Books > eBooks,"Books, Gullah Geechee, eBook, Digital",Digital,,,,,Yes,"PDF, EPUB",Active
Es Batch 086 How To Make Gullah Potato Salad,Es Batch 086 How To Make Gullah Potato Salad — A Gullah Geechee publication by Darryl E. Brown,3.99,1,ggb-manifest-es-batc,Books & Magazines > Books > eBooks,"Books, Gullah Geechee, eBook, Digital",Digital,,,,,Yes,"PDF, EPUB",Active
Es Batch 087 How To Cook Benne Chicken,Es Batch 087 How To Cook Benne Chicken — A Gullah Geechee publication by Darryl E. Brown,3.99,1,ggb-manifest-es-batc,Books & Magazines > Books > eBooks,"Books, Gullah Geechee, eBook, Digital",Digital,,,,,Yes,"PDF, EPUB",Active
Es Batch 088 How To Make Gullah Breakfast,Es Batch 088 How To Make Gullah Breakfast — A Gullah Geechee publication by Darryl E. Brown,3.99,1,ggb-manifest-es-batc,Books & Magazines > Books > eBooks,"Books, Gullah Geechee, eBook, Digital",Digital,,,,,Yes,"PDF, EPUB",Active
Es Batch 089 How To Preserve Summer Vegetables,Es Batch 089 How To Preserve Summer Vegetables — A Gullah Geechee publication by Darryl E. Brown,3.99,1,ggb-manifest-es-batc,Books & Magazines > Books > eBooks,"Books, Gullah Geechee, eBook, Digital",Digital,,,,,Yes,"PDF, EPUB",Active
Es Batch 090 How To Master Cast Iron Cooking,Es Batch 090 How To Master Cast Iron Cooking — A Gullah Geechee publication by Darryl E. Brown,3.99,1,ggb-manifest-es-batc,Books & Magazines > Books > eBooks,"Books, Gullah Geechee, eBook, Digital",Digital,,,,,Yes,"PDF, EPUB",Active
Es Batch 091 How To Make One Pot Gullah Meals,Es Batch 091 How To Make One Pot Gullah Meals — A Gullah Geechee publication by Darryl E. Brown,3.99,1,ggb-manifest-es-batc,Books & Magazines > Books > eBooks,"Books, Gullah Geechee, eBook, Digital",Digital,,,,,Yes,"PDF, EPUB",Active
Es Batch 092 How To Cook With Seasonal Lowcountry Ing,Es Batch 092 How To Cook With Seasonal Lowcountry Ing — A Gullah Geechee publication by Darryl E. Brown,3.99,1,ggb-manifest-es-batc,Books & Magazines > Books > eBooks,"Books, Gullah Geechee, eBook, Digital",Digital,,,,,Yes,"PDF, EPUB",Active
Es Batch 093 How To Make Gullah Sauces And Seasonings,Es Batch 093 How To Make Gullah Sauces And Seasonings — A Gullah Geechee publication by Darryl E. Brown,3.99,1,ggb-manifest-es-batc,Books & Magazines > Books > eBooks,"Books, Gullah Geechee, eBook, Digital",Digital,,,,,Yes,"PDF, EPUB",Active
Es Batch 094 How To Bake Gullah Desserts,Es Batch 094 How To Bake Gullah Desserts — A Gullah Geechee publication by Darryl E. Brown,3.99,1,ggb-manifest-es-batc,Books & Magazines > Books > eBooks,"Books, Gullah Geechee, eBook, Digital",Digital,,,,,Yes,"PDF, EPUB",Active
Es Batch 095 How To Make Holiday Gullah Feasts,Es Batch 095 How To Make Holiday Gullah Feasts — A Gullah Geechee publication by Darryl E. Brown,3.99,1,ggb-manifest-es-batc,Books & Magazines > Books > eBooks,"Books, Gullah Geechee, eBook, Digital",Digital,,,,,Yes,"PDF, EPUB",Active
Es Batch 096 How To Cook Gullah Seafood,Es Batch 096 How To Cook Gullah Seafood — A Gullah Geechee publication by Darryl E. Brown,3.99,1,ggb-manifest-es-batc,Books & Magazines > Books > eBooks,"Books, Gullah Geechee, eBook, Digital",Digital,,,,,Yes,"PDF, EPUB",Active
Es Batch 097 How To Make Gullah Soups And Stews,Es Batch 097 How To Make Gullah Soups And Stews — A Gullah Geechee publication by Darryl E. Brown,3.99,1,ggb-manifest-es-batc,Books & Magazines > Books > eBooks,"Books, Gullah Geechee, eBook, Digital",Digital,,,,,Yes,"PDF, EPUB",Active
Es Batch 098 How To Prepare Gullah Side Dishes,Es Batch 098 How To Prepare Gullah Side Dishes — A Gullah Geechee publication by Darryl E. Brown,3.99,1,ggb-manifest-es-batc,Books & Magazines > Books > eBooks,"Books, Gullah Geechee, eBook, Digital",Digital,,,,,Yes,"PDF, EPUB",Active
Es Batch 099 How To Make Gullah Breads,Es Batch 099 How To Make Gullah Breads — A Gullah Geechee publication by Darryl E. Brown,3.99,1,ggb-manifest-es-batc,Books & Magazines > Books > eBooks,"Books, Gullah Geechee, eBook, Digital",Digital,,,,,Yes,"PDF, EPUB",Active
Es Batch 100 How To Cook Gullah Vegetables,Es Batch 100 How To Cook Gullah Vegetables — A Gullah Geechee publication by Darryl E. Brown,3.99,1,ggb-manifest-es-batc,Books & Magazines > Books > eBooks,"Books, Gullah Geechee, eBook, Digital",Digital,,,,,Yes,"PDF, EPUB",Active
Es Prep Gullah Geechee Business Planning,Es Prep Gullah Geechee Business Planning — A Gullah Geechee publication by Darryl E. Brown,3.99,1,ggb-manifest-es-prep,Books & Magazines > Books > eBooks,"Books, Gullah Geechee, eBook, Digital",Digital,,,,,Yes,"PDF, EPUB",Active
Es Prep Gullah Geechee Camp Cooking,Es Prep Gullah Geechee Camp Cooking — A Gullah Geechee publication by Darryl E. Brown,3.99,1,ggb-manifest-es-prep,Books & Magazines > Books > eBooks,"Books, Gullah Geechee, eBook, Digital",Digital,,,,,Yes,"PDF, EPUB",Active
Es Prep Gullah Geechee Community Commerce,Es Prep Gullah Geechee Community Commerce — A Gullah Geechee publication by Darryl E. Brown,3.99,1,ggb-manifest-es-prep,Books & Magazines > Books > eBooks,"Books, Gullah Geechee, eBook, Digital",Digital,,,,,Yes,"PDF, EPUB",Active
Es Prep Gullah Geechee Condiments,Es Prep Gullah Geechee Condiments — A Gullah Geechee publication by Darryl E. Brown,3.99,1,ggb-manifest-es-prep,Books & Magazines > Books > eBooks,"Books, Gullah Geechee, eBook, Digital",Digital,,,,,Yes,"PDF, EPUB",Active
Es Prep Gullah Geechee Microenterprise,Es Prep Gullah Geechee Microenterprise — A Gullah Geechee publication by Darryl E. Brown,3.99,1,ggb-manifest-es-prep,Books & Magazines > Books > eBooks,"Books, Gullah Geechee, eBook, Digital",Digital,,,,,Yes,"PDF, EPUB",Active
Es Prep Gullah Geechee One Pot Meals,Es Prep Gullah Geechee One Pot Meals — A Gullah Geechee publication by Darryl E. Brown,3.99,1,ggb-manifest-es-prep,Books & Magazines > Books > eBooks,"Books, Gullah Geechee, eBook, Digital",Digital,,,,,Yes,"PDF, EPUB",Active
Es Prep How To Build Abundance,Es Prep How To Build Abundance — A Gullah Geechee publication by Darryl E. Brown,3.99,1,ggb-manifest-es-prep,Books & Magazines > Books > eBooks,"Books, Gullah Geechee, eBook, Digital",Digital,,,,,Yes,"PDF, EPUB",Active
Es Prep How To Build Balance,Es Prep How To Build Balance — A Gullah Geechee publication by Darryl E. Brown,3.99,1,ggb-manifest-es-prep,Books & Magazines > Books > eBooks,"Books, Gullah Geechee, eBook, Digital",Digital,,,,,Yes,"PDF, EPUB",Active
Es Prep How To Build Connection,Es Prep How To Build Connection — A Gullah Geechee publication by Darryl E. Brown,3.99,1,ggb-manifest-es-prep,Books & Magazines > Books > eBooks,"Books, Gullah Geechee, eBook, Digital",Digital,,,,,Yes,"PDF, EPUB",Active
Es Prep How To Build Faith,Es Prep How To Build Faith — A Gullah Geechee publication by Darryl E. Brown,3.99,1,ggb-manifest-es-prep,Books & Magazines > Books > eBooks,"Books, Gullah Geechee, eBook, Digital",Digital,,,,,Yes,"PDF, EPUB",Active
Es Prep How To Build Imagination,Es Prep How To Build Imagination — A Gullah Geechee publication by Darryl E. Brown,3.99,1,ggb-manifest-es-prep,Books & Magazines > Books > eBooks,"Books, Gullah Geechee, eBook, Digital",Digital,,,,,Yes,"PDF, EPUB",Active
Es Prep How To Build Joy,Es Prep How To Build Joy — A Gullah Geechee publication by Darryl E. Brown,3.99,1,ggb-manifest-es-prep,Books & Magazines > Books > eBooks,"Books, Gullah Geechee, eBook, Digital",Digital,,,,,Yes,"PDF, EPUB",Active
Es Prep How To Build Reflection,Es Prep How To Build Reflection — A Gullah Geechee publication by Darryl E. Brown,3.99,1,ggb-manifest-es-prep,Books & Magazines > Books > eBooks,"Books, Gullah Geechee, eBook, Digital",Digital,,,,,Yes,"PDF, EPUB",Active
Es Prep How To Build Simplicity,Es Prep How To Build Simplicity — A Gullah Geechee publication by Darryl E. Brown,3.99,1,ggb-manifest-es-prep,Books & Magazines > Books > eBooks,"Books, Gullah Geechee, eBook, Digital",Digital,,,,,Yes,"PDF, EPUB",Active
Es Prep How To Build Surrender,Es Prep How To Build Surrender — A Gullah Geechee publication by Darryl E. Brown,3.99,1,ggb-manifest-es-prep,Books & Magazines > Books > eBooks,"Books, Gullah Geechee, eBook, Digital",Digital,,,,,Yes,"PDF, EPUB",Active
Es Prep How To Build Vision,Es Prep How To Build Vision — A Gullah Geechee publication by Darryl E. Brown,3.99,1,ggb-manifest-es-prep,Books & Magazines > Books > eBooks,"Books, Gullah Geechee, eBook, Digital",Digital,,,,,Yes,"PDF, EPUB",Active
Es Prep How To Build Vulnerability,Es Prep How To Build Vulnerability — A Gullah Geechee publication by Darryl E. Brown,3.99,1,ggb-manifest-es-prep,Books & Magazines > Books > eBooks,"Books, Gullah Geechee, eBook, Digital",Digital,,,,,Yes,"PDF, EPUB",Active
Es Prep How To Build Zeal,Es Prep How To Build Zeal — A Gullah Geechee publication by Darryl E. Brown,3.99,1,ggb-manifest-es-prep,Books & Magazines > Books > eBooks,"Books, Gullah Geechee, eBook, Digital",Digital,,,,,Yes,"PDF, EPUB",Active
Es Prep The Gullah Geechee Guide To Discipline,Es Prep The Gullah Geechee Guide To Discipline — A Gullah Geechee publication by Darryl E. Brown,3.99,1,ggb-manifest-es-prep,Books & Magazines > Books > eBooks,"Books, Gullah Geechee, eBook, Digital",Digital,,,,,Yes,"PDF, EPUB",Active
Es Prep The Gullah Geechee Guide To Unity,Es Prep The Gullah Geechee Guide To Unity — A Gullah Geechee publication by Darryl E. Brown,3.99,1,ggb-manifest-es-prep,Books & Magazines > Books > eBooks,"Books, Gullah Geechee, eBook, Digital",Digital,,,,,Yes,"PDF, EPUB",Active
Es Prep The Gullah Geechee Guide To Yearning,Es Prep The Gullah Geechee Guide To Yearning — A Gullah Geechee publication by Darryl E. Brown,3.99,1,ggb-manifest-es-prep,Books & Magazines > Books > eBooks,"Books, Gullah Geechee, eBook, Digital",Digital,,,,,Yes,"PDF, EPUB",Active
Gg Stories 008,Gg Stories 008 — A Gullah Geechee publication by Darryl E. Brown,3.99,1,ggb-manifest-gg-stor,Books & Magazines > Books > eBooks,"Books, Gullah Geechee, eBook, Digital",Digital,,,,,Yes,"PDF, EPUB",Active
Ggb Manifest 00A4C7B,Ggb Manifest 00A4C7B — A Gullah Geechee publication by Darryl E. Brown,3.99,1,ggb-manifest-ggb-man,Books & Magazines > Books > eBooks,"Books, Gullah Geechee, eBook, Digital",Digital,,,,,Yes,"PDF, EPUB",Active
Ggb Manifest 00C7D57,Ggb Manifest 00C7D57 — A Gullah Geechee publication by Darryl E. Brown,3.99,1,ggb-manifest-ggb-man,Books & Magazines > Books > eBooks,"Books, Gullah Geechee, eBook, Digital",Digital,,,,,Yes,"PDF, EPUB",Active
Ggb Manifest 0225Dd5,Ggb Manifest 0225Dd5 — A Gullah Geechee publication by Darryl E. Brown,3.99,1,ggb-manifest-ggb-man,Books & Magazines > Books > eBooks,"Books, Gullah Geechee, eBook, Digital",Digital,,,,,Yes,"PDF, EPUB",Active
Ggb Manifest 02A0930,Ggb Manifest 02A0930 — A Gullah Geechee publication by Darryl E. Brown,3.99,1,ggb-manifest-ggb-man,Books & Magazines > Books > eBooks,"Books, Gullah Geechee, eBook, Digital",Digital,,,,,Yes,"PDF, EPUB",Active
Ggb Manifest 038Dff2,Ggb Manifest 038Dff2 — A Gullah Geechee publication by Darryl E. Brown,3.99,1,ggb-manifest-ggb-man,Books & Magazines > Books > eBooks,"Books, Gullah Geechee, eBook, Digital",Digital,,,,,Yes,"PDF, EPUB",Active
Ggb Manifest 039A9Ad,Ggb Manifest 039A9Ad — A Gullah Geechee publication by Darryl E. Brown,3.99,1,ggb-manifest-ggb-man,Books & Magazines > Books > eBooks,"Books, Gullah Geechee, eBook, Digital",Digital,,,,,Yes,"PDF, EPUB",Active
Ggb Manifest 03Ad457,Ggb Manifest 03Ad457 — A Gullah Geechee publication by Darryl E. Brown,3.99,1,ggb-manifest-ggb-man,Books & Magazines > Books > eBooks,"Books, Gullah Geechee, eBook, Digital",Digital,,,,,Yes,"PDF, EPUB",Active
Ggb Manifest 0436901,Ggb Manifest 0436901 — A Gullah Geechee publication by Darryl E. Brown,3.99,1,ggb-manifest-ggb-man,Books & Magazines > Books > eBooks,"Books, Gullah Geechee, eBook, Digital",Digital,,,,,Yes,"PDF, EPUB",Active
Ggb Manifest 05Adeb1,Ggb Manifest 05Adeb1 — A Gullah Geechee publication by Darryl E. Brown,3.99,1,ggb-manifest-ggb-man,Books & Magazines > Books > eBooks,"Books, Gullah Geechee, eBook, Digital",Digital,,,,,Yes,"PDF, EPUB",Active
Ggb Manifest 065C17C,Ggb Manifest 065C17C — A Gullah Geechee publication by Darryl E. Brown,3.99,1,ggb-manifest-ggb-man,Books & Magazines > Books > eBooks,"Books, Gullah Geechee, eBook, Digital",Digital,,,,,Yes,"PDF, EPUB",Active
Ggb Manifest 070C768,Ggb Manifest 070C768 — A Gullah Geechee publication by Darryl E. Brown,3.99,1,ggb-manifest-ggb-man,Books & Magazines > Books > eBooks,"Books, Gullah Geechee, eBook, Digital",Digital,,,,,Yes,"PDF, EPUB",Active
Ggb Manifest 077Bbae,Ggb Manifest 077Bbae — A Gullah Geechee publication by Darryl E. Brown,3.99,1,ggb-manifest-ggb-man,Books & Magazines > Books > eBooks,"Books, Gullah Geechee, eBook, Digital",Digital,,,,,Yes,"PDF, EPUB",Active
Ggb Manifest 0801C2E,Ggb Manifest 0801C2E — A Gullah Geechee publication by Darryl E. Brown,3.99,1,ggb-manifest-ggb-man,Books & Magazines > Books > eBooks,"Books, Gullah Geechee, eBook, Digital",Digital,,,,,Yes,"PDF, EPUB",Active
Ggb Manifest 083Cca1,Ggb Manifest 083Cca1 — A Gullah Geechee publication by Darryl E. Brown,3.99,1,ggb-manifest-ggb-man,Books & Magazines > Books > eBooks,"Books, Gullah Geechee, eBook, Digital",Digital,,,,,Yes,"PDF, EPUB",Active
Ggb Manifest 0842C57,Ggb Manifest 0842C57 — A Gullah Geechee publication by Darryl E. Brown,3.99,1,ggb-manifest-ggb-man,Books & Magazines > Books > eBooks,"Books, Gullah Geechee, eBook, Digital",Digital,,,,,Yes,"PDF, EPUB",Active
Ggb Manifest 08D7E7A,Ggb Manifest 08D7E7A — A Gullah Geechee publication by Darryl E. Brown,3.99,1,ggb-manifest-ggb-man,Books & Magazines > Books > eBooks,"Books, Gullah Geechee, eBook, Digital",Digital,,,,,Yes,"PDF, EPUB",Active
Ggb Manifest 09527A6,Ggb Manifest 09527A6 — A Gullah Geechee publication by Darryl E. Brown,3.99,1,ggb-manifest-ggb-man,Books & Magazines > Books > eBooks,"Books, Gullah Geechee, eBook, Digital",Digital,,,,,Yes,"PDF, EPUB",Active
Ggb Manifest 09611E9,Ggb Manifest 09611E9 — A Gullah Geechee publication by Darryl E. Brown,3.99,1,ggb-manifest-ggb-man,Books & Magazines > Books > eBooks,"Books, Gullah Geechee, eBook, Digital",Digital,,,,,Yes,"PDF, EPUB",Active
Ggb Manifest 098Cbf8,Ggb Manifest 098Cbf8 — A Gullah Geechee publication by Darryl E. Brown,3.99,1,ggb-manifest-ggb-man,Books & Magazines > Books > eBooks,"Books, Gullah Geechee, eBook, Digital",Digital,,,,,Yes,"PDF, EPUB",Active
Ggb Manifest 09C5A66,Ggb Manifest 09C5A66 — A Gullah Geechee publication by Darryl E. Brown,3.99,1,ggb-manifest-ggb-man,Books & Magazines > Books > eBooks,"Books, Gullah Geechee, eBook, Digital",Digital,,,,,Yes,"PDF, EPUB",Active
Ggb Manifest 0Ab4829,Ggb Manifest 0Ab4829 — A Gullah Geechee publication by Darryl E. Brown,3.99,1,ggb-manifest-ggb-man,Books & Magazines > Books > eBooks,"Books, Gullah Geechee, eBook, Digital",Digital,,,,,Yes,"PDF, EPUB",Active
Ggb Manifest 0B11807,Ggb Manifest 0B11807 — A Gullah Geechee publication by Darryl E. Brown,3.99,1,ggb-manifest-ggb-man,Books & Magazines > Books > eBooks,"Books, Gullah Geechee, eBook, Digital",Digital,,,,,Yes,"PDF, EPUB",Active
Ggb Manifest 0B68043,Ggb Manifest 0B68043 — A Gullah Geechee publication by Darryl E. Brown,3.99,1,ggb-manifest-ggb-man,Books & Magazines > Books > eBooks,"Books, Gullah Geechee, eBook, Digital",Digital,,,,,Yes,"PDF, EPUB",Active
Ggb Manifest 0D3E740,Ggb Manifest 0D3E740 — A Gullah Geechee publication by Darryl E. Brown,3.99,1,ggb-manifest-ggb-man,Books & Magazines > Books > eBooks,"Books, Gullah Geechee, eBook, Digital",Digital,,,,,Yes,"PDF, EPUB",Active
Ggb Manifest 0D6C574,Ggb Manifest 0D6C574 — A Gullah Geechee publication by Darryl E. Brown,3.99,1,ggb-manifest-ggb-man,Books & Magazines > Books > eBooks,"Books, Gullah Geechee, eBook, Digital",Digital,,,,,Yes,"PDF, EPUB",Active
Ggb Manifest 0E2Dfde,Ggb Manifest 0E2Dfde — A Gullah Geechee publication by Darryl E. Brown,3.99,1,ggb-manifest-ggb-man,Books & Magazines > Books > eBooks,"Books, Gullah Geechee, eBook, Digital",Digital,,,,,Yes,"PDF, EPUB",Active
Ggb Manifest 0Ed2340,Ggb Manifest 0Ed2340 — A Gullah Geechee publication by Darryl E. Brown,3.99,1,ggb-manifest-ggb-man,Books & Magazines > Books > eBooks,"Books, Gullah Geechee, eBook, Digital",Digital,,,,,Yes,"PDF, EPUB",Active
Ggb Manifest 0F00B9B,Ggb Manifest 0F00B9B — A Gullah Geechee publication by Darryl E. Brown,3.99,1,ggb-manifest-ggb-man,Books & Magazines > Books > eBooks,"Books, Gullah Geechee, eBook, Digital",Digital,,,,,Yes,"PDF, EPUB",Active
Ggb Manifest 0F2B81E,Ggb Manifest 0F2B81E — A Gullah Geechee publication by Darryl E. Brown,3.99,1,ggb-manifest-ggb-man,Books & Magazines > Books > eBooks,"Books, Gullah Geechee, eBook, Digital",Digital,,,,,Yes,"PDF, EPUB",Active
Ggb Manifest 0F42319,Ggb Manifest 0F42319 — A Gullah Geechee publication by Darryl E. Brown,3.99,1,ggb-manifest-ggb-man,Books & Magazines > Books > eBooks,"Books, Gullah Geechee, eBook, Digital",Digital,,,,,Yes,"PDF, EPUB",Active
Ggb Manifest 0F6D9Ee,Ggb Manifest 0F6D9Ee — A Gullah Geechee publication by Darryl E. Brown,3.99,1,ggb-manifest-ggb-man,Books & Magazines > Books > eBooks,"Books, Gullah Geechee, eBook, Digital",Digital,,,,,Yes,"PDF, EPUB",Active
Ggb Manifest 0F96D7F,Ggb Manifest 0F96D7F — A Gullah Geechee publication by Darryl E. Brown,3.99,1,ggb-manifest-ggb-man,Books & Magazines > Books > eBooks,"Books, Gullah Geechee, eBook, Digital",Digital,,,,,Yes,"PDF, EPUB",Active
Ggb Manifest 106531C,Ggb Manifest 106531C — A Gullah Geechee publication by Darryl E. Brown,3.99,1,ggb-manifest-ggb-man,Books & Magazines > Books > eBooks,"Books, Gullah Geechee, eBook, Digital",Digital,,,,,Yes,"PDF, EPUB",Active
Ggb Manifest 109483E,Ggb Manifest 109483E — A Gullah Geechee publication by Darryl E. Brown,3.99,1,ggb-manifest-ggb-man,Books & Magazines > Books > eBooks,"Books, Gullah Geechee, eBook, Digital",Digital,,,,,Yes,"PDF, EPUB",Active
Ggb Manifest 11D9532,Ggb Manifest 11D9532 — A Gullah Geechee publication by Darryl E. Brown,3.99,1,ggb-manifest-ggb-man,Books & Magazines > Books > eBooks,"Books, Gullah Geechee, eBook, Digital",Digital,,,,,Yes,"PDF, EPUB",Active
Ggb Manifest 1201171,Ggb Manifest 1201171 — A Gullah Geechee publication by Darryl E. Brown,3.99,1,ggb-manifest-ggb-man,Books & Magazines > Books > eBooks,"Books, Gullah Geechee, eBook, Digital",Digital,,,,,Yes,"PDF, EPUB",Active
Ggb Manifest 130F37D,Ggb Manifest 130F37D — A Gullah Geechee publication by Darryl E. Brown,3.99,1,ggb-manifest-ggb-man,Books & Magazines > Books > eBooks,"Books, Gullah Geechee, eBook, Digital",Digital,,,,,Yes,"PDF, EPUB",Active
Ggb Manifest 1330C00,Ggb Manifest 1330C00 — A Gullah Geechee publication by Darryl E. Brown,3.99,1,ggb-manifest-ggb-man,Books & Magazines > Books > eBooks,"Books, Gullah Geechee, eBook, Digital",Digital,,,,,Yes,"PDF, EPUB",Active
Ggb Manifest 13D7E7A,Ggb Manifest 13D7E7A — A Gullah Geechee publication by Darryl E. Brown,3.99,1,ggb-manifest-ggb-man,Books & Magazines > Books > eBooks,"Books, Gullah Geechee, eBook, Digital",Digital,,,,,Yes,"PDF, EPUB",Active
Ggb Manifest 15691Bb,Ggb Manifest 15691Bb — A Gullah Geechee publication by Darryl E. Brown,3.99,1,ggb-manifest-ggb-man,Books & Magazines > Books > eBooks,"Books, Gullah Geechee, eBook, Digital",Digital,,,,,Yes,"PDF, EPUB",Active
Ggb Manifest 1583E17,Ggb Manifest 1583E17 — A Gullah Geechee publication by Darryl E. Brown,3.99,1,ggb-manifest-ggb-man,Books & Magazines > Books > eBooks,"Books, Gullah Geechee, eBook, Digital",Digital,,,,,Yes,"PDF, EPUB",Active
Ggb Manifest 163Aa3F,Ggb Manifest 163Aa3F — A Gullah Geechee publication by Darryl E. Brown,3.99,1,ggb-manifest-ggb-man,Books & Magazines > Books > eBooks,"Books, Gullah Geechee, eBook, Digital",Digital,,,,,Yes,"PDF, EPUB",Active
Ggb Manifest 167Bef8,Ggb Manifest 167Bef8 — A Gullah Geechee publication by Darryl E. Brown,3.99,1,ggb-manifest-ggb-man,Books & Magazines > Books > eBooks,"Books, Gullah Geechee, eBook, Digital",Digital,,,,,Yes,"PDF, EPUB",Active
Ggb Manifest 186F09C,Ggb Manifest 186F09C — A Gullah Geechee publication by Darryl E. Brown,3.99,1,ggb-manifest-ggb-man,Books & Magazines > Books > eBooks,"Books, Gullah Geechee, eBook, Digital",Digital,,,,,Yes,"PDF, EPUB",Active
Ggb Manifest 18Fb1F9,Ggb Manifest 18Fb1F9 — A Gullah Geechee publication by Darryl E. Brown,3.99,1,ggb-manifest-ggb-man,Books & Magazines > Books > eBooks,"Books, Gullah Geechee, eBook, Digital",Digital,,,,,Yes,"PDF, EPUB",Active
Ggb Manifest 1914Da4,Ggb Manifest 1914Da4 — A Gullah Geechee publication by Darryl E. Brown,3.99,1,ggb-manifest-ggb-man,Books & Magazines > Books > eBooks,"Books, Gullah Geechee, eBook, Digital",Digital,,,,,Yes,"PDF, EPUB",Active
Ggb Manifest 191E68E,Ggb Manifest 191E68E — A Gullah Geechee publication by Darryl E. Brown,3.99,1,ggb-manifest-ggb-man,Books & Magazines > Books > eBooks,"Books, Gullah Geechee, eBook, Digital",Digital,,,,,Yes,"PDF, EPUB",Active
Ggb Manifest 1955341,Ggb Manifest 1955341 — A Gullah Geechee publication by Darryl E. Brown,3.99,1,ggb-manifest-ggb-man,Books & Magazines > Books > eBooks,"Books, Gullah Geechee, eBook, Digital",Digital,,,,,Yes,"PDF, EPUB",Active
Ggb Manifest 19C1Cba,Ggb Manifest 19C1Cba — A Gullah Geechee publication by Darryl E. Brown,3.99,1,ggb-manifest-ggb-man,Books & Magazines > Books > eBooks,"Books, Gullah Geechee, eBook, Digital",Digital,,,,,Yes,"PDF, EPUB",Active
Ggb Manifest 19E15D6,Ggb Manifest 19E15D6 — A Gullah Geechee publication by Darryl E. Brown,3.99,1,ggb-manifest-ggb-man,Books & Magazines > Books > eBooks,"Books, Gullah Geechee, eBook, Digital",Digital,,,,,Yes,"PDF, EPUB",Active
Ggb Manifest 1Aac5F2,Ggb Manifest 1Aac5F2 — A Gullah Geechee publication by Darryl E. Brown,3.99,1,ggb-manifest-ggb-man,Books & Magazines > Books > eBooks,"Books, Gullah Geechee, eBook, Digital",Digital,,,,,Yes,"PDF, EPUB",Active
Ggb Manifest 1Acc64C,Ggb Manifest 1Acc64C — A Gullah Geechee publication by Darryl E. Brown,3.99,1,ggb-manifest-ggb-man,Books & Magazines > Books > eBooks,"Books, Gullah Geechee, eBook, Digital",Digital,,,,,Yes,"PDF, EPUB",Active
Ggb Manifest 1B719C4,Ggb Manifest 1B719C4 — A Gullah Geechee publication by Darryl E. Brown,3.99,1,ggb-manifest-ggb-man,Books & Magazines > Books > eBooks,"Books, Gullah Geechee, eBook, Digital",Digital,,,,,Yes,"PDF, EPUB",Active
Ggb Manifest 1Bb3955,Ggb Manifest 1Bb3955 — A Gullah Geechee publication by Darryl E. Brown,3.99,1,ggb-manifest-ggb-man,Books & Magazines > Books > eBooks,"Books, Gullah Geechee, eBook, Digital",Digital,,,,,Yes,"PDF, EPUB",Active
Ggb Manifest 1Bd8397,Ggb Manifest 1Bd8397 — A Gullah Geechee publication by Darryl E. Brown,3.99,1,ggb-manifest-ggb-man,Books & Magazines > Books > eBooks,"Books, Gullah Geechee, eBook, Digital",Digital,,,,,Yes,"PDF, EPUB",Active
Ggb Manifest 1Be57B3,Ggb Manifest 1Be57B3 — A Gullah Geechee publication by Darryl E. Brown,3.99,1,ggb-manifest-ggb-man,Books & Magazines > Books > eBooks,"Books, Gullah Geechee, eBook, Digital",Digital,,,,,Yes,"PDF, EPUB",Active
Ggb Manifest 1C5B8Ee,Ggb Manifest 1C5B8Ee — A Gullah Geechee publication by Darryl E. Brown,3.99,1,ggb-manifest-ggb-man,Books & Magazines > Books > eBooks,"Books, Gullah Geechee, eBook, Digital",Digital,,,,,Yes,"PDF, EPUB",Active
Ggb Manifest 1Cc8E35,Ggb Manifest 1Cc8E35 — A Gullah Geechee publication by Darryl E. Brown,3.99,1,ggb-manifest-ggb-man,Books & Magazines > Books > eBooks,"Books, Gullah Geechee, eBook, Digital",Digital,,,,,Yes,"PDF, EPUB",Active
Ggb Manifest 1D6C091,Ggb Manifest 1D6C091 — A Gullah Geechee publication by Darryl E. Brown,3.99,1,ggb-manifest-ggb-man,Books & Magazines > Books > eBooks,"Books, Gullah Geechee, eBook, Digital",Digital,,,,,Yes,"PDF, EPUB",Active
Ggb Manifest 1D6Faad,Ggb Manifest 1D6Faad — A Gullah Geechee publication by Darryl E. Brown,3.99,1,ggb-manifest-ggb-man,Books & Magazines > Books > eBooks,"Books, Gullah Geechee, eBook, Digital",Digital,,,,,Yes,"PDF, EPUB",Active
Ggb Manifest 1Dd9269,Ggb Manifest 1Dd9269 — A Gullah Geechee publication by Darryl E. Brown,3.99,1,ggb-manifest-ggb-man,Books & Magazines > Books > eBooks,"Books, Gullah Geechee, eBook, Digital",Digital,,,,,Yes,"PDF, EPUB",Active
Ggb Manifest 1Dedb9E,Ggb Manifest 1Dedb9E — A Gullah Geechee publication by Darryl E. Brown,3.99,1,ggb-manifest-ggb-man,Books & Magazines > Books > eBooks,"Books, Gullah Geechee, eBook, Digital",Digital,,,,,Yes,"PDF, EPUB",Active
Ggb Manifest 1E1Fb79,Ggb Manifest 1E1Fb79 — A Gullah Geechee publication by Darryl E. Brown,3.99,1,ggb-manifest-ggb-man,Books & Magazines > Books > eBooks,"Books, Gullah Geechee, eBook, Digital",Digital,,,,,Yes,"PDF, EPUB",Active
Ggb Manifest 1E253Ac,Ggb Manifest 1E253Ac — A Gullah Geechee publication by Darryl E. Brown,3.99,1,ggb-manifest-ggb-man,Books & Magazines > Books > eBooks,"Books, Gullah Geechee, eBook, Digital",Digital,,,,,Yes,"PDF, EPUB",Active
Ggb Manifest 1Eab5Dc,Ggb Manifest 1Eab5Dc — A Gullah Geechee publication by Darryl E. Brown,3.99,1,ggb-manifest-ggb-man,Books & Magazines > Books > eBooks,"Books, Gullah Geechee, eBook, Digital",Digital,,,,,Yes,"PDF, EPUB",Active
Ggb Manifest 1Ec0166,Ggb Manifest 1Ec0166 — A Gullah Geechee publication by Darryl E. Brown,3.99,1,ggb-manifest-ggb-man,Books & Magazines > Books > eBooks,"Books, Gullah Geechee, eBook, Digital",Digital,,,,,Yes,"PDF, EPUB",Active
Ggb Manifest 1Fbb03F,Ggb Manifest 1Fbb03F — A Gullah Geechee publication by Darryl E. Brown,3.99,1,ggb-manifest-ggb-man,Books & Magazines > Books > eBooks,"Books, Gullah Geechee, eBook, Digital",Digital,,,,,Yes,"PDF, EPUB",Active
Ggb Manifest 1Fc036E,Ggb Manifest 1Fc036E — A Gullah Geechee publication by Darryl E. Brown,3.99,1,ggb-manifest-ggb-man,Books & Magazines > Books > eBooks,"Books, Gullah Geechee, eBook, Digital",Digital,,,,,Yes,"PDF, EPUB",Active
Ggb Manifest 20B19E8,Ggb Manifest 20B19E8 — A Gullah Geechee publication by Darryl E. Brown,3.99,1,ggb-manifest-ggb-man,Books & Magazines > Books > eBooks,"Books, Gullah Geechee, eBook, Digital",Digital,,,,,Yes,"PDF, EPUB",Active
Ggb Manifest 20C920F,Ggb Manifest 20C920F — A Gullah Geechee publication by Darryl E. Brown,3.99,1,ggb-manifest-ggb-man,Books & Magazines > Books > eBooks,"Books, Gullah Geechee, eBook, Digital",Digital,,,,,Yes,"PDF, EPUB",Active
Ggb Manifest 20F8A87,Ggb Manifest 20F8A87 — A Gullah Geechee publication by Darryl E. Brown,3.99,1,ggb-manifest-ggb-man,Books & Magazines > Books > eBooks,"Books, Gullah Geechee, eBook, Digital",Digital,,,,,Yes,"PDF, EPUB",Active
Ggb Manifest 2169E7E,Ggb Manifest 2169E7E — A Gullah Geechee publication by Darryl E. Brown,3.99,1,ggb-manifest-ggb-man,Books & Magazines > Books > eBooks,"Books, Gullah Geechee, eBook, Digital",Digital,,,,,Yes,"PDF, EPUB",Active
Ggb Manifest 219Aede,Ggb Manifest 219Aede — A Gullah Geechee publication by Darryl E. Brown,3.99,1,ggb-manifest-ggb-man,Books & Magazines > Books > eBooks,"Books, Gullah Geechee, eBook, Digital",Digital,,,,,Yes,"PDF, EPUB",Active
Ggb Manifest 227C701,Ggb Manifest 227C701 — A Gullah Geechee publication by Darryl E. Brown,3.99,1,ggb-manifest-ggb-man,Books & Magazines > Books > eBooks,"Books, Gullah Geechee, eBook, Digital",Digital,,,,,Yes,"PDF, EPUB",Active
Ggb Manifest 22B85Af,Ggb Manifest 22B85Af — A Gullah Geechee publication by Darryl E. Brown,3.99,1,ggb-manifest-ggb-man,Books & Magazines > Books > eBooks,"Books, Gullah Geechee, eBook, Digital",Digital,,,,,Yes,"PDF, EPUB",Active
Ggb Manifest 238376A,Ggb Manifest 238376A — A Gullah Geechee publication by Darryl E. Brown,3.99,1,ggb-manifest-ggb-man,Books & Magazines > Books > eBooks,"Books, Gullah Geechee, eBook, Digital",Digital,,,,,Yes,"PDF, EPUB",Active
Ggb Manifest 23930F8,Ggb Manifest 23930F8 — A Gullah Geechee publication by Darryl E. Brown,3.99,1,ggb-manifest-ggb-man,Books & Magazines > Books > eBooks,"Books, Gullah Geechee, eBook, Digital",Digital,,,,,Yes,"PDF, EPUB",Active
Ggb Manifest 242D9Ac,Ggb Manifest 242D9Ac — A Gullah Geechee publication by Darryl E. Brown,3.99,1,ggb-manifest-ggb-man,Books & Magazines > Books > eBooks,"Books, Gullah Geechee, eBook, Digital",Digital,,,,,Yes,"PDF, EPUB",Active
Ggb Manifest 24Cfbad,Ggb Manifest 24Cfbad — A Gullah Geechee publication by Darryl E. Brown,3.99,1,ggb-manifest-ggb-man,Books & Magazines > Books > eBooks,"Books, Gullah Geechee, eBook, Digital",Digital,,,,,Yes,"PDF, EPUB",Active
Ggb Manifest 252E636,Ggb Manifest 252E636 — A Gullah Geechee publication by Darryl E. Brown,3.99,1,ggb-manifest-ggb-man,Books & Magazines > Books > eBooks,"Books, Gullah Geechee, eBook, Digital",Digital,,,,,Yes,"PDF, EPUB",Active
Ggb Manifest 265Fd12,Ggb Manifest 265Fd12 — A Gullah Geechee publication by Darryl E. Brown,3.99,1,ggb-manifest-ggb-man,Books & Magazines > Books > eBooks,"Books, Gullah Geechee, eBook, Digital",Digital,,,,,Yes,"PDF, EPUB",Active
Ggb Manifest 26Db6E7,Ggb Manifest 26Db6E7 — A Gullah Geechee publication by Darryl E. Brown,3.99,1,ggb-manifest-ggb-man,Books & Magazines > Books > eBooks,"Books, Gullah Geechee, eBook, Digital",Digital,,,,,Yes,"PDF, EPUB",Active
Ggb Manifest 26Ec8C3,Ggb Manifest 26Ec8C3 — A Gullah Geechee publication by Darryl E. Brown,3.99,1,ggb-manifest-ggb-man,Books & Magazines > Books > eBooks,"Books, Gullah Geechee, eBook, Digital",Digital,,,,,Yes,"PDF, EPUB",Active
Ggb Manifest 273Acf8,Ggb Manifest 273Acf8 — A Gullah Geechee publication by Darryl E. Brown,3.99,1,ggb-manifest-ggb-man,Books & Magazines > Books > eBooks,"Books, Gullah Geechee, eBook, Digital",Digital,,,,,Yes,"PDF, EPUB",Active
Ggb Manifest 274Ea34,Ggb Manifest 274Ea34 — A Gullah Geechee publication by Darryl E. Brown,3.99,1,ggb-manifest-ggb-man,Books & Magazines > Books > eBooks,"Books, Gullah Geechee, eBook, Digital",Digital,,,,,Yes,"PDF, EPUB",Active
Ggb Manifest 278Cadc,Ggb Manifest 278Cadc — A Gullah Geechee publication by Darryl E. Brown,3.99,1,ggb-manifest-ggb-man,Books & Magazines > Books > eBooks,"Books, Gullah Geechee, eBook, Digital",Digital,,,,,Yes,"PDF, EPUB",Active
Ggb Manifest 281Da06,Ggb Manifest 281Da06 — A Gullah Geechee publication by Darryl E. Brown,3.99,1,ggb-manifest-ggb-man,Books & Magazines > Books > eBooks,"Books, Gullah Geechee, eBook, Digital",Digital,,,,,Yes,"PDF, EPUB",Active
Ggb Manifest 2836A76,Ggb Manifest 2836A76 — A Gullah Geechee publication by Darryl E. Brown,3.99,1,ggb-manifest-ggb-man,Books & Magazines > Books > eBooks,"Books, Gullah Geechee, eBook, Digital",Digital,,,,,Yes,"PDF, EPUB",Active
Ggb Manifest 29793Ef,Ggb Manifest 29793Ef — A Gullah Geechee publication by Darryl E. Brown,3.99,1,ggb-manifest-ggb-man,Books & Magazines > Books > eBooks,"Books, Gullah Geechee, eBook, Digital",Digital,,,,,Yes,"PDF, EPUB",Active
Ggb Manifest 29E67E6,Ggb Manifest 29E67E6 — A Gullah Geechee publication by Darryl E. Brown,3.99,1,ggb-manifest-ggb-man,Books & Magazines > Books > eBooks,"Books, Gullah Geechee, eBook, Digital",Digital,,,,,Yes,"PDF, EPUB",Active
Ggb Manifest 2A7Eec9,Ggb Manifest 2A7Eec9 — A Gullah Geechee publication by Darryl E. Brown,3.99,1,ggb-manifest-ggb-man,Books & Magazines > Books > eBooks,"Books, Gullah Geechee, eBook, Digital",Digital,,,,,Yes,"PDF, EPUB",Active
Ggb Manifest 2Addb6D,Ggb Manifest 2Addb6D — A Gullah Geechee publication by Darryl E. Brown,3.99,1,ggb-manifest-ggb-man,Books & Magazines > Books > eBooks,"Books, Gullah Geechee, eBook, Digital",Digital,,,,,Yes,"PDF, EPUB",Active
Ggb Manifest 2Be1556,Ggb Manifest 2Be1556 — A Gullah Geechee publication by Darryl E. Brown,3.99,1,ggb-manifest-ggb-man,Books & Magazines > Books > eBooks,"Books, Gullah Geechee, eBook, Digital",Digital,,,,,Yes,"PDF, EPUB",Active
Ggb Manifest 2Cae858,Ggb Manifest 2Cae858 — A Gullah Geechee publication by Darryl E. Brown,3.99,1,ggb-manifest-ggb-man,Books & Magazines > Books > eBooks,"Books, Gullah Geechee, eBook, Digital",Digital,,,,,Yes,"PDF, EPUB",Active
Ggb Manifest 2Caf12E,Ggb Manifest 2Caf12E — A Gullah Geechee publication by Darryl E. Brown,3.99,1,ggb-manifest-ggb-man,Books & Magazines > Books > eBooks,"Books, Gullah Geechee, eBook, Digital",Digital,,,,,Yes,"PDF, EPUB",Active
Ggb Manifest 2Cd0C0D,Ggb Manifest 2Cd0C0D — A Gullah Geechee publication by Darryl E. Brown,3.99,1,ggb-manifest-ggb-man,Books & Magazines > Books > eBooks,"Books, Gullah Geechee, eBook, Digital",Digital,,,,,Yes,"PDF, EPUB",Active
Ggb Manifest 2D512Dc,Ggb Manifest 2D512Dc — A Gullah Geechee publication by Darryl E. Brown,3.99,1,ggb-manifest-ggb-man,Books & Magazines > Books > eBooks,"Books, Gullah Geechee, eBook, Digital",Digital,,,,,Yes,"PDF, EPUB",Active
Ggb Manifest 2D58Bf6,Ggb Manifest 2D58Bf6 — A Gullah Geechee publication by Darryl E. Brown,3.99,1,ggb-manifest-ggb-man,Books & Magazines > Books > eBooks,"Books, Gullah Geechee, eBook, Digital",Digital,,,,,Yes,"PDF, EPUB",Active
Ggb Manifest 2Db581B,Ggb Manifest 2Db581B — A Gullah Geechee publication by Darryl E. Brown,3.99,1,ggb-manifest-ggb-man,Books & Magazines > Books > eBooks,"Books, Gullah Geechee, eBook, Digital",Digital,,,,,Yes,"PDF, EPUB",Active
Ggb Manifest 2E06Fda,Ggb Manifest 2E06Fda — A Gullah Geechee publication by Darryl E. Brown,3.99,1,ggb-manifest-ggb-man,Books & Magazines > Books > eBooks,"Books, Gullah Geechee, eBook, Digital",Digital,,,,,Yes,"PDF, EPUB",Active
Ggb Manifest 2E1D57F,Ggb Manifest 2E1D57F — A Gullah Geechee publication by Darryl E. Brown,3.99,1,ggb-manifest-ggb-man,Books & Magazines > Books > eBooks,"Books, Gullah Geechee, eBook, Digital",Digital,,,,,Yes,"PDF, EPUB",Active
Ggb Manifest 2Ea60A6,Ggb Manifest 2Ea60A6 — A Gullah Geechee publication by Darryl E. Brown,3.99,1,ggb-manifest-ggb-man,Books & Magazines > Books > eBooks,"Books, Gullah Geechee, eBook, Digital",Digital,,,,,Yes,"PDF, EPUB",Active
Ggb Manifest 2Ece5Af,Ggb Manifest 2Ece5Af — A Gullah Geechee publication by Darryl E. Brown,3.99,1,ggb-manifest-ggb-man,Books & Magazines > Books > eBooks,"Books, Gullah Geechee, eBook, Digital",Digital,,,,,Yes,"PDF, EPUB",Active
Ggb Manifest 2F517C1,Ggb Manifest 2F517C1 — A Gullah Geechee publication by Darryl E. Brown,3.99,1,ggb-manifest-ggb-man,Books & Magazines > Books > eBooks,"Books, Gullah Geechee, eBook, Digital",Digital,,,,,Yes,"PDF, EPUB",Active
Ggb Manifest 2Fb2545,Ggb Manifest 2Fb2545 — A Gullah Geechee publication by Darryl E. Brown,3.99,1,ggb-manifest-ggb-man,Books & Magazines > Books > eBooks,"Books, Gullah Geechee, eBook, Digital",Digital,,,,,Yes,"PDF, EPUB",Active
Ggb Manifest 2Ffee4C,Ggb Manifest 2Ffee4C — A Gullah Geechee publication by Darryl E. Brown,3.99,1,ggb-manifest-ggb-man,Books & Magazines > Books > eBooks,"Books, Gullah Geechee, eBook, Digital",Digital,,,,,Yes,"PDF, EPUB",Active
Ggb Manifest 3087A10,Ggb Manifest 3087A10 — A Gullah Geechee publication by Darryl E. Brown,3.99,1,ggb-manifest-ggb-man,Books & Magazines > Books > eBooks,"Books, Gullah Geechee, eBook, Digital",Digital,,,,,Yes,"PDF, EPUB",Active
Ggb Manifest 30Cc5Bb,Ggb Manifest 30Cc5Bb — A Gullah Geechee publication by Darryl E. Brown,3.99,1,ggb-manifest-ggb-man,Books & Magazines > Books > eBooks,"Books, Gullah Geechee, eBook, Digital",Digital,,,,,Yes,"PDF, EPUB",Active
Ggb Manifest 30Dab0D,Ggb Manifest 30Dab0D — A Gullah Geechee publication by Darryl E. Brown,3.99,1,ggb-manifest-ggb-man,Books & Magazines > Books > eBooks,"Books, Gullah Geechee, eBook, Digital",Digital,,,,,Yes,"PDF, EPUB",Active
Ggb Manifest 31Ed6Ec,Ggb Manifest 31Ed6Ec — A Gullah Geechee publication by Darryl E. Brown,3.99,1,ggb-manifest-ggb-man,Books & Magazines > Books > eBooks,"Books, Gullah Geechee, eBook, Digital",Digital,,,,,Yes,"PDF, EPUB",Active
Ggb Manifest 332C0Df,Ggb Manifest 332C0Df — A Gullah Geechee publication by Darryl E. Brown,3.99,1,ggb-manifest-ggb-man,Books & Magazines > Books > eBooks,"Books, Gullah Geechee, eBook, Digital",Digital,,,,,Yes,"PDF, EPUB",Active
Ggb Manifest 33534Ef,Ggb Manifest 33534Ef — A Gullah Geechee publication by Darryl E. Brown,3.99,1,ggb-manifest-ggb-man,Books & Magazines > Books > eBooks,"Books, Gullah Geechee, eBook, Digital",Digital,,,,,Yes,"PDF, EPUB",Active
Ggb Manifest 3406E62,Ggb Manifest 3406E62 — A Gullah Geechee publication by Darryl E. Brown,3.99,1,ggb-manifest-ggb-man,Books & Magazines > Books > eBooks,"Books, Gullah Geechee, eBook, Digital",Digital,,,,,Yes,"PDF, EPUB",Active
Ggb Manifest 343Dca5,Ggb Manifest 343Dca5 — A Gullah Geechee publication by Darryl E. Brown,3.99,1,ggb-manifest-ggb-man,Books & Magazines > Books > eBooks,"Books, Gullah Geechee, eBook, Digital",Digital,,,,,Yes,"PDF, EPUB",Active
Ggb Manifest 352912B,Ggb Manifest 352912B — A Gullah Geechee publication by Darryl E. Brown,3.99,1,ggb-manifest-ggb-man,Books & Magazines > Books > eBooks,"Books, Gullah Geechee, eBook, Digital",Digital,,,,,Yes,"PDF, EPUB",Active
Ggb Manifest 353B9C4,Ggb Manifest 353B9C4 — A Gullah Geechee publication by Darryl E. Brown,3.99,1,ggb-manifest-ggb-man,Books & Magazines > Books > eBooks,"Books, Gullah Geechee, eBook, Digital",Digital,,,,,Yes,"PDF, EPUB",Active
Ggb Manifest 35Ea393,Ggb Manifest 35Ea393 — A Gullah Geechee publication by Darryl E. Brown,3.99,1,ggb-manifest-ggb-man,Books & Magazines > Books > eBooks,"Books, Gullah Geechee, eBook, Digital",Digital,,,,,Yes,"PDF, EPUB",Active
Ggb Manifest 362Ab6D,Ggb Manifest 362Ab6D — A Gullah Geechee publication by Darryl E. Brown,3.99,1,ggb-manifest-ggb-man,Books & Magazines > Books > eBooks,"Books, Gullah Geechee, eBook, Digital",Digital,,,,,Yes,"PDF, EPUB",Active
Ggb Manifest 36Acdd7,Ggb Manifest 36Acdd7 — A Gullah Geechee publication by Darryl E. Brown,3.99,1,ggb-manifest-ggb-man,Books & Magazines > Books > eBooks,"Books, Gullah Geechee, eBook, Digital",Digital,,,,,Yes,"PDF, EPUB",Active
Ggb Manifest 36F0Bf8,Ggb Manifest 36F0Bf8 — A Gullah Geechee publication by Darryl E. Brown,3.99,1,ggb-manifest-ggb-man,Books & Magazines > Books > eBooks,"Books, Gullah Geechee, eBook, Digital",Digital,,,,,Yes,"PDF, EPUB",Active
Ggb Manifest 37C8D81,Ggb Manifest 37C8D81 — A Gullah Geechee publication by Darryl E. Brown,3.99,1,ggb-manifest-ggb-man,Books & Magazines > Books > eBooks,"Books, Gullah Geechee, eBook, Digital",Digital,,,,,Yes,"PDF, EPUB",Active
Ggb Manifest 37F7C27,Ggb Manifest 37F7C27 — A Gullah Geechee publication by Darryl E. Brown,3.99,1,ggb-manifest-ggb-man,Books & Magazines > Books > eBooks,"Books, Gullah Geechee, eBook, Digital",Digital,,,,,Yes,"PDF, EPUB",Active
Ggb Manifest 37F8322,Ggb Manifest 37F8322 — A Gullah Geechee publication by Darryl E. Brown,3.99,1,ggb-manifest-ggb-man,Books & Magazines > Books > eBooks,"Books, Gullah Geechee, eBook, Digital",Digital,,,,,Yes,"PDF, EPUB",Active
Ggb Manifest 380936B,Ggb Manifest 380936B — A Gullah Geechee publication by Darryl E. Brown,3.99,1,ggb-manifest-ggb-man,Books & Magazines > Books > eBooks,"Books, Gullah Geechee, eBook, Digital",Digital,,,,,Yes,"PDF, EPUB",Active
Ggb Manifest 386Cea2,Ggb Manifest 386Cea2 — A Gullah Geechee publication by Darryl E. Brown,3.99,1,ggb-manifest-ggb-man,Books & Magazines > Books > eBooks,"Books, Gullah Geechee, eBook, Digital",Digital,,,,,Yes,"PDF, EPUB",Active
Ggb Manifest 3916039,Ggb Manifest 3916039 — A Gullah Geechee publication by Darryl E. Brown,3.99,1,ggb-manifest-ggb-man,Books & Magazines > Books > eBooks,"Books, Gullah Geechee, eBook, Digital",Digital,,,,,Yes,"PDF, EPUB",Active
Ggb Manifest 3Aabcc4,Ggb Manifest 3Aabcc4 — A Gullah Geechee publication by Darryl E. Brown,3.99,1,ggb-manifest-ggb-man,Books & Magazines > Books > eBooks,"Books, Gullah Geechee, eBook, Digital",Digital,,,,,Yes,"PDF, EPUB",Active
Ggb Manifest 3B077Bd,Ggb Manifest 3B077Bd — A Gullah Geechee publication by Darryl E. Brown,3.99,1,ggb-manifest-ggb-man,Books & Magazines > Books > eBooks,"Books, Gullah Geechee, eBook, Digital",Digital,,,,,Yes,"PDF, EPUB",Active
Ggb Manifest 3Ba372E,Ggb Manifest 3Ba372E — A Gullah Geechee publication by Darryl E. Brown,3.99,1,ggb-manifest-ggb-man,Books & Magazines > Books > eBooks,"Books, Gullah Geechee, eBook, Digital",Digital,,,,,Yes,"PDF, EPUB",Active
Ggb Manifest 3Bd8D7E,Ggb Manifest 3Bd8D7E — A Gullah Geechee publication by Darryl E. Brown,3.99,1,ggb-manifest-ggb-man,Books & Magazines > Books > eBooks,"Books, Gullah Geechee, eBook, Digital",Digital,,,,,Yes,"PDF, EPUB",Active
Ggb Manifest 3C04Bb1,Ggb Manifest 3C04Bb1 — A Gullah Geechee publication by Darryl E. Brown,3.99,1,ggb-manifest-ggb-man,Books & Magazines > Books > eBooks,"Books, Gullah Geechee, eBook, Digital",Digital,,,,,Yes,"PDF, EPUB",Active
Ggb Manifest 3C52A5C,Ggb Manifest 3C52A5C — A Gullah Geechee publication by Darryl E. Brown,3.99,1,ggb-manifest-ggb-man,Books & Magazines > Books > eBooks,"Books, Gullah Geechee, eBook, Digital",Digital,,,,,Yes,"PDF, EPUB",Active
Ggb Manifest 3D29232,Ggb Manifest 3D29232 — A Gullah Geechee publication by Darryl E. Brown,3.99,1,ggb-manifest-ggb-man,Books & Magazines > Books > eBooks,"Books, Gullah Geechee, eBook, Digital",Digital,,,,,Yes,"PDF, EPUB",Active
Ggb Manifest 3D622F6,Ggb Manifest 3D622F6 — A Gullah Geechee publication by Darryl E. Brown,3.99,1,ggb-manifest-ggb-man,Books & Magazines > Books > eBooks,"Books, Gullah Geechee, eBook, Digital",Digital,,,,,Yes,"PDF, EPUB",Active
Ggb Manifest 3Dfcbf7,Ggb Manifest 3Dfcbf7 — A Gullah Geechee publication by Darryl E. Brown,3.99,1,ggb-manifest-ggb-man,Books & Magazines > Books > eBooks,"Books, Gullah Geechee, eBook, Digital",Digital,,,,,Yes,"PDF, EPUB",Active
Ggb Manifest 3E70E60,Ggb Manifest 3E70E60 — A Gullah Geechee publication by Darryl E. Brown,3.99,1,ggb-manifest-ggb-man,Books & Magazines > Books > eBooks,"Books, Gullah Geechee, eBook, Digital",Digital,,,,,Yes,"PDF, EPUB",Active
Ggb Manifest 3F53299,Ggb Manifest 3F53299 — A Gullah Geechee publication by Darryl E. Brown,3.99,1,ggb-manifest-ggb-man,Books & Magazines > Books > eBooks,"Books, Gullah Geechee, eBook, Digital",Digital,,,,,Yes,"PDF, EPUB",Active
Ggb Manifest 3Fcbfa7,Ggb Manifest 3Fcbfa7 — A Gullah Geechee publication by Darryl E. Brown,3.99,1,ggb-manifest-ggb-man,Books & Magazines > Books > eBooks,"Books, Gullah Geechee, eBook, Digital",Digital,,,,,Yes,"PDF, EPUB",Active
Ggb Manifest 411B749,Ggb Manifest 411B749 — A Gullah Geechee publication by Darryl E. Brown,3.99,1,ggb-manifest-ggb-man,Books & Magazines > Books > eBooks,"Books, Gullah Geechee, eBook, Digital",Digital,,,,,Yes,"PDF, EPUB",Active
Ggb Manifest 413C0Ed,Ggb Manifest 413C0Ed — A Gullah Geechee publication by Darryl E. Brown,3.99,1,ggb-manifest-ggb-man,Books & Magazines > Books > eBooks,"Books, Gullah Geechee, eBook, Digital",Digital,,,,,Yes,"PDF, EPUB",Active
Ggb Manifest 41Fd134,Ggb Manifest 41Fd134 — A Gullah Geechee publication by Darryl E. Brown,3.99,1,ggb-manifest-ggb-man,Books & Magazines > Books > eBooks,"Books, Gullah Geechee, eBook, Digital",Digital,,,,,Yes,"PDF, EPUB",Active
Ggb Manifest 42C7D8F,Ggb Manifest 42C7D8F — A Gullah Geechee publication by Darryl E. Brown,3.99,1,ggb-manifest-ggb-man,Books & Magazines > Books > eBooks,"Books, Gullah Geechee, eBook, Digital",Digital,,,,,Yes,"PDF, EPUB",Active
Ggb Manifest 431E4Dd,Ggb Manifest 431E4Dd — A Gullah Geechee publication by Darryl E. Brown,3.99,1,ggb-manifest-ggb-man,Books & Magazines > Books > eBooks,"Books, Gullah Geechee, eBook, Digital",Digital,,,,,Yes,"PDF, EPUB",Active
Ggb Manifest 436F0Be,Ggb Manifest 436F0Be — A Gullah Geechee publication by Darryl E. Brown,3.99,1,ggb-manifest-ggb-man,Books & Magazines > Books > eBooks,"Books, Gullah Geechee, eBook, Digital",Digital,,,,,Yes,"PDF, EPUB",Active
Ggb Manifest 4377E9F,Ggb Manifest 4377E9F — A Gullah Geechee publication by Darryl E. Brown,3.99,1,ggb-manifest-ggb-man,Books & Magazines > Books > eBooks,"Books, Gullah Geechee, eBook, Digital",Digital,,,,,Yes,"PDF, EPUB",Active
Ggb Manifest 442364D,Ggb Manifest 442364D — A Gullah Geechee publication by Darryl E. Brown,3.99,1,ggb-manifest-ggb-man,Books & Magazines > Books > eBooks,"Books, Gullah Geechee, eBook, Digital",Digital,,,,,Yes,"PDF, EPUB",Active
Ggb Manifest 44853E8,Ggb Manifest 44853E8 — A Gullah Geechee publication by Darryl E. Brown,3.99,1,ggb-manifest-ggb-man,Books & Magazines > Books > eBooks,"Books, Gullah Geechee, eBook, Digital",Digital,,,,,Yes,"PDF, EPUB",Active
Ggb Manifest 44F53D3,Ggb Manifest 44F53D3 — A Gullah Geechee publication by Darryl E. Brown,3.99,1,ggb-manifest-ggb-man,Books & Magazines > Books > eBooks,"Books, Gullah Geechee, eBook, Digital",Digital,,,,,Yes,"PDF, EPUB",Active
Ggb Manifest 44Fde52,Ggb Manifest 44Fde52 — A Gullah Geechee publication by Darryl E. Brown,3.99,1,ggb-manifest-ggb-man,Books & Magazines > Books > eBooks,"Books, Gullah Geechee, eBook, Digital",Digital,,,,,Yes,"PDF, EPUB",Active
Ggb Manifest 4519Cfd,Ggb Manifest 4519Cfd — A Gullah Geechee publication by Darryl E. Brown,3.99,1,ggb-manifest-ggb-man,Books & Magazines > Books > eBooks,"Books, Gullah Geechee, eBook, Digital",Digital,,,,,Yes,"PDF, EPUB",Active
Ggb Manifest 456Ecac,Ggb Manifest 456Ecac — A Gullah Geechee publication by Darryl E. Brown,3.99,1,ggb-manifest-ggb-man,Books & Magazines > Books > eBooks,"Books, Gullah Geechee, eBook, Digital",Digital,,,,,Yes,"PDF, EPUB",Active
Ggb Manifest 459C5B4,Ggb Manifest 459C5B4 — A Gullah Geechee publication by Darryl E. Brown,3.99,1,ggb-manifest-ggb-man,Books & Magazines > Books > eBooks,"Books, Gullah Geechee, eBook, Digital",Digital,,,,,Yes,"PDF, EPUB",Active
Ggb Manifest 45Eeb46,Ggb Manifest 45Eeb46 — A Gullah Geechee publication by Darryl E. Brown,3.99,1,ggb-manifest-ggb-man,Books & Magazines > Books > eBooks,"Books, Gullah Geechee, eBook, Digital",Digital,,,,,Yes,"PDF, EPUB",Active
Ggb Manifest 468C50B,Ggb Manifest 468C50B — A Gullah Geechee publication by Darryl E. Brown,3.99,1,ggb-manifest-ggb-man,Books & Magazines > Books > eBooks,"Books, Gullah Geechee, eBook, Digital",Digital,,,,,Yes,"PDF, EPUB",Active
Ggb Manifest 46D0A0B,Ggb Manifest 46D0A0B — A Gullah Geechee publication by Darryl E. Brown,3.99,1,ggb-manifest-ggb-man,Books & Magazines > Books > eBooks,"Books, Gullah Geechee, eBook, Digital",Digital,,,,,Yes,"PDF, EPUB",Active
Ggb Manifest 46E15Bb,Ggb Manifest 46E15Bb — A Gullah Geechee publication by Darryl E. Brown,3.99,1,ggb-manifest-ggb-man,Books & Magazines > Books > eBooks,"Books, Gullah Geechee, eBook, Digital",Digital,,,,,Yes,"PDF, EPUB",Active
Ggb Manifest 47C238F,Ggb Manifest 47C238F — A Gullah Geechee publication by Darryl E. Brown,3.99,1,ggb-manifest-ggb-man,Books & Magazines > Books > eBooks,"Books, Gullah Geechee, eBook, Digital",Digital,,,,,Yes,"PDF, EPUB",Active
Ggb Manifest 48210De,Ggb Manifest 48210De — A Gullah Geechee publication by Darryl E. Brown,3.99,1,ggb-manifest-ggb-man,Books & Magazines > Books > eBooks,"Books, Gullah Geechee, eBook, Digital",Digital,,,,,Yes,"PDF, EPUB",Active
Ggb Manifest 483D499,Ggb Manifest 483D499 — A Gullah Geechee publication by Darryl E. Brown,3.99,1,ggb-manifest-ggb-man,Books & Magazines > Books > eBooks,"Books, Gullah Geechee, eBook, Digital",Digital,,,,,Yes,"PDF, EPUB",Active
Ggb Manifest 493F662,Ggb Manifest 493F662 — A Gullah Geechee publication by Darryl E. Brown,3.99,1,ggb-manifest-ggb-man,Books & Magazines > Books > eBooks,"Books, Gullah Geechee, eBook, Digital",Digital,,,,,Yes,"PDF, EPUB",Active
Ggb Manifest 495A996,Ggb Manifest 495A996 — A Gullah Geechee publication by Darryl E. Brown,3.99,1,ggb-manifest-ggb-man,Books & Magazines > Books > eBooks,"Books, Gullah Geechee, eBook, Digital",Digital,,,,,Yes,"PDF, EPUB",Active
Ggb Manifest 495Cd1C,Ggb Manifest 495Cd1C — A Gullah Geechee publication by Darryl E. Brown,3.99,1,ggb-manifest-ggb-man,Books & Magazines > Books > eBooks,"Books, Gullah Geechee, eBook, Digital",Digital,,,,,Yes,"PDF, EPUB",Active
Ggb Manifest 496E439,Ggb Manifest 496E439 — A Gullah Geechee publication by Darryl E. Brown,3.99,1,ggb-manifest-ggb-man,Books & Magazines > Books > eBooks,"Books, Gullah Geechee, eBook, Digital",Digital,,,,,Yes,"PDF, EPUB",Active
Ggb Manifest 49B6281,Ggb Manifest 49B6281 — A Gullah Geechee publication by Darryl E. Brown,3.99,1,ggb-manifest-ggb-man,Books & Magazines > Books > eBooks,"Books, Gullah Geechee, eBook, Digital",Digital,,,,,Yes,"PDF, EPUB",Active
Ggb Manifest 4Aab9B5,Ggb Manifest 4Aab9B5 — A Gullah Geechee publication by Darryl E. Brown,3.99,1,ggb-manifest-ggb-man,Books & Magazines > Books > eBooks,"Books, Gullah Geechee, eBook, Digital",Digital,,,,,Yes,"PDF, EPUB",Active
Ggb Manifest 4Abf487,Ggb Manifest 4Abf487 — A Gullah Geechee publication by Darryl E. Brown,3.99,1,ggb-manifest-ggb-man,Books & Magazines > Books > eBooks,"Books, Gullah Geechee, eBook, Digital",Digital,,,,,Yes,"PDF, EPUB",Active
Ggb Manifest 4Adaecf,Ggb Manifest 4Adaecf — A Gullah Geechee publication by Darryl E. Brown,3.99,1,ggb-manifest-ggb-man,Books & Magazines > Books > eBooks,"Books, Gullah Geechee, eBook, Digital",Digital,,,,,Yes,"PDF, EPUB",Active
Ggb Manifest 4B4Dbf3,Ggb Manifest 4B4Dbf3 — A Gullah Geechee publication by Darryl E. Brown,3.99,1,ggb-manifest-ggb-man,Books & Magazines > Books > eBooks,"Books, Gullah Geechee, eBook, Digital",Digital,,,,,Yes,"PDF, EPUB",Active
Ggb Manifest 4B9350E,Ggb Manifest 4B9350E — A Gullah Geechee publication by Darryl E. Brown,3.99,1,ggb-manifest-ggb-man,Books & Magazines > Books > eBooks,"Books, Gullah Geechee, eBook, Digital",Digital,,,,,Yes,"PDF, EPUB",Active
Ggb Manifest 4Bd81B4,Ggb Manifest 4Bd81B4 — A Gullah Geechee publication by Darryl E. Brown,3.99,1,ggb-manifest-ggb-man,Books & Magazines > Books > eBooks,"Books, Gullah Geechee, eBook, Digital",Digital,,,,,Yes,"PDF, EPUB",Active
Ggb Manifest 4C41F94,Ggb Manifest 4C41F94 — A Gullah Geechee publication by Darryl E. Brown,3.99,1,ggb-manifest-ggb-man,Books & Magazines > Books > eBooks,"Books, Gullah Geechee, eBook, Digital",Digital,,,,,Yes,"PDF, EPUB",Active
Ggb Manifest 4Cb4D43,Ggb Manifest 4Cb4D43 — A Gullah Geechee publication by Darryl E. Brown,3.99,1,ggb-manifest-ggb-man,Books & Magazines > Books > eBooks,"Books, Gullah Geechee, eBook, Digital",Digital,,,,,Yes,"PDF, EPUB",Active
Ggb Manifest 4Ce9E54,Ggb Manifest 4Ce9E54 — A Gullah Geechee publication by Darryl E. Brown,3.99,1,ggb-manifest-ggb-man,Books & Magazines > Books > eBooks,"Books, Gullah Geechee, eBook, Digital",Digital,,,,,Yes,"PDF, EPUB",Active
Ggb Manifest 4Cec797,Ggb Manifest 4Cec797 — A Gullah Geechee publication by Darryl E. Brown,3.99,1,ggb-manifest-ggb-man,Books & Magazines > Books > eBooks,"Books, Gullah Geechee, eBook, Digital",Digital,,,,,Yes,"PDF, EPUB",Active
Ggb Manifest 4F14951,Ggb Manifest 4F14951 — A Gullah Geechee publication by Darryl E. Brown,3.99,1,ggb-manifest-ggb-man,Books & Magazines > Books > eBooks,"Books, Gullah Geechee, eBook, Digital",Digital,,,,,Yes,"PDF, EPUB",Active
Ggb Manifest 4F23Fc4,Ggb Manifest 4F23Fc4 — A Gullah Geechee publication by Darryl E. Brown,3.99,1,ggb-manifest-ggb-man,Books & Magazines > Books > eBooks,"Books, Gullah Geechee, eBook, Digital",Digital,,,,,Yes,"PDF, EPUB",Active
Ggb Manifest 4F5244D,Ggb Manifest 4F5244D — A Gullah Geechee publication by Darryl E. Brown,3.99,1,ggb-manifest-ggb-man,Books & Magazines > Books > eBooks,"Books, Gullah Geechee, eBook, Digital",Digital,,,,,Yes,"PDF, EPUB",Active
Ggb Manifest 4F5285E,Ggb Manifest 4F5285E — A Gullah Geechee publication by Darryl E. Brown,3.99,1,ggb-manifest-ggb-man,Books & Magazines > Books > eBooks,"Books, Gullah Geechee, eBook, Digital",Digital,,,,,Yes,"PDF, EPUB",Active
Ggb Manifest 5003D04,Ggb Manifest 5003D04 — A Gullah Geechee publication by Darryl E. Brown,3.99,1,ggb-manifest-ggb-man,Books & Magazines > Books > eBooks,"Books, Gullah Geechee, eBook, Digital",Digital,,,,,Yes,"PDF, EPUB",Active
Ggb Manifest 50E64E1,Ggb Manifest 50E64E1 — A Gullah Geechee publication by Darryl E. Brown,3.99,1,ggb-manifest-ggb-man,Books & Magazines > Books > eBooks,"Books, Gullah Geechee, eBook, Digital",Digital,,,,,Yes,"PDF, EPUB",Active
Ggb Manifest 515734A,Ggb Manifest 515734A — A Gullah Geechee publication by Darryl E. Brown,3.99,1,ggb-manifest-ggb-man,Books & Magazines > Books > eBooks,"Books, Gullah Geechee, eBook, Digital",Digital,,,,,Yes,"PDF, EPUB",Active
Ggb Manifest 517527D,Ggb Manifest 517527D — A Gullah Geechee publication by Darryl E. Brown,3.99,1,ggb-manifest-ggb-man,Books & Magazines > Books > eBooks,"Books, Gullah Geechee, eBook, Digital",Digital,,,,,Yes,"PDF, EPUB",Active
Ggb Manifest 525D39D,Ggb Manifest 525D39D — A Gullah Geechee publication by Darryl E. Brown,3.99,1,ggb-manifest-ggb-man,Books & Magazines > Books > eBooks,"Books, Gullah Geechee, eBook, Digital",Digital,,,,,Yes,"PDF, EPUB",Active
Ggb Manifest 52972D0,Ggb Manifest 52972D0 — A Gullah Geechee publication by Darryl E. Brown,3.99,1,ggb-manifest-ggb-man,Books & Magazines > Books > eBooks,"Books, Gullah Geechee, eBook, Digital",Digital,,,,,Yes,"PDF, EPUB",Active
Ggb Manifest 533A4D7,Ggb Manifest 533A4D7 — A Gullah Geechee publication by Darryl E. Brown,3.99,1,ggb-manifest-ggb-man,Books & Magazines > Books > eBooks,"Books, Gullah Geechee, eBook, Digital",Digital,,,,,Yes,"PDF, EPUB",Active
Ggb Manifest 5353803,Ggb Manifest 5353803 — A Gullah Geechee publication by Darryl E. Brown,3.99,1,ggb-manifest-ggb-man,Books & Magazines > Books > eBooks,"Books, Gullah Geechee, eBook, Digital",Digital,,,,,Yes,"PDF, EPUB",Active
Ggb Manifest 53593A6,Ggb Manifest 53593A6 — A Gullah Geechee publication by Darryl E. Brown,3.99,1,ggb-manifest-ggb-man,Books & Magazines > Books > eBooks,"Books, Gullah Geechee, eBook, Digital",Digital,,,,,Yes,"PDF, EPUB",Active
Ggb Manifest 53Dc903,Ggb Manifest 53Dc903 — A Gullah Geechee publication by Darryl E. Brown,3.99,1,ggb-manifest-ggb-man,Books & Magazines > Books > eBooks,"Books, Gullah Geechee, eBook, Digital",Digital,,,,,Yes,"PDF, EPUB",Active
Ggb Manifest 542D4Db,Ggb Manifest 542D4Db — A Gullah Geechee publication by Darryl E. Brown,3.99,1,ggb-manifest-ggb-man,Books & Magazines > Books > eBooks,"Books, Gullah Geechee, eBook, Digital",Digital,,,,,Yes,"PDF, EPUB",Active
Ggb Manifest 54460Cf,Ggb Manifest 54460Cf — A Gullah Geechee publication by Darryl E. Brown,3.99,1,ggb-manifest-ggb-man,Books & Magazines > Books > eBooks,"Books, Gullah Geechee, eBook, Digital",Digital,,,,,Yes,"PDF, EPUB",Active
Ggb Manifest 54A42B2,Ggb Manifest 54A42B2 — A Gullah Geechee publication by Darryl E. Brown,3.99,1,ggb-manifest-ggb-man,Books & Magazines > Books > eBooks,"Books, Gullah Geechee, eBook, Digital",Digital,,,,,Yes,"PDF, EPUB",Active
Ggb Manifest 55Ef4F1,Ggb Manifest 55Ef4F1 — A Gullah Geechee publication by Darryl E. Brown,3.99,1,ggb-manifest-ggb-man,Books & Magazines > Books > eBooks,"Books, Gullah Geechee, eBook, Digital",Digital,,,,,Yes,"PDF, EPUB",Active
Ggb Manifest 5639A41,Ggb Manifest 5639A41 — A Gullah Geechee publication by Darryl E. Brown,3.99,1,ggb-manifest-ggb-man,Books & Magazines > Books > eBooks,"Books, Gullah Geechee, eBook, Digital",Digital,,,,,Yes,"PDF, EPUB",Active
Ggb Manifest 56B77F0,Ggb Manifest 56B77F0 — A Gullah Geechee publication by Darryl E. Brown,3.99,1,ggb-manifest-ggb-man,Books & Magazines > Books > eBooks,"Books, Gullah Geechee, eBook, Digital",Digital,,,,,Yes,"PDF, EPUB",Active
Ggb Manifest 56D1D00,Ggb Manifest 56D1D00 — A Gullah Geechee publication by Darryl E. Brown,3.99,1,ggb-manifest-ggb-man,Books & Magazines > Books > eBooks,"Books, Gullah Geechee, eBook, Digital",Digital,,,,,Yes,"PDF, EPUB",Active
Ggb Manifest 56Dfde5,Ggb Manifest 56Dfde5 — A Gullah Geechee publication by Darryl E. Brown,3.99,1,ggb-manifest-ggb-man,Books & Magazines > Books > eBooks,"Books, Gullah Geechee, eBook, Digital",Digital,,,,,Yes,"PDF, EPUB",Active
Ggb Manifest 56Fb38D,Ggb Manifest 56Fb38D — A Gullah Geechee publication by Darryl E. Brown,3.99,1,ggb-manifest-ggb-man,Books & Magazines > Books > eBooks,"Books, Gullah Geechee, eBook, Digital",Digital,,,,,Yes,"PDF, EPUB",Active
Ggb Manifest 57B25F8,Ggb Manifest 57B25F8 — A Gullah Geechee publication by Darryl E. Brown,3.99,1,ggb-manifest-ggb-man,Books & Magazines > Books > eBooks,"Books, Gullah Geechee, eBook, Digital",Digital,,,,,Yes,"PDF, EPUB",Active
Ggb Manifest 57Db52E,Ggb Manifest 57Db52E — A Gullah Geechee publication by Darryl E. Brown,3.99,1,ggb-manifest-ggb-man,Books & Magazines > Books > eBooks,"Books, Gullah Geechee, eBook, Digital",Digital,,,,,Yes,"PDF, EPUB",Active
Ggb Manifest 587B152,Ggb Manifest 587B152 — A Gullah Geechee publication by Darryl E. Brown,3.99,1,ggb-manifest-ggb-man,Books & Magazines > Books > eBooks,"Books, Gullah Geechee, eBook, Digital",Digital,,,,,Yes,"PDF, EPUB",Active
Ggb Manifest 58B1A14,Ggb Manifest 58B1A14 — A Gullah Geechee publication by Darryl E. Brown,3.99,1,ggb-manifest-ggb-man,Books & Magazines > Books > eBooks,"Books, Gullah Geechee, eBook, Digital",Digital,,,,,Yes,"PDF, EPUB",Active
Ggb Manifest 58Cddf6,Ggb Manifest 58Cddf6 — A Gullah Geechee publication by Darryl E. Brown,3.99,1,ggb-manifest-ggb-man,Books & Magazines > Books > eBooks,"Books, Gullah Geechee, eBook, Digital",Digital,,,,,Yes,"PDF, EPUB",Active
Ggb Manifest 5904A33,Ggb Manifest 5904A33 — A Gullah Geechee publication by Darryl E. Brown,3.99,1,ggb-manifest-ggb-man,Books & Magazines > Books > eBooks,"Books, Gullah Geechee, eBook, Digital",Digital,,,,,Yes,"PDF, EPUB",Active
Ggb Manifest 596Df61,Ggb Manifest 596Df61 — A Gullah Geechee publication by Darryl E. Brown,3.99,1,ggb-manifest-ggb-man,Books & Magazines > Books > eBooks,"Books, Gullah Geechee, eBook, Digital",Digital,,,,,Yes,"PDF, EPUB",Active
Ggb Manifest 599D36D,Ggb Manifest 599D36D — A Gullah Geechee publication by Darryl E. Brown,3.99,1,ggb-manifest-ggb-man,Books & Magazines > Books > eBooks,"Books, Gullah Geechee, eBook, Digital",Digital,,,,,Yes,"PDF, EPUB",Active
Ggb Manifest 5A8Bc25,Ggb Manifest 5A8Bc25 — A Gullah Geechee publication by Darryl E. Brown,3.99,1,ggb-manifest-ggb-man,Books & Magazines > Books > eBooks,"Books, Gullah Geechee, eBook, Digital",Digital,,,,,Yes,"PDF, EPUB",Active
Ggb Manifest 5Af0Cff,Ggb Manifest 5Af0Cff — A Gullah Geechee publication by Darryl E. Brown,3.99,1,ggb-manifest-ggb-man,Books & Magazines > Books > eBooks,"Books, Gullah Geechee, eBook, Digital",Digital,,,,,Yes,"PDF, EPUB",Active
Ggb Manifest 5B27973,Ggb Manifest 5B27973 — A Gullah Geechee publication by Darryl E. Brown,3.99,1,ggb-manifest-ggb-man,Books & Magazines > Books > eBooks,"Books, Gullah Geechee, eBook, Digital",Digital,,,,,Yes,"PDF, EPUB",Active
Ggb Manifest 5B5Ee94,Ggb Manifest 5B5Ee94 — A Gullah Geechee publication by Darryl E. Brown,3.99,1,ggb-manifest-ggb-man,Books & Magazines > Books > eBooks,"Books, Gullah Geechee, eBook, Digital",Digital,,,,,Yes,"PDF, EPUB",Active
Ggb Manifest 5C305F4,Ggb Manifest 5C305F4 — A Gullah Geechee publication by Darryl E. Brown,3.99,1,ggb-manifest-ggb-man,Books & Magazines > Books > eBooks,"Books, Gullah Geechee, eBook, Digital",Digital,,,,,Yes,"PDF, EPUB",Active
Ggb Manifest 5C67F9C,Ggb Manifest 5C67F9C — A Gullah Geechee publication by Darryl E. Brown,3.99,1,ggb-manifest-ggb-man,Books & Magazines > Books > eBooks,"Books, Gullah Geechee, eBook, Digital",Digital,,,,,Yes,"PDF, EPUB",Active
Ggb Manifest 5De34B7,Ggb Manifest 5De34B7 — A Gullah Geechee publication by Darryl E. Brown,3.99,1,ggb-manifest-ggb-man,Books & Magazines > Books > eBooks,"Books, Gullah Geechee, eBook, Digital",Digital,,,,,Yes,"PDF, EPUB",Active
Ggb Manifest 5E8C51E,Ggb Manifest 5E8C51E — A Gullah Geechee publication by Darryl E. Brown,3.99,1,ggb-manifest-ggb-man,Books & Magazines > Books > eBooks,"Books, Gullah Geechee, eBook, Digital",Digital,,,,,Yes,"PDF, EPUB",Active
Ggb Manifest 5F8101F,Ggb Manifest 5F8101F — A Gullah Geechee publication by Darryl E. Brown,3.99,1,ggb-manifest-ggb-man,Books & Magazines > Books > eBooks,"Books, Gullah Geechee, eBook, Digital",Digital,,,,,Yes,"PDF, EPUB",Active
Ggb Manifest 5F8B7Ed,Ggb Manifest 5F8B7Ed — A Gullah Geechee publication by Darryl E. Brown,3.99,1,ggb-manifest-ggb-man,Books & Magazines > Books > eBooks,"Books, Gullah Geechee, eBook, Digital",Digital,,,,,Yes,"PDF, EPUB",Active
Ggb Manifest 6020Abd,Ggb Manifest 6020Abd — A Gullah Geechee publication by Darryl E. Brown,3.99,1,ggb-manifest-ggb-man,Books & Magazines > Books > eBooks,"Books, Gullah Geechee, eBook, Digital",Digital,,,,,Yes,"PDF, EPUB",Active
Ggb Manifest 6087A7D,Ggb Manifest 6087A7D — A Gullah Geechee publication by Darryl E. Brown,3.99,1,ggb-manifest-ggb-man,Books & Magazines > Books > eBooks,"Books, Gullah Geechee, eBook, Digital",Digital,,,,,Yes,"PDF, EPUB",Active
Ggb Manifest 60E3873,Ggb Manifest 60E3873 — A Gullah Geechee publication by Darryl E. Brown,3.99,1,ggb-manifest-ggb-man,Books & Magazines > Books > eBooks,"Books, Gullah Geechee, eBook, Digital",Digital,,,,,Yes,"PDF, EPUB",Active
Ggb Manifest 6102271,Ggb Manifest 6102271 — A Gullah Geechee publication by Darryl E. Brown,3.99,1,ggb-manifest-ggb-man,Books & Magazines > Books > eBooks,"Books, Gullah Geechee, eBook, Digital",Digital,,,,,Yes,"PDF, EPUB",Active
Ggb Manifest 6134392,Ggb Manifest 6134392 — A Gullah Geechee publication by Darryl E. Brown,3.99,1,ggb-manifest-ggb-man,Books & Magazines > Books > eBooks,"Books, Gullah Geechee, eBook, Digital",Digital,,,,,Yes,"PDF, EPUB",Active
Ggb Manifest 615Ece1,Ggb Manifest 615Ece1 — A Gullah Geechee publication by Darryl E. Brown,3.99,1,ggb-manifest-ggb-man,Books & Magazines > Books > eBooks,"Books, Gullah Geechee, eBook, Digital",Digital,,,,,Yes,"PDF, EPUB",Active
Ggb Manifest 61979B2,Ggb Manifest 61979B2 — A Gullah Geechee publication by Darryl E. Brown,3.99,1,ggb-manifest-ggb-man,Books & Magazines > Books > eBooks,"Books, Gullah Geechee, eBook, Digital",Digital,,,,,Yes,"PDF, EPUB",Active
Ggb Manifest 628887E,Ggb Manifest 628887E — A Gullah Geechee publication by Darryl E. Brown,3.99,1,ggb-manifest-ggb-man,Books & Magazines > Books > eBooks,"Books, Gullah Geechee, eBook, Digital",Digital,,,,,Yes,"PDF, EPUB",Active
Ggb Manifest 62E035A,Ggb Manifest 62E035A — A Gullah Geechee publication by Darryl E. Brown,3.99,1,ggb-manifest-ggb-man,Books & Magazines > Books > eBooks,"Books, Gullah Geechee, eBook, Digital",Digital,,,,,Yes,"PDF, EPUB",Active
Ggb Manifest 632031F,Ggb Manifest 632031F — A Gullah Geechee publication by Darryl E. Brown,3.99,1,ggb-manifest-ggb-man,Books & Magazines > Books > eBooks,"Books, Gullah Geechee, eBook, Digital",Digital,,,,,Yes,"PDF, EPUB",Active
Ggb Manifest 63Db584,Ggb Manifest 63Db584 — A Gullah Geechee publication by Darryl E. Brown,3.99,1,ggb-manifest-ggb-man,Books & Magazines > Books > eBooks,"Books, Gullah Geechee, eBook, Digital",Digital,,,,,Yes,"PDF, EPUB",Active
Ggb Manifest 63Dbfbe,Ggb Manifest 63Dbfbe — A Gullah Geechee publication by Darryl E. Brown,3.99,1,ggb-manifest-ggb-man,Books & Magazines > Books > eBooks,"Books, Gullah Geechee, eBook, Digital",Digital,,,,,Yes,"PDF, EPUB",Active
Ggb Manifest 64Ff26F,Ggb Manifest 64Ff26F — A Gullah Geechee publication by Darryl E. Brown,3.99,1,ggb-manifest-ggb-man,Books & Magazines > Books > eBooks,"Books, Gullah Geechee, eBook, Digital",Digital,,,,,Yes,"PDF, EPUB",Active
Ggb Manifest 66Ac6B3,Ggb Manifest 66Ac6B3 — A Gullah Geechee publication by Darryl E. Brown,3.99,1,ggb-manifest-ggb-man,Books & Magazines > Books > eBooks,"Books, Gullah Geechee, eBook, Digital",Digital,,,,,Yes,"PDF, EPUB",Active
Ggb Manifest 685E82D,Ggb Manifest 685E82D — A Gullah Geechee publication by Darryl E. Brown,3.99,1,ggb-manifest-ggb-man,Books & Magazines > Books > eBooks,"Books, Gullah Geechee, eBook, Digital",Digital,,,,,Yes,"PDF, EPUB",Active
Ggb Manifest 695D698,Ggb Manifest 695D698 — A Gullah Geechee publication by Darryl E. Brown,3.99,1,ggb-manifest-ggb-man,Books & Magazines > Books > eBooks,"Books, Gullah Geechee, eBook, Digital",Digital,,,,,Yes,"PDF, EPUB",Active
Ggb Manifest 69E5Bbf,Ggb Manifest 69E5Bbf — A Gullah Geechee publication by Darryl E. Brown,3.99,1,ggb-manifest-ggb-man,Books & Magazines > Books > eBooks,"Books, Gullah Geechee, eBook, Digital",Digital,,,,,Yes,"PDF, EPUB",Active
Ggb Manifest 6A31761,Ggb Manifest 6A31761 — A Gullah Geechee publication by Darryl E. Brown,3.99,1,ggb-manifest-ggb-man,Books & Magazines > Books > eBooks,"Books, Gullah Geechee, eBook, Digital",Digital,,,,,Yes,"PDF, EPUB",Active
Ggb Manifest 6A79Ea6,Ggb Manifest 6A79Ea6 — A Gullah Geechee publication by Darryl E. Brown,3.99,1,ggb-manifest-ggb-man,Books & Magazines > Books > eBooks,"Books, Gullah Geechee, eBook, Digital",Digital,,,,,Yes,"PDF, EPUB",Active
Ggb Manifest 6A8Fda3,Ggb Manifest 6A8Fda3 — A Gullah Geechee publication by Darryl E. Brown,3.99,1,ggb-manifest-ggb-man,Books & Magazines > Books > eBooks,"Books, Gullah Geechee, eBook, Digital",Digital,,,,,Yes,"PDF, EPUB",Active
Ggb Manifest 6Af308A,Ggb Manifest 6Af308A — A Gullah Geechee publication by Darryl E. Brown,3.99,1,ggb-manifest-ggb-man,Books & Magazines > Books > eBooks,"Books, Gullah Geechee, eBook, Digital",Digital,,,,,Yes,"PDF, EPUB",Active
Ggb Manifest 6Af7B3A,Ggb Manifest 6Af7B3A — A Gullah Geechee publication by Darryl E. Brown,3.99,1,ggb-manifest-ggb-man,Books & Magazines > Books > eBooks,"Books, Gullah Geechee, eBook, Digital",Digital,,,,,Yes,"PDF, EPUB",Active
Ggb Manifest 6B44035,Ggb Manifest 6B44035 — A Gullah Geechee publication by Darryl E. Brown,3.99,1,ggb-manifest-ggb-man,Books & Magazines > Books > eBooks,"Books, Gullah Geechee, eBook, Digital",Digital,,,,,Yes,"PDF, EPUB",Active
Ggb Manifest 6B45Dd8,Ggb Manifest 6B45Dd8 — A Gullah Geechee publication by Darryl E. Brown,3.99,1,ggb-manifest-ggb-man,Books & Magazines > Books > eBooks,"Books, Gullah Geechee, eBook, Digital",Digital,,,,,Yes,"PDF, EPUB",Active
Ggb Manifest 6E687Ef,Ggb Manifest 6E687Ef — A Gullah Geechee publication by Darryl E. Brown,3.99,1,ggb-manifest-ggb-man,Books & Magazines > Books > eBooks,"Books, Gullah Geechee, eBook, Digital",Digital,,,,,Yes,"PDF, EPUB",Active
Ggb Manifest 6E8Dfab,Ggb Manifest 6E8Dfab — A Gullah Geechee publication by Darryl E. Brown,3.99,1,ggb-manifest-ggb-man,Books & Magazines > Books > eBooks,"Books, Gullah Geechee, eBook, Digital",Digital,,,,,Yes,"PDF, EPUB",Active
Ggb Manifest 6F6Acbf,Ggb Manifest 6F6Acbf — A Gullah Geechee publication by Darryl E. Brown,3.99,1,ggb-manifest-ggb-man,Books & Magazines > Books > eBooks,"Books, Gullah Geechee, eBook, Digital",Digital,,,,,Yes,"PDF, EPUB",Active
Ggb Manifest 6F85D2B,Ggb Manifest 6F85D2B — A Gullah Geechee publication by Darryl E. Brown,3.99,1,ggb-manifest-ggb-man,Books & Magazines > Books > eBooks,"Books, Gullah Geechee, eBook, Digital",Digital,,,,,Yes,"PDF, EPUB",Active
Ggb Manifest 713Ef35,Ggb Manifest 713Ef35 — A Gullah Geechee publication by Darryl E. Brown,3.99,1,ggb-manifest-ggb-man,Books & Magazines > Books > eBooks,"Books, Gullah Geechee, eBook, Digital",Digital,,,,,Yes,"PDF, EPUB",Active
Ggb Manifest 7146178,Ggb Manifest 7146178 — A Gullah Geechee publication by Darryl E. Brown,3.99,1,ggb-manifest-ggb-man,Books & Magazines > Books > eBooks,"Books, Gullah Geechee, eBook, Digital",Digital,,,,,Yes,"PDF, EPUB",Active
Ggb Manifest 72A78B8,Ggb Manifest 72A78B8 — A Gullah Geechee publication by Darryl E. Brown,3.99,1,ggb-manifest-ggb-man,Books & Magazines > Books > eBooks,"Books, Gullah Geechee, eBook, Digital",Digital,,,,,Yes,"PDF, EPUB",Active
Ggb Manifest 72A9Fac,Ggb Manifest 72A9Fac — A Gullah Geechee publication by Darryl E. Brown,3.99,1,ggb-manifest-ggb-man,Books & Magazines > Books > eBooks,"Books, Gullah Geechee, eBook, Digital",Digital,,,,,Yes,"PDF, EPUB",Active
Ggb Manifest 739Ada0,Ggb Manifest 739Ada0 — A Gullah Geechee publication by Darryl E. Brown,3.99,1,ggb-manifest-ggb-man,Books & Magazines > Books > eBooks,"Books, Gullah Geechee, eBook, Digital",Digital,,,,,Yes,"PDF, EPUB",Active
Ggb Manifest 74D5Acb,Ggb Manifest 74D5Acb — A Gullah Geechee publication by Darryl E. Brown,3.99,1,ggb-manifest-ggb-man,Books & Magazines > Books > eBooks,"Books, Gullah Geechee, eBook, Digital",Digital,,,,,Yes,"PDF, EPUB",Active
Ggb Manifest 753D784,Ggb Manifest 753D784 — A Gullah Geechee publication by Darryl E. Brown,3.99,1,ggb-manifest-ggb-man,Books & Magazines > Books > eBooks,"Books, Gullah Geechee, eBook, Digital",Digital,,,,,Yes,"PDF, EPUB",Active
Ggb Manifest 75E59Fa,Ggb Manifest 75E59Fa — A Gullah Geechee publication by Darryl E. Brown,3.99,1,ggb-manifest-ggb-man,Books & Magazines > Books > eBooks,"Books, Gullah Geechee, eBook, Digital",Digital,,,,,Yes,"PDF, EPUB",Active
Ggb Manifest 76A0E9A,Ggb Manifest 76A0E9A — A Gullah Geechee publication by Darryl E. Brown,3.99,1,ggb-manifest-ggb-man,Books & Magazines > Books > eBooks,"Books, Gullah Geechee, eBook, Digital",Digital,,,,,Yes,"PDF, EPUB",Active
Ggb Manifest 77478F5,Ggb Manifest 77478F5 — A Gullah Geechee publication by Darryl E. Brown,3.99,1,ggb-manifest-ggb-man,Books & Magazines > Books > eBooks,"Books, Gullah Geechee, eBook, Digital",Digital,,,,,Yes,"PDF, EPUB",Active
Ggb Manifest 7764F5B,Ggb Manifest 7764F5B — A Gullah Geechee publication by Darryl E. Brown,3.99,1,ggb-manifest-ggb-man,Books & Magazines > Books > eBooks,"Books, Gullah Geechee, eBook, Digital",Digital,,,,,Yes,"PDF, EPUB",Active
Ggb Manifest 776D45F,Ggb Manifest 776D45F — A Gullah Geechee publication by Darryl E. Brown,3.99,1,ggb-manifest-ggb-man,Books & Magazines > Books > eBooks,"Books, Gullah Geechee, eBook, Digital",Digital,,,,,Yes,"PDF, EPUB",Active
Ggb Manifest 77C39F6,Ggb Manifest 77C39F6 — A Gullah Geechee publication by Darryl E. Brown,3.99,1,ggb-manifest-ggb-man,Books & Magazines > Books > eBooks,"Books, Gullah Geechee, eBook, Digital",Digital,,,,,Yes,"PDF, EPUB",Active
Ggb Manifest 7849845,Ggb Manifest 7849845 — A Gullah Geechee publication by Darryl E. Brown,3.99,1,ggb-manifest-ggb-man,Books & Magazines > Books > eBooks,"Books, Gullah Geechee, eBook, Digital",Digital,,,,,Yes,"PDF, EPUB",Active
Ggb Manifest 78978D9,Ggb Manifest 78978D9 — A Gullah Geechee publication by Darryl E. Brown,3.99,1,ggb-manifest-ggb-man,Books & Magazines > Books > eBooks,"Books, Gullah Geechee, eBook, Digital",Digital,,,,,Yes,"PDF, EPUB",Active
Ggb Manifest 7925384,Ggb Manifest 7925384 — A Gullah Geechee publication by Darryl E. Brown,3.99,1,ggb-manifest-ggb-man,Books & Magazines > Books > eBooks,"Books, Gullah Geechee, eBook, Digital",Digital,,,,,Yes,"PDF, EPUB",Active
Ggb Manifest 7990192,Ggb Manifest 7990192 — A Gullah Geechee publication by Darryl E. Brown,3.99,1,ggb-manifest-ggb-man,Books & Magazines > Books > eBooks,"Books, Gullah Geechee, eBook, Digital",Digital,,,,,Yes,"PDF, EPUB",Active
Ggb Manifest 799Dc3A,Ggb Manifest 799Dc3A — A Gullah Geechee publication by Darryl E. Brown,3.99,1,ggb-manifest-ggb-man,Books & Magazines > Books > eBooks,"Books, Gullah Geechee, eBook, Digital",Digital,,,,,Yes,"PDF, EPUB",Active
Ggb Manifest 79C603C,Ggb Manifest 79C603C — A Gullah Geechee publication by Darryl E. Brown,3.99,1,ggb-manifest-ggb-man,Books & Magazines > Books > eBooks,"Books, Gullah Geechee, eBook, Digital",Digital,,,,,Yes,"PDF, EPUB",Active
Ggb Manifest 7A462Cf,Ggb Manifest 7A462Cf — A Gullah Geechee publication by Darryl E. Brown,3.99,1,ggb-manifest-ggb-man,Books & Magazines > Books > eBooks,"Books, Gullah Geechee, eBook, Digital",Digital,,,,,Yes,"PDF, EPUB",Active
Ggb Manifest 7B9Bc20,Ggb Manifest 7B9Bc20 — A Gullah Geechee publication by Darryl E. Brown,3.99,1,ggb-manifest-ggb-man,Books & Magazines > Books > eBooks,"Books, Gullah Geechee, eBook, Digital",Digital,,,,,Yes,"PDF, EPUB",Active
Ggb Manifest 7Bcef8E,Ggb Manifest 7Bcef8E — A Gullah Geechee publication by Darryl E. Brown,3.99,1,ggb-manifest-ggb-man,Books & Magazines > Books > eBooks,"Books, Gullah Geechee, eBook, Digital",Digital,,,,,Yes,"PDF, EPUB",Active
Ggb Manifest 7Bd19C6,Ggb Manifest 7Bd19C6 — A Gullah Geechee publication by Darryl E. Brown,3.99,1,ggb-manifest-ggb-man,Books & Magazines > Books > eBooks,"Books, Gullah Geechee, eBook, Digital",Digital,,,,,Yes,"PDF, EPUB",Active
Ggb Manifest 7C756E2,Ggb Manifest 7C756E2 — A Gullah Geechee publication by Darryl E. Brown,3.99,1,ggb-manifest-ggb-man,Books & Magazines > Books > eBooks,"Books, Gullah Geechee, eBook, Digital",Digital,,,,,Yes,"PDF, EPUB",Active
Ggb Manifest 7Cae08A,Ggb Manifest 7Cae08A — A Gullah Geechee publication by Darryl E. Brown,3.99,1,ggb-manifest-ggb-man,Books & Magazines > Books > eBooks,"Books, Gullah Geechee, eBook, Digital",Digital,,,,,Yes,"PDF, EPUB",Active
Ggb Manifest 7D0F522,Ggb Manifest 7D0F522 — A Gullah Geechee publication by Darryl E. Brown,3.99,1,ggb-manifest-ggb-man,Books & Magazines > Books > eBooks,"Books, Gullah Geechee, eBook, Digital",Digital,,,,,Yes,"PDF, EPUB",Active
Ggb Manifest 7D14489,Ggb Manifest 7D14489 — A Gullah Geechee publication by Darryl E. Brown,3.99,1,ggb-manifest-ggb-man,Books & Magazines > Books > eBooks,"Books, Gullah Geechee, eBook, Digital",Digital,,,,,Yes,"PDF, EPUB",Active
Ggb Manifest 7D17684,Ggb Manifest 7D17684 — A Gullah Geechee publication by Darryl E. Brown,3.99,1,ggb-manifest-ggb-man,Books & Magazines > Books > eBooks,"Books, Gullah Geechee, eBook, Digital",Digital,,,,,Yes,"PDF, EPUB",Active
Ggb Manifest 7D2F6Ec,Ggb Manifest 7D2F6Ec — A Gullah Geechee publication by Darryl E. Brown,3.99,1,ggb-manifest-ggb-man,Books & Magazines > Books > eBooks,"Books, Gullah Geechee, eBook, Digital",Digital,,,,,Yes,"PDF, EPUB",Active
Ggb Manifest 7Df7756,Ggb Manifest 7Df7756 — A Gullah Geechee publication by Darryl E. Brown,3.99,1,ggb-manifest-ggb-man,Books & Magazines > Books > eBooks,"Books, Gullah Geechee, eBook, Digital",Digital,,,,,Yes,"PDF, EPUB",Active
Ggb Manifest 7Eabaab,Ggb Manifest 7Eabaab — A Gullah Geechee publication by Darryl E. Brown,3.99,1,ggb-manifest-ggb-man,Books & Magazines > Books > eBooks,"Books, Gullah Geechee, eBook, Digital",Digital,,,,,Yes,"PDF, EPUB",Active
Ggb Manifest 7F34219,Ggb Manifest 7F34219 — A Gullah Geechee publication by Darryl E. Brown,3.99,1,ggb-manifest-ggb-man,Books & Magazines > Books > eBooks,"Books, Gullah Geechee, eBook, Digital",Digital,,,,,Yes,"PDF, EPUB",Active
Ggb Manifest 7F43797,Ggb Manifest 7F43797 — A Gullah Geechee publication by Darryl E. Brown,3.99,1,ggb-manifest-ggb-man,Books & Magazines > Books > eBooks,"Books, Gullah Geechee, eBook, Digital",Digital,,,,,Yes,"PDF, EPUB",Active
Ggb Manifest 7F58B94,Ggb Manifest 7F58B94 — A Gullah Geechee publication by Darryl E. Brown,3.99,1,ggb-manifest-ggb-man,Books & Magazines > Books > eBooks,"Books, Gullah Geechee, eBook, Digital",Digital,,,,,Yes,"PDF, EPUB",Active
Ggb Manifest 80707F0,Ggb Manifest 80707F0 — A Gullah Geechee publication by Darryl E. Brown,3.99,1,ggb-manifest-ggb-man,Books & Magazines > Books > eBooks,"Books, Gullah Geechee, eBook, Digital",Digital,,,,,Yes,"PDF, EPUB",Active
Ggb Manifest 807E79B,Ggb Manifest 807E79B — A Gullah Geechee publication by Darryl E. Brown,3.99,1,ggb-manifest-ggb-man,Books & Magazines > Books > eBooks,"Books, Gullah Geechee, eBook, Digital",Digital,,,,,Yes,"PDF, EPUB",Active
Ggb Manifest 808321D,Ggb Manifest 808321D — A Gullah Geechee publication by Darryl E. Brown,3.99,1,ggb-manifest-ggb-man,Books & Magazines > Books > eBooks,"Books, Gullah Geechee, eBook, Digital",Digital,,,,,Yes,"PDF, EPUB",Active
Ggb Manifest 80939Aa,Ggb Manifest 80939Aa — A Gullah Geechee publication by Darryl E. Brown,3.99,1,ggb-manifest-ggb-man,Books & Magazines > Books > eBooks,"Books, Gullah Geechee, eBook, Digital",Digital,,,,,Yes,"PDF, EPUB",Active
Ggb Manifest 821E4E5,Ggb Manifest 821E4E5 — A Gullah Geechee publication by Darryl E. Brown,3.99,1,ggb-manifest-ggb-man,Books & Magazines > Books > eBooks,"Books, Gullah Geechee, eBook, Digital",Digital,,,,,Yes,"PDF, EPUB",Active
Ggb Manifest 82C6Af3,Ggb Manifest 82C6Af3 — A Gullah Geechee publication by Darryl E. Brown,3.99,1,ggb-manifest-ggb-man,Books & Magazines > Books > eBooks,"Books, Gullah Geechee, eBook, Digital",Digital,,,,,Yes,"PDF, EPUB",Active
Ggb Manifest 830Da2C,Ggb Manifest 830Da2C — A Gullah Geechee publication by Darryl E. Brown,3.99,1,ggb-manifest-ggb-man,Books & Magazines > Books > eBooks,"Books, Gullah Geechee, eBook, Digital",Digital,,,,,Yes,"PDF, EPUB",Active
Ggb Manifest 833F6F6,Ggb Manifest 833F6F6 — A Gullah Geechee publication by Darryl E. Brown,3.99,1,ggb-manifest-ggb-man,Books & Magazines > Books > eBooks,"Books, Gullah Geechee, eBook, Digital",Digital,,,,,Yes,"PDF, EPUB",Active
Ggb Manifest 83C374F,Ggb Manifest 83C374F — A Gullah Geechee publication by Darryl E. Brown,3.99,1,ggb-manifest-ggb-man,Books & Magazines > Books > eBooks,"Books, Gullah Geechee, eBook, Digital",Digital,,,,,Yes,"PDF, EPUB",Active
Ggb Manifest 83Cb89B,Ggb Manifest 83Cb89B — A Gullah Geechee publication by Darryl E. Brown,3.99,1,ggb-manifest-ggb-man,Books & Magazines > Books > eBooks,"Books, Gullah Geechee, eBook, Digital",Digital,,,,,Yes,"PDF, EPUB",Active
Ggb Manifest 83D70A2,Ggb Manifest 83D70A2 — A Gullah Geechee publication by Darryl E. Brown,3.99,1,ggb-manifest-ggb-man,Books & Magazines > Books > eBooks,"Books, Gullah Geechee, eBook, Digital",Digital,,,,,Yes,"PDF, EPUB",Active
Ggb Manifest 83F4630,Ggb Manifest 83F4630 — A Gullah Geechee publication by Darryl E. Brown,3.99,1,ggb-manifest-ggb-man,Books & Magazines > Books > eBooks,"Books, Gullah Geechee, eBook, Digital",Digital,,,,,Yes,"PDF, EPUB",Active
Ggb Manifest 85B60Ed,Ggb Manifest 85B60Ed — A Gullah Geechee publication by Darryl E. Brown,3.99,1,ggb-manifest-ggb-man,Books & Magazines > Books > eBooks,"Books, Gullah Geechee, eBook, Digital",Digital,,,,,Yes,"PDF, EPUB",Active
Ggb Manifest 85C35C8,Ggb Manifest 85C35C8 — A Gullah Geechee publication by Darryl E. Brown,3.99,1,ggb-manifest-ggb-man,Books & Magazines > Books > eBooks,"Books, Gullah Geechee, eBook, Digital",Digital,,,,,Yes,"PDF, EPUB",Active
Ggb Manifest 85Dce0B,Ggb Manifest 85Dce0B — A Gullah Geechee publication by Darryl E. Brown,3.99,1,ggb-manifest-ggb-man,Books & Magazines > Books > eBooks,"Books, Gullah Geechee, eBook, Digital",Digital,,,,,Yes,"PDF, EPUB",Active
Ggb Manifest 86044A1,Ggb Manifest 86044A1 — A Gullah Geechee publication by Darryl E. Brown,3.99,1,ggb-manifest-ggb-man,Books & Magazines > Books > eBooks,"Books, Gullah Geechee, eBook, Digital",Digital,,,,,Yes,"PDF, EPUB",Active
Ggb Manifest 8696E0E,Ggb Manifest 8696E0E — A Gullah Geechee publication by Darryl E. Brown,3.99,1,ggb-manifest-ggb-man,Books & Magazines > Books > eBooks,"Books, Gullah Geechee, eBook, Digital",Digital,,,,,Yes,"PDF, EPUB",Active
Ggb Manifest 87192D8,Ggb Manifest 87192D8 — A Gullah Geechee publication by Darryl E. Brown,3.99,1,ggb-manifest-ggb-man,Books & Magazines > Books > eBooks,"Books, Gullah Geechee, eBook, Digital",Digital,,,,,Yes,"PDF, EPUB",Active
Ggb Manifest 87C145F,Ggb Manifest 87C145F — A Gullah Geechee publication by Darryl E. Brown,3.99,1,ggb-manifest-ggb-man,Books & Magazines > Books > eBooks,"Books, Gullah Geechee, eBook, Digital",Digital,,,,,Yes,"PDF, EPUB",Active
Ggb Manifest 87Dfffe,Ggb Manifest 87Dfffe — A Gullah Geechee publication by Darryl E. Brown,3.99,1,ggb-manifest-ggb-man,Books & Magazines > Books > eBooks,"Books, Gullah Geechee, eBook, Digital",Digital,,,,,Yes,"PDF, EPUB",Active
Ggb Manifest 881A2Dc,Ggb Manifest 881A2Dc — A Gullah Geechee publication by Darryl E. Brown,3.99,1,ggb-manifest-ggb-man,Books & Magazines > Books > eBooks,"Books, Gullah Geechee, eBook, Digital",Digital,,,,,Yes,"PDF, EPUB",Active
Ggb Manifest 884Cfc6,Ggb Manifest 884Cfc6 — A Gullah Geechee publication by Darryl E. Brown,3.99,1,ggb-manifest-ggb-man,Books & Magazines > Books > eBooks,"Books, Gullah Geechee, eBook, Digital",Digital,,,,,Yes,"PDF, EPUB",Active
Ggb Manifest 889B6D8,Ggb Manifest 889B6D8 — A Gullah Geechee publication by Darryl E. Brown,3.99,1,ggb-manifest-ggb-man,Books & Magazines > Books > eBooks,"Books, Gullah Geechee, eBook, Digital",Digital,,,,,Yes,"PDF, EPUB",Active
Ggb Manifest 88B2424,Ggb Manifest 88B2424 — A Gullah Geechee publication by Darryl E. Brown,3.99,1,ggb-manifest-ggb-man,Books & Magazines > Books > eBooks,"Books, Gullah Geechee, eBook, Digital",Digital,,,,,Yes,"PDF, EPUB",Active
Ggb Manifest 89F855A,Ggb Manifest 89F855A — A Gullah Geechee publication by Darryl E. Brown,3.99,1,ggb-manifest-ggb-man,Books & Magazines > Books > eBooks,"Books, Gullah Geechee, eBook, Digital",Digital,,,,,Yes,"PDF, EPUB",Active
Ggb Manifest 8A0F4C0,Ggb Manifest 8A0F4C0 — A Gullah Geechee publication by Darryl E. Brown,3.99,1,ggb-manifest-ggb-man,Books & Magazines > Books > eBooks,"Books, Gullah Geechee, eBook, Digital",Digital,,,,,Yes,"PDF, EPUB",Active
Ggb Manifest 8A2E33E,Ggb Manifest 8A2E33E — A Gullah Geechee publication by Darryl E. Brown,3.99,1,ggb-manifest-ggb-man,Books & Magazines > Books > eBooks,"Books, Gullah Geechee, eBook, Digital",Digital,,,,,Yes,"PDF, EPUB",Active
Ggb Manifest 8A36Ec6,Ggb Manifest 8A36Ec6 — A Gullah Geechee publication by Darryl E. Brown,3.99,1,ggb-manifest-ggb-man,Books & Magazines > Books > eBooks,"Books, Gullah Geechee, eBook, Digital",Digital,,,,,Yes,"PDF, EPUB",Active
Ggb Manifest 8B11545,Ggb Manifest 8B11545 — A Gullah Geechee publication by Darryl E. Brown,3.99,1,ggb-manifest-ggb-man,Books & Magazines > Books > eBooks,"Books, Gullah Geechee, eBook, Digital",Digital,,,,,Yes,"PDF, EPUB",Active
Ggb Manifest 8B2E562,Ggb Manifest 8B2E562 — A Gullah Geechee publication by Darryl E. Brown,3.99,1,ggb-manifest-ggb-man,Books & Magazines > Books > eBooks,"Books, Gullah Geechee, eBook, Digital",Digital,,,,,Yes,"PDF, EPUB",Active
Ggb Manifest 8Bb7A98,Ggb Manifest 8Bb7A98 — A Gullah Geechee publication by Darryl E. Brown,3.99,1,ggb-manifest-ggb-man,Books & Magazines > Books > eBooks,"Books, Gullah Geechee, eBook, Digital",Digital,,,,,Yes,"PDF, EPUB",Active
Ggb Manifest 8Bf690A,Ggb Manifest 8Bf690A — A Gullah Geechee publication by Darryl E. Brown,3.99,1,ggb-manifest-ggb-man,Books & Magazines > Books > eBooks,"Books, Gullah Geechee, eBook, Digital",Digital,,,,,Yes,"PDF, EPUB",Active
Ggb Manifest 8C4A17B,Ggb Manifest 8C4A17B — A Gullah Geechee publication by Darryl E. Brown,3.99,1,ggb-manifest-ggb-man,Books & Magazines > Books > eBooks,"Books, Gullah Geechee, eBook, Digital",Digital,,,,,Yes,"PDF, EPUB",Active
Ggb Manifest 8D95235,Ggb Manifest 8D95235 — A Gullah Geechee publication by Darryl E. Brown,3.99,1,ggb-manifest-ggb-man,Books & Magazines > Books > eBooks,"Books, Gullah Geechee, eBook, Digital",Digital,,,,,Yes,"PDF, EPUB",Active
Ggb Manifest 8Ee347E,Ggb Manifest 8Ee347E — A Gullah Geechee publication by Darryl E. Brown,3.99,1,ggb-manifest-ggb-man,Books & Magazines > Books > eBooks,"Books, Gullah Geechee, eBook, Digital",Digital,,,,,Yes,"PDF, EPUB",Active
Ggb Manifest 8Ef2Df0,Ggb Manifest 8Ef2Df0 — A Gullah Geechee publication by Darryl E. Brown,3.99,1,ggb-manifest-ggb-man,Books & Magazines > Books > eBooks,"Books, Gullah Geechee, eBook, Digital",Digital,,,,,Yes,"PDF, EPUB",Active
Ggb Manifest 903Ab35,Ggb Manifest 903Ab35 — A Gullah Geechee publication by Darryl E. Brown,3.99,1,ggb-manifest-ggb-man,Books & Magazines > Books > eBooks,"Books, Gullah Geechee, eBook, Digital",Digital,,,,,Yes,"PDF, EPUB",Active
Ggb Manifest 90848F4,Ggb Manifest 90848F4 — A Gullah Geechee publication by Darryl E. Brown,3.99,1,ggb-manifest-ggb-man,Books & Magazines > Books > eBooks,"Books, Gullah Geechee, eBook, Digital",Digital,,,,,Yes,"PDF, EPUB",Active
Ggb Manifest 915471D,Ggb Manifest 915471D — A Gullah Geechee publication by Darryl E. Brown,3.99,1,ggb-manifest-ggb-man,Books & Magazines > Books > eBooks,"Books, Gullah Geechee, eBook, Digital",Digital,,,,,Yes,"PDF, EPUB",Active
Ggb Manifest 91Eaa72,Ggb Manifest 91Eaa72 — A Gullah Geechee publication by Darryl E. Brown,3.99,1,ggb-manifest-ggb-man,Books & Magazines > Books > eBooks,"Books, Gullah Geechee, eBook, Digital",Digital,,,,,Yes,"PDF, EPUB",Active
Ggb Manifest 9210C18,Ggb Manifest 9210C18 — A Gullah Geechee publication by Darryl E. Brown,3.99,1,ggb-manifest-ggb-man,Books & Magazines > Books > eBooks,"Books, Gullah Geechee, eBook, Digital",Digital,,,,,Yes,"PDF, EPUB",Active
Ggb Manifest 92F5536,Ggb Manifest 92F5536 — A Gullah Geechee publication by Darryl E. Brown,3.99,1,ggb-manifest-ggb-man,Books & Magazines > Books > eBooks,"Books, Gullah Geechee, eBook, Digital",Digital,,,,,Yes,"PDF, EPUB",Active
Ggb Manifest 93D845B,Ggb Manifest 93D845B — A Gullah Geechee publication by Darryl E. Brown,3.99,1,ggb-manifest-ggb-man,Books & Magazines > Books > eBooks,"Books, Gullah Geechee, eBook, Digital",Digital,,,,,Yes,"PDF, EPUB",Active
Ggb Manifest 93E6253,Ggb Manifest 93E6253 — A Gullah Geechee publication by Darryl E. Brown,3.99,1,ggb-manifest-ggb-man,Books & Magazines > Books > eBooks,"Books, Gullah Geechee, eBook, Digital",Digital,,,,,Yes,"PDF, EPUB",Active
Ggb Manifest 946Eaf7,Ggb Manifest 946Eaf7 — A Gullah Geechee publication by Darryl E. Brown,3.99,1,ggb-manifest-ggb-man,Books & Magazines > Books > eBooks,"Books, Gullah Geechee, eBook, Digital",Digital,,,,,Yes,"PDF, EPUB",Active
Ggb Manifest 94818C5,Ggb Manifest 94818C5 — A Gullah Geechee publication by Darryl E. Brown,3.99,1,ggb-manifest-ggb-man,Books & Magazines > Books > eBooks,"Books, Gullah Geechee, eBook, Digital",Digital,,,,,Yes,"PDF, EPUB",Active
Ggb Manifest 94832B9,Ggb Manifest 94832B9 — A Gullah Geechee publication by Darryl E. Brown,3.99,1,ggb-manifest-ggb-man,Books & Magazines > Books > eBooks,"Books, Gullah Geechee, eBook, Digital",Digital,,,,,Yes,"PDF, EPUB",Active
Ggb Manifest 948F187,Ggb Manifest 948F187 — A Gullah Geechee publication by Darryl E. Brown,3.99,1,ggb-manifest-ggb-man,Books & Magazines > Books > eBooks,"Books, Gullah Geechee, eBook, Digital",Digital,,,,,Yes,"PDF, EPUB",Active
Ggb Manifest 954825F,Ggb Manifest 954825F — A Gullah Geechee publication by Darryl E. Brown,3.99,1,ggb-manifest-ggb-man,Books & Magazines > Books > eBooks,"Books, Gullah Geechee, eBook, Digital",Digital,,,,,Yes,"PDF, EPUB",Active
Ggb Manifest 9590784,Ggb Manifest 9590784 — A Gullah Geechee publication by Darryl E. Brown,3.99,1,ggb-manifest-ggb-man,Books & Magazines > Books > eBooks,"Books, Gullah Geechee, eBook, Digital",Digital,,,,,Yes,"PDF, EPUB",Active
Ggb Manifest 95Ab059,Ggb Manifest 95Ab059 — A Gullah Geechee publication by Darryl E. Brown,3.99,1,ggb-manifest-ggb-man,Books & Magazines > Books > eBooks,"Books, Gullah Geechee, eBook, Digital",Digital,,,,,Yes,"PDF, EPUB",Active
Ggb Manifest 95C0De6,Ggb Manifest 95C0De6 — A Gullah Geechee publication by Darryl E. Brown,3.99,1,ggb-manifest-ggb-man,Books & Magazines > Books > eBooks,"Books, Gullah Geechee, eBook, Digital",Digital,,,,,Yes,"PDF, EPUB",Active
Ggb Manifest 95E27C9,Ggb Manifest 95E27C9 — A Gullah Geechee publication by Darryl E. Brown,3.99,1,ggb-manifest-ggb-man,Books & Magazines > Books > eBooks,"Books, Gullah Geechee, eBook, Digital",Digital,,,,,Yes,"PDF, EPUB",Active
Ggb Manifest 95Fb8D3,Ggb Manifest 95Fb8D3 — A Gullah Geechee publication by Darryl E. Brown,3.99,1,ggb-manifest-ggb-man,Books & Magazines > Books > eBooks,"Books, Gullah Geechee, eBook, Digital",Digital,,,,,Yes,"PDF, EPUB",Active
Ggb Manifest 9615A06,Ggb Manifest 9615A06 — A Gullah Geechee publication by Darryl E. Brown,3.99,1,ggb-manifest-ggb-man,Books & Magazines > Books > eBooks,"Books, Gullah Geechee, eBook, Digital",Digital,,,,,Yes,"PDF, EPUB",Active
Ggb Manifest 9644111,Ggb Manifest 9644111 — A Gullah Geechee publication by Darryl E. Brown,3.99,1,ggb-manifest-ggb-man,Books & Magazines > Books > eBooks,"Books, Gullah Geechee, eBook, Digital",Digital,,,,,Yes,"PDF, EPUB",Active
Ggb Manifest 9645Cb9,Ggb Manifest 9645Cb9 — A Gullah Geechee publication by Darryl E. Brown,3.99,1,ggb-manifest-ggb-man,Books & Magazines > Books > eBooks,"Books, Gullah Geechee, eBook, Digital",Digital,,,,,Yes,"PDF, EPUB",Active
Ggb Manifest 967831D,Ggb Manifest 967831D — A Gullah Geechee publication by Darryl E. Brown,3.99,1,ggb-manifest-ggb-man,Books & Magazines > Books > eBooks,"Books, Gullah Geechee, eBook, Digital",Digital,,,,,Yes,"PDF, EPUB",Active
Ggb Manifest 968Ab5A,Ggb Manifest 968Ab5A — A Gullah Geechee publication by Darryl E. Brown,3.99,1,ggb-manifest-ggb-man,Books & Magazines > Books > eBooks,"Books, Gullah Geechee, eBook, Digital",Digital,,,,,Yes,"PDF, EPUB",Active
Ggb Manifest 969412F,Ggb Manifest 969412F — A Gullah Geechee publication by Darryl E. Brown,3.99,1,ggb-manifest-ggb-man,Books & Magazines > Books > eBooks,"Books, Gullah Geechee, eBook, Digital",Digital,,,,,Yes,"PDF, EPUB",Active
Ggb Manifest 96Cc11E,Ggb Manifest 96Cc11E — A Gullah Geechee publication by Darryl E. Brown,3.99,1,ggb-manifest-ggb-man,Books & Magazines > Books > eBooks,"Books, Gullah Geechee, eBook, Digital",Digital,,,,,Yes,"PDF, EPUB",Active
Ggb Manifest 96Ec30B,Ggb Manifest 96Ec30B — A Gullah Geechee publication by Darryl E. Brown,3.99,1,ggb-manifest-ggb-man,Books & Magazines > Books > eBooks,"Books, Gullah Geechee, eBook, Digital",Digital,,,,,Yes,"PDF, EPUB",Active
Ggb Manifest 9719674,Ggb Manifest 9719674 — A Gullah Geechee publication by Darryl E. Brown,3.99,1,ggb-manifest-ggb-man,Books & Magazines > Books > eBooks,"Books, Gullah Geechee, eBook, Digital",Digital,,,,,Yes,"PDF, EPUB",Active
Ggb Manifest 97D8459,Ggb Manifest 97D8459 — A Gullah Geechee publication by Darryl E. Brown,3.99,1,ggb-manifest-ggb-man,Books & Magazines > Books > eBooks,"Books, Gullah Geechee, eBook, Digital",Digital,,,,,Yes,"PDF, EPUB",Active
Ggb Manifest 98B4167,Ggb Manifest 98B4167 — A Gullah Geechee publication by Darryl E. Brown,3.99,1,ggb-manifest-ggb-man,Books & Magazines > Books > eBooks,"Books, Gullah Geechee, eBook, Digital",Digital,,,,,Yes,"PDF, EPUB",Active
Ggb Manifest 991Fe49,Ggb Manifest 991Fe49 — A Gullah Geechee publication by Darryl E. Brown,3.99,1,ggb-manifest-ggb-man,Books & Magazines > Books > eBooks,"Books, Gullah Geechee, eBook, Digital",Digital,,,,,Yes,"PDF, EPUB",Active
Ggb Manifest 9963F8D,Ggb Manifest 9963F8D — A Gullah Geechee publication by Darryl E. Brown,3.99,1,ggb-manifest-ggb-man,Books & Magazines > Books > eBooks,"Books, Gullah Geechee, eBook, Digital",Digital,,,,,Yes,"PDF, EPUB",Active
Ggb Manifest 99A573C,Ggb Manifest 99A573C — A Gullah Geechee publication by Darryl E. Brown,3.99,1,ggb-manifest-ggb-man,Books & Magazines > Books > eBooks,"Books, Gullah Geechee, eBook, Digital",Digital,,,,,Yes,"PDF, EPUB",Active
Ggb Manifest 99Ac06A,Ggb Manifest 99Ac06A — A Gullah Geechee publication by Darryl E. Brown,3.99,1,ggb-manifest-ggb-man,Books & Magazines > Books > eBooks,"Books, Gullah Geechee, eBook, Digital",Digital,,,,,Yes,"PDF, EPUB",Active
Ggb Manifest 99B049F,Ggb Manifest 99B049F — A Gullah Geechee publication by Darryl E. Brown,3.99,1,ggb-manifest-ggb-man,Books & Magazines > Books > eBooks,"Books, Gullah Geechee, eBook, Digital",Digital,,,,,Yes,"PDF, EPUB",Active
Ggb Manifest 9A5C2Bb,Ggb Manifest 9A5C2Bb — A Gullah Geechee publication by Darryl E. Brown,3.99,1,ggb-manifest-ggb-man,Books & Magazines > Books > eBooks,"Books, Gullah Geechee, eBook, Digital",Digital,,,,,Yes,"PDF, EPUB",Active
Ggb Manifest 9Aebcbb,Ggb Manifest 9Aebcbb — A Gullah Geechee publication by Darryl E. Brown,3.99,1,ggb-manifest-ggb-man,Books & Magazines > Books > eBooks,"Books, Gullah Geechee, eBook, Digital",Digital,,,,,Yes,"PDF, EPUB",Active
Ggb Manifest 9Af0Bad,Ggb Manifest 9Af0Bad — A Gullah Geechee publication by Darryl E. Brown,3.99,1,ggb-manifest-ggb-man,Books & Magazines > Books > eBooks,"Books, Gullah Geechee, eBook, Digital",Digital,,,,,Yes,"PDF, EPUB",Active
Ggb Manifest 9B71Bfe,Ggb Manifest 9B71Bfe — A Gullah Geechee publication by Darryl E. Brown,3.99,1,ggb-manifest-ggb-man,Books & Magazines > Books > eBooks,"Books, Gullah Geechee, eBook, Digital",Digital,,,,,Yes,"PDF, EPUB",Active
Ggb Manifest 9B8Dbac,Ggb Manifest 9B8Dbac — A Gullah Geechee publication by Darryl E. Brown,3.99,1,ggb-manifest-ggb-man,Books & Magazines > Books > eBooks,"Books, Gullah Geechee, eBook, Digital",Digital,,,,,Yes,"PDF, EPUB",Active
Ggb Manifest 9Ba43Cb,Ggb Manifest 9Ba43Cb — A Gullah Geechee publication by Darryl E. Brown,3.99,1,ggb-manifest-ggb-man,Books & Magazines > Books > eBooks,"Books, Gullah Geechee, eBook, Digital",Digital,,,,,Yes,"PDF, EPUB",Active
Ggb Manifest 9C5F959,Ggb Manifest 9C5F959 — A Gullah Geechee publication by Darryl E. Brown,3.99,1,ggb-manifest-ggb-man,Books & Magazines > Books > eBooks,"Books, Gullah Geechee, eBook, Digital",Digital,,,,,Yes,"PDF, EPUB",Active
Ggb Manifest 9C70Cfa,Ggb Manifest 9C70Cfa — A Gullah Geechee publication by Darryl E. Brown,3.99,1,ggb-manifest-ggb-man,Books & Magazines > Books > eBooks,"Books, Gullah Geechee, eBook, Digital",Digital,,,,,Yes,"PDF, EPUB",Active
Ggb Manifest 9Cb23Bb,Ggb Manifest 9Cb23Bb — A Gullah Geechee publication by Darryl E. Brown,3.99,1,ggb-manifest-ggb-man,Books & Magazines > Books > eBooks,"Books, Gullah Geechee, eBook, Digital",Digital,,,,,Yes,"PDF, EPUB",Active
Ggb Manifest 9Cc95F3,Ggb Manifest 9Cc95F3 — A Gullah Geechee publication by Darryl E. Brown,3.99,1,ggb-manifest-ggb-man,Books & Magazines > Books > eBooks,"Books, Gullah Geechee, eBook, Digital",Digital,,,,,Yes,"PDF, EPUB",Active
Ggb Manifest 9E506Ca,Ggb Manifest 9E506Ca — A Gullah Geechee publication by Darryl E. Brown,3.99,1,ggb-manifest-ggb-man,Books & Magazines > Books > eBooks,"Books, Gullah Geechee, eBook, Digital",Digital,,,,,Yes,"PDF, EPUB",Active
Ggb Manifest 9F3Fedf,Ggb Manifest 9F3Fedf — A Gullah Geechee publication by Darryl E. Brown,3.99,1,ggb-manifest-ggb-man,Books & Magazines > Books > eBooks,"Books, Gullah Geechee, eBook, Digital",Digital,,,,,Yes,"PDF, EPUB",Active
Ggb Manifest 9F5Ed01,Ggb Manifest 9F5Ed01 — A Gullah Geechee publication by Darryl E. Brown,3.99,1,ggb-manifest-ggb-man,Books & Magazines > Books > eBooks,"Books, Gullah Geechee, eBook, Digital",Digital,,,,,Yes,"PDF, EPUB",Active
Ggb Manifest 9F84799,Ggb Manifest 9F84799 — A Gullah Geechee publication by Darryl E. Brown,3.99,1,ggb-manifest-ggb-man,Books & Magazines > Books > eBooks,"Books, Gullah Geechee, eBook, Digital",Digital,,,,,Yes,"PDF, EPUB",Active
Ggb Manifest 9Fc78F7,Ggb Manifest 9Fc78F7 — A Gullah Geechee publication by Darryl E. Brown,3.99,1,ggb-manifest-ggb-man,Books & Magazines > Books > eBooks,"Books, Gullah Geechee, eBook, Digital",Digital,,,,,Yes,"PDF, EPUB",Active
Ggb Manifest A050Ced,Ggb Manifest A050Ced — A Gullah Geechee publication by Darryl E. Brown,3.99,1,ggb-manifest-ggb-man,Books & Magazines > Books > eBooks,"Books, Gullah Geechee, eBook, Digital",Digital,,,,,Yes,"PDF, EPUB",Active
Ggb Manifest A0553A8,Ggb Manifest A0553A8 — A Gullah Geechee publication by Darryl E. Brown,3.99,1,ggb-manifest-ggb-man,Books & Magazines > Books > eBooks,"Books, Gullah Geechee, eBook, Digital",Digital,,,,,Yes,"PDF, EPUB",Active
Ggb Manifest A11D803,Ggb Manifest A11D803 — A Gullah Geechee publication by Darryl E. Brown,3.99,1,ggb-manifest-ggb-man,Books & Magazines > Books > eBooks,"Books, Gullah Geechee, eBook, Digital",Digital,,,,,Yes,"PDF, EPUB",Active
Ggb Manifest A13624A,Ggb Manifest A13624A — A Gullah Geechee publication by Darryl E. Brown,3.99,1,ggb-manifest-ggb-man,Books & Magazines > Books > eBooks,"Books, Gullah Geechee, eBook, Digital",Digital,,,,,Yes,"PDF, EPUB",Active
Ggb Manifest A14B3Bf,Ggb Manifest A14B3Bf — A Gullah Geechee publication by Darryl E. Brown,3.99,1,ggb-manifest-ggb-man,Books & Magazines > Books > eBooks,"Books, Gullah Geechee, eBook, Digital",Digital,,,,,Yes,"PDF, EPUB",Active
Ggb Manifest A1B4E37,Ggb Manifest A1B4E37 — A Gullah Geechee publication by Darryl E. Brown,3.99,1,ggb-manifest-ggb-man,Books & Magazines > Books > eBooks,"Books, Gullah Geechee, eBook, Digital",Digital,,,,,Yes,"PDF, EPUB",Active
Ggb Manifest A25D3F6,Ggb Manifest A25D3F6 — A Gullah Geechee publication by Darryl E. Brown,3.99,1,ggb-manifest-ggb-man,Books & Magazines > Books > eBooks,"Books, Gullah Geechee, eBook, Digital",Digital,,,,,Yes,"PDF, EPUB",Active
Ggb Manifest A331B7C,Ggb Manifest A331B7C — A Gullah Geechee publication by Darryl E. Brown,3.99,1,ggb-manifest-ggb-man,Books & Magazines > Books > eBooks,"Books, Gullah Geechee, eBook, Digital",Digital,,,,,Yes,"PDF, EPUB",Active
Ggb Manifest A34234A,Ggb Manifest A34234A — A Gullah Geechee publication by Darryl E. Brown,3.99,1,ggb-manifest-ggb-man,Books & Magazines > Books > eBooks,"Books, Gullah Geechee, eBook, Digital",Digital,,,,,Yes,"PDF, EPUB",Active
Ggb Manifest A37F65B,Ggb Manifest A37F65B — A Gullah Geechee publication by Darryl E. Brown,3.99,1,ggb-manifest-ggb-man,Books & Magazines > Books > eBooks,"Books, Gullah Geechee, eBook, Digital",Digital,,,,,Yes,"PDF, EPUB",Active
Ggb Manifest A3Fe751,Ggb Manifest A3Fe751 — A Gullah Geechee publication by Darryl E. Brown,3.99,1,ggb-manifest-ggb-man,Books & Magazines > Books > eBooks,"Books, Gullah Geechee, eBook, Digital",Digital,,,,,Yes,"PDF, EPUB",Active
Ggb Manifest A4215Fb,Ggb Manifest A4215Fb — A Gullah Geechee publication by Darryl E. Brown,3.99,1,ggb-manifest-ggb-man,Books & Magazines > Books > eBooks,"Books, Gullah Geechee, eBook, Digital",Digital,,,,,Yes,"PDF, EPUB",Active
Ggb Manifest A480131,Ggb Manifest A480131 — A Gullah Geechee publication by Darryl E. Brown,3.99,1,ggb-manifest-ggb-man,Books & Magazines > Books > eBooks,"Books, Gullah Geechee, eBook, Digital",Digital,,,,,Yes,"PDF, EPUB",Active
Ggb Manifest A4B8198,Ggb Manifest A4B8198 — A Gullah Geechee publication by Darryl E. Brown,3.99,1,ggb-manifest-ggb-man,Books & Magazines > Books > eBooks,"Books, Gullah Geechee, eBook, Digital",Digital,,,,,Yes,"PDF, EPUB",Active
Ggb Manifest A561Ee8,Ggb Manifest A561Ee8 — A Gullah Geechee publication by Darryl E. Brown,3.99,1,ggb-manifest-ggb-man,Books & Magazines > Books > eBooks,"Books, Gullah Geechee, eBook, Digital",Digital,,,,,Yes,"PDF, EPUB",Active
Ggb Manifest A58760B,Ggb Manifest A58760B — A Gullah Geechee publication by Darryl E. Brown,3.99,1,ggb-manifest-ggb-man,Books & Magazines > Books > eBooks,"Books, Gullah Geechee, eBook, Digital",Digital,,,,,Yes,"PDF, EPUB",Active
Ggb Manifest A6B0F34,Ggb Manifest A6B0F34 — A Gullah Geechee publication by Darryl E. Brown,3.99,1,ggb-manifest-ggb-man,Books & Magazines > Books > eBooks,"Books, Gullah Geechee, eBook, Digital",Digital,,,,,Yes,"PDF, EPUB",Active
Ggb Manifest A6Eea1C,Ggb Manifest A6Eea1C — A Gullah Geechee publication by Darryl E. Brown,3.99,1,ggb-manifest-ggb-man,Books & Magazines > Books > eBooks,"Books, Gullah Geechee, eBook, Digital",Digital,,,,,Yes,"PDF, EPUB",Active
Ggb Manifest A73Fe07,Ggb Manifest A73Fe07 — A Gullah Geechee publication by Darryl E. Brown,3.99,1,ggb-manifest-ggb-man,Books & Magazines > Books > eBooks,"Books, Gullah Geechee, eBook, Digital",Digital,,,,,Yes,"PDF, EPUB",Active
Ggb Manifest A747246,Ggb Manifest A747246 — A Gullah Geechee publication by Darryl E. Brown,3.99,1,ggb-manifest-ggb-man,Books & Magazines > Books > eBooks,"Books, Gullah Geechee, eBook, Digital",Digital,,,,,Yes,"PDF, EPUB",Active
Ggb Manifest A7Ef24B,Ggb Manifest A7Ef24B — A Gullah Geechee publication by Darryl E. Brown,3.99,1,ggb-manifest-ggb-man,Books & Magazines > Books > eBooks,"Books, Gullah Geechee, eBook, Digital",Digital,,,,,Yes,"PDF, EPUB",Active
Ggb Manifest A804B7B,Ggb Manifest A804B7B — A Gullah Geechee publication by Darryl E. Brown,3.99,1,ggb-manifest-ggb-man,Books & Magazines > Books > eBooks,"Books, Gullah Geechee, eBook, Digital",Digital,,,,,Yes,"PDF, EPUB",Active
Ggb Manifest A86A6D7,Ggb Manifest A86A6D7 — A Gullah Geechee publication by Darryl E. Brown,3.99,1,ggb-manifest-ggb-man,Books & Magazines > Books > eBooks,"Books, Gullah Geechee, eBook, Digital",Digital,,,,,Yes,"PDF, EPUB",Active
Ggb Manifest A8D29Aa,Ggb Manifest A8D29Aa — A Gullah Geechee publication by Darryl E. Brown,3.99,1,ggb-manifest-ggb-man,Books & Magazines > Books > eBooks,"Books, Gullah Geechee, eBook, Digital",Digital,,,,,Yes,"PDF, EPUB",Active
Ggb Manifest A99Dd24,Ggb Manifest A99Dd24 — A Gullah Geechee publication by Darryl E. Brown,3.99,1,ggb-manifest-ggb-man,Books & Magazines > Books > eBooks,"Books, Gullah Geechee, eBook, Digital",Digital,,,,,Yes,"PDF, EPUB",Active
Ggb Manifest Ab23E59,Ggb Manifest Ab23E59 — A Gullah Geechee publication by Darryl E. Brown,3.99,1,ggb-manifest-ggb-man,Books & Magazines > Books > eBooks,"Books, Gullah Geechee, eBook, Digital",Digital,,,,,Yes,"PDF, EPUB",Active
Ggb Manifest Ab25Ff4,Ggb Manifest Ab25Ff4 — A Gullah Geechee publication by Darryl E. Brown,3.99,1,ggb-manifest-ggb-man,Books & Magazines > Books > eBooks,"Books, Gullah Geechee, eBook, Digital",Digital,,,,,Yes,"PDF, EPUB",Active
Ggb Manifest Ab52Fea,Ggb Manifest Ab52Fea — A Gullah Geechee publication by Darryl E. Brown,3.99,1,ggb-manifest-ggb-man,Books & Magazines > Books > eBooks,"Books, Gullah Geechee, eBook, Digital",Digital,,,,,Yes,"PDF, EPUB",Active
Ggb Manifest Ab600D0,Ggb Manifest Ab600D0 — A Gullah Geechee publication by Darryl E. Brown,3.99,1,ggb-manifest-ggb-man,Books & Magazines > Books > eBooks,"Books, Gullah Geechee, eBook, Digital",Digital,,,,,Yes,"PDF, EPUB",Active
Ggb Manifest Abdf5C8,Ggb Manifest Abdf5C8 — A Gullah Geechee publication by Darryl E. Brown,3.99,1,ggb-manifest-ggb-man,Books & Magazines > Books > eBooks,"Books, Gullah Geechee, eBook, Digital",Digital,,,,,Yes,"PDF, EPUB",Active
Ggb Manifest Ad494D5,Ggb Manifest Ad494D5 — A Gullah Geechee publication by Darryl E. Brown,3.99,1,ggb-manifest-ggb-man,Books & Magazines > Books > eBooks,"Books, Gullah Geechee, eBook, Digital",Digital,,,,,Yes,"PDF, EPUB",Active
Ggb Manifest Ad4D18A,Ggb Manifest Ad4D18A — A Gullah Geechee publication by Darryl E. Brown,3.99,1,ggb-manifest-ggb-man,Books & Magazines > Books > eBooks,"Books, Gullah Geechee, eBook, Digital",Digital,,,,,Yes,"PDF, EPUB",Active
Ggb Manifest Ad8F88B,Ggb Manifest Ad8F88B — A Gullah Geechee publication by Darryl E. Brown,3.99,1,ggb-manifest-ggb-man,Books & Magazines > Books > eBooks,"Books, Gullah Geechee, eBook, Digital",Digital,,,,,Yes,"PDF, EPUB",Active
Ggb Manifest Ae26659,Ggb Manifest Ae26659 — A Gullah Geechee publication by Darryl E. Brown,3.99,1,ggb-manifest-ggb-man,Books & Magazines > Books > eBooks,"Books, Gullah Geechee, eBook, Digital",Digital,,,,,Yes,"PDF, EPUB",Active
Ggb Manifest Af555B0,Ggb Manifest Af555B0 — A Gullah Geechee publication by Darryl E. Brown,3.99,1,ggb-manifest-ggb-man,Books & Magazines > Books > eBooks,"Books, Gullah Geechee, eBook, Digital",Digital,,,,,Yes,"PDF, EPUB",Active
Ggb Manifest Af6F913,Ggb Manifest Af6F913 — A Gullah Geechee publication by Darryl E. Brown,3.99,1,ggb-manifest-ggb-man,Books & Magazines > Books > eBooks,"Books, Gullah Geechee, eBook, Digital",Digital,,,,,Yes,"PDF, EPUB",Active
Ggb Manifest Afda04C,Ggb Manifest Afda04C — A Gullah Geechee publication by Darryl E. Brown,3.99,1,ggb-manifest-ggb-man,Books & Magazines > Books > eBooks,"Books, Gullah Geechee, eBook, Digital",Digital,,,,,Yes,"PDF, EPUB",Active
Ggb Manifest B0941Cb,Ggb Manifest B0941Cb — A Gullah Geechee publication by Darryl E. Brown,3.99,1,ggb-manifest-ggb-man,Books & Magazines > Books > eBooks,"Books, Gullah Geechee, eBook, Digital",Digital,,,,,Yes,"PDF, EPUB",Active
Ggb Manifest B0E2A72,Ggb Manifest B0E2A72 — A Gullah Geechee publication by Darryl E. Brown,3.99,1,ggb-manifest-ggb-man,Books & Magazines > Books > eBooks,"Books, Gullah Geechee, eBook, Digital",Digital,,,,,Yes,"PDF, EPUB",Active
Ggb Manifest B0Fd909,Ggb Manifest B0Fd909 — A Gullah Geechee publication by Darryl E. Brown,3.99,1,ggb-manifest-ggb-man,Books & Magazines > Books > eBooks,"Books, Gullah Geechee, eBook, Digital",Digital,,,,,Yes,"PDF, EPUB",Active
Ggb Manifest B15D243,Ggb Manifest B15D243 — A Gullah Geechee publication by Darryl E. Brown,3.99,1,ggb-manifest-ggb-man,Books & Magazines > Books > eBooks,"Books, Gullah Geechee, eBook, Digital",Digital,,,,,Yes,"PDF, EPUB",Active
Ggb Manifest B1D0D39,Ggb Manifest B1D0D39 — A Gullah Geechee publication by Darryl E. Brown,3.99,1,ggb-manifest-ggb-man,Books & Magazines > Books > eBooks,"Books, Gullah Geechee, eBook, Digital",Digital,,,,,Yes,"PDF, EPUB",Active
Ggb Manifest B22230C,Ggb Manifest B22230C — A Gullah Geechee publication by Darryl E. Brown,3.99,1,ggb-manifest-ggb-man,Books & Magazines > Books > eBooks,"Books, Gullah Geechee, eBook, Digital",Digital,,,,,Yes,"PDF, EPUB",Active
Ggb Manifest B2Ce1Cf,Ggb Manifest B2Ce1Cf — A Gullah Geechee publication by Darryl E. Brown,3.99,1,ggb-manifest-ggb-man,Books & Magazines > Books > eBooks,"Books, Gullah Geechee, eBook, Digital",Digital,,,,,Yes,"PDF, EPUB",Active
Ggb Manifest B2E4948,Ggb Manifest B2E4948 — A Gullah Geechee publication by Darryl E. Brown,3.99,1,ggb-manifest-ggb-man,Books & Magazines > Books > eBooks,"Books, Gullah Geechee, eBook, Digital",Digital,,,,,Yes,"PDF, EPUB",Active
Ggb Manifest B30D202,Ggb Manifest B30D202 — A Gullah Geechee publication by Darryl E. Brown,3.99,1,ggb-manifest-ggb-man,Books & Magazines > Books > eBooks,"Books, Gullah Geechee, eBook, Digital",Digital,,,,,Yes,"PDF, EPUB",Active
Ggb Manifest B310E57,Ggb Manifest B310E57 — A Gullah Geechee publication by Darryl E. Brown,3.99,1,ggb-manifest-ggb-man,Books & Magazines > Books > eBooks,"Books, Gullah Geechee, eBook, Digital",Digital,,,,,Yes,"PDF, EPUB",Active
Ggb Manifest B324B5C,Ggb Manifest B324B5C — A Gullah Geechee publication by Darryl E. Brown,3.99,1,ggb-manifest-ggb-man,Books & Magazines > Books > eBooks,"Books, Gullah Geechee, eBook, Digital",Digital,,,,,Yes,"PDF, EPUB",Active
Ggb Manifest B42782B,Ggb Manifest B42782B — A Gullah Geechee publication by Darryl E. Brown,3.99,1,ggb-manifest-ggb-man,Books & Magazines > Books > eBooks,"Books, Gullah Geechee, eBook, Digital",Digital,,,,,Yes,"PDF, EPUB",Active
Ggb Manifest B432084,Ggb Manifest B432084 — A Gullah Geechee publication by Darryl E. Brown,3.99,1,ggb-manifest-ggb-man,Books & Magazines > Books > eBooks,"Books, Gullah Geechee, eBook, Digital",Digital,,,,,Yes,"PDF, EPUB",Active
Ggb Manifest B4347Db,Ggb Manifest B4347Db — A Gullah Geechee publication by Darryl E. Brown,3.99,1,ggb-manifest-ggb-man,Books & Magazines > Books > eBooks,"Books, Gullah Geechee, eBook, Digital",Digital,,,,,Yes,"PDF, EPUB",Active
Ggb Manifest B44B61A,Ggb Manifest B44B61A — A Gullah Geechee publication by Darryl E. Brown,3.99,1,ggb-manifest-ggb-man,Books & Magazines > Books > eBooks,"Books, Gullah Geechee, eBook, Digital",Digital,,,,,Yes,"PDF, EPUB",Active
Ggb Manifest B461Fae,Ggb Manifest B461Fae — A Gullah Geechee publication by Darryl E. Brown,3.99,1,ggb-manifest-ggb-man,Books & Magazines > Books > eBooks,"Books, Gullah Geechee, eBook, Digital",Digital,,,,,Yes,"PDF, EPUB",Active
Ggb Manifest B53E4C7,Ggb Manifest B53E4C7 — A Gullah Geechee publication by Darryl E. Brown,3.99,1,ggb-manifest-ggb-man,Books & Magazines > Books > eBooks,"Books, Gullah Geechee, eBook, Digital",Digital,,,,,Yes,"PDF, EPUB",Active
Ggb Manifest B5983Ff,Ggb Manifest B5983Ff — A Gullah Geechee publication by Darryl E. Brown,3.99,1,ggb-manifest-ggb-man,Books & Magazines > Books > eBooks,"Books, Gullah Geechee, eBook, Digital",Digital,,,,,Yes,"PDF, EPUB",Active
Ggb Manifest B69Ed4B,Ggb Manifest B69Ed4B — A Gullah Geechee publication by Darryl E. Brown,3.99,1,ggb-manifest-ggb-man,Books & Magazines > Books > eBooks,"Books, Gullah Geechee, eBook, Digital",Digital,,,,,Yes,"PDF, EPUB",Active
Ggb Manifest B6A1506,Ggb Manifest B6A1506 — A Gullah Geechee publication by Darryl E. Brown,3.99,1,ggb-manifest-ggb-man,Books & Magazines > Books > eBooks,"Books, Gullah Geechee, eBook, Digital",Digital,,,,,Yes,"PDF, EPUB",Active
Ggb Manifest B6A1647,Ggb Manifest B6A1647 — A Gullah Geechee publication by Darryl E. Brown,3.99,1,ggb-manifest-ggb-man,Books & Magazines > Books > eBooks,"Books, Gullah Geechee, eBook, Digital",Digital,,,,,Yes,"PDF, EPUB",Active
Ggb Manifest B6B0Fad,Ggb Manifest B6B0Fad — A Gullah Geechee publication by Darryl E. Brown,3.99,1,ggb-manifest-ggb-man,Books & Magazines > Books > eBooks,"Books, Gullah Geechee, eBook, Digital",Digital,,,,,Yes,"PDF, EPUB",Active
Ggb Manifest B6D3683,Ggb Manifest B6D3683 — A Gullah Geechee publication by Darryl E. Brown,3.99,1,ggb-manifest-ggb-man,Books & Magazines > Books > eBooks,"Books, Gullah Geechee, eBook, Digital",Digital,,,,,Yes,"PDF, EPUB",Active
Ggb Manifest B828Ef5,Ggb Manifest B828Ef5 — A Gullah Geechee publication by Darryl E. Brown,3.99,1,ggb-manifest-ggb-man,Books & Magazines > Books > eBooks,"Books, Gullah Geechee, eBook, Digital",Digital,,,,,Yes,"PDF, EPUB",Active
Ggb Manifest B83Db27,Ggb Manifest B83Db27 — A Gullah Geechee publication by Darryl E. Brown,3.99,1,ggb-manifest-ggb-man,Books & Magazines > Books > eBooks,"Books, Gullah Geechee, eBook, Digital",Digital,,,,,Yes,"PDF, EPUB",Active
Ggb Manifest B849738,Ggb Manifest B849738 — A Gullah Geechee publication by Darryl E. Brown,3.99,1,ggb-manifest-ggb-man,Books & Magazines > Books > eBooks,"Books, Gullah Geechee, eBook, Digital",Digital,,,,,Yes,"PDF, EPUB",Active
Ggb Manifest B8832D6,Ggb Manifest B8832D6 — A Gullah Geechee publication by Darryl E. Brown,3.99,1,ggb-manifest-ggb-man,Books & Magazines > Books > eBooks,"Books, Gullah Geechee, eBook, Digital",Digital,,,,,Yes,"PDF, EPUB",Active
Ggb Manifest B94A920,Ggb Manifest B94A920 — A Gullah Geechee publication by Darryl E. Brown,3.99,1,ggb-manifest-ggb-man,Books & Magazines > Books > eBooks,"Books, Gullah Geechee, eBook, Digital",Digital,,,,,Yes,"PDF, EPUB",Active
Ggb Manifest B962Db4,Ggb Manifest B962Db4 — A Gullah Geechee publication by Darryl E. Brown,3.99,1,ggb-manifest-ggb-man,Books & Magazines > Books > eBooks,"Books, Gullah Geechee, eBook, Digital",Digital,,,,,Yes,"PDF, EPUB",Active
Ggb Manifest Ba0791D,Ggb Manifest Ba0791D — A Gullah Geechee publication by Darryl E. Brown,3.99,1,ggb-manifest-ggb-man,Books & Magazines > Books > eBooks,"Books, Gullah Geechee, eBook, Digital",Digital,,,,,Yes,"PDF, EPUB",Active
Ggb Manifest Bac3924,Ggb Manifest Bac3924 — A Gullah Geechee publication by Darryl E. Brown,3.99,1,ggb-manifest-ggb-man,Books & Magazines > Books > eBooks,"Books, Gullah Geechee, eBook, Digital",Digital,,,,,Yes,"PDF, EPUB",Active
Ggb Manifest Bac66Df,Ggb Manifest Bac66Df — A Gullah Geechee publication by Darryl E. Brown,3.99,1,ggb-manifest-ggb-man,Books & Magazines > Books > eBooks,"Books, Gullah Geechee, eBook, Digital",Digital,,,,,Yes,"PDF, EPUB",Active
Ggb Manifest Bae15C6,Ggb Manifest Bae15C6 — A Gullah Geechee publication by Darryl E. Brown,3.99,1,ggb-manifest-ggb-man,Books & Magazines > Books > eBooks,"Books, Gullah Geechee, eBook, Digital",Digital,,,,,Yes,"PDF, EPUB",Active
Ggb Manifest Baefa52,Ggb Manifest Baefa52 — A Gullah Geechee publication by Darryl E. Brown,3.99,1,ggb-manifest-ggb-man,Books & Magazines > Books > eBooks,"Books, Gullah Geechee, eBook, Digital",Digital,,,,,Yes,"PDF, EPUB",Active
Ggb Manifest Bb09F8E,Ggb Manifest Bb09F8E — A Gullah Geechee publication by Darryl E. Brown,3.99,1,ggb-manifest-ggb-man,Books & Magazines > Books > eBooks,"Books, Gullah Geechee, eBook, Digital",Digital,,,,,Yes,"PDF, EPUB",Active
Ggb Manifest Bba41Fa,Ggb Manifest Bba41Fa — A Gullah Geechee publication by Darryl E. Brown,3.99,1,ggb-manifest-ggb-man,Books & Magazines > Books > eBooks,"Books, Gullah Geechee, eBook, Digital",Digital,,,,,Yes,"PDF, EPUB",Active
Ggb Manifest Bbc3D65,Ggb Manifest Bbc3D65 — A Gullah Geechee publication by Darryl E. Brown,3.99,1,ggb-manifest-ggb-man,Books & Magazines > Books > eBooks,"Books, Gullah Geechee, eBook, Digital",Digital,,,,,Yes,"PDF, EPUB",Active
Ggb Manifest Bc054B9,Ggb Manifest Bc054B9 — A Gullah Geechee publication by Darryl E. Brown,3.99,1,ggb-manifest-ggb-man,Books & Magazines > Books > eBooks,"Books, Gullah Geechee, eBook, Digital",Digital,,,,,Yes,"PDF, EPUB",Active
Ggb Manifest Bc685F8,Ggb Manifest Bc685F8 — A Gullah Geechee publication by Darryl E. Brown,3.99,1,ggb-manifest-ggb-man,Books & Magazines > Books > eBooks,"Books, Gullah Geechee, eBook, Digital",Digital,,,,,Yes,"PDF, EPUB",Active
Ggb Manifest Bcec540,Ggb Manifest Bcec540 — A Gullah Geechee publication by Darryl E. Brown,3.99,1,ggb-manifest-ggb-man,Books & Magazines > Books > eBooks,"Books, Gullah Geechee, eBook, Digital",Digital,,,,,Yes,"PDF, EPUB",Active
Ggb Manifest Bd63C44,Ggb Manifest Bd63C44 — A Gullah Geechee publication by Darryl E. Brown,3.99,1,ggb-manifest-ggb-man,Books & Magazines > Books > eBooks,"Books, Gullah Geechee, eBook, Digital",Digital,,,,,Yes,"PDF, EPUB",Active
Ggb Manifest Bda0820,Ggb Manifest Bda0820 — A Gullah Geechee publication by Darryl E. Brown,3.99,1,ggb-manifest-ggb-man,Books & Magazines > Books > eBooks,"Books, Gullah Geechee, eBook, Digital",Digital,,,,,Yes,"PDF, EPUB",Active
Ggb Manifest Bda9F46,Ggb Manifest Bda9F46 — A Gullah Geechee publication by Darryl E. Brown,3.99,1,ggb-manifest-ggb-man,Books & Magazines > Books > eBooks,"Books, Gullah Geechee, eBook, Digital",Digital,,,,,Yes,"PDF, EPUB",Active
Ggb Manifest Be62B0C,Ggb Manifest Be62B0C — A Gullah Geechee publication by Darryl E. Brown,3.99,1,ggb-manifest-ggb-man,Books & Magazines > Books > eBooks,"Books, Gullah Geechee, eBook, Digital",Digital,,,,,Yes,"PDF, EPUB",Active
Ggb Manifest Be6Ffc2,Ggb Manifest Be6Ffc2 — A Gullah Geechee publication by Darryl E. Brown,3.99,1,ggb-manifest-ggb-man,Books & Magazines > Books > eBooks,"Books, Gullah Geechee, eBook, Digital",Digital,,,,,Yes,"PDF, EPUB",Active
Ggb Manifest Bebb0Db,Ggb Manifest Bebb0Db — A Gullah Geechee publication by Darryl E. Brown,3.99,1,ggb-manifest-ggb-man,Books & Magazines > Books > eBooks,"Books, Gullah Geechee, eBook, Digital",Digital,,,,,Yes,"PDF, EPUB",Active
Ggb Manifest Bf16574,Ggb Manifest Bf16574 — A Gullah Geechee publication by Darryl E. Brown,3.99,1,ggb-manifest-ggb-man,Books & Magazines > Books > eBooks,"Books, Gullah Geechee, eBook, Digital",Digital,,,,,Yes,"PDF, EPUB",Active
Ggb Manifest Bf16Fb1,Ggb Manifest Bf16Fb1 — A Gullah Geechee publication by Darryl E. Brown,3.99,1,ggb-manifest-ggb-man,Books & Magazines > Books > eBooks,"Books, Gullah Geechee, eBook, Digital",Digital,,,,,Yes,"PDF, EPUB",Active
Ggb Manifest Bf2F2Fd,Ggb Manifest Bf2F2Fd — A Gullah Geechee publication by Darryl E. Brown,3.99,1,ggb-manifest-ggb-man,Books & Magazines > Books > eBooks,"Books, Gullah Geechee, eBook, Digital",Digital,,,,,Yes,"PDF, EPUB",Active
Ggb Manifest Bf673E7,Ggb Manifest Bf673E7 — A Gullah Geechee publication by Darryl E. Brown,3.99,1,ggb-manifest-ggb-man,Books & Magazines > Books > eBooks,"Books, Gullah Geechee, eBook, Digital",Digital,,,,,Yes,"PDF, EPUB",Active
Ggb Manifest Bfd16A8,Ggb Manifest Bfd16A8 — A Gullah Geechee publication by Darryl E. Brown,3.99,1,ggb-manifest-ggb-man,Books & Magazines > Books > eBooks,"Books, Gullah Geechee, eBook, Digital",Digital,,,,,Yes,"PDF, EPUB",Active
Ggb Manifest Bff3585,Ggb Manifest Bff3585 — A Gullah Geechee publication by Darryl E. Brown,3.99,1,ggb-manifest-ggb-man,Books & Magazines > Books > eBooks,"Books, Gullah Geechee, eBook, Digital",Digital,,,,,Yes,"PDF, EPUB",Active
Ggb Manifest C17E374,Ggb Manifest C17E374 — A Gullah Geechee publication by Darryl E. Brown,3.99,1,ggb-manifest-ggb-man,Books & Magazines > Books > eBooks,"Books, Gullah Geechee, eBook, Digital",Digital,,,,,Yes,"PDF, EPUB",Active
Ggb Manifest C1A86B2,Ggb Manifest C1A86B2 — A Gullah Geechee publication by Darryl E. Brown,3.99,1,ggb-manifest-ggb-man,Books & Magazines > Books > eBooks,"Books, Gullah Geechee, eBook, Digital",Digital,,,,,Yes,"PDF, EPUB",Active
Ggb Manifest C238D93,Ggb Manifest C238D93 — A Gullah Geechee publication by Darryl E. Brown,3.99,1,ggb-manifest-ggb-man,Books & Magazines > Books > eBooks,"Books, Gullah Geechee, eBook, Digital",Digital,,,,,Yes,"PDF, EPUB",Active
Ggb Manifest C290Eca,Ggb Manifest C290Eca — A Gullah Geechee publication by Darryl E. Brown,3.99,1,ggb-manifest-ggb-man,Books & Magazines > Books > eBooks,"Books, Gullah Geechee, eBook, Digital",Digital,,,,,Yes,"PDF, EPUB",Active
Ggb Manifest C2B8Cdb,Ggb Manifest C2B8Cdb — A Gullah Geechee publication by Darryl E. Brown,3.99,1,ggb-manifest-ggb-man,Books & Magazines > Books > eBooks,"Books, Gullah Geechee, eBook, Digital",Digital,,,,,Yes,"PDF, EPUB",Active
Ggb Manifest C34A5Bf,Ggb Manifest C34A5Bf — A Gullah Geechee publication by Darryl E. Brown,3.99,1,ggb-manifest-ggb-man,Books & Magazines > Books > eBooks,"Books, Gullah Geechee, eBook, Digital",Digital,,,,,Yes,"PDF, EPUB",Active
Ggb Manifest C47Eb58,Ggb Manifest C47Eb58 — A Gullah Geechee publication by Darryl E. Brown,3.99,1,ggb-manifest-ggb-man,Books & Magazines > Books > eBooks,"Books, Gullah Geechee, eBook, Digital",Digital,,,,,Yes,"PDF, EPUB",Active
Ggb Manifest C48F5De,Ggb Manifest C48F5De — A Gullah Geechee publication by Darryl E. Brown,3.99,1,ggb-manifest-ggb-man,Books & Magazines > Books > eBooks,"Books, Gullah Geechee, eBook, Digital",Digital,,,,,Yes,"PDF, EPUB",Active
Ggb Manifest C49809D,Ggb Manifest C49809D — A Gullah Geechee publication by Darryl E. Brown,3.99,1,ggb-manifest-ggb-man,Books & Magazines > Books > eBooks,"Books, Gullah Geechee, eBook, Digital",Digital,,,,,Yes,"PDF, EPUB",Active
Ggb Manifest C5524F5,Ggb Manifest C5524F5 — A Gullah Geechee publication by Darryl E. Brown,3.99,1,ggb-manifest-ggb-man,Books & Magazines > Books > eBooks,"Books, Gullah Geechee, eBook, Digital",Digital,,,,,Yes,"PDF, EPUB",Active
Ggb Manifest C5A415B,Ggb Manifest C5A415B — A Gullah Geechee publication by Darryl E. Brown,3.99,1,ggb-manifest-ggb-man,Books & Magazines > Books > eBooks,"Books, Gullah Geechee, eBook, Digital",Digital,,,,,Yes,"PDF, EPUB",Active
Ggb Manifest C5F5Dda,Ggb Manifest C5F5Dda — A Gullah Geechee publication by Darryl E. Brown,3.99,1,ggb-manifest-ggb-man,Books & Magazines > Books > eBooks,"Books, Gullah Geechee, eBook, Digital",Digital,,,,,Yes,"PDF, EPUB",Active
Ggb Manifest C63Ecce,Ggb Manifest C63Ecce — A Gullah Geechee publication by Darryl E. Brown,3.99,1,ggb-manifest-ggb-man,Books & Magazines > Books > eBooks,"Books, Gullah Geechee, eBook, Digital",Digital,,,,,Yes,"PDF, EPUB",Active
Ggb Manifest C673986,Ggb Manifest C673986 — A Gullah Geechee publication by Darryl E. Brown,3.99,1,ggb-manifest-ggb-man,Books & Magazines > Books > eBooks,"Books, Gullah Geechee, eBook, Digital",Digital,,,,,Yes,"PDF, EPUB",Active
Ggb Manifest C6E1E1D,Ggb Manifest C6E1E1D — A Gullah Geechee publication by Darryl E. Brown,3.99,1,ggb-manifest-ggb-man,Books & Magazines > Books > eBooks,"Books, Gullah Geechee, eBook, Digital",Digital,,,,,Yes,"PDF, EPUB",Active
Ggb Manifest C70A123,Ggb Manifest C70A123 — A Gullah Geechee publication by Darryl E. Brown,3.99,1,ggb-manifest-ggb-man,Books & Magazines > Books > eBooks,"Books, Gullah Geechee, eBook, Digital",Digital,,,,,Yes,"PDF, EPUB",Active
Ggb Manifest C714972,Ggb Manifest C714972 — A Gullah Geechee publication by Darryl E. Brown,3.99,1,ggb-manifest-ggb-man,Books & Magazines > Books > eBooks,"Books, Gullah Geechee, eBook, Digital",Digital,,,,,Yes,"PDF, EPUB",Active
Ggb Manifest C73Fdd0,Ggb Manifest C73Fdd0 — A Gullah Geechee publication by Darryl E. Brown,3.99,1,ggb-manifest-ggb-man,Books & Magazines > Books > eBooks,"Books, Gullah Geechee, eBook, Digital",Digital,,,,,Yes,"PDF, EPUB",Active
Ggb Manifest C7839C5,Ggb Manifest C7839C5 — A Gullah Geechee publication by Darryl E. Brown,3.99,1,ggb-manifest-ggb-man,Books & Magazines > Books > eBooks,"Books, Gullah Geechee, eBook, Digital",Digital,,,,,Yes,"PDF, EPUB",Active
Ggb Manifest C7Fb7Fa,Ggb Manifest C7Fb7Fa — A Gullah Geechee publication by Darryl E. Brown,3.99,1,ggb-manifest-ggb-man,Books & Magazines > Books > eBooks,"Books, Gullah Geechee, eBook, Digital",Digital,,,,,Yes,"PDF, EPUB",Active
Ggb Manifest C816Dd1,Ggb Manifest C816Dd1 — A Gullah Geechee publication by Darryl E. Brown,3.99,1,ggb-manifest-ggb-man,Books & Magazines > Books > eBooks,"Books, Gullah Geechee, eBook, Digital",Digital,,,,,Yes,"PDF, EPUB",Active
Ggb Manifest C8D40E0,Ggb Manifest C8D40E0 — A Gullah Geechee publication by Darryl E. Brown,3.99,1,ggb-manifest-ggb-man,Books & Magazines > Books > eBooks,"Books, Gullah Geechee, eBook, Digital",Digital,,,,,Yes,"PDF, EPUB",Active
Ggb Manifest C8E8E71,Ggb Manifest C8E8E71 — A Gullah Geechee publication by Darryl E. Brown,3.99,1,ggb-manifest-ggb-man,Books & Magazines > Books > eBooks,"Books, Gullah Geechee, eBook, Digital",Digital,,,,,Yes,"PDF, EPUB",Active
Ggb Manifest C97D8Be,Ggb Manifest C97D8Be — A Gullah Geechee publication by Darryl E. Brown,3.99,1,ggb-manifest-ggb-man,Books & Magazines > Books > eBooks,"Books, Gullah Geechee, eBook, Digital",Digital,,,,,Yes,"PDF, EPUB",Active
Ggb Manifest C9C51F2,Ggb Manifest C9C51F2 — A Gullah Geechee publication by Darryl E. Brown,3.99,1,ggb-manifest-ggb-man,Books & Magazines > Books > eBooks,"Books, Gullah Geechee, eBook, Digital",Digital,,,,,Yes,"PDF, EPUB",Active
Ggb Manifest Ca04815,Ggb Manifest Ca04815 — A Gullah Geechee publication by Darryl E. Brown,3.99,1,ggb-manifest-ggb-man,Books & Magazines > Books > eBooks,"Books, Gullah Geechee, eBook, Digital",Digital,,,,,Yes,"PDF, EPUB",Active
Ggb Manifest Ca04A86,Ggb Manifest Ca04A86 — A Gullah Geechee publication by Darryl E. Brown,3.99,1,ggb-manifest-ggb-man,Books & Magazines > Books > eBooks,"Books, Gullah Geechee, eBook, Digital",Digital,,,,,Yes,"PDF, EPUB",Active
Ggb Manifest Ca5B176,Ggb Manifest Ca5B176 — A Gullah Geechee publication by Darryl E. Brown,3.99,1,ggb-manifest-ggb-man,Books & Magazines > Books > eBooks,"Books, Gullah Geechee, eBook, Digital",Digital,,,,,Yes,"PDF, EPUB",Active
Ggb Manifest Ca7Dbe6,Ggb Manifest Ca7Dbe6 — A Gullah Geechee publication by Darryl E. Brown,3.99,1,ggb-manifest-ggb-man,Books & Magazines > Books > eBooks,"Books, Gullah Geechee, eBook, Digital",Digital,,,,,Yes,"PDF, EPUB",Active
Ggb Manifest Ca9B9E4,Ggb Manifest Ca9B9E4 — A Gullah Geechee publication by Darryl E. Brown,3.99,1,ggb-manifest-ggb-man,Books & Magazines > Books > eBooks,"Books, Gullah Geechee, eBook, Digital",Digital,,,,,Yes,"PDF, EPUB",Active
Ggb Manifest Caa19B2,Ggb Manifest Caa19B2 — A Gullah Geechee publication by Darryl E. Brown,3.99,1,ggb-manifest-ggb-man,Books & Magazines > Books > eBooks,"Books, Gullah Geechee, eBook, Digital",Digital,,,,,Yes,"PDF, EPUB",Active
Ggb Manifest Cae5D4E,Ggb Manifest Cae5D4E — A Gullah Geechee publication by Darryl E. Brown,3.99,1,ggb-manifest-ggb-man,Books & Magazines > Books > eBooks,"Books, Gullah Geechee, eBook, Digital",Digital,,,,,Yes,"PDF, EPUB",Active
Ggb Manifest Cd0Ef0D,Ggb Manifest Cd0Ef0D — A Gullah Geechee publication by Darryl E. Brown,3.99,1,ggb-manifest-ggb-man,Books & Magazines > Books > eBooks,"Books, Gullah Geechee, eBook, Digital",Digital,,,,,Yes,"PDF, EPUB",Active
Ggb Manifest Cd4C6C1,Ggb Manifest Cd4C6C1 — A Gullah Geechee publication by Darryl E. Brown,3.99,1,ggb-manifest-ggb-man,Books & Magazines > Books > eBooks,"Books, Gullah Geechee, eBook, Digital",Digital,,,,,Yes,"PDF, EPUB",Active
Ggb Manifest Cd64Ddb,Ggb Manifest Cd64Ddb — A Gullah Geechee publication by Darryl E. Brown,3.99,1,ggb-manifest-ggb-man,Books & Magazines > Books > eBooks,"Books, Gullah Geechee, eBook, Digital",Digital,,,,,Yes,"PDF, EPUB",Active
Ggb Manifest Cdae7E6,Ggb Manifest Cdae7E6 — A Gullah Geechee publication by Darryl E. Brown,3.99,1,ggb-manifest-ggb-man,Books & Magazines > Books > eBooks,"Books, Gullah Geechee, eBook, Digital",Digital,,,,,Yes,"PDF, EPUB",Active
Ggb Manifest Ce0B4A2,Ggb Manifest Ce0B4A2 — A Gullah Geechee publication by Darryl E. Brown,3.99,1,ggb-manifest-ggb-man,Books & Magazines > Books > eBooks,"Books, Gullah Geechee, eBook, Digital",Digital,,,,,Yes,"PDF, EPUB",Active
Ggb Manifest Ceab24C,Ggb Manifest Ceab24C — A Gullah Geechee publication by Darryl E. Brown,3.99,1,ggb-manifest-ggb-man,Books & Magazines > Books > eBooks,"Books, Gullah Geechee, eBook, Digital",Digital,,,,,Yes,"PDF, EPUB",Active
Ggb Manifest Cec5Fc6,Ggb Manifest Cec5Fc6 — A Gullah Geechee publication by Darryl E. Brown,3.99,1,ggb-manifest-ggb-man,Books & Magazines > Books > eBooks,"Books, Gullah Geechee, eBook, Digital",Digital,,,,,Yes,"PDF, EPUB",Active
Ggb Manifest Cedbd6B,Ggb Manifest Cedbd6B — A Gullah Geechee publication by Darryl E. Brown,3.99,1,ggb-manifest-ggb-man,Books & Magazines > Books > eBooks,"Books, Gullah Geechee, eBook, Digital",Digital,,,,,Yes,"PDF, EPUB",Active
Ggb Manifest Cedd7F3,Ggb Manifest Cedd7F3 — A Gullah Geechee publication by Darryl E. Brown,3.99,1,ggb-manifest-ggb-man,Books & Magazines > Books > eBooks,"Books, Gullah Geechee, eBook, Digital",Digital,,,,,Yes,"PDF, EPUB",Active
Ggb Manifest Cef7500,Ggb Manifest Cef7500 — A Gullah Geechee publication by Darryl E. Brown,3.99,1,ggb-manifest-ggb-man,Books & Magazines > Books > eBooks,"Books, Gullah Geechee, eBook, Digital",Digital,,,,,Yes,"PDF, EPUB",Active
Ggb Manifest Cf3363B,Ggb Manifest Cf3363B — A Gullah Geechee publication by Darryl E. Brown,3.99,1,ggb-manifest-ggb-man,Books & Magazines > Books > eBooks,"Books, Gullah Geechee, eBook, Digital",Digital,,,,,Yes,"PDF, EPUB",Active
Ggb Manifest Cf5Fd2D,Ggb Manifest Cf5Fd2D — A Gullah Geechee publication by Darryl E. Brown,3.99,1,ggb-manifest-ggb-man,Books & Magazines > Books > eBooks,"Books, Gullah Geechee, eBook, Digital",Digital,,,,,Yes,"PDF, EPUB",Active
Ggb Manifest D09A033,Ggb Manifest D09A033 — A Gullah Geechee publication by Darryl E. Brown,3.99,1,ggb-manifest-ggb-man,Books & Magazines > Books > eBooks,"Books, Gullah Geechee, eBook, Digital",Digital,,,,,Yes,"PDF, EPUB",Active
Ggb Manifest D0B5156,Ggb Manifest D0B5156 — A Gullah Geechee publication by Darryl E. Brown,3.99,1,ggb-manifest-ggb-man,Books & Magazines > Books > eBooks,"Books, Gullah Geechee, eBook, Digital",Digital,,,,,Yes,"PDF, EPUB",Active
Ggb Manifest D0Fa385,Ggb Manifest D0Fa385 — A Gullah Geechee publication by Darryl E. Brown,3.99,1,ggb-manifest-ggb-man,Books & Magazines > Books > eBooks,"Books, Gullah Geechee, eBook, Digital",Digital,,,,,Yes,"PDF, EPUB",Active
Ggb Manifest D12A3A5,Ggb Manifest D12A3A5 — A Gullah Geechee publication by Darryl E. Brown,3.99,1,ggb-manifest-ggb-man,Books & Magazines > Books > eBooks,"Books, Gullah Geechee, eBook, Digital",Digital,,,,,Yes,"PDF, EPUB",Active
Ggb Manifest D1Aa010,Ggb Manifest D1Aa010 — A Gullah Geechee publication by Darryl E. Brown,3.99,1,ggb-manifest-ggb-man,Books & Magazines > Books > eBooks,"Books, Gullah Geechee, eBook, Digital",Digital,,,,,Yes,"PDF, EPUB",Active
Ggb Manifest D1E5A1B,Ggb Manifest D1E5A1B — A Gullah Geechee publication by Darryl E. Brown,3.99,1,ggb-manifest-ggb-man,Books & Magazines > Books > eBooks,"Books, Gullah Geechee, eBook, Digital",Digital,,,,,Yes,"PDF, EPUB",Active
Ggb Manifest D25A6B7,Ggb Manifest D25A6B7 — A Gullah Geechee publication by Darryl E. Brown,3.99,1,ggb-manifest-ggb-man,Books & Magazines > Books > eBooks,"Books, Gullah Geechee, eBook, Digital",Digital,,,,,Yes,"PDF, EPUB",Active
Ggb Manifest D2F2B35,Ggb Manifest D2F2B35 — A Gullah Geechee publication by Darryl E. Brown,3.99,1,ggb-manifest-ggb-man,Books & Magazines > Books > eBooks,"Books, Gullah Geechee, eBook, Digital",Digital,,,,,Yes,"PDF, EPUB",Active
Ggb Manifest D47885D,Ggb Manifest D47885D — A Gullah Geechee publication by Darryl E. Brown,3.99,1,ggb-manifest-ggb-man,Books & Magazines > Books > eBooks,"Books, Gullah Geechee, eBook, Digital",Digital,,,,,Yes,"PDF, EPUB",Active
Ggb Manifest D4D4357,Ggb Manifest D4D4357 — A Gullah Geechee publication by Darryl E. Brown,3.99,1,ggb-manifest-ggb-man,Books & Magazines > Books > eBooks,"Books, Gullah Geechee, eBook, Digital",Digital,,,,,Yes,"PDF, EPUB",Active
Ggb Manifest D62Dc36,Ggb Manifest D62Dc36 — A Gullah Geechee publication by Darryl E. Brown,3.99,1,ggb-manifest-ggb-man,Books & Magazines > Books > eBooks,"Books, Gullah Geechee, eBook, Digital",Digital,,,,,Yes,"PDF, EPUB",Active
Ggb Manifest D67D2D1,Ggb Manifest D67D2D1 — A Gullah Geechee publication by Darryl E. Brown,3.99,1,ggb-manifest-ggb-man,Books & Magazines > Books > eBooks,"Books, Gullah Geechee, eBook, Digital",Digital,,,,,Yes,"PDF, EPUB",Active
Ggb Manifest D6Cd957,Ggb Manifest D6Cd957 — A Gullah Geechee publication by Darryl E. Brown,3.99,1,ggb-manifest-ggb-man,Books & Magazines > Books > eBooks,"Books, Gullah Geechee, eBook, Digital",Digital,,,,,Yes,"PDF, EPUB",Active
Ggb Manifest D700444,Ggb Manifest D700444 — A Gullah Geechee publication by Darryl E. Brown,3.99,1,ggb-manifest-ggb-man,Books & Magazines > Books > eBooks,"Books, Gullah Geechee, eBook, Digital",Digital,,,,,Yes,"PDF, EPUB",Active
Ggb Manifest D70084D,Ggb Manifest D70084D — A Gullah Geechee publication by Darryl E. Brown,3.99,1,ggb-manifest-ggb-man,Books & Magazines > Books > eBooks,"Books, Gullah Geechee, eBook, Digital",Digital,,,,,Yes,"PDF, EPUB",Active
Ggb Manifest D7010F9,Ggb Manifest D7010F9 — A Gullah Geechee publication by Darryl E. Brown,3.99,1,ggb-manifest-ggb-man,Books & Magazines > Books > eBooks,"Books, Gullah Geechee, eBook, Digital",Digital,,,,,Yes,"PDF, EPUB",Active
Ggb Manifest D7Baf7C,Ggb Manifest D7Baf7C — A Gullah Geechee publication by Darryl E. Brown,3.99,1,ggb-manifest-ggb-man,Books & Magazines > Books > eBooks,"Books, Gullah Geechee, eBook, Digital",Digital,,,,,Yes,"PDF, EPUB",Active
Ggb Manifest D92Ea2F,Ggb Manifest D92Ea2F — A Gullah Geechee publication by Darryl E. Brown,3.99,1,ggb-manifest-ggb-man,Books & Magazines > Books > eBooks,"Books, Gullah Geechee, eBook, Digital",Digital,,,,,Yes,"PDF, EPUB",Active
Ggb Manifest D9Dde42,Ggb Manifest D9Dde42 — A Gullah Geechee publication by Darryl E. Brown,3.99,1,ggb-manifest-ggb-man,Books & Magazines > Books > eBooks,"Books, Gullah Geechee, eBook, Digital",Digital,,,,,Yes,"PDF, EPUB",Active
Ggb Manifest Da406Ab,Ggb Manifest Da406Ab — A Gullah Geechee publication by Darryl E. Brown,3.99,1,ggb-manifest-ggb-man,Books & Magazines > Books > eBooks,"Books, Gullah Geechee, eBook, Digital",Digital,,,,,Yes,"PDF, EPUB",Active
Ggb Manifest Da44Cdf,Ggb Manifest Da44Cdf — A Gullah Geechee publication by Darryl E. Brown,3.99,1,ggb-manifest-ggb-man,Books & Magazines > Books > eBooks,"Books, Gullah Geechee, eBook, Digital",Digital,,,,,Yes,"PDF, EPUB",Active
Ggb Manifest Dac56E4,Ggb Manifest Dac56E4 — A Gullah Geechee publication by Darryl E. Brown,3.99,1,ggb-manifest-ggb-man,Books & Magazines > Books > eBooks,"Books, Gullah Geechee, eBook, Digital",Digital,,,,,Yes,"PDF, EPUB",Active
Ggb Manifest Db613B9,Ggb Manifest Db613B9 — A Gullah Geechee publication by Darryl E. Brown,3.99,1,ggb-manifest-ggb-man,Books & Magazines > Books > eBooks,"Books, Gullah Geechee, eBook, Digital",Digital,,,,,Yes,"PDF, EPUB",Active
Ggb Manifest Dc6Cfb8,Ggb Manifest Dc6Cfb8 — A Gullah Geechee publication by Darryl E. Brown,3.99,1,ggb-manifest-ggb-man,Books & Magazines > Books > eBooks,"Books, Gullah Geechee, eBook, Digital",Digital,,,,,Yes,"PDF, EPUB",Active
Ggb Manifest Dd36F97,Ggb Manifest Dd36F97 — A Gullah Geechee publication by Darryl E. Brown,3.99,1,ggb-manifest-ggb-man,Books & Magazines > Books > eBooks,"Books, Gullah Geechee, eBook, Digital",Digital,,,,,Yes,"PDF, EPUB",Active
Ggb Manifest Deeb70E,Ggb Manifest Deeb70E — A Gullah Geechee publication by Darryl E. Brown,3.99,1,ggb-manifest-ggb-man,Books & Magazines > Books > eBooks,"Books, Gullah Geechee, eBook, Digital",Digital,,,,,Yes,"PDF, EPUB",Active
Ggb Manifest Df0B1B2,Ggb Manifest Df0B1B2 — A Gullah Geechee publication by Darryl E. Brown,3.99,1,ggb-manifest-ggb-man,Books & Magazines > Books > eBooks,"Books, Gullah Geechee, eBook, Digital",Digital,,,,,Yes,"PDF, EPUB",Active
Ggb Manifest E022Dd8,Ggb Manifest E022Dd8 — A Gullah Geechee publication by Darryl E. Brown,3.99,1,ggb-manifest-ggb-man,Books & Magazines > Books > eBooks,"Books, Gullah Geechee, eBook, Digital",Digital,,,,,Yes,"PDF, EPUB",Active
Ggb Manifest E057780,Ggb Manifest E057780 — A Gullah Geechee publication by Darryl E. Brown,3.99,1,ggb-manifest-ggb-man,Books & Magazines > Books > eBooks,"Books, Gullah Geechee, eBook, Digital",Digital,,,,,Yes,"PDF, EPUB",Active
Ggb Manifest E060Baf,Ggb Manifest E060Baf — A Gullah Geechee publication by Darryl E. Brown,3.99,1,ggb-manifest-ggb-man,Books & Magazines > Books > eBooks,"Books, Gullah Geechee, eBook, Digital",Digital,,,,,Yes,"PDF, EPUB",Active
Ggb Manifest E1136C3,Ggb Manifest E1136C3 — A Gullah Geechee publication by Darryl E. Brown,3.99,1,ggb-manifest-ggb-man,Books & Magazines > Books > eBooks,"Books, Gullah Geechee, eBook, Digital",Digital,,,,,Yes,"PDF, EPUB",Active
Ggb Manifest E1776B9,Ggb Manifest E1776B9 — A Gullah Geechee publication by Darryl E. Brown,3.99,1,ggb-manifest-ggb-man,Books & Magazines > Books > eBooks,"Books, Gullah Geechee, eBook, Digital",Digital,,,,,Yes,"PDF, EPUB",Active
Ggb Manifest E1Ada7F,Ggb Manifest E1Ada7F — A Gullah Geechee publication by Darryl E. Brown,3.99,1,ggb-manifest-ggb-man,Books & Magazines > Books > eBooks,"Books, Gullah Geechee, eBook, Digital",Digital,,,,,Yes,"PDF, EPUB",Active
Ggb Manifest E24A1Bf,Ggb Manifest E24A1Bf — A Gullah Geechee publication by Darryl E. Brown,3.99,1,ggb-manifest-ggb-man,Books & Magazines > Books > eBooks,"Books, Gullah Geechee, eBook, Digital",Digital,,,,,Yes,"PDF, EPUB",Active
Ggb Manifest E25A78A,Ggb Manifest E25A78A — A Gullah Geechee publication by Darryl E. Brown,3.99,1,ggb-manifest-ggb-man,Books & Magazines > Books > eBooks,"Books, Gullah Geechee, eBook, Digital",Digital,,,,,Yes,"PDF, EPUB",Active
Ggb Manifest E40E349,Ggb Manifest E40E349 — A Gullah Geechee publication by Darryl E. Brown,3.99,1,ggb-manifest-ggb-man,Books & Magazines > Books > eBooks,"Books, Gullah Geechee, eBook, Digital",Digital,,,,,Yes,"PDF, EPUB",Active
Ggb Manifest E474Fac,Ggb Manifest E474Fac — A Gullah Geechee publication by Darryl E. Brown,3.99,1,ggb-manifest-ggb-man,Books & Magazines > Books > eBooks,"Books, Gullah Geechee, eBook, Digital",Digital,,,,,Yes,"PDF, EPUB",Active
Ggb Manifest E4B4C66,Ggb Manifest E4B4C66 — A Gullah Geechee publication by Darryl E. Brown,3.99,1,ggb-manifest-ggb-man,Books & Magazines > Books > eBooks,"Books, Gullah Geechee, eBook, Digital",Digital,,,,,Yes,"PDF, EPUB",Active
Ggb Manifest E61028B,Ggb Manifest E61028B — A Gullah Geechee publication by Darryl E. Brown,3.99,1,ggb-manifest-ggb-man,Books & Magazines > Books > eBooks,"Books, Gullah Geechee, eBook, Digital",Digital,,,,,Yes,"PDF, EPUB",Active
Ggb Manifest E671E09,Ggb Manifest E671E09 — A Gullah Geechee publication by Darryl E. Brown,3.99,1,ggb-manifest-ggb-man,Books & Magazines > Books > eBooks,"Books, Gullah Geechee, eBook, Digital",Digital,,,,,Yes,"PDF, EPUB",Active
Ggb Manifest E6Bb69E,Ggb Manifest E6Bb69E — A Gullah Geechee publication by Darryl E. Brown,3.99,1,ggb-manifest-ggb-man,Books & Magazines > Books > eBooks,"Books, Gullah Geechee, eBook, Digital",Digital,,,,,Yes,"PDF, EPUB",Active
Ggb Manifest E70A0Fe,Ggb Manifest E70A0Fe — A Gullah Geechee publication by Darryl E. Brown,3.99,1,ggb-manifest-ggb-man,Books & Magazines > Books > eBooks,"Books, Gullah Geechee, eBook, Digital",Digital,,,,,Yes,"PDF, EPUB",Active
Ggb Manifest E760Ec4,Ggb Manifest E760Ec4 — A Gullah Geechee publication by Darryl E. Brown,3.99,1,ggb-manifest-ggb-man,Books & Magazines > Books > eBooks,"Books, Gullah Geechee, eBook, Digital",Digital,,,,,Yes,"PDF, EPUB",Active
Ggb Manifest E7A54Af,Ggb Manifest E7A54Af — A Gullah Geechee publication by Darryl E. Brown,3.99,1,ggb-manifest-ggb-man,Books & Magazines > Books > eBooks,"Books, Gullah Geechee, eBook, Digital",Digital,,,,,Yes,"PDF, EPUB",Active
Ggb Manifest E7C3637,Ggb Manifest E7C3637 — A Gullah Geechee publication by Darryl E. Brown,3.99,1,ggb-manifest-ggb-man,Books & Magazines > Books > eBooks,"Books, Gullah Geechee, eBook, Digital",Digital,,,,,Yes,"PDF, EPUB",Active
Ggb Manifest E7D0E91,Ggb Manifest E7D0E91 — A Gullah Geechee publication by Darryl E. Brown,3.99,1,ggb-manifest-ggb-man,Books & Magazines > Books > eBooks,"Books, Gullah Geechee, eBook, Digital",Digital,,,,,Yes,"PDF, EPUB",Active
Ggb Manifest E800Dc1,Ggb Manifest E800Dc1 — A Gullah Geechee publication by Darryl E. Brown,3.99,1,ggb-manifest-ggb-man,Books & Magazines > Books > eBooks,"Books, Gullah Geechee, eBook, Digital",Digital,,,,,Yes,"PDF, EPUB",Active
Ggb Manifest E8C6Be6,Ggb Manifest E8C6Be6 — A Gullah Geechee publication by Darryl E. Brown,3.99,1,ggb-manifest-ggb-man,Books & Magazines > Books > eBooks,"Books, Gullah Geechee, eBook, Digital",Digital,,,,,Yes,"PDF, EPUB",Active
Ggb Manifest E8F009A,Ggb Manifest E8F009A — A Gullah Geechee publication by Darryl E. Brown,3.99,1,ggb-manifest-ggb-man,Books & Magazines > Books > eBooks,"Books, Gullah Geechee, eBook, Digital",Digital,,,,,Yes,"PDF, EPUB",Active
Ggb Manifest E9D996C,Ggb Manifest E9D996C — A Gullah Geechee publication by Darryl E. Brown,3.99,1,ggb-manifest-ggb-man,Books & Magazines > Books > eBooks,"Books, Gullah Geechee, eBook, Digital",Digital,,,,,Yes,"PDF, EPUB",Active
Ggb Manifest Eafe4Dc,Ggb Manifest Eafe4Dc — A Gullah Geechee publication by Darryl E. Brown,3.99,1,ggb-manifest-ggb-man,Books & Magazines > Books > eBooks,"Books, Gullah Geechee, eBook, Digital",Digital,,,,,Yes,"PDF, EPUB",Active
Ggb Manifest Eb442Fb,Ggb Manifest Eb442Fb — A Gullah Geechee publication by Darryl E. Brown,3.99,1,ggb-manifest-ggb-man,Books & Magazines > Books > eBooks,"Books, Gullah Geechee, eBook, Digital",Digital,,,,,Yes,"PDF, EPUB",Active
Ggb Manifest Eb5A27A,Ggb Manifest Eb5A27A — A Gullah Geechee publication by Darryl E. Brown,3.99,1,ggb-manifest-ggb-man,Books & Magazines > Books > eBooks,"Books, Gullah Geechee, eBook, Digital",Digital,,,,,Yes,"PDF, EPUB",Active
Ggb Manifest Eb71F57,Ggb Manifest Eb71F57 — A Gullah Geechee publication by Darryl E. Brown,3.99,1,ggb-manifest-ggb-man,Books & Magazines > Books > eBooks,"Books, Gullah Geechee, eBook, Digital",Digital,,,,,Yes,"PDF, EPUB",Active
Ggb Manifest Ebd2B41,Ggb Manifest Ebd2B41 — A Gullah Geechee publication by Darryl E. Brown,3.99,1,ggb-manifest-ggb-man,Books & Magazines > Books > eBooks,"Books, Gullah Geechee, eBook, Digital",Digital,,,,,Yes,"PDF, EPUB",Active
Ggb Manifest Ebdf727,Ggb Manifest Ebdf727 — A Gullah Geechee publication by Darryl E. Brown,3.99,1,ggb-manifest-ggb-man,Books & Magazines > Books > eBooks,"Books, Gullah Geechee, eBook, Digital",Digital,,,,,Yes,"PDF, EPUB",Active
Ggb Manifest Ecc81A9,Ggb Manifest Ecc81A9 — A Gullah Geechee publication by Darryl E. Brown,3.99,1,ggb-manifest-ggb-man,Books & Magazines > Books > eBooks,"Books, Gullah Geechee, eBook, Digital",Digital,,,,,Yes,"PDF, EPUB",Active
Ggb Manifest Ecccb44,Ggb Manifest Ecccb44 — A Gullah Geechee publication by Darryl E. Brown,3.99,1,ggb-manifest-ggb-man,Books & Magazines > Books > eBooks,"Books, Gullah Geechee, eBook, Digital",Digital,,,,,Yes,"PDF, EPUB",Active
Ggb Manifest Ecec0C7,Ggb Manifest Ecec0C7 — A Gullah Geechee publication by Darryl E. Brown,3.99,1,ggb-manifest-ggb-man,Books & Magazines > Books > eBooks,"Books, Gullah Geechee, eBook, Digital",Digital,,,,,Yes,"PDF, EPUB",Active
Ggb Manifest Ed49592,Ggb Manifest Ed49592 — A Gullah Geechee publication by Darryl E. Brown,3.99,1,ggb-manifest-ggb-man,Books & Magazines > Books > eBooks,"Books, Gullah Geechee, eBook, Digital",Digital,,,,,Yes,"PDF, EPUB",Active
Ggb Manifest Edb1B19,Ggb Manifest Edb1B19 — A Gullah Geechee publication by Darryl E. Brown,3.99,1,ggb-manifest-ggb-man,Books & Magazines > Books > eBooks,"Books, Gullah Geechee, eBook, Digital",Digital,,,,,Yes,"PDF, EPUB",Active
Ggb Manifest Edbb863,Ggb Manifest Edbb863 — A Gullah Geechee publication by Darryl E. Brown,3.99,1,ggb-manifest-ggb-man,Books & Magazines > Books > eBooks,"Books, Gullah Geechee, eBook, Digital",Digital,,,,,Yes,"PDF, EPUB",Active
Ggb Manifest Ef3Daf1,Ggb Manifest Ef3Daf1 — A Gullah Geechee publication by Darryl E. Brown,3.99,1,ggb-manifest-ggb-man,Books & Magazines > Books > eBooks,"Books, Gullah Geechee, eBook, Digital",Digital,,,,,Yes,"PDF, EPUB",Active
Ggb Manifest Ef511A2,Ggb Manifest Ef511A2 — A Gullah Geechee publication by Darryl E. Brown,3.99,1,ggb-manifest-ggb-man,Books & Magazines > Books > eBooks,"Books, Gullah Geechee, eBook, Digital",Digital,,,,,Yes,"PDF, EPUB",Active
Ggb Manifest Ef999F4,Ggb Manifest Ef999F4 — A Gullah Geechee publication by Darryl E. Brown,3.99,1,ggb-manifest-ggb-man,Books & Magazines > Books > eBooks,"Books, Gullah Geechee, eBook, Digital",Digital,,,,,Yes,"PDF, EPUB",Active
Ggb Manifest Efb7768,Ggb Manifest Efb7768 — A Gullah Geechee publication by Darryl E. Brown,3.99,1,ggb-manifest-ggb-man,Books & Magazines > Books > eBooks,"Books, Gullah Geechee, eBook, Digital",Digital,,,,,Yes,"PDF, EPUB",Active
Ggb Manifest Efe5402,Ggb Manifest Efe5402 — A Gullah Geechee publication by Darryl E. Brown,3.99,1,ggb-manifest-ggb-man,Books & Magazines > Books > eBooks,"Books, Gullah Geechee, eBook, Digital",Digital,,,,,Yes,"PDF, EPUB",Active
Ggb Manifest F032B48,Ggb Manifest F032B48 — A Gullah Geechee publication by Darryl E. Brown,3.99,1,ggb-manifest-ggb-man,Books & Magazines > Books > eBooks,"Books, Gullah Geechee, eBook, Digital",Digital,,,,,Yes,"PDF, EPUB",Active
Ggb Manifest F0665Ee,Ggb Manifest F0665Ee — A Gullah Geechee publication by Darryl E. Brown,3.99,1,ggb-manifest-ggb-man,Books & Magazines > Books > eBooks,"Books, Gullah Geechee, eBook, Digital",Digital,,,,,Yes,"PDF, EPUB",Active
Ggb Manifest F0F3B70,Ggb Manifest F0F3B70 — A Gullah Geechee publication by Darryl E. Brown,3.99,1,ggb-manifest-ggb-man,Books & Magazines > Books > eBooks,"Books, Gullah Geechee, eBook, Digital",Digital,,,,,Yes,"PDF, EPUB",Active
Ggb Manifest F280B09,Ggb Manifest F280B09 — A Gullah Geechee publication by Darryl E. Brown,3.99,1,ggb-manifest-ggb-man,Books & Magazines > Books > eBooks,"Books, Gullah Geechee, eBook, Digital",Digital,,,,,Yes,"PDF, EPUB",Active
Ggb Manifest F2Dd417,Ggb Manifest F2Dd417 — A Gullah Geechee publication by Darryl E. Brown,3.99,1,ggb-manifest-ggb-man,Books & Magazines > Books > eBooks,"Books, Gullah Geechee, eBook, Digital",Digital,,,,,Yes,"PDF, EPUB",Active
Ggb Manifest F2Eff20,Ggb Manifest F2Eff20 — A Gullah Geechee publication by Darryl E. Brown,3.99,1,ggb-manifest-ggb-man,Books & Magazines > Books > eBooks,"Books, Gullah Geechee, eBook, Digital",Digital,,,,,Yes,"PDF, EPUB",Active
Ggb Manifest F36404D,Ggb Manifest F36404D — A Gullah Geechee publication by Darryl E. Brown,3.99,1,ggb-manifest-ggb-man,Books & Magazines > Books > eBooks,"Books, Gullah Geechee, eBook, Digital",Digital,,,,,Yes,"PDF, EPUB",Active
Ggb Manifest F36925E,Ggb Manifest F36925E — A Gullah Geechee publication by Darryl E. Brown,3.99,1,ggb-manifest-ggb-man,Books & Magazines > Books > eBooks,"Books, Gullah Geechee, eBook, Digital",Digital,,,,,Yes,"PDF, EPUB",Active
Ggb Manifest F38136C,Ggb Manifest F38136C — A Gullah Geechee publication by Darryl E. Brown,3.99,1,ggb-manifest-ggb-man,Books & Magazines > Books > eBooks,"Books, Gullah Geechee, eBook, Digital",Digital,,,,,Yes,"PDF, EPUB",Active
Ggb Manifest F4769D8,Ggb Manifest F4769D8 — A Gullah Geechee publication by Darryl E. Brown,3.99,1,ggb-manifest-ggb-man,Books & Magazines > Books > eBooks,"Books, Gullah Geechee, eBook, Digital",Digital,,,,,Yes,"PDF, EPUB",Active
Ggb Manifest F49B27B,Ggb Manifest F49B27B — A Gullah Geechee publication by Darryl E. Brown,3.99,1,ggb-manifest-ggb-man,Books & Magazines > Books > eBooks,"Books, Gullah Geechee, eBook, Digital",Digital,,,,,Yes,"PDF, EPUB",Active
Ggb Manifest F544187,Ggb Manifest F544187 — A Gullah Geechee publication by Darryl E. Brown,3.99,1,ggb-manifest-ggb-man,Books & Magazines > Books > eBooks,"Books, Gullah Geechee, eBook, Digital",Digital,,,,,Yes,"PDF, EPUB",Active
Ggb Manifest F63Dd5E,Ggb Manifest F63Dd5E — A Gullah Geechee publication by Darryl E. Brown,3.99,1,ggb-manifest-ggb-man,Books & Magazines > Books > eBooks,"Books, Gullah Geechee, eBook, Digital",Digital,,,,,Yes,"PDF, EPUB",Active
Ggb Manifest F6690E4,Ggb Manifest F6690E4 — A Gullah Geechee publication by Darryl E. Brown,3.99,1,ggb-manifest-ggb-man,Books & Magazines > Books > eBooks,"Books, Gullah Geechee, eBook, Digital",Digital,,,,,Yes,"PDF, EPUB",Active
Ggb Manifest F71Afcd,Ggb Manifest F71Afcd — A Gullah Geechee publication by Darryl E. Brown,3.99,1,ggb-manifest-ggb-man,Books & Magazines > Books > eBooks,"Books, Gullah Geechee, eBook, Digital",Digital,,,,,Yes,"PDF, EPUB",Active
Ggb Manifest F79Dd73,Ggb Manifest F79Dd73 — A Gullah Geechee publication by Darryl E. Brown,3.99,1,ggb-manifest-ggb-man,Books & Magazines > Books > eBooks,"Books, Gullah Geechee, eBook, Digital",Digital,,,,,Yes,"PDF, EPUB",Active
Ggb Manifest F7C212F,Ggb Manifest F7C212F — A Gullah Geechee publication by Darryl E. Brown,3.99,1,ggb-manifest-ggb-man,Books & Magazines > Books > eBooks,"Books, Gullah Geechee, eBook, Digital",Digital,,,,,Yes,"PDF, EPUB",Active
Ggb Manifest F7E62Ce,Ggb Manifest F7E62Ce — A Gullah Geechee publication by Darryl E. Brown,3.99,1,ggb-manifest-ggb-man,Books & Magazines > Books > eBooks,"Books, Gullah Geechee, eBook, Digital",Digital,,,,,Yes,"PDF, EPUB",Active
Ggb Manifest F851Ab3,Ggb Manifest F851Ab3 — A Gullah Geechee publication by Darryl E. Brown,3.99,1,ggb-manifest-ggb-man,Books & Magazines > Books > eBooks,"Books, Gullah Geechee, eBook, Digital",Digital,,,,,Yes,"PDF, EPUB",Active
Ggb Manifest Fb0Ec8B,Ggb Manifest Fb0Ec8B — A Gullah Geechee publication by Darryl E. Brown,3.99,1,ggb-manifest-ggb-man,Books & Magazines > Books > eBooks,"Books, Gullah Geechee, eBook, Digital",Digital,,,,,Yes,"PDF, EPUB",Active
Ggb Manifest Fc0Ba79,Ggb Manifest Fc0Ba79 — A Gullah Geechee publication by Darryl E. Brown,3.99,1,ggb-manifest-ggb-man,Books & Magazines > Books > eBooks,"Books, Gullah Geechee, eBook, Digital",Digital,,,,,Yes,"PDF, EPUB",Active
Ggb Manifest Fc25Ef8,Ggb Manifest Fc25Ef8 — A Gullah Geechee publication by Darryl E. Brown,3.99,1,ggb-manifest-ggb-man,Books & Magazines > Books > eBooks,"Books, Gullah Geechee, eBook, Digital",Digital,,,,,Yes,"PDF, EPUB",Active
Ggb Manifest Fc317Ab,Ggb Manifest Fc317Ab — A Gullah Geechee publication by Darryl E. Brown,3.99,1,ggb-manifest-ggb-man,Books & Magazines > Books > eBooks,"Books, Gullah Geechee, eBook, Digital",Digital,,,,,Yes,"PDF, EPUB",Active
Ggb Manifest Fcc5898,Ggb Manifest Fcc5898 — A Gullah Geechee publication by Darryl E. Brown,3.99,1,ggb-manifest-ggb-man,Books & Magazines > Books > eBooks,"Books, Gullah Geechee, eBook, Digital",Digital,,,,,Yes,"PDF, EPUB",Active
Ggb Manifest Fd4094C,Ggb Manifest Fd4094C — A Gullah Geechee publication by Darryl E. Brown,3.99,1,ggb-manifest-ggb-man,Books & Magazines > Books > eBooks,"Books, Gullah Geechee, eBook, Digital",Digital,,,,,Yes,"PDF, EPUB",Active
Ggb Manifest Fde22D2,Ggb Manifest Fde22D2 — A Gullah Geechee publication by Darryl E. Brown,3.99,1,ggb-manifest-ggb-man,Books & Magazines > Books > eBooks,"Books, Gullah Geechee, eBook, Digital",Digital,,,,,Yes,"PDF, EPUB",Active
Ggb Manifest Fea4D97,Ggb Manifest Fea4D97 — A Gullah Geechee publication by Darryl E. Brown,3.99,1,ggb-manifest-ggb-man,Books & Magazines > Books > eBooks,"Books, Gullah Geechee, eBook, Digital",Digital,,,,,Yes,"PDF, EPUB",Active
Ggb Manifest Fee62Be,Ggb Manifest Fee62Be — A Gullah Geechee publication by Darryl E. Brown,3.99,1,ggb-manifest-ggb-man,Books & Magazines > Books > eBooks,"Books, Gullah Geechee, eBook, Digital",Digital,,,,,Yes,"PDF, EPUB",Active
Ggb Manifest Ffd558D,Ggb Manifest Ffd558D — A Gullah Geechee publication by Darryl E. Brown,3.99,1,ggb-manifest-ggb-man,Books & Magazines > Books > eBooks,"Books, Gullah Geechee, eBook, Digital",Digital,,,,,Yes,"PDF, EPUB",Active
Prep Gullah Geechee Appetizers,Prep Gullah Geechee Appetizers — A Gullah Geechee publication by Darryl E. Brown,3.99,1,ggb-manifest-prep-gu,Books & Magazines > Books > eBooks,"Books, Gullah Geechee, eBook, Digital",Digital,,,,,Yes,"PDF, EPUB",Active
Prep Gullah Geechee Beverages,Prep Gullah Geechee Beverages — A Gullah Geechee publication by Darryl E. Brown,3.99,1,ggb-manifest-prep-gu,Books & Magazines > Books > eBooks,"Books, Gullah Geechee, eBook, Digital",Digital,,,,,Yes,"PDF, EPUB",Active
Prep Gullah Geechee Business Planning,Prep Gullah Geechee Business Planning — A Gullah Geechee publication by Darryl E. Brown,3.99,1,ggb-manifest-prep-gu,Books & Magazines > Books > eBooks,"Books, Gullah Geechee, eBook, Digital",Digital,,,,,Yes,"PDF, EPUB",Active
Prep Gullah Geechee Camp Cooking,Prep Gullah Geechee Camp Cooking — A Gullah Geechee publication by Darryl E. Brown,3.99,1,ggb-manifest-prep-gu,Books & Magazines > Books > eBooks,"Books, Gullah Geechee, eBook, Digital",Digital,,,,,Yes,"PDF, EPUB",Active
Prep Gullah Geechee Community Commerce,Prep Gullah Geechee Community Commerce — A Gullah Geechee publication by Darryl E. Brown,3.99,1,ggb-manifest-prep-gu,Books & Magazines > Books > eBooks,"Books, Gullah Geechee, eBook, Digital",Digital,,,,,Yes,"PDF, EPUB",Active
Prep Gullah Geechee Condiments,Prep Gullah Geechee Condiments — A Gullah Geechee publication by Darryl E. Brown,3.99,1,ggb-manifest-prep-gu,Books & Magazines > Books > eBooks,"Books, Gullah Geechee, eBook, Digital",Digital,,,,,Yes,"PDF, EPUB",Active
Prep Gullah Geechee Digital Marketing,Prep Gullah Geechee Digital Marketing — A Gullah Geechee publication by Darryl E. Brown,3.99,1,ggb-manifest-prep-gu,Books & Magazines > Books > eBooks,"Books, Gullah Geechee, eBook, Digital",Digital,,,,,Yes,"PDF, EPUB",Active
Prep Gullah Geechee Financial Literacy,Prep Gullah Geechee Financial Literacy — A Gullah Geechee publication by Darryl E. Brown,3.99,1,ggb-manifest-prep-gu,Books & Magazines > Books > eBooks,"Books, Gullah Geechee, eBook, Digital",Digital,,,,,Yes,"PDF, EPUB",Active
Prep Gullah Geechee Job Creation,Prep Gullah Geechee Job Creation — A Gullah Geechee publication by Darryl E. Brown,3.99,1,ggb-manifest-prep-gu,Books & Magazines > Books > eBooks,"Books, Gullah Geechee, eBook, Digital",Digital,,,,,Yes,"PDF, EPUB",Active
Prep Gullah Geechee Meal Prep,Prep Gullah Geechee Meal Prep — A Gullah Geechee publication by Darryl E. Brown,3.99,1,ggb-manifest-prep-gu,Books & Magazines > Books > eBooks,"Books, Gullah Geechee, eBook, Digital",Digital,,,,,Yes,"PDF, EPUB",Active
Prep Gullah Geechee Microenterprise,Prep Gullah Geechee Microenterprise — A Gullah Geechee publication by Darryl E. Brown,3.99,1,ggb-manifest-prep-gu,Books & Magazines > Books > eBooks,"Books, Gullah Geechee, eBook, Digital",Digital,,,,,Yes,"PDF, EPUB",Active
Prep Gullah Geechee One Pot Meals,Prep Gullah Geechee One Pot Meals — A Gullah Geechee publication by Darryl E. Brown,3.99,1,ggb-manifest-prep-gu,Books & Magazines > Books > eBooks,"Books, Gullah Geechee, eBook, Digital",Digital,,,,,Yes,"PDF, EPUB",Active
Prep Gullah Geechee Smoothies,Prep Gullah Geechee Smoothies — A Gullah Geechee publication by Darryl E. Brown,3.99,1,ggb-manifest-prep-gu,Books & Magazines > Books > eBooks,"Books, Gullah Geechee, eBook, Digital",Digital,,,,,Yes,"PDF, EPUB",Active
Prep Gullah Geechee Startup Guide,Prep Gullah Geechee Startup Guide — A Gullah Geechee publication by Darryl E. Brown,3.99,1,ggb-manifest-prep-gu,Books & Magazines > Books > eBooks,"Books, Gullah Geechee, eBook, Digital",Digital,,,,,Yes,"PDF, EPUB",Active
Prep The Gullah Geechee Guide To Adaptability,Prep The Gullah Geechee Guide To Adaptability — A Gullah Geechee publication by Darryl E. Brown,3.99,1,ggb-manifest-prep-th,Books & Magazines > Books > eBooks,"Books, Gullah Geechee, eBook, Digital",Digital,,,,,Yes,"PDF, EPUB",Active
Prep The Gullah Geechee Guide To Determination,Prep The Gullah Geechee Guide To Determination — A Gullah Geechee publication by Darryl E. Brown,3.99,1,ggb-manifest-prep-th,Books & Magazines > Books > eBooks,"Books, Gullah Geechee, eBook, Digital",Digital,,,,,Yes,"PDF, EPUB",Active
Prep The Gullah Geechee Guide To Discipline,Prep The Gullah Geechee Guide To Discipline — A Gullah Geechee publication by Darryl E. Brown,3.99,1,ggb-manifest-prep-th,Books & Magazines > Books > eBooks,"Books, Gullah Geechee, eBook, Digital",Digital,,,,,Yes,"PDF, EPUB",Active
Prep The Gullah Geechee Guide To Harmony,Prep The Gullah Geechee Guide To Harmony — A Gullah Geechee publication by Darryl E. Brown,3.99,1,ggb-manifest-prep-th,Books & Magazines > Books > eBooks,"Books, Gullah Geechee, eBook, Digital",Digital,,,,,Yes,"PDF, EPUB",Active
Prep The Gullah Geechee Guide To Unity,Prep The Gullah Geechee Guide To Unity — A Gullah Geechee publication by Darryl E. Brown,3.99,1,ggb-manifest-prep-th,Books & Magazines > Books > eBooks,"Books, Gullah Geechee, eBook, Digital",Digital,,,,,Yes,"PDF, EPUB",Active
Prep The Gullah Geechee Guide To Wisdom,Prep The Gullah Geechee Guide To Wisdom — A Gullah Geechee publication by Darryl E. Brown,3.99,1,ggb-manifest-prep-th,Books & Magazines > Books > eBooks,"Books, Gullah Geechee, eBook, Digital",Digital,,,,,Yes,"PDF, EPUB",Active
Prep The Gullah Geechee Guide To Yearning,Prep The Gullah Geechee Guide To Yearning — A Gullah Geechee publication by Darryl E. Brown,3.99,1,ggb-manifest-prep-th,Books & Magazines > Books > eBooks,"Books, Gullah Geechee, eBook, Digital",Digital,,,,,Yes,"PDF, EPUB",Active
