Title,Subtitle,Author,Description,Language,ISBN,GGKEY,Publisher,Publication Date,Categories,Keywords,Price,Currency,DRM,Distribution Territory,File Name
How to Build a Community Around Your Brand,,Darryl Elliott Brown,How to Build a Community Around Your Brand — A Gullah Geechee Biz publication.,en,,GGB0d7d01ff8428,Gullah Geechee Biz,2026-08-02,"BUS000000,SEL000000,SOC002010","Gullah Geechee, African American, South Carolina, Lowcountry",3.99,USD,false,WORLD,GGB0d7d01ff8428.epub
How to Embrace Your Authentic Self,,Darryl Elliott Brown,How to Embrace Your Authentic Self — A Gullah Geechee Biz publication.,en,,GGBcfec048544f4,Gullah Geechee Biz,2026-08-02,"BUS000000,SEL000000,SOC002010","Gullah Geechee, African American, South Carolina, Lowcountry",3.99,USD,false,WORLD,GGBcfec048544f4.epub
How to Find Inner Peace,,Darryl Elliott Brown,How to Find Inner Peace — A Gullah Geechee Biz publication.,en,,GGB2aa37817308f,Gullah Geechee Biz,2026-08-02,"BUS000000,SEL000000,SOC002010","Gullah Geechee, African American, South Carolina, Lowcountry",3.99,USD,false,WORLD,GGB2aa37817308f.epub
How to Write a Winning Grant Proposal,,Darryl Elliott Brown,How to Write a Winning Grant Proposal — A Gullah Geechee Biz publication.,en,,GGBa9add57f89a1,Gullah Geechee Biz,2026-08-02,"BUS000000,SEL000000,SOC002010","Gullah Geechee, African American, South Carolina, Lowcountry",3.99,USD,false,WORLD,GGBa9add57f89a1.epub
Encyclopedia Volume 03,,Darryl Elliott Brown,Encyclopedia Volume 03 — A Gullah Geechee Biz publication.,en,,GGBf74b90e2613d,Gullah Geechee Biz,2026-08-02,"REF000000,SOC002010,HIS036120","Gullah Geechee, African American, South Carolina, Lowcountry",9.99,USD,false,WORLD,GGBf74b90e2613d.epub
KDP Draft — How to Bake Sweet Potato Pie,,Darryl Elliott Brown,KDP Draft — How to Bake Sweet Potato Pie — A Gullah Geechee Biz publication.,en,,GGB99d464624c72,Gullah Geechee Biz,2026-08-02,"BUS000000,SEL000000,SOC002010","Gullah Geechee, African American, South Carolina, Lowcountry",3.99,USD,false,WORLD,GGB99d464624c72.epub
How to Make Authentic Shrimp and Grits,,Darryl Elliott Brown,How to Make Authentic Shrimp and Grits — A Gullah Geechee Biz publication.,en,,GGB01656156338b,Gullah Geechee Biz,2026-08-02,"BUS000000,SEL000000,SOC002010","Gullah Geechee, African American, South Carolina, Lowcountry",3.99,USD,false,WORLD,GGB01656156338b.epub
KDP Draft — How to Start a Side Hustle,,Darryl Elliott Brown,KDP Draft — How to Start a Side Hustle — A Gullah Geechee Biz publication.,en,,GGB4f1ac7bed514,Gullah Geechee Biz,2026-08-02,"BUS000000,SEL000000,SOC002010","Gullah Geechee, African American, South Carolina, Lowcountry",3.99,USD,false,WORLD,GGB4f1ac7bed514.epub
KDP Draft — How to Build a Freelance Career,,Darryl Elliott Brown,KDP Draft — How to Build a Freelance Career — A Gullah Geechee Biz publication.,en,,GGBe41d47731ffe,Gullah Geechee Biz,2026-08-02,"BUS000000,SEL000000,SOC002010","Gullah Geechee, African American, South Carolina, Lowcountry",3.99,USD,false,WORLD,GGBe41d47731ffe.epub
KDP Draft — How to Find Inner Peace,,Darryl Elliott Brown,KDP Draft — How to Find Inner Peace — A Gullah Geechee Biz publication.,en,,GGB0a3d9bb89fba,Gullah Geechee Biz,2026-08-02,"BUS000000,SEL000000,SOC002010","Gullah Geechee, African American, South Carolina, Lowcountry",3.99,USD,false,WORLD,GGB0a3d9bb89fba.epub
How to Network Like a Pro,,Darryl Elliott Brown,How to Network Like a Pro — A Gullah Geechee Biz publication.,en,,GGBaf4a008df5a7,Gullah Geechee Biz,2026-08-02,"BUS000000,SEL000000,SOC002010","Gullah Geechee, African American, South Carolina, Lowcountry",3.99,USD,false,WORLD,GGBaf4a008df5a7.epub
The Gullah Geechee Guide to Harmony,,Darryl Elliott Brown,The Gullah Geechee Guide to Harmony — A Gullah Geechee Biz publication.,en,,GGBcabc5b481b6d,Gullah Geechee Biz,2026-08-02,"BUS000000,SEL000000,SOC002010","Gullah Geechee, African American, South Carolina, Lowcountry",3.99,USD,false,WORLD,GGBcabc5b481b6d.epub
How to Price Your Products or Services,,Darryl Elliott Brown,How to Price Your Products or Services — A Gullah Geechee Biz publication.,en,,GGBa352e0fa82b9,Gullah Geechee Biz,2026-08-02,"BUS000000,SEL000000,SOC002010","Gullah Geechee, African American, South Carolina, Lowcountry",3.99,USD,false,WORLD,GGBa352e0fa82b9.epub
How to Practice Mindful Living,,Darryl Elliott Brown,How to Practice Mindful Living — A Gullah Geechee Biz publication.,en,,GGBb60886cf6d97,Gullah Geechee Biz,2026-08-02,"BUS000000,SEL000000,SOC002010","Gullah Geechee, African American, South Carolina, Lowcountry",3.99,USD,false,WORLD,GGBb60886cf6d97.epub
How to Make Sweetgrass Lemonade,,Darryl Elliott Brown,How to Make Sweetgrass Lemonade — A Gullah Geechee Biz publication.,en,,GGB7e0888cca0f5,Gullah Geechee Biz,2026-08-02,"BUS000000,SEL000000,SOC002010","Gullah Geechee, African American, South Carolina, Lowcountry",3.99,USD,false,WORLD,GGB7e0888cca0f5.epub
KDP Draft — How to Live with Intention,,Darryl Elliott Brown,KDP Draft — How to Live with Intention — A Gullah Geechee Biz publication.,en,,GGB702124cec3e8,Gullah Geechee Biz,2026-08-02,"BUS000000,SEL000000,SOC002010","Gullah Geechee, African American, South Carolina, Lowcountry",3.99,USD,false,WORLD,GGB702124cec3e8.epub
KDP Draft — How to Start a Side Hustle,,Darryl Elliott Brown,KDP Draft — How to Start a Side Hustle — A Gullah Geechee Biz publication.,en,,GGBc70710d812cb,Gullah Geechee Biz,2026-08-02,"BUS000000,SEL000000,SOC002010","Gullah Geechee, African American, South Carolina, Lowcountry",3.99,USD,false,WORLD,GGBc70710d812cb.epub
Encyclopedia Volume 07,,Darryl Elliott Brown,Encyclopedia Volume 07 — A Gullah Geechee Biz publication.,en,,GGBa1e31f25283e,Gullah Geechee Biz,2026-08-02,"REF000000,SOC002010,HIS036120","Gullah Geechee, African American, South Carolina, Lowcountry",9.99,USD,false,WORLD,GGBa1e31f25283e.epub
KDP Draft — How to Write a Winning Grant Proposal,,Darryl Elliott Brown,KDP Draft — How to Write a Winning Grant Proposal — A Gullah Geechee Biz publication.,en,,GGBc8e014b679f1,Gullah Geechee Biz,2026-08-02,"BUS000000,SEL000000,SOC002010","Gullah Geechee, African American, South Carolina, Lowcountry",3.99,USD,false,WORLD,GGBc8e014b679f1.epub
How to Make Southern Cornbread from Scratch,,Darryl Elliott Brown,How to Make Southern Cornbread from Scratch — A Gullah Geechee Biz publication.,en,,GGBb6e9a3a1103f,Gullah Geechee Biz,2026-08-02,"BUS000000,SEL000000,SOC002010","Gullah Geechee, African American, South Carolina, Lowcountry",3.99,USD,false,WORLD,GGBb6e9a3a1103f.epub
KDP Draft — How to Create a Content Strategy,,Darryl Elliott Brown,KDP Draft — How to Create a Content Strategy — A Gullah Geechee Biz publication.,en,,GGBbc9e9a2985b3,Gullah Geechee Biz,2026-08-02,"BUS000000,SEL000000,SOC002010","Gullah Geechee, African American, South Carolina, Lowcountry",3.99,USD,false,WORLD,GGBbc9e9a2985b3.epub
KDP Draft — How to Make Holiday Gullah Feasts,,Darryl Elliott Brown,KDP Draft — How to Make Holiday Gullah Feasts — A Gullah Geechee Biz publication.,en,,GGB8311f675195b,Gullah Geechee Biz,2026-08-02,"BUS000000,SEL000000,SOC002010","Gullah Geechee, African American, South Carolina, Lowcountry",3.99,USD,false,WORLD,GGB8311f675195b.epub
How to Build Imagination,,Darryl Elliott Brown,How to Build Imagination — A Gullah Geechee Biz publication.,en,,GGB39355fb576df,Gullah Geechee Biz,2026-08-02,"BUS000000,SEL000000,SOC002010","Gullah Geechee, African American, South Carolina, Lowcountry",3.99,USD,false,WORLD,GGB39355fb576df.epub
KDP Draft — How to Make Gullah Tea Cakes,,Darryl Elliott Brown,KDP Draft — How to Make Gullah Tea Cakes — A Gullah Geechee Biz publication.,en,,GGBca22ac1d16e9,Gullah Geechee Biz,2026-08-02,"BUS000000,SEL000000,SOC002010","Gullah Geechee, African American, South Carolina, Lowcountry",3.99,USD,false,WORLD,GGBca22ac1d16e9.epub
KDP Draft — How to Make Southern Cornbread from Scratch,,Darryl Elliott Brown,KDP Draft — How to Make Southern Cornbread from Scratch — A Gullah Geechee Biz publication.,en,,GGB290bf39a6d9e,Gullah Geechee Biz,2026-08-02,"BUS000000,SEL000000,SOC002010","Gullah Geechee, African American, South Carolina, Lowcountry",3.99,USD,false,WORLD,GGB290bf39a6d9e.epub
KDP Draft — Gullah Geechee Camp Cooking,,Darryl Elliott Brown,KDP Draft — Gullah Geechee Camp Cooking — A Gullah Geechee Biz publication.,en,,GGB476dce8691e9,Gullah Geechee Biz,2026-08-02,"CKB000000,SOC002010,HIS036120","Gullah Geechee, African American, South Carolina, Lowcountry",3.99,USD,false,WORLD,GGB476dce8691e9.epub
How to Make Southern Cornbread from Scratch,,Darryl Elliott Brown,How to Make Southern Cornbread from Scratch — A Gullah Geechee Biz publication.,en,,GGBdddaa83fe358,Gullah Geechee Biz,2026-08-02,"BUS000000,SEL000000,SOC002010","Gullah Geechee, African American, South Carolina, Lowcountry",3.99,USD,false,WORLD,GGBdddaa83fe358.epub
KDP Draft — How to Fry the Perfect Fish,,Darryl Elliott Brown,KDP Draft — How to Fry the Perfect Fish — A Gullah Geechee Biz publication.,en,,GGB095871ee47b0,Gullah Geechee Biz,2026-08-02,"BUS000000,SEL000000,SOC002010","Gullah Geechee, African American, South Carolina, Lowcountry",3.99,USD,false,WORLD,GGB095871ee47b0.epub
Encyclopedia Volume 39,,Darryl Elliott Brown,Encyclopedia Volume 39 — A Gullah Geechee Biz publication.,en,,GGBb184ec4d4281,Gullah Geechee Biz,2026-08-02,"REF000000,SOC002010,HIS036120","Gullah Geechee, African American, South Carolina, Lowcountry",9.99,USD,false,WORLD,GGBb184ec4d4281.epub
KDP Draft — How to Embrace Your Authentic Self,,Darryl Elliott Brown,KDP Draft — How to Embrace Your Authentic Self — A Gullah Geechee Biz publication.,en,,GGB070ec53cef10,Gullah Geechee Biz,2026-08-02,"BUS000000,SEL000000,SOC002010","Gullah Geechee, African American, South Carolina, Lowcountry",3.99,USD,false,WORLD,GGB070ec53cef10.epub
How to Build Faith,,Darryl Elliott Brown,How to Build Faith — A Gullah Geechee Biz publication.,en,,GGB9c527e7cd23e,Gullah Geechee Biz,2026-08-02,"BUS000000,SEL000000,SOC002010","Gullah Geechee, African American, South Carolina, Lowcountry",3.99,USD,false,WORLD,GGB9c527e7cd23e.epub
KDP Draft — How to Manage Business Finances,,Darryl Elliott Brown,KDP Draft — How to Manage Business Finances — A Gullah Geechee Biz publication.,en,,GGBd0bda62d7c8f,Gullah Geechee Biz,2026-08-02,"BUS000000,SEL000000,SOC002010","Gullah Geechee, African American, South Carolina, Lowcountry",3.99,USD,false,WORLD,GGBd0bda62d7c8f.epub
KDP Draft — How to Make Pickled Shrimp,,Darryl Elliott Brown,KDP Draft — How to Make Pickled Shrimp — A Gullah Geechee Biz publication.,en,,GGB225f9cdf2235,Gullah Geechee Biz,2026-08-02,"BUS000000,SEL000000,SOC002010","Gullah Geechee, African American, South Carolina, Lowcountry",3.99,USD,false,WORLD,GGB225f9cdf2235.epub
How to Prepare Gullah Side Dishes,,Darryl Elliott Brown,How to Prepare Gullah Side Dishes — A Gullah Geechee Biz publication.,en,,GGB8da188e5655b,Gullah Geechee Biz,2026-08-02,"BUS000000,SEL000000,SOC002010","Gullah Geechee, African American, South Carolina, Lowcountry",3.99,USD,false,WORLD,GGB8da188e5655b.epub
How to Make Holiday Gullah Feasts,,Darryl Elliott Brown,How to Make Holiday Gullah Feasts — A Gullah Geechee Biz publication.,en,,GGB70a2dc09e893,Gullah Geechee Biz,2026-08-02,"BUS000000,SEL000000,SOC002010","Gullah Geechee, African American, South Carolina, Lowcountry",3.99,USD,false,WORLD,GGB70a2dc09e893.epub
KDP Draft — How to Bake Buttermilk Cornbread,,Darryl Elliott Brown,KDP Draft — How to Bake Buttermilk Cornbread — A Gullah Geechee Biz publication.,en,,GGBd96d78c7929a,Gullah Geechee Biz,2026-08-02,"BUS000000,SEL000000,SOC002010","Gullah Geechee, African American, South Carolina, Lowcountry",3.99,USD,false,WORLD,GGBd96d78c7929a.epub
KDP Draft — How to Bake Sweet Potato Pie,,Darryl Elliott Brown,KDP Draft — How to Bake Sweet Potato Pie — A Gullah Geechee Biz publication.,en,,GGB5cfe94372f4a,Gullah Geechee Biz,2026-08-02,"BUS000000,SEL000000,SOC002010","Gullah Geechee, African American, South Carolina, Lowcountry",3.99,USD,false,WORLD,GGB5cfe94372f4a.epub
KDP Draft — How to Build a Website on a Budget,,Darryl Elliott Brown,KDP Draft — How to Build a Website on a Budget — A Gullah Geechee Biz publication.,en,,GGB6c084041ac01,Gullah Geechee Biz,2026-08-02,"BUS000000,SEL000000,SOC002010","Gullah Geechee, African American, South Carolina, Lowcountry",3.99,USD,false,WORLD,GGB6c084041ac01.epub
How to Build Vulnerability,,Darryl Elliott Brown,How to Build Vulnerability — A Gullah Geechee Biz publication.,en,,GGB8952cf8263f0,Gullah Geechee Biz,2026-08-02,"BUS000000,SEL000000,SOC002010","Gullah Geechee, African American, South Carolina, Lowcountry",3.99,USD,false,WORLD,GGB8952cf8263f0.epub
How to Build Connection,,Darryl Elliott Brown,How to Build Connection — A Gullah Geechee Biz publication.,en,,GGBf97c6b65071f,Gullah Geechee Biz,2026-08-02,"BUS000000,SEL000000,SOC002010","Gullah Geechee, African American, South Carolina, Lowcountry",3.99,USD,false,WORLD,GGBf97c6b65071f.epub
KDP Draft — How to Manage Your Time Effectively,,Darryl Elliott Brown,KDP Draft — How to Manage Your Time Effectively — A Gullah Geechee Biz publication.,en,,GGBcb8a89249fe6,Gullah Geechee Biz,2026-08-02,"BUS000000,SEL000000,SOC002010","Gullah Geechee, African American, South Carolina, Lowcountry",3.99,USD,false,WORLD,GGBcb8a89249fe6.epub
How to Create a Brand Style Guide,,Darryl Elliott Brown,How to Create a Brand Style Guide — A Gullah Geechee Biz publication.,en,,GGBd934ab5b4e88,Gullah Geechee Biz,2026-08-02,"BUS000000,SEL000000,SOC002010","Gullah Geechee, African American, South Carolina, Lowcountry",3.99,USD,false,WORLD,GGBd934ab5b4e88.epub
Encyclopedia Volume 42,,Darryl Elliott Brown,Encyclopedia Volume 42 — A Gullah Geechee Biz publication.,en,,GGBf96daea7b726,Gullah Geechee Biz,2026-08-02,"REF000000,SOC002010,HIS036120","Gullah Geechee, African American, South Carolina, Lowcountry",9.99,USD,false,WORLD,GGBf96daea7b726.epub
How to Manage Business Finances,,Darryl Elliott Brown,How to Manage Business Finances — A Gullah Geechee Biz publication.,en,,GGBab3f2c629d77,Gullah Geechee Biz,2026-08-02,"BUS000000,SEL000000,SOC002010","Gullah Geechee, African American, South Carolina, Lowcountry",3.99,USD,false,WORLD,GGBab3f2c629d77.epub
KDP Draft — How to Create a Brand Style Guide,,Darryl Elliott Brown,KDP Draft — How to Create a Brand Style Guide — A Gullah Geechee Biz publication.,en,,GGB8bc2dea1f973,Gullah Geechee Biz,2026-08-02,"BUS000000,SEL000000,SOC002010","Gullah Geechee, African American, South Carolina, Lowcountry",3.99,USD,false,WORLD,GGB8bc2dea1f973.epub
How to Make One-Pot Gullah Meals,,Darryl Elliott Brown,How to Make One-Pot Gullah Meals — A Gullah Geechee Biz publication.,en,,GGB1fdbb5a33e3b,Gullah Geechee Biz,2026-08-02,"BUS000000,SEL000000,SOC002010","Gullah Geechee, African American, South Carolina, Lowcountry",3.99,USD,false,WORLD,GGB1fdbb5a33e3b.epub
How to Develop Daily Discipline,,Darryl Elliott Brown,How to Develop Daily Discipline — A Gullah Geechee Biz publication.,en,,GGB6c49570ce246,Gullah Geechee Biz,2026-08-02,"BUS000000,SEL000000,SOC002010","Gullah Geechee, African American, South Carolina, Lowcountry",3.99,USD,false,WORLD,GGB6c49570ce246.epub
KDP Draft — How to Create a Referral Program,,Darryl Elliott Brown,KDP Draft — How to Create a Referral Program — A Gullah Geechee Biz publication.,en,,GGB821763771a37,Gullah Geechee Biz,2026-08-02,"BUS000000,SEL000000,SOC002010","Gullah Geechee, African American, South Carolina, Lowcountry",3.99,USD,false,WORLD,GGB821763771a37.epub
KDP Draft — How to Build a Subscription Business,,Darryl Elliott Brown,KDP Draft — How to Build a Subscription Business — A Gullah Geechee Biz publication.,en,,GGBb919c8ecff3e,Gullah Geechee Biz,2026-08-02,"BUS000000,SEL000000,SOC002010","Gullah Geechee, African American, South Carolina, Lowcountry",3.99,USD,false,WORLD,GGBb919c8ecff3e.epub
How to Master LinkedIn for Business,,Darryl Elliott Brown,How to Master LinkedIn for Business — A Gullah Geechee Biz publication.,en,,GGB923d3033a09e,Gullah Geechee Biz,2026-08-02,"BUS000000,SEL000000,SOC002010","Gullah Geechee, African American, South Carolina, Lowcountry",3.99,USD,false,WORLD,GGB923d3033a09e.epub
KDP Draft — How to Make Gullah Sauces and Seasonings,,Darryl Elliott Brown,KDP Draft — How to Make Gullah Sauces and Seasonings — A Gullah Geechee Biz publication.,en,,GGB4741ede87ea2,Gullah Geechee Biz,2026-08-02,"BUS000000,SEL000000,SOC002010","Gullah Geechee, African American, South Carolina, Lowcountry",3.99,USD,false,WORLD,GGB4741ede87ea2.epub
How to Create a Product Launch Plan,,Darryl Elliott Brown,How to Create a Product Launch Plan — A Gullah Geechee Biz publication.,en,,GGB6ac6c6271c93,Gullah Geechee Biz,2026-08-02,"BUS000000,SEL000000,SOC002010","Gullah Geechee, African American, South Carolina, Lowcountry",3.99,USD,false,WORLD,GGB6ac6c6271c93.epub
The Gullah Geechee Guide to Determination,,Darryl Elliott Brown,The Gullah Geechee Guide to Determination — A Gullah Geechee Biz publication.,en,,GGB383b2220a46d,Gullah Geechee Biz,2026-08-02,"BUS000000,SEL000000,SOC002010","Gullah Geechee, African American, South Carolina, Lowcountry",3.99,USD,false,WORLD,GGB383b2220a46d.epub
KDP Draft — How to Handle Criticism Gracefully,,Darryl Elliott Brown,KDP Draft — How to Handle Criticism Gracefully — A Gullah Geechee Biz publication.,en,,GGBe71ae90fd09f,Gullah Geechee Biz,2026-08-02,"BUS000000,SEL000000,SOC002010","Gullah Geechee, African American, South Carolina, Lowcountry",3.99,USD,false,WORLD,GGBe71ae90fd09f.epub
How to Create a Brand Style Guide,,Darryl Elliott Brown,How to Create a Brand Style Guide — A Gullah Geechee Biz publication.,en,,GGB3c73cacc8dbf,Gullah Geechee Biz,2026-08-02,"BUS000000,SEL000000,SOC002010","Gullah Geechee, African American, South Carolina, Lowcountry",3.99,USD,false,WORLD,GGB3c73cacc8dbf.epub
How to Cook Benne Chicken,,Darryl Elliott Brown,How to Cook Benne Chicken — A Gullah Geechee Biz publication.,en,,GGB5047fc605735,Gullah Geechee Biz,2026-08-02,"CKB000000,SOC002010,HIS036120","Gullah Geechee, African American, South Carolina, Lowcountry",3.99,USD,false,WORLD,GGB5047fc605735.epub
How to Network Like a Pro,,Darryl Elliott Brown,How to Network Like a Pro — A Gullah Geechee Biz publication.,en,,GGB1e273640bbfa,Gullah Geechee Biz,2026-08-02,"BUS000000,SEL000000,SOC002010","Gullah Geechee, African American, South Carolina, Lowcountry",3.99,USD,false,WORLD,GGB1e273640bbfa.epub
How to Start a Side Hustle,,Darryl Elliott Brown,How to Start a Side Hustle — A Gullah Geechee Biz publication.,en,,GGB327376e2f11b,Gullah Geechee Biz,2026-08-02,"BUS000000,SEL000000,SOC002010","Gullah Geechee, African American, South Carolina, Lowcountry",3.99,USD,false,WORLD,GGB327376e2f11b.epub
Encyclopedia Volume 33,,Darryl Elliott Brown,Encyclopedia Volume 33 — A Gullah Geechee Biz publication.,en,,GGB08a0a87b8391,Gullah Geechee Biz,2026-08-02,"REF000000,SOC002010,HIS036120","Gullah Geechee, African American, South Carolina, Lowcountry",9.99,USD,false,WORLD,GGB08a0a87b8391.epub
How to Master Business Storytelling,,Darryl Elliott Brown,How to Master Business Storytelling — A Gullah Geechee Biz publication.,en,,GGB53ec532f4741,Gullah Geechee Biz,2026-08-02,"BUS000000,SEL000000,SOC002010","Gullah Geechee, African American, South Carolina, Lowcountry",3.99,USD,false,WORLD,GGB53ec532f4741.epub
KDP Draft — How to Cook Lowcountry Boil,,Darryl Elliott Brown,KDP Draft — How to Cook Lowcountry Boil — A Gullah Geechee Biz publication.,en,,GGB86165c5ef0ae,Gullah Geechee Biz,2026-08-02,"CKB000000,SOC002010,HIS036120","Gullah Geechee, African American, South Carolina, Lowcountry",3.99,USD,false,WORLD,GGB86165c5ef0ae.epub
How to Build Unshakeable Confidence,,Darryl Elliott Brown,How to Build Unshakeable Confidence — A Gullah Geechee Biz publication.,en,,GGB09db3a591a83,Gullah Geechee Biz,2026-08-02,"BUS000000,SEL000000,SOC002010","Gullah Geechee, African American, South Carolina, Lowcountry",3.99,USD,false,WORLD,GGB09db3a591a83.epub
How to Make Gullah Soups and Stews,,Darryl Elliott Brown,How to Make Gullah Soups and Stews — A Gullah Geechee Biz publication.,en,,GGB264ebeec19fb,Gullah Geechee Biz,2026-08-02,"BUS000000,SEL000000,SOC002010","Gullah Geechee, African American, South Carolina, Lowcountry",3.99,USD,false,WORLD,GGB264ebeec19fb.epub
How to Use AI in Your Business,,Darryl Elliott Brown,How to Use AI in Your Business — A Gullah Geechee Biz publication.,en,,GGB708b7f435c47,Gullah Geechee Biz,2026-08-02,"BUS000000,SEL000000,SOC002010","Gullah Geechee, African American, South Carolina, Lowcountry",3.99,USD,false,WORLD,GGB708b7f435c47.epub
KDP Draft — How to Create a Business Plan,,Darryl Elliott Brown,KDP Draft — How to Create a Business Plan — A Gullah Geechee Biz publication.,en,,GGB04b493591586,Gullah Geechee Biz,2026-08-02,"BUS000000,SEL000000,SOC002010","Gullah Geechee, African American, South Carolina, Lowcountry",3.99,USD,false,WORLD,GGB04b493591586.epub
How to Manage Your Time Effectively,,Darryl Elliott Brown,How to Manage Your Time Effectively — A Gullah Geechee Biz publication.,en,,GGB9478029fbaa4,Gullah Geechee Biz,2026-08-02,"BUS000000,SEL000000,SOC002010","Gullah Geechee, African American, South Carolina, Lowcountry",3.99,USD,false,WORLD,GGB9478029fbaa4.epub
How to Practice Radical Self-Care,,Darryl Elliott Brown,How to Practice Radical Self-Care — A Gullah Geechee Biz publication.,en,,GGB4e8308904872,Gullah Geechee Biz,2026-08-02,"BUS000000,SEL000000,SOC002010","Gullah Geechee, African American, South Carolina, Lowcountry",3.99,USD,false,WORLD,GGB4e8308904872.epub
How to Create a Business Plan,,Darryl Elliott Brown,How to Create a Business Plan — A Gullah Geechee Biz publication.,en,,GGBf40ba45311d1,Gullah Geechee Biz,2026-08-02,"BUS000000,SEL000000,SOC002010","Gullah Geechee, African American, South Carolina, Lowcountry",3.99,USD,false,WORLD,GGBf40ba45311d1.epub
Sweetgrass Basket,,Darryl Elliott Brown,Sweetgrass Basket — A Gullah Geechee Biz publication.,en,,GGB4ba01fe7d9c7,Gullah Geechee Biz,2026-08-02,"BUS000000,SEL000000,SOC002010","Gullah Geechee, African American, South Carolina, Lowcountry",3.99,USD,false,WORLD,GGB4ba01fe7d9c7.epub
How to Build Vulnerability,,Darryl Elliott Brown,How to Build Vulnerability — A Gullah Geechee Biz publication.,en,,GGBd229b7274a21,Gullah Geechee Biz,2026-08-02,"BUS000000,SEL000000,SOC002010","Gullah Geechee, African American, South Carolina, Lowcountry",3.99,USD,false,WORLD,GGBd229b7274a21.epub
How to Let Go of Perfectionism,,Darryl Elliott Brown,How to Let Go of Perfectionism — A Gullah Geechee Biz publication.,en,,GGB2afa3b099eff,Gullah Geechee Biz,2026-08-02,"BUS000000,SEL000000,SOC002010","Gullah Geechee, African American, South Carolina, Lowcountry",3.99,USD,false,WORLD,GGB2afa3b099eff.epub
KDP Draft — How to Develop Daily Discipline,,Darryl Elliott Brown,KDP Draft — How to Develop Daily Discipline — A Gullah Geechee Biz publication.,en,,GGBd351fe964358,Gullah Geechee Biz,2026-08-02,"BUS000000,SEL000000,SOC002010","Gullah Geechee, African American, South Carolina, Lowcountry",3.99,USD,false,WORLD,GGBd351fe964358.epub
How to Bake Gullah Desserts,,Darryl Elliott Brown,How to Bake Gullah Desserts — A Gullah Geechee Biz publication.,en,,GGB94c14a9f10a8,Gullah Geechee Biz,2026-08-02,"BUS000000,SEL000000,SOC002010","Gullah Geechee, African American, South Carolina, Lowcountry",3.99,USD,false,WORLD,GGB94c14a9f10a8.epub
How to Create a Marketing Funnel,,Darryl Elliott Brown,How to Create a Marketing Funnel — A Gullah Geechee Biz publication.,en,,GGB61ad4dc47b6f,Gullah Geechee Biz,2026-08-02,"BUS000000,SEL000000,SOC002010","Gullah Geechee, African American, South Carolina, Lowcountry",3.99,USD,false,WORLD,GGB61ad4dc47b6f.epub
KDP Draft — Gullah Geechee Business Planning,,Darryl Elliott Brown,KDP Draft — Gullah Geechee Business Planning — A Gullah Geechee Biz publication.,en,,GGBb9a7d2e8ba87,Gullah Geechee Biz,2026-08-02,"BUS000000,SEL000000,SOC002010","Gullah Geechee, African American, South Carolina, Lowcountry",3.99,USD,false,WORLD,GGBb9a7d2e8ba87.epub
KDP Draft — How to Create a Vision Board That Works,,Darryl Elliott Brown,KDP Draft — How to Create a Vision Board That Works — A Gullah Geechee Biz publication.,en,,GGB40c8205c5e40,Gullah Geechee Biz,2026-08-02,"BUS000000,SEL000000,SOC002010","Gullah Geechee, African American, South Carolina, Lowcountry",3.99,USD,false,WORLD,GGB40c8205c5e40.epub
KDP Draft — How to Price Your Products or Services,,Darryl Elliott Brown,KDP Draft — How to Price Your Products or Services — A Gullah Geechee Biz publication.,en,,GGB205bfd17172e,Gullah Geechee Biz,2026-08-02,"BUS000000,SEL000000,SOC002010","Gullah Geechee, African American, South Carolina, Lowcountry",3.99,USD,false,WORLD,GGB205bfd17172e.epub
How to Prepare Okra and Tomatoes,,Darryl Elliott Brown,How to Prepare Okra and Tomatoes — A Gullah Geechee Biz publication.,en,,GGB0054a52480cc,Gullah Geechee Biz,2026-08-02,"BUS000000,SEL000000,SOC002010","Gullah Geechee, African American, South Carolina, Lowcountry",3.99,USD,false,WORLD,GGB0054a52480cc.epub
The Gullah Geechee Guide to Unity,,Darryl Elliott Brown,The Gullah Geechee Guide to Unity — A Gullah Geechee Biz publication.,en,,GGB2bbba70d1a02,Gullah Geechee Biz,2026-08-02,"BUS000000,SEL000000,SOC002010","Gullah Geechee, African American, South Carolina, Lowcountry",3.99,USD,false,WORLD,GGB2bbba70d1a02.epub
KDP Draft — How to Bake Gullah Desserts,,Darryl Elliott Brown,KDP Draft — How to Bake Gullah Desserts — A Gullah Geechee Biz publication.,en,,GGB7c4efa4de5c7,Gullah Geechee Biz,2026-08-02,"BUS000000,SEL000000,SOC002010","Gullah Geechee, African American, South Carolina, Lowcountry",3.99,USD,false,WORLD,GGB7c4efa4de5c7.epub
KDP Draft — How to Make Gullah Tea Cakes,,Darryl Elliott Brown,KDP Draft — How to Make Gullah Tea Cakes — A Gullah Geechee Biz publication.,en,,GGB3168145acebf,Gullah Geechee Biz,2026-08-02,"BUS000000,SEL000000,SOC002010","Gullah Geechee, African American, South Carolina, Lowcountry",3.99,USD,false,WORLD,GGB3168145acebf.epub
KDP Draft — How to Scale Your Small Business,,Darryl Elliott Brown,KDP Draft — How to Scale Your Small Business — A Gullah Geechee Biz publication.,en,,GGBb68a1ce4e6c9,Gullah Geechee Biz,2026-08-02,"BUS000000,SEL000000,SOC002010","Gullah Geechee, African American, South Carolina, Lowcountry",3.99,USD,false,WORLD,GGBb68a1ce4e6c9.epub
KDP Draft — How to Build Customer Loyalty,,Darryl Elliott Brown,KDP Draft — How to Build Customer Loyalty — A Gullah Geechee Biz publication.,en,,GGB477251600c6e,Gullah Geechee Biz,2026-08-02,"BUS000000,SEL000000,SOC002010","Gullah Geechee, African American, South Carolina, Lowcountry",3.99,USD,false,WORLD,GGB477251600c6e.epub
How to Find Your Purpose,,Darryl Elliott Brown,How to Find Your Purpose — A Gullah Geechee Biz publication.,en,,GGB780a1f8fdf2e,Gullah Geechee Biz,2026-08-02,"BUS000000,SEL000000,SOC002010","Gullah Geechee, African American, South Carolina, Lowcountry",3.99,USD,false,WORLD,GGB780a1f8fdf2e.epub
KDP Draft — How to Master Cast Iron Cooking,,Darryl Elliott Brown,KDP Draft — How to Master Cast Iron Cooking — A Gullah Geechee Biz publication.,en,,GGBac4ae2a2398e,Gullah Geechee Biz,2026-08-02,"CKB000000,SOC002010,HIS036120","Gullah Geechee, African American, South Carolina, Lowcountry",3.99,USD,false,WORLD,GGBac4ae2a2398e.epub
KDP Draft — How to Make Authentic Shrimp and Grits,,Darryl Elliott Brown,KDP Draft — How to Make Authentic Shrimp and Grits — A Gullah Geechee Biz publication.,en,,GGB83c7627cb8b1,Gullah Geechee Biz,2026-08-02,"BUS000000,SEL000000,SOC002010","Gullah Geechee, African American, South Carolina, Lowcountry",3.99,USD,false,WORLD,GGB83c7627cb8b1.epub
How to Handle Criticism Gracefully,,Darryl Elliott Brown,How to Handle Criticism Gracefully — A Gullah Geechee Biz publication.,en,,GGBc6b2eb5ad4d0,Gullah Geechee Biz,2026-08-02,"BUS000000,SEL000000,SOC002010","Gullah Geechee, African American, South Carolina, Lowcountry",3.99,USD,false,WORLD,GGBc6b2eb5ad4d0.epub
How to Forgive Yourself and Move On,,Darryl Elliott Brown,How to Forgive Yourself and Move On — A Gullah Geechee Biz publication.,en,,GGB199ddf458561,Gullah Geechee Biz,2026-08-02,"BUS000000,SEL000000,SOC002010","Gullah Geechee, African American, South Carolina, Lowcountry",3.99,USD,false,WORLD,GGB199ddf458561.epub
Encyclopedia Volume 46,,Darryl Elliott Brown,Encyclopedia Volume 46 — A Gullah Geechee Biz publication.,en,,GGB3024c1ef27f8,Gullah Geechee Biz,2026-08-02,"REF000000,SOC002010,HIS036120","Gullah Geechee, African American, South Carolina, Lowcountry",9.99,USD,false,WORLD,GGB3024c1ef27f8.epub
How to Develop a Growth Mindset,,Darryl Elliott Brown,How to Develop a Growth Mindset — A Gullah Geechee Biz publication.,en,,GGB840f69a69fba,Gullah Geechee Biz,2026-08-02,"BUS000000,SEL000000,SOC002010","Gullah Geechee, African American, South Carolina, Lowcountry",3.99,USD,false,WORLD,GGB840f69a69fba.epub
Encyclopedia Volume 11,,Darryl Elliott Brown,Encyclopedia Volume 11 — A Gullah Geechee Biz publication.,en,,GGBbe9e1bcbe770,Gullah Geechee Biz,2026-08-02,"REF000000,SOC002010,HIS036120","Gullah Geechee, African American, South Carolina, Lowcountry",9.99,USD,false,WORLD,GGBbe9e1bcbe770.epub
How to Make Rice Pudding,,Darryl Elliott Brown,How to Make Rice Pudding — A Gullah Geechee Biz publication.,en,,GGB2b7d737a3f7b,Gullah Geechee Biz,2026-08-02,"BUS000000,SEL000000,SOC002010","Gullah Geechee, African American, South Carolina, Lowcountry",3.99,USD,false,WORLD,GGB2b7d737a3f7b.epub
KDP Draft — How to Cook Collard Greens the Right Way,,Darryl Elliott Brown,KDP Draft — How to Cook Collard Greens the Right Way — A Gullah Geechee Biz publication.,en,,GGB92ef9ab422f1,Gullah Geechee Biz,2026-08-02,"CKB000000,SOC002010,HIS036120","Gullah Geechee, African American, South Carolina, Lowcountry",3.99,USD,false,WORLD,GGB92ef9ab422f1.epub
KDP Draft — The Gullah Geechee Guide to Yearning,,Darryl Elliott Brown,KDP Draft — The Gullah Geechee Guide to Yearning — A Gullah Geechee Biz publication.,en,,GGBd9fe9b51ec1c,Gullah Geechee Biz,2026-08-02,"BUS000000,SEL000000,SOC002010","Gullah Geechee, African American, South Carolina, Lowcountry",3.99,USD,false,WORLD,GGBd9fe9b51ec1c.epub
KDP Draft — How to Cook Lowcountry Boil,,Darryl Elliott Brown,KDP Draft — How to Cook Lowcountry Boil — A Gullah Geechee Biz publication.,en,,GGBe3b3015dd2b8,Gullah Geechee Biz,2026-08-02,"CKB000000,SOC002010,HIS036120","Gullah Geechee, African American, South Carolina, Lowcountry",3.99,USD,false,WORLD,GGBe3b3015dd2b8.epub
Gullah Geechee Appetizers,,Darryl Elliott Brown,Gullah Geechee Appetizers — A Gullah Geechee Biz publication.,en,,GGB1d9c3f0ced6a,Gullah Geechee Biz,2026-08-02,"BUS000000,SEL000000,SOC002010","Gullah Geechee, African American, South Carolina, Lowcountry",3.99,USD,false,WORLD,GGB1d9c3f0ced6a.epub
KDP Draft — How to Create a Product Launch Plan,,Darryl Elliott Brown,KDP Draft — How to Create a Product Launch Plan — A Gullah Geechee Biz publication.,en,,GGB9253a2b8bbcf,Gullah Geechee Biz,2026-08-02,"BUS000000,SEL000000,SOC002010","Gullah Geechee, African American, South Carolina, Lowcountry",3.99,USD,false,WORLD,GGB9253a2b8bbcf.epub
KDP Draft — How to Build Unshakeable Confidence,,Darryl Elliott Brown,KDP Draft — How to Build Unshakeable Confidence — A Gullah Geechee Biz publication.,en,,GGBf494eeeb0050,Gullah Geechee Biz,2026-08-02,"BUS000000,SEL000000,SOC002010","Gullah Geechee, African American, South Carolina, Lowcountry",3.99,USD,false,WORLD,GGBf494eeeb0050.epub
KDP Draft — How to Create a Personal Mission Statement,,Darryl Elliott Brown,KDP Draft — How to Create a Personal Mission Statement — A Gullah Geechee Biz publication.,en,,GGBc96fc5854555,Gullah Geechee Biz,2026-08-02,"BUS000000,SEL000000,SOC002010","Gullah Geechee, African American, South Carolina, Lowcountry",3.99,USD,false,WORLD,GGBc96fc5854555.epub
How to Cultivate Patience,,Darryl Elliott Brown,How to Cultivate Patience — A Gullah Geechee Biz publication.,en,,GGB640ad1a55989,Gullah Geechee Biz,2026-08-02,"BUS000000,SEL000000,SOC002010","Gullah Geechee, African American, South Carolina, Lowcountry",3.99,USD,false,WORLD,GGB640ad1a55989.epub
Encyclopedia Volume 22,,Darryl Elliott Brown,Encyclopedia Volume 22 — A Gullah Geechee Biz publication.,en,,GGB82b1ff965932,Gullah Geechee Biz,2026-08-02,"REF000000,SOC002010,HIS036120","Gullah Geechee, African American, South Carolina, Lowcountry",9.99,USD,false,WORLD,GGB82b1ff965932.epub
KDP Draft — How to Set Boundaries That Stick,,Darryl Elliott Brown,KDP Draft — How to Set Boundaries That Stick — A Gullah Geechee Biz publication.,en,,GGB8d23e595b227,Gullah Geechee Biz,2026-08-02,"BUS000000,SEL000000,SOC002010","Gullah Geechee, African American, South Carolina, Lowcountry",3.99,USD,false,WORLD,GGB8d23e595b227.epub
How to Bake Sweet Potato Pie,,Darryl Elliott Brown,How to Bake Sweet Potato Pie — A Gullah Geechee Biz publication.,en,,GGB36552dceaa0c,Gullah Geechee Biz,2026-08-02,"BUS000000,SEL000000,SOC002010","Gullah Geechee, African American, South Carolina, Lowcountry",3.99,USD,false,WORLD,GGB36552dceaa0c.epub
How to Practice Mindful Living,,Darryl Elliott Brown,How to Practice Mindful Living — A Gullah Geechee Biz publication.,en,,GGBc4501338fb59,Gullah Geechee Biz,2026-08-02,"BUS000000,SEL000000,SOC002010","Gullah Geechee, African American, South Carolina, Lowcountry",3.99,USD,false,WORLD,GGBc4501338fb59.epub
How to Cook Gullah Pork Chops,,Darryl Elliott Brown,How to Cook Gullah Pork Chops — A Gullah Geechee Biz publication.,en,,GGB285005d9ddf6,Gullah Geechee Biz,2026-08-02,"CKB000000,SOC002010,HIS036120","Gullah Geechee, African American, South Carolina, Lowcountry",3.99,USD,false,WORLD,GGB285005d9ddf6.epub
How to Stay Motivated Every Day,,Darryl Elliott Brown,How to Stay Motivated Every Day — A Gullah Geechee Biz publication.,en,,GGB30278034125f,Gullah Geechee Biz,2026-08-02,"BUS000000,SEL000000,SOC002010","Gullah Geechee, African American, South Carolina, Lowcountry",3.99,USD,false,WORLD,GGB30278034125f.epub
How to Use AI in Your Business,,Darryl Elliott Brown,How to Use AI in Your Business — A Gullah Geechee Biz publication.,en,,GGB7afabc51fad5,Gullah Geechee Biz,2026-08-02,"BUS000000,SEL000000,SOC002010","Gullah Geechee, African American, South Carolina, Lowcountry",3.99,USD,false,WORLD,GGB7afabc51fad5.epub
How to Break Bad Habits Forever,,Darryl Elliott Brown,How to Break Bad Habits Forever — A Gullah Geechee Biz publication.,en,,GGB4a434abc7466,Gullah Geechee Biz,2026-08-02,"BUS000000,SEL000000,SOC002010","Gullah Geechee, African American, South Carolina, Lowcountry",3.99,USD,false,WORLD,GGB4a434abc7466.epub
Gullah Geechee Appetizers,,Darryl Elliott Brown,Gullah Geechee Appetizers — A Gullah Geechee Biz publication.,en,,GGB1bbb5b26bca7,Gullah Geechee Biz,2026-08-02,"BUS000000,SEL000000,SOC002010","Gullah Geechee, African American, South Carolina, Lowcountry",3.99,USD,false,WORLD,GGB1bbb5b26bca7.epub
How to Make Gullah Breads,,Darryl Elliott Brown,How to Make Gullah Breads — A Gullah Geechee Biz publication.,en,,GGBc89b863d3717,Gullah Geechee Biz,2026-08-02,"BUS000000,SEL000000,SOC002010","Gullah Geechee, African American, South Carolina, Lowcountry",3.99,USD,false,WORLD,GGBc89b863d3717.epub
Encyclopedia Volume 16,,Darryl Elliott Brown,Encyclopedia Volume 16 — A Gullah Geechee Biz publication.,en,,GGBd559d9f6f74d,Gullah Geechee Biz,2026-08-02,"REF000000,SOC002010,HIS036120","Gullah Geechee, African American, South Carolina, Lowcountry",9.99,USD,false,WORLD,GGBd559d9f6f74d.epub
KDP Draft — How to Master Cast Iron Cooking,,Darryl Elliott Brown,KDP Draft — How to Master Cast Iron Cooking — A Gullah Geechee Biz publication.,en,,GGB16673bf5314f,Gullah Geechee Biz,2026-08-02,"CKB000000,SOC002010,HIS036120","Gullah Geechee, African American, South Carolina, Lowcountry",3.99,USD,false,WORLD,GGB16673bf5314f.epub
How to Forgive Yourself and Move On,,Darryl Elliott Brown,How to Forgive Yourself and Move On — A Gullah Geechee Biz publication.,en,,GGB90dccd8344f3,Gullah Geechee Biz,2026-08-02,"BUS000000,SEL000000,SOC002010","Gullah Geechee, African American, South Carolina, Lowcountry",3.99,USD,false,WORLD,GGB90dccd8344f3.epub
KDP Draft — How to Create a Customer Journey Map,,Darryl Elliott Brown,KDP Draft — How to Create a Customer Journey Map — A Gullah Geechee Biz publication.,en,,GGBc2b8605e1708,Gullah Geechee Biz,2026-08-02,"BUS000000,SEL000000,SOC002010","Gullah Geechee, African American, South Carolina, Lowcountry",3.99,USD,false,WORLD,GGBc2b8605e1708.epub
How to Develop a Growth Mindset,,Darryl Elliott Brown,How to Develop a Growth Mindset — A Gullah Geechee Biz publication.,en,,GGB40c5744c026b,Gullah Geechee Biz,2026-08-02,"BUS000000,SEL000000,SOC002010","Gullah Geechee, African American, South Carolina, Lowcountry",3.99,USD,false,WORLD,GGB40c5744c026b.epub
How to Build a Personal Brand,,Darryl Elliott Brown,How to Build a Personal Brand — A Gullah Geechee Biz publication.,en,,GGBd38e5f6bed99,Gullah Geechee Biz,2026-08-02,"BUS000000,SEL000000,SOC002010","Gullah Geechee, African American, South Carolina, Lowcountry",3.99,USD,false,WORLD,GGBd38e5f6bed99.epub
KDP Draft — How to Live with Intention,,Darryl Elliott Brown,KDP Draft — How to Live with Intention — A Gullah Geechee Biz publication.,en,,GGB3cca774bca52,Gullah Geechee Biz,2026-08-02,"BUS000000,SEL000000,SOC002010","Gullah Geechee, African American, South Carolina, Lowcountry",3.99,USD,false,WORLD,GGB3cca774bca52.epub
Encyclopedia Volume 24,,Darryl Elliott Brown,Encyclopedia Volume 24 — A Gullah Geechee Biz publication.,en,,GGB788574d6cc5f,Gullah Geechee Biz,2026-08-02,"REF000000,SOC002010,HIS036120","Gullah Geechee, African American, South Carolina, Lowcountry",9.99,USD,false,WORLD,GGB788574d6cc5f.epub
KDP Draft — How to Cook Benne Chicken,,Darryl Elliott Brown,KDP Draft — How to Cook Benne Chicken — A Gullah Geechee Biz publication.,en,,GGB477b732715fd,Gullah Geechee Biz,2026-08-02,"CKB000000,SOC002010,HIS036120","Gullah Geechee, African American, South Carolina, Lowcountry",3.99,USD,false,WORLD,GGB477b732715fd.epub
How to Create a Customer Journey Map,,Darryl Elliott Brown,How to Create a Customer Journey Map — A Gullah Geechee Biz publication.,en,,GGB78dae353a462,Gullah Geechee Biz,2026-08-02,"BUS000000,SEL000000,SOC002010","Gullah Geechee, African American, South Carolina, Lowcountry",3.99,USD,false,WORLD,GGB78dae353a462.epub
How to Build Strategic Partnerships,,Darryl Elliott Brown,How to Build Strategic Partnerships — A Gullah Geechee Biz publication.,en,,GGB08a6c24b361d,Gullah Geechee Biz,2026-08-02,"BUS000000,SEL000000,SOC002010","Gullah Geechee, African American, South Carolina, Lowcountry",3.99,USD,false,WORLD,GGB08a6c24b361d.epub
Encyclopedia Volume 17,,Darryl Elliott Brown,Encyclopedia Volume 17 — A Gullah Geechee Biz publication.,en,,GGBf6f743964369,Gullah Geechee Biz,2026-08-02,"REF000000,SOC002010,HIS036120","Gullah Geechee, African American, South Carolina, Lowcountry",9.99,USD,false,WORLD,GGBf6f743964369.epub
KDP Draft — How to Let Go of Perfectionism,,Darryl Elliott Brown,KDP Draft — How to Let Go of Perfectionism — A Gullah Geechee Biz publication.,en,,GGBcfde3b18c018,Gullah Geechee Biz,2026-08-02,"BUS000000,SEL000000,SOC002010","Gullah Geechee, African American, South Carolina, Lowcountry",3.99,USD,false,WORLD,GGBcfde3b18c018.epub
KDP Draft — How to Master Public Speaking,,Darryl Elliott Brown,KDP Draft — How to Master Public Speaking — A Gullah Geechee Biz publication.,en,,GGBf9d81f27a728,Gullah Geechee Biz,2026-08-02,"BUS000000,SEL000000,SOC002010","Gullah Geechee, African American, South Carolina, Lowcountry",3.99,USD,false,WORLD,GGBf9d81f27a728.epub
How to Build Strategic Partnerships,,Darryl Elliott Brown,How to Build Strategic Partnerships — A Gullah Geechee Biz publication.,en,,GGBc229001645c9,Gullah Geechee Biz,2026-08-02,"BUS000000,SEL000000,SOC002010","Gullah Geechee, African American, South Carolina, Lowcountry",3.99,USD,false,WORLD,GGBc229001645c9.epub
KDP Draft — How to Cook Lowcountry Boil,,Darryl Elliott Brown,KDP Draft — How to Cook Lowcountry Boil — A Gullah Geechee Biz publication.,en,,GGB521bae50b886,Gullah Geechee Biz,2026-08-02,"CKB000000,SOC002010,HIS036120","Gullah Geechee, African American, South Carolina, Lowcountry",3.99,USD,false,WORLD,GGB521bae50b886.epub
How to Build Simplicity,,Darryl Elliott Brown,How to Build Simplicity — A Gullah Geechee Biz publication.,en,,GGB3291319d22b2,Gullah Geechee Biz,2026-08-02,"BUS000000,SEL000000,SOC002010","Gullah Geechee, African American, South Carolina, Lowcountry",3.99,USD,false,WORLD,GGB3291319d22b2.epub
KDP Draft — How to Set Boundaries That Stick,,Darryl Elliott Brown,KDP Draft — How to Set Boundaries That Stick — A Gullah Geechee Biz publication.,en,,GGB47e1bd988ed4,Gullah Geechee Biz,2026-08-02,"BUS000000,SEL000000,SOC002010","Gullah Geechee, African American, South Carolina, Lowcountry",3.99,USD,false,WORLD,GGB47e1bd988ed4.epub
Encyclopedia Volume 19,,Darryl Elliott Brown,Encyclopedia Volume 19 — A Gullah Geechee Biz publication.,en,,GGBa1e0131a0b7b,Gullah Geechee Biz,2026-08-02,"REF000000,SOC002010,HIS036120","Gullah Geechee, African American, South Carolina, Lowcountry",9.99,USD,false,WORLD,GGBa1e0131a0b7b.epub
KDP Draft — How to Make Pickled Shrimp,,Darryl Elliott Brown,KDP Draft — How to Make Pickled Shrimp — A Gullah Geechee Biz publication.,en,,GGBf4bf7b883020,Gullah Geechee Biz,2026-08-02,"BUS000000,SEL000000,SOC002010","Gullah Geechee, African American, South Carolina, Lowcountry",3.99,USD,false,WORLD,GGBf4bf7b883020.epub
KDP Draft — How to Forgive Yourself and Move On,,Darryl Elliott Brown,KDP Draft — How to Forgive Yourself and Move On — A Gullah Geechee Biz publication.,en,,GGBfe785d23669b,Gullah Geechee Biz,2026-08-02,"BUS000000,SEL000000,SOC002010","Gullah Geechee, African American, South Carolina, Lowcountry",3.99,USD,false,WORLD,GGBfe785d23669b.epub
Encyclopedia Volume 36,,Darryl Elliott Brown,Encyclopedia Volume 36 — A Gullah Geechee Biz publication.,en,,GGBf0e9ecd49a85,Gullah Geechee Biz,2026-08-02,"REF000000,SOC002010,HIS036120","Gullah Geechee, African American, South Carolina, Lowcountry",9.99,USD,false,WORLD,GGBf0e9ecd49a85.epub
How to Start a Side Hustle,,Darryl Elliott Brown,How to Start a Side Hustle — A Gullah Geechee Biz publication.,en,,GGBfecf1f69f9a0,Gullah Geechee Biz,2026-08-02,"BUS000000,SEL000000,SOC002010","Gullah Geechee, African American, South Carolina, Lowcountry",3.99,USD,false,WORLD,GGBfecf1f69f9a0.epub
KDP Draft — How to Stop People-Pleasing,,Darryl Elliott Brown,KDP Draft — How to Stop People-Pleasing — A Gullah Geechee Biz publication.,en,,GGB921368049cc3,Gullah Geechee Biz,2026-08-02,"BUS000000,SEL000000,SOC002010","Gullah Geechee, African American, South Carolina, Lowcountry",3.99,USD,false,WORLD,GGB921368049cc3.epub
KDP Draft — How to Build a Digital Product Empire,,Darryl Elliott Brown,KDP Draft — How to Build a Digital Product Empire — A Gullah Geechee Biz publication.,en,,GGB717f9e57ff97,Gullah Geechee Biz,2026-08-02,"BUS000000,SEL000000,SOC002010","Gullah Geechee, African American, South Carolina, Lowcountry",3.99,USD,false,WORLD,GGB717f9e57ff97.epub
How to Build a Website on a Budget,,Darryl Elliott Brown,How to Build a Website on a Budget — A Gullah Geechee Biz publication.,en,,GGB961cd7b5de02,Gullah Geechee Biz,2026-08-02,"BUS000000,SEL000000,SOC002010","Gullah Geechee, African American, South Carolina, Lowcountry",3.99,USD,false,WORLD,GGB961cd7b5de02.epub
Encyclopedia Volume 15,,Darryl Elliott Brown,Encyclopedia Volume 15 — A Gullah Geechee Biz publication.,en,,GGB0713f5b74887,Gullah Geechee Biz,2026-08-02,"REF000000,SOC002010,HIS036120","Gullah Geechee, African American, South Carolina, Lowcountry",9.99,USD,false,WORLD,GGB0713f5b74887.epub
KDP Draft — How to Make Benne Wafers,,Darryl Elliott Brown,KDP Draft — How to Make Benne Wafers — A Gullah Geechee Biz publication.,en,,GGB8e18771325c2,Gullah Geechee Biz,2026-08-02,"BUS000000,SEL000000,SOC002010","Gullah Geechee, African American, South Carolina, Lowcountry",3.99,USD,false,WORLD,GGB8e18771325c2.epub
How to Build an Email List from Scratch,,Darryl Elliott Brown,How to Build an Email List from Scratch — A Gullah Geechee Biz publication.,en,,GGB026bc4c5e776,Gullah Geechee Biz,2026-08-02,"BUS000000,SEL000000,SOC002010","Gullah Geechee, African American, South Carolina, Lowcountry",3.99,USD,false,WORLD,GGB026bc4c5e776.epub
How to Overcome Fear of Failure,,Darryl Elliott Brown,How to Overcome Fear of Failure — A Gullah Geechee Biz publication.,en,,GGBb7e2600f8b3c,Gullah Geechee Biz,2026-08-02,"BUS000000,SEL000000,SOC002010","Gullah Geechee, African American, South Carolina, Lowcountry",3.99,USD,false,WORLD,GGBb7e2600f8b3c.epub
Encyclopedia Volume 20,,Darryl Elliott Brown,Encyclopedia Volume 20 — A Gullah Geechee Biz publication.,en,,GGB021e296778a2,Gullah Geechee Biz,2026-08-02,"REF000000,SOC002010,HIS036120","Gullah Geechee, African American, South Carolina, Lowcountry",9.99,USD,false,WORLD,GGB021e296778a2.epub
KDP Draft — Gullah Geechee Condiments,,Darryl Elliott Brown,KDP Draft — Gullah Geechee Condiments — A Gullah Geechee Biz publication.,en,,GGB36a76f31363f,Gullah Geechee Biz,2026-08-02,"BUS000000,SEL000000,SOC002010","Gullah Geechee, African American, South Carolina, Lowcountry",3.99,USD,false,WORLD,GGB36a76f31363f.epub
How to Practice Self-Compassion,,Darryl Elliott Brown,How to Practice Self-Compassion — A Gullah Geechee Biz publication.,en,,GGB705c7dbadf7b,Gullah Geechee Biz,2026-08-02,"BUS000000,SEL000000,SOC002010","Gullah Geechee, African American, South Carolina, Lowcountry",3.99,USD,false,WORLD,GGB705c7dbadf7b.epub
KDP Draft — How to Cook with Seasonal Lowcountry Ingredients,,Darryl Elliott Brown,KDP Draft — How to Cook with Seasonal Lowcountry Ingredients — A Gullah Geechee Biz publication.,en,,GGB5b8fb7e16271,Gullah Geechee Biz,2026-08-02,"CKB000000,SOC002010,HIS036120","Gullah Geechee, African American, South Carolina, Lowcountry",3.99,USD,false,WORLD,GGB5b8fb7e16271.epub
How to Create a Product Launch Plan,,Darryl Elliott Brown,How to Create a Product Launch Plan — A Gullah Geechee Biz publication.,en,,GGB397ea1312847,Gullah Geechee Biz,2026-08-02,"BUS000000,SEL000000,SOC002010","Gullah Geechee, African American, South Carolina, Lowcountry",3.99,USD,false,WORLD,GGB397ea1312847.epub
How to Cook Gullah Cabbage,,Darryl Elliott Brown,How to Cook Gullah Cabbage — A Gullah Geechee Biz publication.,en,,GGB01e26075ce7a,Gullah Geechee Biz,2026-08-02,"CKB000000,SOC002010,HIS036120","Gullah Geechee, African American, South Carolina, Lowcountry",3.99,USD,false,WORLD,GGB01e26075ce7a.epub
KDP Draft — How to Price Your Products or Services,,Darryl Elliott Brown,KDP Draft — How to Price Your Products or Services — A Gullah Geechee Biz publication.,en,,GGB7029120b0748,Gullah Geechee Biz,2026-08-02,"BUS000000,SEL000000,SOC002010","Gullah Geechee, African American, South Carolina, Lowcountry",3.99,USD,false,WORLD,GGB7029120b0748.epub
How to Build a Remote Team,,Darryl Elliott Brown,How to Build a Remote Team — A Gullah Geechee Biz publication.,en,,GGB8d703191a3b0,Gullah Geechee Biz,2026-08-02,"BUS000000,SEL000000,SOC002010","Gullah Geechee, African American, South Carolina, Lowcountry",3.99,USD,false,WORLD,GGB8d703191a3b0.epub
How to Build an Email List from Scratch,,Darryl Elliott Brown,How to Build an Email List from Scratch — A Gullah Geechee Biz publication.,en,,GGBfe9abcb25b58,Gullah Geechee Biz,2026-08-02,"BUS000000,SEL000000,SOC002010","Gullah Geechee, African American, South Carolina, Lowcountry",3.99,USD,false,WORLD,GGBfe9abcb25b58.epub
Sweetgrass Basket,,Darryl Elliott Brown,Sweetgrass Basket — A Gullah Geechee Biz publication.,en,,GGB483dfd5d6d38,Gullah Geechee Biz,2026-08-02,"BUS000000,SEL000000,SOC002010","Gullah Geechee, African American, South Carolina, Lowcountry",3.99,USD,false,WORLD,GGB483dfd5d6d38.epub
KDP Draft — How to Master Cast Iron Cooking,,Darryl Elliott Brown,KDP Draft — How to Master Cast Iron Cooking — A Gullah Geechee Biz publication.,en,,GGB3c8d99d2c1db,Gullah Geechee Biz,2026-08-02,"CKB000000,SOC002010,HIS036120","Gullah Geechee, African American, South Carolina, Lowcountry",3.99,USD,false,WORLD,GGB3c8d99d2c1db.epub
KDP Draft — How to Develop a Growth Mindset,,Darryl Elliott Brown,KDP Draft — How to Develop a Growth Mindset — A Gullah Geechee Biz publication.,en,,GGB1db999fcf066,Gullah Geechee Biz,2026-08-02,"BUS000000,SEL000000,SOC002010","Gullah Geechee, African American, South Carolina, Lowcountry",3.99,USD,false,WORLD,GGB1db999fcf066.epub
KDP Draft — How to Make Authentic Shrimp and Grits,,Darryl Elliott Brown,KDP Draft — How to Make Authentic Shrimp and Grits — A Gullah Geechee Biz publication.,en,,GGB7bc0bad98ad9,Gullah Geechee Biz,2026-08-02,"BUS000000,SEL000000,SOC002010","Gullah Geechee, African American, South Carolina, Lowcountry",3.99,USD,false,WORLD,GGB7bc0bad98ad9.epub
How to Build Healthy Relationships,,Darryl Elliott Brown,How to Build Healthy Relationships — A Gullah Geechee Biz publication.,en,,GGBea5647315be1,Gullah Geechee Biz,2026-08-02,"BUS000000,SEL000000,SOC002010","Gullah Geechee, African American, South Carolina, Lowcountry",3.99,USD,false,WORLD,GGBea5647315be1.epub
How to Make Gullah Potato Salad,,Darryl Elliott Brown,How to Make Gullah Potato Salad — A Gullah Geechee Biz publication.,en,,GGBa9532950a9e3,Gullah Geechee Biz,2026-08-02,"BUS000000,SEL000000,SOC002010","Gullah Geechee, African American, South Carolina, Lowcountry",3.99,USD,false,WORLD,GGBa9532950a9e3.epub
KDP Draft — How to Make Gullah Soups and Stews,,Darryl Elliott Brown,KDP Draft — How to Make Gullah Soups and Stews — A Gullah Geechee Biz publication.,en,,GGB5602dcabedff,Gullah Geechee Biz,2026-08-02,"BUS000000,SEL000000,SOC002010","Gullah Geechee, African American, South Carolina, Lowcountry",3.99,USD,false,WORLD,GGB5602dcabedff.epub
How to Build a Digital Product Empire,,Darryl Elliott Brown,How to Build a Digital Product Empire — A Gullah Geechee Biz publication.,en,,GGB7d86edd90c1d,Gullah Geechee Biz,2026-08-02,"BUS000000,SEL000000,SOC002010","Gullah Geechee, African American, South Carolina, Lowcountry",3.99,USD,false,WORLD,GGB7d86edd90c1d.epub
How to Create a Content Strategy,,Darryl Elliott Brown,How to Create a Content Strategy — A Gullah Geechee Biz publication.,en,,GGB6e8bc550f9f0,Gullah Geechee Biz,2026-08-02,"BUS000000,SEL000000,SOC002010","Gullah Geechee, African American, South Carolina, Lowcountry",3.99,USD,false,WORLD,GGB6e8bc550f9f0.epub
KDP Draft — How to Create a Marketing Funnel,,Darryl Elliott Brown,KDP Draft — How to Create a Marketing Funnel — A Gullah Geechee Biz publication.,en,,GGB5cb0c97d70f9,Gullah Geechee Biz,2026-08-02,"BUS000000,SEL000000,SOC002010","Gullah Geechee, African American, South Carolina, Lowcountry",3.99,USD,false,WORLD,GGB5cb0c97d70f9.epub
KDP Draft — How to Manage Business Finances,,Darryl Elliott Brown,KDP Draft — How to Manage Business Finances — A Gullah Geechee Biz publication.,en,,GGB4b8c83ba9eb1,Gullah Geechee Biz,2026-08-02,"BUS000000,SEL000000,SOC002010","Gullah Geechee, African American, South Carolina, Lowcountry",3.99,USD,false,WORLD,GGB4b8c83ba9eb1.epub
How to Cook Collard Greens the Right Way,,Darryl Elliott Brown,How to Cook Collard Greens the Right Way — A Gullah Geechee Biz publication.,en,,GGB1a4ff3f1e535,Gullah Geechee Biz,2026-08-02,"CKB000000,SOC002010,HIS036120","Gullah Geechee, African American, South Carolina, Lowcountry",3.99,USD,false,WORLD,GGB1a4ff3f1e535.epub
How to Find Inner Peace,,Darryl Elliott Brown,How to Find Inner Peace — A Gullah Geechee Biz publication.,en,,GGB45117cb9b60c,Gullah Geechee Biz,2026-08-02,"BUS000000,SEL000000,SOC002010","Gullah Geechee, African American, South Carolina, Lowcountry",3.99,USD,false,WORLD,GGB45117cb9b60c.epub
How to Find Your Purpose,,Darryl Elliott Brown,How to Find Your Purpose — A Gullah Geechee Biz publication.,en,,GGBe33e0e7dc9cb,Gullah Geechee Biz,2026-08-02,"BUS000000,SEL000000,SOC002010","Gullah Geechee, African American, South Carolina, Lowcountry",3.99,USD,false,WORLD,GGBe33e0e7dc9cb.epub
How to Fry the Perfect Fish,,Darryl Elliott Brown,How to Fry the Perfect Fish — A Gullah Geechee Biz publication.,en,,GGB53ba6fd82b1d,Gullah Geechee Biz,2026-08-02,"BUS000000,SEL000000,SOC002010","Gullah Geechee, African American, South Carolina, Lowcountry",3.99,USD,false,WORLD,GGB53ba6fd82b1d.epub
How to Make Hoppin' John for New Year's,,Darryl Elliott Brown,How to Make Hoppin' John for New Year's — A Gullah Geechee Biz publication.,en,,GGBc51989081b7b,Gullah Geechee Biz,2026-08-02,"BUS000000,SEL000000,SOC002010","Gullah Geechee, African American, South Carolina, Lowcountry",3.99,USD,false,WORLD,GGBc51989081b7b.epub
KDP Draft — How to Practice Self-Compassion,,Darryl Elliott Brown,KDP Draft — How to Practice Self-Compassion — A Gullah Geechee Biz publication.,en,,GGBf96ed33cd045,Gullah Geechee Biz,2026-08-02,"BUS000000,SEL000000,SOC002010","Gullah Geechee, African American, South Carolina, Lowcountry",3.99,USD,false,WORLD,GGBf96ed33cd045.epub
KDP Draft — How to Make Gullah Breakfast,,Darryl Elliott Brown,KDP Draft — How to Make Gullah Breakfast — A Gullah Geechee Biz publication.,en,,GGB3553e7c38513,Gullah Geechee Biz,2026-08-02,"BUS000000,SEL000000,SOC002010","Gullah Geechee, African American, South Carolina, Lowcountry",3.99,USD,false,WORLD,GGB3553e7c38513.epub
How to Write Copy That Sells,,Darryl Elliott Brown,How to Write Copy That Sells — A Gullah Geechee Biz publication.,en,,GGB19f7841f223a,Gullah Geechee Biz,2026-08-02,"BUS000000,SEL000000,SOC002010","Gullah Geechee, African American, South Carolina, Lowcountry",3.99,USD,false,WORLD,GGB19f7841f223a.epub
Encyclopedia Volume 34,,Darryl Elliott Brown,Encyclopedia Volume 34 — A Gullah Geechee Biz publication.,en,,GGB76a7824666e8,Gullah Geechee Biz,2026-08-02,"REF000000,SOC002010,HIS036120","Gullah Geechee, African American, South Carolina, Lowcountry",9.99,USD,false,WORLD,GGB76a7824666e8.epub
Gullah Geechee Business Planning,,Darryl Elliott Brown,Gullah Geechee Business Planning — A Gullah Geechee Biz publication.,en,,GGB00680e3ce46d,Gullah Geechee Biz,2026-08-02,"BUS000000,SEL000000,SOC002010","Gullah Geechee, African American, South Carolina, Lowcountry",3.99,USD,false,WORLD,GGB00680e3ce46d.epub
KDP Draft — How to Cook Gullah Cabbage,,Darryl Elliott Brown,KDP Draft — How to Cook Gullah Cabbage — A Gullah Geechee Biz publication.,en,,GGBbe6f974865cc,Gullah Geechee Biz,2026-08-02,"CKB000000,SOC002010,HIS036120","Gullah Geechee, African American, South Carolina, Lowcountry",3.99,USD,false,WORLD,GGBbe6f974865cc.epub
KDP Draft — How to Develop Emotional Intelligence,,Darryl Elliott Brown,KDP Draft — How to Develop Emotional Intelligence — A Gullah Geechee Biz publication.,en,,GGBf0c8165996e1,Gullah Geechee Biz,2026-08-02,"BUS000000,SEL000000,SOC002010","Gullah Geechee, African American, South Carolina, Lowcountry",3.99,USD,false,WORLD,GGBf0c8165996e1.epub
KDP Draft — How to Find Inner Peace,,Darryl Elliott Brown,KDP Draft — How to Find Inner Peace — A Gullah Geechee Biz publication.,en,,GGBc0385fcb1d39,Gullah Geechee Biz,2026-08-02,"BUS000000,SEL000000,SOC002010","Gullah Geechee, African American, South Carolina, Lowcountry",3.99,USD,false,WORLD,GGBc0385fcb1d39.epub
KDP Draft — How to Make Rice Pudding,,Darryl Elliott Brown,KDP Draft — How to Make Rice Pudding — A Gullah Geechee Biz publication.,en,,GGBd9ac8091c70c,Gullah Geechee Biz,2026-08-02,"BUS000000,SEL000000,SOC002010","Gullah Geechee, African American, South Carolina, Lowcountry",3.99,USD,false,WORLD,GGBd9ac8091c70c.epub
Encyclopedia Volume 04,,Darryl Elliott Brown,Encyclopedia Volume 04 — A Gullah Geechee Biz publication.,en,,GGB6d2ebbcb98da,Gullah Geechee Biz,2026-08-02,"REF000000,SOC002010,HIS036120","Gullah Geechee, African American, South Carolina, Lowcountry",9.99,USD,false,WORLD,GGB6d2ebbcb98da.epub
KDP Draft — How to Cook Gullah Pork Chops,,Darryl Elliott Brown,KDP Draft — How to Cook Gullah Pork Chops — A Gullah Geechee Biz publication.,en,,GGB8c017890d268,Gullah Geechee Biz,2026-08-02,"CKB000000,SOC002010,HIS036120","Gullah Geechee, African American, South Carolina, Lowcountry",3.99,USD,false,WORLD,GGB8c017890d268.epub
How to Bake Buttermilk Cornbread,,Darryl Elliott Brown,How to Bake Buttermilk Cornbread — A Gullah Geechee Biz publication.,en,,GGB33526133b7d4,Gullah Geechee Biz,2026-08-02,"BUS000000,SEL000000,SOC002010","Gullah Geechee, African American, South Carolina, Lowcountry",3.99,USD,false,WORLD,GGB33526133b7d4.epub
KDP Draft — How to Build a Community Around Your Brand,,Darryl Elliott Brown,KDP Draft — How to Build a Community Around Your Brand — A Gullah Geechee Biz publication.,en,,GGB9c642093592c,Gullah Geechee Biz,2026-08-02,"BUS000000,SEL000000,SOC002010","Gullah Geechee, African American, South Carolina, Lowcountry",3.99,USD,false,WORLD,GGB9c642093592c.epub
How to Find Your Purpose,,Darryl Elliott Brown,How to Find Your Purpose — A Gullah Geechee Biz publication.,en,,GGB8618669feab6,Gullah Geechee Biz,2026-08-02,"BUS000000,SEL000000,SOC002010","Gullah Geechee, African American, South Carolina, Lowcountry",3.99,USD,false,WORLD,GGB8618669feab6.epub
Encyclopedia Volume 03,,Darryl Elliott Brown,Encyclopedia Volume 03 — A Gullah Geechee Biz publication.,en,,GGB212d13babee4,Gullah Geechee Biz,2026-08-02,"REF000000,SOC002010,HIS036120","Gullah Geechee, African American, South Carolina, Lowcountry",9.99,USD,false,WORLD,GGB212d13babee4.epub
KDP Draft — How to Build a Website on a Budget,,Darryl Elliott Brown,KDP Draft — How to Build a Website on a Budget — A Gullah Geechee Biz publication.,en,,GGB377462df5541,Gullah Geechee Biz,2026-08-02,"BUS000000,SEL000000,SOC002010","Gullah Geechee, African American, South Carolina, Lowcountry",3.99,USD,false,WORLD,GGB377462df5541.epub
Encyclopedia Volume 31,,Darryl Elliott Brown,Encyclopedia Volume 31 — A Gullah Geechee Biz publication.,en,,GGB0936c03b3035,Gullah Geechee Biz,2026-08-02,"REF000000,SOC002010,HIS036120","Gullah Geechee, African American, South Carolina, Lowcountry",9.99,USD,false,WORLD,GGB0936c03b3035.epub
KDP Draft — How to Build Strategic Partnerships,,Darryl Elliott Brown,KDP Draft — How to Build Strategic Partnerships — A Gullah Geechee Biz publication.,en,,GGB0512a48c80d2,Gullah Geechee Biz,2026-08-02,"BUS000000,SEL000000,SOC002010","Gullah Geechee, African American, South Carolina, Lowcountry",3.99,USD,false,WORLD,GGB0512a48c80d2.epub
KDP Draft — How to Forgive Yourself and Move On,,Darryl Elliott Brown,KDP Draft — How to Forgive Yourself and Move On — A Gullah Geechee Biz publication.,en,,GGB11b5fc5cd9cd,Gullah Geechee Biz,2026-08-02,"BUS000000,SEL000000,SOC002010","Gullah Geechee, African American, South Carolina, Lowcountry",3.99,USD,false,WORLD,GGB11b5fc5cd9cd.epub
How to Master Cast Iron Cooking,,Darryl Elliott Brown,How to Master Cast Iron Cooking — A Gullah Geechee Biz publication.,en,,GGBa8a831450b36,Gullah Geechee Biz,2026-08-02,"CKB000000,SOC002010,HIS036120","Gullah Geechee, African American, South Carolina, Lowcountry",3.99,USD,false,WORLD,GGBa8a831450b36.epub
How to Master Business Storytelling,,Darryl Elliott Brown,How to Master Business Storytelling — A Gullah Geechee Biz publication.,en,,GGB7c74653371ea,Gullah Geechee Biz,2026-08-02,"BUS000000,SEL000000,SOC002010","Gullah Geechee, African American, South Carolina, Lowcountry",3.99,USD,false,WORLD,GGB7c74653371ea.epub
How to Cook Gullah Vegetables,,Darryl Elliott Brown,How to Cook Gullah Vegetables — A Gullah Geechee Biz publication.,en,,GGB79c1eebdf91f,Gullah Geechee Biz,2026-08-02,"CKB000000,SOC002010,HIS036120","Gullah Geechee, African American, South Carolina, Lowcountry",3.99,USD,false,WORLD,GGB79c1eebdf91f.epub
How to Overcome Fear of Failure,,Darryl Elliott Brown,How to Overcome Fear of Failure — A Gullah Geechee Biz publication.,en,,GGB6dbb186a188c,Gullah Geechee Biz,2026-08-02,"BUS000000,SEL000000,SOC002010","Gullah Geechee, African American, South Carolina, Lowcountry",3.99,USD,false,WORLD,GGB6dbb186a188c.epub
How to Create a Content Strategy,,Darryl Elliott Brown,How to Create a Content Strategy — A Gullah Geechee Biz publication.,en,,GGB03281927d4c4,Gullah Geechee Biz,2026-08-02,"BUS000000,SEL000000,SOC002010","Gullah Geechee, African American, South Carolina, Lowcountry",3.99,USD,false,WORLD,GGB03281927d4c4.epub
KDP Draft — How to Build Unshakeable Confidence,,Darryl Elliott Brown,KDP Draft — How to Build Unshakeable Confidence — A Gullah Geechee Biz publication.,en,,GGB33191e579341,Gullah Geechee Biz,2026-08-02,"BUS000000,SEL000000,SOC002010","Gullah Geechee, African American, South Carolina, Lowcountry",3.99,USD,false,WORLD,GGB33191e579341.epub
Encyclopedia Volume 38,,Darryl Elliott Brown,Encyclopedia Volume 38 — A Gullah Geechee Biz publication.,en,,GGBac7119115d24,Gullah Geechee Biz,2026-08-02,"REF000000,SOC002010,HIS036120","Gullah Geechee, African American, South Carolina, Lowcountry",9.99,USD,false,WORLD,GGBac7119115d24.epub
How to Embrace Your Authentic Self,,Darryl Elliott Brown,How to Embrace Your Authentic Self — A Gullah Geechee Biz publication.,en,,GGB7460a91a7bd9,Gullah Geechee Biz,2026-08-02,"BUS000000,SEL000000,SOC002010","Gullah Geechee, African American, South Carolina, Lowcountry",3.99,USD,false,WORLD,GGB7460a91a7bd9.epub
Encyclopedia Volume 23,,Darryl Elliott Brown,Encyclopedia Volume 23 — A Gullah Geechee Biz publication.,en,,GGBbe5481f116b8,Gullah Geechee Biz,2026-08-02,"REF000000,SOC002010,HIS036120","Gullah Geechee, African American, South Carolina, Lowcountry",9.99,USD,false,WORLD,GGBbe5481f116b8.epub
KDP Draft — How to Network Like a Pro,,Darryl Elliott Brown,KDP Draft — How to Network Like a Pro — A Gullah Geechee Biz publication.,en,,GGBa6210bb1e501,Gullah Geechee Biz,2026-08-02,"BUS000000,SEL000000,SOC002010","Gullah Geechee, African American, South Carolina, Lowcountry",3.99,USD,false,WORLD,GGBa6210bb1e501.epub
KDP Draft — How to Scale Your Small Business,,Darryl Elliott Brown,KDP Draft — How to Scale Your Small Business — A Gullah Geechee Biz publication.,en,,GGB0746ee88e7ce,Gullah Geechee Biz,2026-08-02,"BUS000000,SEL000000,SOC002010","Gullah Geechee, African American, South Carolina, Lowcountry",3.99,USD,false,WORLD,GGB0746ee88e7ce.epub
KDP Draft — The Gullah Geechee Guide to Yearning,,Darryl Elliott Brown,KDP Draft — The Gullah Geechee Guide to Yearning — A Gullah Geechee Biz publication.,en,,GGBeb077a8880c0,Gullah Geechee Biz,2026-08-02,"BUS000000,SEL000000,SOC002010","Gullah Geechee, African American, South Carolina, Lowcountry",3.99,USD,false,WORLD,GGBeb077a8880c0.epub
How to Build a Subscription Business,,Darryl Elliott Brown,How to Build a Subscription Business — A Gullah Geechee Biz publication.,en,,GGBc4ba1c46602b,Gullah Geechee Biz,2026-08-02,"BUS000000,SEL000000,SOC002010","Gullah Geechee, African American, South Carolina, Lowcountry",3.99,USD,false,WORLD,GGBc4ba1c46602b.epub
KDP Draft — How to Build a Freelance Career,,Darryl Elliott Brown,KDP Draft — How to Build a Freelance Career — A Gullah Geechee Biz publication.,en,,GGB66cf749f44a3,Gullah Geechee Biz,2026-08-02,"BUS000000,SEL000000,SOC002010","Gullah Geechee, African American, South Carolina, Lowcountry",3.99,USD,false,WORLD,GGB66cf749f44a3.epub
KDP Draft — How to Build Resilience in Tough Times,,Darryl Elliott Brown,KDP Draft — How to Build Resilience in Tough Times — A Gullah Geechee Biz publication.,en,,GGB18a4ef7c0b19,Gullah Geechee Biz,2026-08-02,"BUS000000,SEL000000,SOC002010","Gullah Geechee, African American, South Carolina, Lowcountry",3.99,USD,false,WORLD,GGB18a4ef7c0b19.epub
KDP Draft — How to Build a Community Around Your Brand,,Darryl Elliott Brown,KDP Draft — How to Build a Community Around Your Brand — A Gullah Geechee Biz publication.,en,,GGB5c6b93722083,Gullah Geechee Biz,2026-08-02,"BUS000000,SEL000000,SOC002010","Gullah Geechee, African American, South Carolina, Lowcountry",3.99,USD,false,WORLD,GGB5c6b93722083.epub
Gullah Geechee Community Commerce,,Darryl Elliott Brown,Gullah Geechee Community Commerce — A Gullah Geechee Biz publication.,en,,GGB65cc770a3927,Gullah Geechee Biz,2026-08-02,"BUS000000,SEL000000,SOC002010","Gullah Geechee, African American, South Carolina, Lowcountry",3.99,USD,false,WORLD,GGB65cc770a3927.epub
KDP Draft — How to Price Your Products or Services,,Darryl Elliott Brown,KDP Draft — How to Price Your Products or Services — A Gullah Geechee Biz publication.,en,,GGBae28ec037022,Gullah Geechee Biz,2026-08-02,"BUS000000,SEL000000,SOC002010","Gullah Geechee, African American, South Carolina, Lowcountry",3.99,USD,false,WORLD,GGBae28ec037022.epub
How to Make Gullah Sauces and Seasonings,,Darryl Elliott Brown,How to Make Gullah Sauces and Seasonings — A Gullah Geechee Biz publication.,en,,GGB51a630593e8c,Gullah Geechee Biz,2026-08-02,"BUS000000,SEL000000,SOC002010","Gullah Geechee, African American, South Carolina, Lowcountry",3.99,USD,false,WORLD,GGB51a630593e8c.epub
KDP Draft — How to Create a Content Strategy,,Darryl Elliott Brown,KDP Draft — How to Create a Content Strategy — A Gullah Geechee Biz publication.,en,,GGB3a9cecba7d4a,Gullah Geechee Biz,2026-08-02,"BUS000000,SEL000000,SOC002010","Gullah Geechee, African American, South Carolina, Lowcountry",3.99,USD,false,WORLD,GGB3a9cecba7d4a.epub
Encyclopedia Volume 03,,Darryl Elliott Brown,Encyclopedia Volume 03 — A Gullah Geechee Biz publication.,en,,GGBaa092dcac620,Gullah Geechee Biz,2026-08-02,"REF000000,SOC002010,HIS036120","Gullah Geechee, African American, South Carolina, Lowcountry",9.99,USD,false,WORLD,GGBaa092dcac620.epub
How to Make Gullah Sauces and Seasonings,,Darryl Elliott Brown,How to Make Gullah Sauces and Seasonings — A Gullah Geechee Biz publication.,en,,GGBe53557593ded,Gullah Geechee Biz,2026-08-02,"BUS000000,SEL000000,SOC002010","Gullah Geechee, African American, South Carolina, Lowcountry",3.99,USD,false,WORLD,GGBe53557593ded.epub
KDP Draft — How to Build a Personal Brand,,Darryl Elliott Brown,KDP Draft — How to Build a Personal Brand — A Gullah Geechee Biz publication.,en,,GGB116adf89fd92,Gullah Geechee Biz,2026-08-02,"BUS000000,SEL000000,SOC002010","Gullah Geechee, African American, South Carolina, Lowcountry",3.99,USD,false,WORLD,GGB116adf89fd92.epub
How to Preserve Summer Vegetables,,Darryl Elliott Brown,How to Preserve Summer Vegetables — A Gullah Geechee Biz publication.,en,,GGB783ca93a7337,Gullah Geechee Biz,2026-08-02,"BUS000000,SEL000000,SOC002010","Gullah Geechee, African American, South Carolina, Lowcountry",3.99,USD,false,WORLD,GGB783ca93a7337.epub
How to Build Confidence,,Darryl Elliott Brown,How to Build Confidence — A Gullah Geechee Biz publication.,en,,GGB8264e631a23a,Gullah Geechee Biz,2026-08-02,"BUS000000,SEL000000,SOC002010","Gullah Geechee, African American, South Carolina, Lowcountry",3.99,USD,false,WORLD,GGB8264e631a23a.epub
How to Master Social Media Marketing,,Darryl Elliott Brown,How to Master Social Media Marketing — A Gullah Geechee Biz publication.,en,,GGB14fb0b067b21,Gullah Geechee Biz,2026-08-02,"BUS000000,SEL000000,SOC002010","Gullah Geechee, African American, South Carolina, Lowcountry",3.99,USD,false,WORLD,GGB14fb0b067b21.epub
KDP Draft — How to Cook Gullah Seafood,,Darryl Elliott Brown,KDP Draft — How to Cook Gullah Seafood — A Gullah Geechee Biz publication.,en,,GGB7372796f7365,Gullah Geechee Biz,2026-08-02,"CKB000000,SOC002010,HIS036120","Gullah Geechee, African American, South Carolina, Lowcountry",3.99,USD,false,WORLD,GGB7372796f7365.epub
How to Preserve Summer Vegetables,,Darryl Elliott Brown,How to Preserve Summer Vegetables — A Gullah Geechee Biz publication.,en,,GGB6b58519c2530,Gullah Geechee Biz,2026-08-02,"BUS000000,SEL000000,SOC002010","Gullah Geechee, African American, South Carolina, Lowcountry",3.99,USD,false,WORLD,GGB6b58519c2530.epub
How to Overcome Fear of Failure,,Darryl Elliott Brown,How to Overcome Fear of Failure — A Gullah Geechee Biz publication.,en,,GGB21285ce16e71,Gullah Geechee Biz,2026-08-02,"BUS000000,SEL000000,SOC002010","Gullah Geechee, African American, South Carolina, Lowcountry",3.99,USD,false,WORLD,GGB21285ce16e71.epub
How to Bake Buttermilk Cornbread,,Darryl Elliott Brown,How to Bake Buttermilk Cornbread — A Gullah Geechee Biz publication.,en,,GGB9fa9ac156800,Gullah Geechee Biz,2026-08-02,"BUS000000,SEL000000,SOC002010","Gullah Geechee, African American, South Carolina, Lowcountry",3.99,USD,false,WORLD,GGB9fa9ac156800.epub
KDP Draft — How to Master Business Storytelling,,Darryl Elliott Brown,KDP Draft — How to Master Business Storytelling — A Gullah Geechee Biz publication.,en,,GGB2129a57ff7b0,Gullah Geechee Biz,2026-08-02,"BUS000000,SEL000000,SOC002010","Gullah Geechee, African American, South Carolina, Lowcountry",3.99,USD,false,WORLD,GGB2129a57ff7b0.epub
KDP Draft — How to Master Social Media Marketing,,Darryl Elliott Brown,KDP Draft — How to Master Social Media Marketing — A Gullah Geechee Biz publication.,en,,GGBf46ef701f9ee,Gullah Geechee Biz,2026-08-02,"BUS000000,SEL000000,SOC002010","Gullah Geechee, African American, South Carolina, Lowcountry",3.99,USD,false,WORLD,GGBf46ef701f9ee.epub
How to Live with Intention,,Darryl Elliott Brown,How to Live with Intention — A Gullah Geechee Biz publication.,en,,GGB29d71d3e5424,Gullah Geechee Biz,2026-08-02,"BUS000000,SEL000000,SOC002010","Gullah Geechee, African American, South Carolina, Lowcountry",3.99,USD,false,WORLD,GGB29d71d3e5424.epub
Gullah Geechee Smoothies,,Darryl Elliott Brown,Gullah Geechee Smoothies — A Gullah Geechee Biz publication.,en,,GGBac3fb19a9d48,Gullah Geechee Biz,2026-08-02,"BUS000000,SEL000000,SOC002010","Gullah Geechee, African American, South Carolina, Lowcountry",3.99,USD,false,WORLD,GGBac3fb19a9d48.epub
How to Scale Your Small Business,,Darryl Elliott Brown,How to Scale Your Small Business — A Gullah Geechee Biz publication.,en,,GGBf0e8648c3c59,Gullah Geechee Biz,2026-08-02,"BUS000000,SEL000000,SOC002010","Gullah Geechee, African American, South Carolina, Lowcountry",3.99,USD,false,WORLD,GGBf0e8648c3c59.epub
How to Cook Gullah Vegetables,,Darryl Elliott Brown,How to Cook Gullah Vegetables — A Gullah Geechee Biz publication.,en,,GGBed94c0cf794d,Gullah Geechee Biz,2026-08-02,"CKB000000,SOC002010,HIS036120","Gullah Geechee, African American, South Carolina, Lowcountry",3.99,USD,false,WORLD,GGBed94c0cf794d.epub
The Gullah Geechee Guide to Harmony,,Darryl Elliott Brown,The Gullah Geechee Guide to Harmony — A Gullah Geechee Biz publication.,en,,GGB8a6a26634b9a,Gullah Geechee Biz,2026-08-02,"BUS000000,SEL000000,SOC002010","Gullah Geechee, African American, South Carolina, Lowcountry",3.99,USD,false,WORLD,GGB8a6a26634b9a.epub
KDP Draft — Gullah Geechee Condiments,,Darryl Elliott Brown,KDP Draft — Gullah Geechee Condiments — A Gullah Geechee Biz publication.,en,,GGB0c0fa19d095f,Gullah Geechee Biz,2026-08-02,"BUS000000,SEL000000,SOC002010","Gullah Geechee, African American, South Carolina, Lowcountry",3.99,USD,false,WORLD,GGB0c0fa19d095f.epub
How to Set Boundaries That Stick,,Darryl Elliott Brown,How to Set Boundaries That Stick — A Gullah Geechee Biz publication.,en,,GGBd33b341579ea,Gullah Geechee Biz,2026-08-02,"BUS000000,SEL000000,SOC002010","Gullah Geechee, African American, South Carolina, Lowcountry",3.99,USD,false,WORLD,GGBd33b341579ea.epub
KDP Draft — The Gullah Geechee Guide to Yearning,,Darryl Elliott Brown,KDP Draft — The Gullah Geechee Guide to Yearning — A Gullah Geechee Biz publication.,en,,GGB6c3254595588,Gullah Geechee Biz,2026-08-02,"BUS000000,SEL000000,SOC002010","Gullah Geechee, African American, South Carolina, Lowcountry",3.99,USD,false,WORLD,GGB6c3254595588.epub
How to Cultivate Daily Gratitude,,Darryl Elliott Brown,How to Cultivate Daily Gratitude — A Gullah Geechee Biz publication.,en,,GGB94ecb138a372,Gullah Geechee Biz,2026-08-02,"BUS000000,SEL000000,SOC002010","Gullah Geechee, African American, South Carolina, Lowcountry",3.99,USD,false,WORLD,GGB94ecb138a372.epub
How to Make Gullah Breakfast,,Darryl Elliott Brown,How to Make Gullah Breakfast — A Gullah Geechee Biz publication.,en,,GGB70157c09c6ae,Gullah Geechee Biz,2026-08-02,"BUS000000,SEL000000,SOC002010","Gullah Geechee, African American, South Carolina, Lowcountry",3.99,USD,false,WORLD,GGB70157c09c6ae.epub
Encyclopedia Volume 02,,Darryl Elliott Brown,Encyclopedia Volume 02 — A Gullah Geechee Biz publication.,en,,GGBbb5881535222,Gullah Geechee Biz,2026-08-02,"REF000000,SOC002010,HIS036120","Gullah Geechee, African American, South Carolina, Lowcountry",9.99,USD,false,WORLD,GGBbb5881535222.epub
Gullah Geechee Biz TV Spot,,Darryl Elliott Brown,Gullah Geechee Biz TV Spot — A Gullah Geechee Biz publication.,en,,GGBb29ef6f9ebac,Gullah Geechee Biz,2026-08-02,"BUS000000,SEL000000,SOC002010","Gullah Geechee, African American, South Carolina, Lowcountry",3.99,USD,false,WORLD,GGBb29ef6f9ebac.epub
How to Cultivate Patience,,Darryl Elliott Brown,How to Cultivate Patience — A Gullah Geechee Biz publication.,en,,GGBb09a736f31f2,Gullah Geechee Biz,2026-08-02,"BUS000000,SEL000000,SOC002010","Gullah Geechee, African American, South Carolina, Lowcountry",3.99,USD,false,WORLD,GGBb09a736f31f2.epub
KDP Draft — How to Make Authentic Shrimp and Grits,,Darryl Elliott Brown,KDP Draft — How to Make Authentic Shrimp and Grits — A Gullah Geechee Biz publication.,en,,GGB8c3289818cf3,Gullah Geechee Biz,2026-08-02,"BUS000000,SEL000000,SOC002010","Gullah Geechee, African American, South Carolina, Lowcountry",3.99,USD,false,WORLD,GGB8c3289818cf3.epub
Encyclopedia Volume 44,,Darryl Elliott Brown,Encyclopedia Volume 44 — A Gullah Geechee Biz publication.,en,,GGBab72860aba62,Gullah Geechee Biz,2026-08-02,"REF000000,SOC002010,HIS036120","Gullah Geechee, African American, South Carolina, Lowcountry",9.99,USD,false,WORLD,GGBab72860aba62.epub
KDP Draft — How to Make Mac and Cheese the Southern Way,,Darryl Elliott Brown,KDP Draft — How to Make Mac and Cheese the Southern Way — A Gullah Geechee Biz publication.,en,,GGB5fef93e8f5a9,Gullah Geechee Biz,2026-08-02,"BUS000000,SEL000000,SOC002010","Gullah Geechee, African American, South Carolina, Lowcountry",3.99,USD,false,WORLD,GGB5fef93e8f5a9.epub
KDP Draft — How to Fry the Perfect Fish,,Darryl Elliott Brown,KDP Draft — How to Fry the Perfect Fish — A Gullah Geechee Biz publication.,en,,GGB934db8504c57,Gullah Geechee Biz,2026-08-02,"BUS000000,SEL000000,SOC002010","Gullah Geechee, African American, South Carolina, Lowcountry",3.99,USD,false,WORLD,GGB934db8504c57.epub
KDP Draft — How to Build an Email List from Scratch,,Darryl Elliott Brown,KDP Draft — How to Build an Email List from Scratch — A Gullah Geechee Biz publication.,en,,GGB5c6ee9cf599a,Gullah Geechee Biz,2026-08-02,"BUS000000,SEL000000,SOC002010","Gullah Geechee, African American, South Carolina, Lowcountry",3.99,USD,false,WORLD,GGB5c6ee9cf599a.epub
KDP Draft — How to Cook Gullah Cabbage,,Darryl Elliott Brown,KDP Draft — How to Cook Gullah Cabbage — A Gullah Geechee Biz publication.,en,,GGBfd14cf5e974a,Gullah Geechee Biz,2026-08-02,"CKB000000,SOC002010,HIS036120","Gullah Geechee, African American, South Carolina, Lowcountry",3.99,USD,false,WORLD,GGBfd14cf5e974a.epub
Gullah Geechee Biz TV Spot,,Darryl Elliott Brown,Gullah Geechee Biz TV Spot — A Gullah Geechee Biz publication.,en,,GGB0af2dd833540,Gullah Geechee Biz,2026-08-02,"BUS000000,SEL000000,SOC002010","Gullah Geechee, African American, South Carolina, Lowcountry",3.99,USD,false,WORLD,GGB0af2dd833540.epub
How to Create a Business Exit Strategy,,Darryl Elliott Brown,How to Create a Business Exit Strategy — A Gullah Geechee Biz publication.,en,,GGBfb55d408a8b9,Gullah Geechee Biz,2026-08-02,"BUS000000,SEL000000,SOC002010","Gullah Geechee, African American, South Carolina, Lowcountry",3.99,USD,false,WORLD,GGBfb55d408a8b9.epub
How to Create a Customer Journey Map,,Darryl Elliott Brown,How to Create a Customer Journey Map — A Gullah Geechee Biz publication.,en,,GGBfef640192b4d,Gullah Geechee Biz,2026-08-02,"BUS000000,SEL000000,SOC002010","Gullah Geechee, African American, South Carolina, Lowcountry",3.99,USD,false,WORLD,GGBfef640192b4d.epub
How to Make Mac and Cheese the Southern Way,,Darryl Elliott Brown,How to Make Mac and Cheese the Southern Way — A Gullah Geechee Biz publication.,en,,GGB221fa5fcf77f,Gullah Geechee Biz,2026-08-02,"BUS000000,SEL000000,SOC002010","Gullah Geechee, African American, South Carolina, Lowcountry",3.99,USD,false,WORLD,GGB221fa5fcf77f.epub
KDP Draft — How to Master Your Morning Routine,,Darryl Elliott Brown,KDP Draft — How to Master Your Morning Routine — A Gullah Geechee Biz publication.,en,,GGB03b555b1c74e,Gullah Geechee Biz,2026-08-02,"BUS000000,SEL000000,SOC002010","Gullah Geechee, African American, South Carolina, Lowcountry",3.99,USD,false,WORLD,GGB03b555b1c74e.epub
How to Cook Lowcountry Boil,,Darryl Elliott Brown,How to Cook Lowcountry Boil — A Gullah Geechee Biz publication.,en,,GGBcb1868b287be,Gullah Geechee Biz,2026-08-02,"CKB000000,SOC002010,HIS036120","Gullah Geechee, African American, South Carolina, Lowcountry",3.99,USD,false,WORLD,GGBcb1868b287be.epub
How to Build a Website on a Budget,,Darryl Elliott Brown,How to Build a Website on a Budget — A Gullah Geechee Biz publication.,en,,GGB235f7d4d9940,Gullah Geechee Biz,2026-08-02,"BUS000000,SEL000000,SOC002010","Gullah Geechee, African American, South Carolina, Lowcountry",3.99,USD,false,WORLD,GGB235f7d4d9940.epub
Encyclopedia Volume 21,,Darryl Elliott Brown,Encyclopedia Volume 21 — A Gullah Geechee Biz publication.,en,,GGBa4355f43c520,Gullah Geechee Biz,2026-08-02,"REF000000,SOC002010,HIS036120","Gullah Geechee, African American, South Carolina, Lowcountry",9.99,USD,false,WORLD,GGBa4355f43c520.epub
How to Live with Intention,,Darryl Elliott Brown,How to Live with Intention — A Gullah Geechee Biz publication.,en,,GGB4739625b559c,Gullah Geechee Biz,2026-08-02,"BUS000000,SEL000000,SOC002010","Gullah Geechee, African American, South Carolina, Lowcountry",3.99,USD,false,WORLD,GGB4739625b559c.epub
How to Make Boiled Peanuts,,Darryl Elliott Brown,How to Make Boiled Peanuts — A Gullah Geechee Biz publication.,en,,GGBa74c3eacfe8b,Gullah Geechee Biz,2026-08-02,"BUS000000,SEL000000,SOC002010","Gullah Geechee, African American, South Carolina, Lowcountry",3.99,USD,false,WORLD,GGBa74c3eacfe8b.epub
Encyclopedia Volume 05,,Darryl Elliott Brown,Encyclopedia Volume 05 — A Gullah Geechee Biz publication.,en,,GGB21b45a09f8c8,Gullah Geechee Biz,2026-08-02,"REF000000,SOC002010,HIS036120","Gullah Geechee, African American, South Carolina, Lowcountry",9.99,USD,false,WORLD,GGB21b45a09f8c8.epub
KDP Draft — How to Build Mental Toughness,,Darryl Elliott Brown,KDP Draft — How to Build Mental Toughness — A Gullah Geechee Biz publication.,en,,GGBc90d9f14d75c,Gullah Geechee Biz,2026-08-02,"BUS000000,SEL000000,SOC002010","Gullah Geechee, African American, South Carolina, Lowcountry",3.99,USD,false,WORLD,GGBc90d9f14d75c.epub
Encyclopedia Volume 14,,Darryl Elliott Brown,Encyclopedia Volume 14 — A Gullah Geechee Biz publication.,en,,GGBf5e869e2e2c4,Gullah Geechee Biz,2026-08-02,"REF000000,SOC002010,HIS036120","Gullah Geechee, African American, South Carolina, Lowcountry",9.99,USD,false,WORLD,GGBf5e869e2e2c4.epub
KDP Draft — Gullah Geechee Community Commerce,,Darryl Elliott Brown,KDP Draft — Gullah Geechee Community Commerce — A Gullah Geechee Biz publication.,en,,GGB5100bc50c1c3,Gullah Geechee Biz,2026-08-02,"BUS000000,SEL000000,SOC002010","Gullah Geechee, African American, South Carolina, Lowcountry",3.99,USD,false,WORLD,GGB5100bc50c1c3.epub
KDP Draft — How to Break Bad Habits Forever,,Darryl Elliott Brown,KDP Draft — How to Break Bad Habits Forever — A Gullah Geechee Biz publication.,en,,GGB0c1957e3aa42,Gullah Geechee Biz,2026-08-02,"BUS000000,SEL000000,SOC002010","Gullah Geechee, African American, South Carolina, Lowcountry",3.99,USD,false,WORLD,GGB0c1957e3aa42.epub
Gullah Geechee Condiments,,Darryl Elliott Brown,Gullah Geechee Condiments — A Gullah Geechee Biz publication.,en,,GGB6cefa0bd30b3,Gullah Geechee Biz,2026-08-02,"BUS000000,SEL000000,SOC002010","Gullah Geechee, African American, South Carolina, Lowcountry",3.99,USD,false,WORLD,GGB6cefa0bd30b3.epub
How to Build Unshakeable Confidence,,Darryl Elliott Brown,How to Build Unshakeable Confidence — A Gullah Geechee Biz publication.,en,,GGBfa4879be66e0,Gullah Geechee Biz,2026-08-02,"BUS000000,SEL000000,SOC002010","Gullah Geechee, African American, South Carolina, Lowcountry",3.99,USD,false,WORLD,GGBfa4879be66e0.epub
KDP Draft — How to Cook Gullah Seafood,,Darryl Elliott Brown,KDP Draft — How to Cook Gullah Seafood — A Gullah Geechee Biz publication.,en,,GGBb90311deedbb,Gullah Geechee Biz,2026-08-02,"CKB000000,SOC002010,HIS036120","Gullah Geechee, African American, South Carolina, Lowcountry",3.99,USD,false,WORLD,GGBb90311deedbb.epub
Encyclopedia Volume 24,,Darryl Elliott Brown,Encyclopedia Volume 24 — A Gullah Geechee Biz publication.,en,,GGB54c391439a1c,Gullah Geechee Biz,2026-08-02,"REF000000,SOC002010,HIS036120","Gullah Geechee, African American, South Carolina, Lowcountry",9.99,USD,false,WORLD,GGB54c391439a1c.epub
How to Build Customer Loyalty,,Darryl Elliott Brown,How to Build Customer Loyalty — A Gullah Geechee Biz publication.,en,,GGB4251d73bfdd7,Gullah Geechee Biz,2026-08-02,"BUS000000,SEL000000,SOC002010","Gullah Geechee, African American, South Carolina, Lowcountry",3.99,USD,false,WORLD,GGB4251d73bfdd7.epub
How to Build Connection,,Darryl Elliott Brown,How to Build Connection — A Gullah Geechee Biz publication.,en,,GGBf7298f6c732f,Gullah Geechee Biz,2026-08-02,"BUS000000,SEL000000,SOC002010","Gullah Geechee, African American, South Carolina, Lowcountry",3.99,USD,false,WORLD,GGBf7298f6c732f.epub
How to Overcome Imposter Syndrome,,Darryl Elliott Brown,How to Overcome Imposter Syndrome — A Gullah Geechee Biz publication.,en,,GGB9bb295604e6e,Gullah Geechee Biz,2026-08-02,"BUS000000,SEL000000,SOC002010","Gullah Geechee, African American, South Carolina, Lowcountry",3.99,USD,false,WORLD,GGB9bb295604e6e.epub
How to Handle Criticism Gracefully,,Darryl Elliott Brown,How to Handle Criticism Gracefully — A Gullah Geechee Biz publication.,en,,GGB985ba16f7130,Gullah Geechee Biz,2026-08-02,"BUS000000,SEL000000,SOC002010","Gullah Geechee, African American, South Carolina, Lowcountry",3.99,USD,false,WORLD,GGB985ba16f7130.epub
Encyclopedia Volume 32,,Darryl Elliott Brown,Encyclopedia Volume 32 — A Gullah Geechee Biz publication.,en,,GGB3ddaf55cbb23,Gullah Geechee Biz,2026-08-02,"REF000000,SOC002010,HIS036120","Gullah Geechee, African American, South Carolina, Lowcountry",9.99,USD,false,WORLD,GGB3ddaf55cbb23.epub
KDP Draft — The Gullah Geechee Guide to Discipline,,Darryl Elliott Brown,KDP Draft — The Gullah Geechee Guide to Discipline — A Gullah Geechee Biz publication.,en,,GGBb5e11387305f,Gullah Geechee Biz,2026-08-02,"BUS000000,SEL000000,SOC002010","Gullah Geechee, African American, South Carolina, Lowcountry",3.99,USD,false,WORLD,GGBb5e11387305f.epub
How to Make Gullah Sauces and Seasonings,,Darryl Elliott Brown,How to Make Gullah Sauces and Seasonings — A Gullah Geechee Biz publication.,en,,GGBe7cff80ce3f5,Gullah Geechee Biz,2026-08-02,"BUS000000,SEL000000,SOC002010","Gullah Geechee, African American, South Carolina, Lowcountry",3.99,USD,false,WORLD,GGBe7cff80ce3f5.epub
How to Launch an Online Course,,Darryl Elliott Brown,How to Launch an Online Course — A Gullah Geechee Biz publication.,en,,GGB267540a78614,Gullah Geechee Biz,2026-08-02,"BUS000000,SEL000000,SOC002010","Gullah Geechee, African American, South Carolina, Lowcountry",3.99,USD,false,WORLD,GGB267540a78614.epub
How to Build Strategic Partnerships,,Darryl Elliott Brown,How to Build Strategic Partnerships — A Gullah Geechee Biz publication.,en,,GGB6c8ef2ce801a,Gullah Geechee Biz,2026-08-02,"BUS000000,SEL000000,SOC002010","Gullah Geechee, African American, South Carolina, Lowcountry",3.99,USD,false,WORLD,GGB6c8ef2ce801a.epub
KDP Draft — How to Navigate Life Transitions,,Darryl Elliott Brown,KDP Draft — How to Navigate Life Transitions — A Gullah Geechee Biz publication.,en,,GGB088459fcb0dc,Gullah Geechee Biz,2026-08-02,"BUS000000,SEL000000,SOC002010","Gullah Geechee, African American, South Carolina, Lowcountry",3.99,USD,false,WORLD,GGB088459fcb0dc.epub
How to Cook with Seasonal Lowcountry Ingredients,,Darryl Elliott Brown,How to Cook with Seasonal Lowcountry Ingredients — A Gullah Geechee Biz publication.,en,,GGBee8144199a9b,Gullah Geechee Biz,2026-08-02,"CKB000000,SOC002010,HIS036120","Gullah Geechee, African American, South Carolina, Lowcountry",3.99,USD,false,WORLD,GGBee8144199a9b.epub
How to Build Vision,,Darryl Elliott Brown,How to Build Vision — A Gullah Geechee Biz publication.,en,,GGB6697cd2deb47,Gullah Geechee Biz,2026-08-02,"BUS000000,SEL000000,SOC002010","Gullah Geechee, African American, South Carolina, Lowcountry",3.99,USD,false,WORLD,GGB6697cd2deb47.epub
How to Master LinkedIn for Business,,Darryl Elliott Brown,How to Master LinkedIn for Business — A Gullah Geechee Biz publication.,en,,GGB675646852c18,Gullah Geechee Biz,2026-08-02,"BUS000000,SEL000000,SOC002010","Gullah Geechee, African American, South Carolina, Lowcountry",3.99,USD,false,WORLD,GGB675646852c18.epub
Encyclopedia Volume 02,,Darryl Elliott Brown,Encyclopedia Volume 02 — A Gullah Geechee Biz publication.,en,,GGBc49f1244dec8,Gullah Geechee Biz,2026-08-02,"REF000000,SOC002010,HIS036120","Gullah Geechee, African American, South Carolina, Lowcountry",9.99,USD,false,WORLD,GGBc49f1244dec8.epub
How to Make Pickled Shrimp,,Darryl Elliott Brown,How to Make Pickled Shrimp — A Gullah Geechee Biz publication.,en,,GGB651ff4256acd,Gullah Geechee Biz,2026-08-02,"BUS000000,SEL000000,SOC002010","Gullah Geechee, African American, South Carolina, Lowcountry",3.99,USD,false,WORLD,GGB651ff4256acd.epub
Encyclopedia Volume 34,,Darryl Elliott Brown,Encyclopedia Volume 34 — A Gullah Geechee Biz publication.,en,,GGB0a0f98e86e1b,Gullah Geechee Biz,2026-08-02,"REF000000,SOC002010,HIS036120","Gullah Geechee, African American, South Carolina, Lowcountry",9.99,USD,false,WORLD,GGB0a0f98e86e1b.epub
KDP Draft — How to Write Copy That Sells,,Darryl Elliott Brown,KDP Draft — How to Write Copy That Sells — A Gullah Geechee Biz publication.,en,,GGB2bb93ad8720b,Gullah Geechee Biz,2026-08-02,"BUS000000,SEL000000,SOC002010","Gullah Geechee, African American, South Carolina, Lowcountry",3.99,USD,false,WORLD,GGB2bb93ad8720b.epub
KDP Draft — How to Stop People-Pleasing,,Darryl Elliott Brown,KDP Draft — How to Stop People-Pleasing — A Gullah Geechee Biz publication.,en,,GGBa548d78e0cc4,Gullah Geechee Biz,2026-08-02,"BUS000000,SEL000000,SOC002010","Gullah Geechee, African American, South Carolina, Lowcountry",3.99,USD,false,WORLD,GGBa548d78e0cc4.epub
How to Build Joy,,Darryl Elliott Brown,How to Build Joy — A Gullah Geechee Biz publication.,en,,GGB2acf99751b9f,Gullah Geechee Biz,2026-08-02,"BUS000000,SEL000000,SOC002010","Gullah Geechee, African American, South Carolina, Lowcountry",3.99,USD,false,WORLD,GGB2acf99751b9f.epub
KDP Draft — How to Break Bad Habits Forever,,Darryl Elliott Brown,KDP Draft — How to Break Bad Habits Forever — A Gullah Geechee Biz publication.,en,,GGBcfd079332201,Gullah Geechee Biz,2026-08-02,"BUS000000,SEL000000,SOC002010","Gullah Geechee, African American, South Carolina, Lowcountry",3.99,USD,false,WORLD,GGBcfd079332201.epub
The Gullah Geechee Guide to Discipline,,Darryl Elliott Brown,The Gullah Geechee Guide to Discipline — A Gullah Geechee Biz publication.,en,,GGB8ab7018f7916,Gullah Geechee Biz,2026-08-02,"BUS000000,SEL000000,SOC002010","Gullah Geechee, African American, South Carolina, Lowcountry",3.99,USD,false,WORLD,GGB8ab7018f7916.epub
KDP Draft — How to Make Sweetgrass Lemonade,,Darryl Elliott Brown,KDP Draft — How to Make Sweetgrass Lemonade — A Gullah Geechee Biz publication.,en,,GGBae60b2ab6d24,Gullah Geechee Biz,2026-08-02,"BUS000000,SEL000000,SOC002010","Gullah Geechee, African American, South Carolina, Lowcountry",3.99,USD,false,WORLD,GGBae60b2ab6d24.epub
How to Create a Customer Journey Map,,Darryl Elliott Brown,How to Create a Customer Journey Map — A Gullah Geechee Biz publication.,en,,GGB0325fc02d8df,Gullah Geechee Biz,2026-08-02,"BUS000000,SEL000000,SOC002010","Gullah Geechee, African American, South Carolina, Lowcountry",3.99,USD,false,WORLD,GGB0325fc02d8df.epub
How to Build Mental Toughness,,Darryl Elliott Brown,How to Build Mental Toughness — A Gullah Geechee Biz publication.,en,,GGB176fd3839c86,Gullah Geechee Biz,2026-08-02,"BUS000000,SEL000000,SOC002010","Gullah Geechee, African American, South Carolina, Lowcountry",3.99,USD,false,WORLD,GGB176fd3839c86.epub
How to Let Go of Perfectionism,,Darryl Elliott Brown,How to Let Go of Perfectionism — A Gullah Geechee Biz publication.,en,,GGBfaf44401c02d,Gullah Geechee Biz,2026-08-02,"BUS000000,SEL000000,SOC002010","Gullah Geechee, African American, South Carolina, Lowcountry",3.99,USD,false,WORLD,GGBfaf44401c02d.epub
KDP Draft — How to Cultivate Daily Gratitude,,Darryl Elliott Brown,KDP Draft — How to Cultivate Daily Gratitude — A Gullah Geechee Biz publication.,en,,GGBdba938034a3c,Gullah Geechee Biz,2026-08-02,"BUS000000,SEL000000,SOC002010","Gullah Geechee, African American, South Carolina, Lowcountry",3.99,USD,false,WORLD,GGBdba938034a3c.epub
How to Cook Gullah Vegetables,,Darryl Elliott Brown,How to Cook Gullah Vegetables — A Gullah Geechee Biz publication.,en,,GGBcdc75703eb54,Gullah Geechee Biz,2026-08-02,"CKB000000,SOC002010,HIS036120","Gullah Geechee, African American, South Carolina, Lowcountry",3.99,USD,false,WORLD,GGBcdc75703eb54.epub
How to Create a Personal Mission Statement,,Darryl Elliott Brown,How to Create a Personal Mission Statement — A Gullah Geechee Biz publication.,en,,GGB235abae95091,Gullah Geechee Biz,2026-08-02,"BUS000000,SEL000000,SOC002010","Gullah Geechee, African American, South Carolina, Lowcountry",3.99,USD,false,WORLD,GGB235abae95091.epub
How to Master Public Speaking,,Darryl Elliott Brown,How to Master Public Speaking — A Gullah Geechee Biz publication.,en,,GGB8e9f1bfde01a,Gullah Geechee Biz,2026-08-02,"BUS000000,SEL000000,SOC002010","Gullah Geechee, African American, South Carolina, Lowcountry",3.99,USD,false,WORLD,GGB8e9f1bfde01a.epub
KDP Draft — How to Make Gullah Soups and Stews,,Darryl Elliott Brown,KDP Draft — How to Make Gullah Soups and Stews — A Gullah Geechee Biz publication.,en,,GGB0675fd77dfb0,Gullah Geechee Biz,2026-08-02,"BUS000000,SEL000000,SOC002010","Gullah Geechee, African American, South Carolina, Lowcountry",3.99,USD,false,WORLD,GGB0675fd77dfb0.epub
KDP Draft — Gullah Geechee One-Pot Meals,,Darryl Elliott Brown,KDP Draft — Gullah Geechee One-Pot Meals — A Gullah Geechee Biz publication.,en,,GGBe52e337414f2,Gullah Geechee Biz,2026-08-02,"BUS000000,SEL000000,SOC002010","Gullah Geechee, African American, South Carolina, Lowcountry",3.99,USD,false,WORLD,GGBe52e337414f2.epub
Encyclopedia Volume 21,,Darryl Elliott Brown,Encyclopedia Volume 21 — A Gullah Geechee Biz publication.,en,,GGB3baa3b44cb7c,Gullah Geechee Biz,2026-08-02,"REF000000,SOC002010,HIS036120","Gullah Geechee, African American, South Carolina, Lowcountry",9.99,USD,false,WORLD,GGB3baa3b44cb7c.epub
KDP Draft — How to Create a Referral Program,,Darryl Elliott Brown,KDP Draft — How to Create a Referral Program — A Gullah Geechee Biz publication.,en,,GGB4fbbb597c3b8,Gullah Geechee Biz,2026-08-02,"BUS000000,SEL000000,SOC002010","Gullah Geechee, African American, South Carolina, Lowcountry",3.99,USD,false,WORLD,GGB4fbbb597c3b8.epub
Encyclopedia Volume 05,,Darryl Elliott Brown,Encyclopedia Volume 05 — A Gullah Geechee Biz publication.,en,,GGB712a242a8fce,Gullah Geechee Biz,2026-08-02,"REF000000,SOC002010,HIS036120","Gullah Geechee, African American, South Carolina, Lowcountry",9.99,USD,false,WORLD,GGB712a242a8fce.epub
KDP Draft — How to Negotiate Better Deals,,Darryl Elliott Brown,KDP Draft — How to Negotiate Better Deals — A Gullah Geechee Biz publication.,en,,GGB3130ec51bdd6,Gullah Geechee Biz,2026-08-02,"BUS000000,SEL000000,SOC002010","Gullah Geechee, African American, South Carolina, Lowcountry",3.99,USD,false,WORLD,GGB3130ec51bdd6.epub
Encyclopedia Volume 25,,Darryl Elliott Brown,Encyclopedia Volume 25 — A Gullah Geechee Biz publication.,en,,GGB6348912e45e4,Gullah Geechee Biz,2026-08-02,"REF000000,SOC002010,HIS036120","Gullah Geechee, African American, South Carolina, Lowcountry",9.99,USD,false,WORLD,GGB6348912e45e4.epub
How to Build Zeal,,Darryl Elliott Brown,How to Build Zeal — A Gullah Geechee Biz publication.,en,,GGB55d0f14c309b,Gullah Geechee Biz,2026-08-02,"BUS000000,SEL000000,SOC002010","Gullah Geechee, African American, South Carolina, Lowcountry",3.99,USD,false,WORLD,GGB55d0f14c309b.epub
How to Build Healthy Relationships,,Darryl Elliott Brown,How to Build Healthy Relationships — A Gullah Geechee Biz publication.,en,,GGB0e58fbcf1d8f,Gullah Geechee Biz,2026-08-02,"BUS000000,SEL000000,SOC002010","Gullah Geechee, African American, South Carolina, Lowcountry",3.99,USD,false,WORLD,GGB0e58fbcf1d8f.epub
KDP Draft — How to Develop Daily Discipline,,Darryl Elliott Brown,KDP Draft — How to Develop Daily Discipline — A Gullah Geechee Biz publication.,en,,GGBd22b43806908,Gullah Geechee Biz,2026-08-02,"BUS000000,SEL000000,SOC002010","Gullah Geechee, African American, South Carolina, Lowcountry",3.99,USD,false,WORLD,GGBd22b43806908.epub
How to Cook Perfect Gullah Red Rice,,Darryl Elliott Brown,How to Cook Perfect Gullah Red Rice — A Gullah Geechee Biz publication.,en,,GGB79a66844c50c,Gullah Geechee Biz,2026-08-02,"CKB000000,SOC002010,HIS036120","Gullah Geechee, African American, South Carolina, Lowcountry",3.99,USD,false,WORLD,GGB79a66844c50c.epub
How to Build Strategic Partnerships,,Darryl Elliott Brown,How to Build Strategic Partnerships — A Gullah Geechee Biz publication.,en,,GGBbccfdac92da4,Gullah Geechee Biz,2026-08-02,"BUS000000,SEL000000,SOC002010","Gullah Geechee, African American, South Carolina, Lowcountry",3.99,USD,false,WORLD,GGBbccfdac92da4.epub
Gullah Geechee Meal Prep,,Darryl Elliott Brown,Gullah Geechee Meal Prep — A Gullah Geechee Biz publication.,en,,GGBd661c2285262,Gullah Geechee Biz,2026-08-02,"BUS000000,SEL000000,SOC002010","Gullah Geechee, African American, South Carolina, Lowcountry",3.99,USD,false,WORLD,GGBd661c2285262.epub
KDP Draft — How to Let Go of Perfectionism,,Darryl Elliott Brown,KDP Draft — How to Let Go of Perfectionism — A Gullah Geechee Biz publication.,en,,GGBb28c8f75737b,Gullah Geechee Biz,2026-08-02,"BUS000000,SEL000000,SOC002010","Gullah Geechee, African American, South Carolina, Lowcountry",3.99,USD,false,WORLD,GGBb28c8f75737b.epub
How to Use AI in Your Business,,Darryl Elliott Brown,How to Use AI in Your Business — A Gullah Geechee Biz publication.,en,,GGB0d9ef8e61ab2,Gullah Geechee Biz,2026-08-02,"BUS000000,SEL000000,SOC002010","Gullah Geechee, African American, South Carolina, Lowcountry",3.99,USD,false,WORLD,GGB0d9ef8e61ab2.epub
How to Build Balance,,Darryl Elliott Brown,How to Build Balance — A Gullah Geechee Biz publication.,en,,GGBa0d5e4033547,Gullah Geechee Biz,2026-08-02,"BUS000000,SEL000000,SOC002010","Gullah Geechee, African American, South Carolina, Lowcountry",3.99,USD,false,WORLD,GGBa0d5e4033547.epub
Encyclopedia Volume 10,,Darryl Elliott Brown,Encyclopedia Volume 10 — A Gullah Geechee Biz publication.,en,,GGBe9b257e479f7,Gullah Geechee Biz,2026-08-02,"REF000000,SOC002010,HIS036120","Gullah Geechee, African American, South Carolina, Lowcountry",9.99,USD,false,WORLD,GGBe9b257e479f7.epub
How to Manage Business Finances,,Darryl Elliott Brown,How to Manage Business Finances — A Gullah Geechee Biz publication.,en,,GGBdacdb6f787f2,Gullah Geechee Biz,2026-08-02,"BUS000000,SEL000000,SOC002010","Gullah Geechee, African American, South Carolina, Lowcountry",3.99,USD,false,WORLD,GGBdacdb6f787f2.epub
How to Cook Gullah Seafood,,Darryl Elliott Brown,How to Cook Gullah Seafood — A Gullah Geechee Biz publication.,en,,GGB7a56b68d9f9f,Gullah Geechee Biz,2026-08-02,"CKB000000,SOC002010,HIS036120","Gullah Geechee, African American, South Carolina, Lowcountry",3.99,USD,false,WORLD,GGB7a56b68d9f9f.epub
KDP Draft — How to Create a Vision Board That Works,,Darryl Elliott Brown,KDP Draft — How to Create a Vision Board That Works — A Gullah Geechee Biz publication.,en,,GGB126f31c99710,Gullah Geechee Biz,2026-08-02,"BUS000000,SEL000000,SOC002010","Gullah Geechee, African American, South Carolina, Lowcountry",3.99,USD,false,WORLD,GGB126f31c99710.epub
How to Make Gullah Soups and Stews,,Darryl Elliott Brown,How to Make Gullah Soups and Stews — A Gullah Geechee Biz publication.,en,,GGBe89459059ca1,Gullah Geechee Biz,2026-08-02,"BUS000000,SEL000000,SOC002010","Gullah Geechee, African American, South Carolina, Lowcountry",3.99,USD,false,WORLD,GGBe89459059ca1.epub
KDP Draft — How to Stay Motivated Every Day,,Darryl Elliott Brown,KDP Draft — How to Stay Motivated Every Day — A Gullah Geechee Biz publication.,en,,GGBda8439a8d9b7,Gullah Geechee Biz,2026-08-02,"BUS000000,SEL000000,SOC002010","Gullah Geechee, African American, South Carolina, Lowcountry",3.99,USD,false,WORLD,GGBda8439a8d9b7.epub
KDP Draft — How to Practice Self-Compassion,,Darryl Elliott Brown,KDP Draft — How to Practice Self-Compassion — A Gullah Geechee Biz publication.,en,,GGBf6e3e043d5a2,Gullah Geechee Biz,2026-08-02,"BUS000000,SEL000000,SOC002010","Gullah Geechee, African American, South Carolina, Lowcountry",3.99,USD,false,WORLD,GGBf6e3e043d5a2.epub
KDP Draft — How to Make Gullah Breakfast,,Darryl Elliott Brown,KDP Draft — How to Make Gullah Breakfast — A Gullah Geechee Biz publication.,en,,GGB880152f181f3,Gullah Geechee Biz,2026-08-02,"BUS000000,SEL000000,SOC002010","Gullah Geechee, African American, South Carolina, Lowcountry",3.99,USD,false,WORLD,GGB880152f181f3.epub
How to Let Go of Perfectionism,,Darryl Elliott Brown,How to Let Go of Perfectionism — A Gullah Geechee Biz publication.,en,,GGBce71d2415e3f,Gullah Geechee Biz,2026-08-02,"BUS000000,SEL000000,SOC002010","Gullah Geechee, African American, South Carolina, Lowcountry",3.99,USD,false,WORLD,GGBce71d2415e3f.epub
How to Create a Brand Style Guide,,Darryl Elliott Brown,How to Create a Brand Style Guide — A Gullah Geechee Biz publication.,en,,GGB1770a37c80a4,Gullah Geechee Biz,2026-08-02,"BUS000000,SEL000000,SOC002010","Gullah Geechee, African American, South Carolina, Lowcountry",3.99,USD,false,WORLD,GGB1770a37c80a4.epub
KDP Draft — How to Build Resilience in Tough Times,,Darryl Elliott Brown,KDP Draft — How to Build Resilience in Tough Times — A Gullah Geechee Biz publication.,en,,GGBbff0261044b7,Gullah Geechee Biz,2026-08-02,"BUS000000,SEL000000,SOC002010","Gullah Geechee, African American, South Carolina, Lowcountry",3.99,USD,false,WORLD,GGBbff0261044b7.epub
How to Make Boiled Peanuts,,Darryl Elliott Brown,How to Make Boiled Peanuts — A Gullah Geechee Biz publication.,en,,GGB11beff4c2654,Gullah Geechee Biz,2026-08-02,"BUS000000,SEL000000,SOC002010","Gullah Geechee, African American, South Carolina, Lowcountry",3.99,USD,false,WORLD,GGB11beff4c2654.epub
How to Negotiate Better Deals,,Darryl Elliott Brown,How to Negotiate Better Deals — A Gullah Geechee Biz publication.,en,,GGB899ad2194081,Gullah Geechee Biz,2026-08-02,"BUS000000,SEL000000,SOC002010","Gullah Geechee, African American, South Carolina, Lowcountry",3.99,USD,false,WORLD,GGB899ad2194081.epub
KDP Draft — How to Master Social Media Marketing,,Darryl Elliott Brown,KDP Draft — How to Master Social Media Marketing — A Gullah Geechee Biz publication.,en,,GGB3cb1b57b4e55,Gullah Geechee Biz,2026-08-02,"BUS000000,SEL000000,SOC002010","Gullah Geechee, African American, South Carolina, Lowcountry",3.99,USD,false,WORLD,GGB3cb1b57b4e55.epub
The Gullah Geechee Guide to Yearning,,Darryl Elliott Brown,The Gullah Geechee Guide to Yearning — A Gullah Geechee Biz publication.,en,,GGB8fad89fa47cb,Gullah Geechee Biz,2026-08-02,"BUS000000,SEL000000,SOC002010","Gullah Geechee, African American, South Carolina, Lowcountry",3.99,USD,false,WORLD,GGB8fad89fa47cb.epub
How to Write a Winning Grant Proposal,,Darryl Elliott Brown,How to Write a Winning Grant Proposal — A Gullah Geechee Biz publication.,en,,GGB0fd897b1c4f3,Gullah Geechee Biz,2026-08-02,"BUS000000,SEL000000,SOC002010","Gullah Geechee, African American, South Carolina, Lowcountry",3.99,USD,false,WORLD,GGB0fd897b1c4f3.epub
How to Make Gullah Tea Cakes,,Darryl Elliott Brown,How to Make Gullah Tea Cakes — A Gullah Geechee Biz publication.,en,,GGBef53d50b9dce,Gullah Geechee Biz,2026-08-02,"BUS000000,SEL000000,SOC002010","Gullah Geechee, African American, South Carolina, Lowcountry",3.99,USD,false,WORLD,GGBef53d50b9dce.epub
KDP Draft — How to Create a Business Exit Strategy,,Darryl Elliott Brown,KDP Draft — How to Create a Business Exit Strategy — A Gullah Geechee Biz publication.,en,,GGB5ddffd6af7b8,Gullah Geechee Biz,2026-08-02,"BUS000000,SEL000000,SOC002010","Gullah Geechee, African American, South Carolina, Lowcountry",3.99,USD,false,WORLD,GGB5ddffd6af7b8.epub
KDP Draft — How to Manage Anxiety Naturally,,Darryl Elliott Brown,KDP Draft — How to Manage Anxiety Naturally — A Gullah Geechee Biz publication.,en,,GGBab3458808340,Gullah Geechee Biz,2026-08-02,"BUS000000,SEL000000,SOC002010","Gullah Geechee, African American, South Carolina, Lowcountry",3.99,USD,false,WORLD,GGBab3458808340.epub
How to Make Sweetgrass Lemonade,,Darryl Elliott Brown,How to Make Sweetgrass Lemonade — A Gullah Geechee Biz publication.,en,,GGBf96a96163e80,Gullah Geechee Biz,2026-08-02,"BUS000000,SEL000000,SOC002010","Gullah Geechee, African American, South Carolina, Lowcountry",3.99,USD,false,WORLD,GGBf96a96163e80.epub
KDP Draft — How to Create a Sales Funnel,,Darryl Elliott Brown,KDP Draft — How to Create a Sales Funnel — A Gullah Geechee Biz publication.,en,,GGBb18cdb94ff12,Gullah Geechee Biz,2026-08-02,"BUS000000,SEL000000,SOC002010","Gullah Geechee, African American, South Carolina, Lowcountry",3.99,USD,false,WORLD,GGBb18cdb94ff12.epub
KDP Draft — How to Negotiate Better Deals,,Darryl Elliott Brown,KDP Draft — How to Negotiate Better Deals — A Gullah Geechee Biz publication.,en,,GGB8efbb1002454,Gullah Geechee Biz,2026-08-02,"BUS000000,SEL000000,SOC002010","Gullah Geechee, African American, South Carolina, Lowcountry",3.99,USD,false,WORLD,GGB8efbb1002454.epub
How to Cook Gullah Cabbage,,Darryl Elliott Brown,How to Cook Gullah Cabbage — A Gullah Geechee Biz publication.,en,,GGBbd10191b6e10,Gullah Geechee Biz,2026-08-02,"CKB000000,SOC002010,HIS036120","Gullah Geechee, African American, South Carolina, Lowcountry",3.99,USD,false,WORLD,GGBbd10191b6e10.epub
How to Scale Your Small Business,,Darryl Elliott Brown,How to Scale Your Small Business — A Gullah Geechee Biz publication.,en,,GGB0e7324f6d83c,Gullah Geechee Biz,2026-08-02,"BUS000000,SEL000000,SOC002010","Gullah Geechee, African American, South Carolina, Lowcountry",3.99,USD,false,WORLD,GGB0e7324f6d83c.epub
KDP Draft — How to Make Gullah Breads,,Darryl Elliott Brown,KDP Draft — How to Make Gullah Breads — A Gullah Geechee Biz publication.,en,,GGB45e2d570e466,Gullah Geechee Biz,2026-08-02,"BUS000000,SEL000000,SOC002010","Gullah Geechee, African American, South Carolina, Lowcountry",3.99,USD,false,WORLD,GGB45e2d570e466.epub
How to Make One-Pot Gullah Meals,,Darryl Elliott Brown,How to Make One-Pot Gullah Meals — A Gullah Geechee Biz publication.,en,,GGB2e2fac40c41e,Gullah Geechee Biz,2026-08-02,"BUS000000,SEL000000,SOC002010","Gullah Geechee, African American, South Carolina, Lowcountry",3.99,USD,false,WORLD,GGB2e2fac40c41e.epub
KDP Draft — How to Make Benne Wafers,,Darryl Elliott Brown,KDP Draft — How to Make Benne Wafers — A Gullah Geechee Biz publication.,en,,GGBac8bc171fa11,Gullah Geechee Biz,2026-08-02,"BUS000000,SEL000000,SOC002010","Gullah Geechee, African American, South Carolina, Lowcountry",3.99,USD,false,WORLD,GGBac8bc171fa11.epub
How to Build Mental Toughness,,Darryl Elliott Brown,How to Build Mental Toughness — A Gullah Geechee Biz publication.,en,,GGB0b8e14a1841d,Gullah Geechee Biz,2026-08-02,"BUS000000,SEL000000,SOC002010","Gullah Geechee, African American, South Carolina, Lowcountry",3.99,USD,false,WORLD,GGB0b8e14a1841d.epub
How to Build Resilience in Tough Times,,Darryl Elliott Brown,How to Build Resilience in Tough Times — A Gullah Geechee Biz publication.,en,,GGB6df7e8580a69,Gullah Geechee Biz,2026-08-02,"BUS000000,SEL000000,SOC002010","Gullah Geechee, African American, South Carolina, Lowcountry",3.99,USD,false,WORLD,GGB6df7e8580a69.epub
How to Build a Freelance Career,,Darryl Elliott Brown,How to Build a Freelance Career — A Gullah Geechee Biz publication.,en,,GGBae1fee764d09,Gullah Geechee Biz,2026-08-02,"BUS000000,SEL000000,SOC002010","Gullah Geechee, African American, South Carolina, Lowcountry",3.99,USD,false,WORLD,GGBae1fee764d09.epub
How to Preserve Summer Vegetables,,Darryl Elliott Brown,How to Preserve Summer Vegetables — A Gullah Geechee Biz publication.,en,,GGB04bc17aeb2e1,Gullah Geechee Biz,2026-08-02,"BUS000000,SEL000000,SOC002010","Gullah Geechee, African American, South Carolina, Lowcountry",3.99,USD,false,WORLD,GGB04bc17aeb2e1.epub
How to Launch an Online Course,,Darryl Elliott Brown,How to Launch an Online Course — A Gullah Geechee Biz publication.,en,,GGBca1aa02443ab,Gullah Geechee Biz,2026-08-02,"BUS000000,SEL000000,SOC002010","Gullah Geechee, African American, South Carolina, Lowcountry",3.99,USD,false,WORLD,GGBca1aa02443ab.epub
How to Make Southern Cornbread from Scratch,,Darryl Elliott Brown,How to Make Southern Cornbread from Scratch — A Gullah Geechee Biz publication.,en,,GGB39b7b9e94327,Gullah Geechee Biz,2026-08-02,"BUS000000,SEL000000,SOC002010","Gullah Geechee, African American, South Carolina, Lowcountry",3.99,USD,false,WORLD,GGB39b7b9e94327.epub
KDP Draft — How to Create a Business Plan,,Darryl Elliott Brown,KDP Draft — How to Create a Business Plan — A Gullah Geechee Biz publication.,en,,GGB219c78bcb5b5,Gullah Geechee Biz,2026-08-02,"BUS000000,SEL000000,SOC002010","Gullah Geechee, African American, South Carolina, Lowcountry",3.99,USD,false,WORLD,GGB219c78bcb5b5.epub
KDP Draft — How to Create a Marketing Funnel,,Darryl Elliott Brown,KDP Draft — How to Create a Marketing Funnel — A Gullah Geechee Biz publication.,en,,GGBbb4d77dc0e78,Gullah Geechee Biz,2026-08-02,"BUS000000,SEL000000,SOC002010","Gullah Geechee, African American, South Carolina, Lowcountry",3.99,USD,false,WORLD,GGBbb4d77dc0e78.epub
Encyclopedia Volume 33,,Darryl Elliott Brown,Encyclopedia Volume 33 — A Gullah Geechee Biz publication.,en,,GGBfac108f18204,Gullah Geechee Biz,2026-08-02,"REF000000,SOC002010,HIS036120","Gullah Geechee, African American, South Carolina, Lowcountry",9.99,USD,false,WORLD,GGBfac108f18204.epub
Gullah Geechee Digital Marketing,,Darryl Elliott Brown,Gullah Geechee Digital Marketing — A Gullah Geechee Biz publication.,en,,GGBa0c42405479c,Gullah Geechee Biz,2026-08-02,"BUS000000,SEL000000,SOC002010","Gullah Geechee, African American, South Carolina, Lowcountry",3.99,USD,false,WORLD,GGBa0c42405479c.epub
How to Make Southern Cornbread from Scratch,,Darryl Elliott Brown,How to Make Southern Cornbread from Scratch — A Gullah Geechee Biz publication.,en,,GGBc983235e4686,Gullah Geechee Biz,2026-08-02,"BUS000000,SEL000000,SOC002010","Gullah Geechee, African American, South Carolina, Lowcountry",3.99,USD,false,WORLD,GGBc983235e4686.epub
How to Stop People-Pleasing,,Darryl Elliott Brown,How to Stop People-Pleasing — A Gullah Geechee Biz publication.,en,,GGB4f0d363e64b4,Gullah Geechee Biz,2026-08-02,"BUS000000,SEL000000,SOC002010","Gullah Geechee, African American, South Carolina, Lowcountry",3.99,USD,false,WORLD,GGB4f0d363e64b4.epub
How to Make Benne Wafers,,Darryl Elliott Brown,How to Make Benne Wafers — A Gullah Geechee Biz publication.,en,,GGBbafc7617de8e,Gullah Geechee Biz,2026-08-02,"BUS000000,SEL000000,SOC002010","Gullah Geechee, African American, South Carolina, Lowcountry",3.99,USD,false,WORLD,GGBbafc7617de8e.epub
KDP Draft — How to Preserve Summer Vegetables,,Darryl Elliott Brown,KDP Draft — How to Preserve Summer Vegetables — A Gullah Geechee Biz publication.,en,,GGBf20af89a0a05,Gullah Geechee Biz,2026-08-02,"BUS000000,SEL000000,SOC002010","Gullah Geechee, African American, South Carolina, Lowcountry",3.99,USD,false,WORLD,GGBf20af89a0a05.epub
How to Make Holiday Gullah Feasts,,Darryl Elliott Brown,How to Make Holiday Gullah Feasts — A Gullah Geechee Biz publication.,en,,GGBe24176981ff5,Gullah Geechee Biz,2026-08-02,"BUS000000,SEL000000,SOC002010","Gullah Geechee, African American, South Carolina, Lowcountry",3.99,USD,false,WORLD,GGBe24176981ff5.epub
The Gullah Geechee Guide to Dignity,,Darryl Elliott Brown,The Gullah Geechee Guide to Dignity — A Gullah Geechee Biz publication.,en,,GGB01d8192560cb,Gullah Geechee Biz,2026-08-02,"BUS000000,SEL000000,SOC002010","Gullah Geechee, African American, South Carolina, Lowcountry",3.99,USD,false,WORLD,GGB01d8192560cb.epub
How to Manage Anxiety Naturally,,Darryl Elliott Brown,How to Manage Anxiety Naturally — A Gullah Geechee Biz publication.,en,,GGBd4b16f2a3139,Gullah Geechee Biz,2026-08-02,"BUS000000,SEL000000,SOC002010","Gullah Geechee, African American, South Carolina, Lowcountry",3.99,USD,false,WORLD,GGBd4b16f2a3139.epub
How to Bake Sweet Potato Pie,,Darryl Elliott Brown,How to Bake Sweet Potato Pie — A Gullah Geechee Biz publication.,en,,GGBb6c30c701003,Gullah Geechee Biz,2026-08-02,"BUS000000,SEL000000,SOC002010","Gullah Geechee, African American, South Carolina, Lowcountry",3.99,USD,false,WORLD,GGBb6c30c701003.epub
How to Master Email Marketing,,Darryl Elliott Brown,How to Master Email Marketing — A Gullah Geechee Biz publication.,en,,GGBef018570f4d6,Gullah Geechee Biz,2026-08-02,"BUS000000,SEL000000,SOC002010","Gullah Geechee, African American, South Carolina, Lowcountry",3.99,USD,false,WORLD,GGBef018570f4d6.epub
How to Build a Community Around Your Brand,,Darryl Elliott Brown,How to Build a Community Around Your Brand — A Gullah Geechee Biz publication.,en,,GGB37aaf4309e69,Gullah Geechee Biz,2026-08-02,"BUS000000,SEL000000,SOC002010","Gullah Geechee, African American, South Carolina, Lowcountry",3.99,USD,false,WORLD,GGB37aaf4309e69.epub
KDP Draft — How to Bake Sweet Potato Pie,,Darryl Elliott Brown,KDP Draft — How to Bake Sweet Potato Pie — A Gullah Geechee Biz publication.,en,,GGBa160300ff839,Gullah Geechee Biz,2026-08-02,"BUS000000,SEL000000,SOC002010","Gullah Geechee, African American, South Carolina, Lowcountry",3.99,USD,false,WORLD,GGBa160300ff839.epub
How to Create a Product Launch Plan,,Darryl Elliott Brown,How to Create a Product Launch Plan — A Gullah Geechee Biz publication.,en,,GGB238880536194,Gullah Geechee Biz,2026-08-02,"BUS000000,SEL000000,SOC002010","Gullah Geechee, African American, South Carolina, Lowcountry",3.99,USD,false,WORLD,GGB238880536194.epub
KDP Draft — Gullah Geechee Microenterprise,,Darryl Elliott Brown,KDP Draft — Gullah Geechee Microenterprise — A Gullah Geechee Biz publication.,en,,GGB52e339d91612,Gullah Geechee Biz,2026-08-02,"BUS000000,SEL000000,SOC002010","Gullah Geechee, African American, South Carolina, Lowcountry",3.99,USD,false,WORLD,GGB52e339d91612.epub
How to Prepare Okra and Tomatoes,,Darryl Elliott Brown,How to Prepare Okra and Tomatoes — A Gullah Geechee Biz publication.,en,,GGBea73ce681541,Gullah Geechee Biz,2026-08-02,"BUS000000,SEL000000,SOC002010","Gullah Geechee, African American, South Carolina, Lowcountry",3.99,USD,false,WORLD,GGBea73ce681541.epub
Gullah Geechee Business Planning,,Darryl Elliott Brown,Gullah Geechee Business Planning — A Gullah Geechee Biz publication.,en,,GGB77e721cea620,Gullah Geechee Biz,2026-08-02,"BUS000000,SEL000000,SOC002010","Gullah Geechee, African American, South Carolina, Lowcountry",3.99,USD,false,WORLD,GGB77e721cea620.epub
How to Cook Gullah Seafood,,Darryl Elliott Brown,How to Cook Gullah Seafood — A Gullah Geechee Biz publication.,en,,GGB329119f21d1c,Gullah Geechee Biz,2026-08-02,"CKB000000,SOC002010,HIS036120","Gullah Geechee, African American, South Carolina, Lowcountry",3.99,USD,false,WORLD,GGB329119f21d1c.epub
Encyclopedia Volume 39,,Darryl Elliott Brown,Encyclopedia Volume 39 — A Gullah Geechee Biz publication.,en,,GGBc4d66f5fe2ed,Gullah Geechee Biz,2026-08-02,"REF000000,SOC002010,HIS036120","Gullah Geechee, African American, South Carolina, Lowcountry",9.99,USD,false,WORLD,GGBc4d66f5fe2ed.epub
KDP Draft — How to Build a Subscription Business,,Darryl Elliott Brown,KDP Draft — How to Build a Subscription Business — A Gullah Geechee Biz publication.,en,,GGBece2a4ff0239,Gullah Geechee Biz,2026-08-02,"BUS000000,SEL000000,SOC002010","Gullah Geechee, African American, South Carolina, Lowcountry",3.99,USD,false,WORLD,GGBece2a4ff0239.epub
KDP Draft — How to Master Public Speaking,,Darryl Elliott Brown,KDP Draft — How to Master Public Speaking — A Gullah Geechee Biz publication.,en,,GGBd027b942ff0a,Gullah Geechee Biz,2026-08-02,"BUS000000,SEL000000,SOC002010","Gullah Geechee, African American, South Carolina, Lowcountry",3.99,USD,false,WORLD,GGBd027b942ff0a.epub
How to Build Vulnerability,,Darryl Elliott Brown,How to Build Vulnerability — A Gullah Geechee Biz publication.,en,,GGB1107a1148cd4,Gullah Geechee Biz,2026-08-02,"BUS000000,SEL000000,SOC002010","Gullah Geechee, African American, South Carolina, Lowcountry",3.99,USD,false,WORLD,GGB1107a1148cd4.epub
Encyclopedia Volume 01,,Darryl Elliott Brown,Encyclopedia Volume 01 — A Gullah Geechee Biz publication.,en,,GGB1535829309a4,Gullah Geechee Biz,2026-08-02,"REF000000,SOC002010,HIS036120","Gullah Geechee, African American, South Carolina, Lowcountry",9.99,USD,false,WORLD,GGB1535829309a4.epub
Gullah Geechee Digital Marketing,,Darryl Elliott Brown,Gullah Geechee Digital Marketing — A Gullah Geechee Biz publication.,en,,GGB0a4d35280bfc,Gullah Geechee Biz,2026-08-02,"BUS000000,SEL000000,SOC002010","Gullah Geechee, African American, South Carolina, Lowcountry",3.99,USD,false,WORLD,GGB0a4d35280bfc.epub
How to Build Customer Loyalty,,Darryl Elliott Brown,How to Build Customer Loyalty — A Gullah Geechee Biz publication.,en,,GGBacc8e3a7042c,Gullah Geechee Biz,2026-08-02,"BUS000000,SEL000000,SOC002010","Gullah Geechee, African American, South Carolina, Lowcountry",3.99,USD,false,WORLD,GGBacc8e3a7042c.epub
How to Build Vision,,Darryl Elliott Brown,How to Build Vision — A Gullah Geechee Biz publication.,en,,GGB9acfa5cae0e6,Gullah Geechee Biz,2026-08-02,"BUS000000,SEL000000,SOC002010","Gullah Geechee, African American, South Carolina, Lowcountry",3.99,USD,false,WORLD,GGB9acfa5cae0e6.epub
How to Master Business Storytelling,,Darryl Elliott Brown,How to Master Business Storytelling — A Gullah Geechee Biz publication.,en,,GGBa9df2441cfb1,Gullah Geechee Biz,2026-08-02,"BUS000000,SEL000000,SOC002010","Gullah Geechee, African American, South Carolina, Lowcountry",3.99,USD,false,WORLD,GGBa9df2441cfb1.epub
How to Create a Business Plan,,Darryl Elliott Brown,How to Create a Business Plan — A Gullah Geechee Biz publication.,en,,GGB1389b1fc1c3a,Gullah Geechee Biz,2026-08-02,"BUS000000,SEL000000,SOC002010","Gullah Geechee, African American, South Carolina, Lowcountry",3.99,USD,false,WORLD,GGB1389b1fc1c3a.epub
How to Write Copy That Sells,,Darryl Elliott Brown,How to Write Copy That Sells — A Gullah Geechee Biz publication.,en,,GGB6b1949e7d2fe,Gullah Geechee Biz,2026-08-02,"BUS000000,SEL000000,SOC002010","Gullah Geechee, African American, South Carolina, Lowcountry",3.99,USD,false,WORLD,GGB6b1949e7d2fe.epub
KDP Draft — How to Cook Perfect Gullah Red Rice,,Darryl Elliott Brown,KDP Draft — How to Cook Perfect Gullah Red Rice — A Gullah Geechee Biz publication.,en,,GGB8314f91f9862,Gullah Geechee Biz,2026-08-02,"CKB000000,SOC002010,HIS036120","Gullah Geechee, African American, South Carolina, Lowcountry",3.99,USD,false,WORLD,GGB8314f91f9862.epub
How to Make Pickled Shrimp,,Darryl Elliott Brown,How to Make Pickled Shrimp — A Gullah Geechee Biz publication.,en,,GGB266ae10045e6,Gullah Geechee Biz,2026-08-02,"BUS000000,SEL000000,SOC002010","Gullah Geechee, African American, South Carolina, Lowcountry",3.99,USD,false,WORLD,GGB266ae10045e6.epub
KDP Draft — How to Make Boiled Peanuts,,Darryl Elliott Brown,KDP Draft — How to Make Boiled Peanuts — A Gullah Geechee Biz publication.,en,,GGB240bbd68177b,Gullah Geechee Biz,2026-08-02,"BUS000000,SEL000000,SOC002010","Gullah Geechee, African American, South Carolina, Lowcountry",3.99,USD,false,WORLD,GGB240bbd68177b.epub
KDP Draft — How to Prepare Okra and Tomatoes,,Darryl Elliott Brown,KDP Draft — How to Prepare Okra and Tomatoes — A Gullah Geechee Biz publication.,en,,GGBded728a3b47d,Gullah Geechee Biz,2026-08-02,"BUS000000,SEL000000,SOC002010","Gullah Geechee, African American, South Carolina, Lowcountry",3.99,USD,false,WORLD,GGBded728a3b47d.epub
Encyclopedia Volume 13,,Darryl Elliott Brown,Encyclopedia Volume 13 — A Gullah Geechee Biz publication.,en,,GGBd22ebccb664b,Gullah Geechee Biz,2026-08-02,"REF000000,SOC002010,HIS036120","Gullah Geechee, African American, South Carolina, Lowcountry",9.99,USD,false,WORLD,GGBd22ebccb664b.epub
How to Build Surrender,,Darryl Elliott Brown,How to Build Surrender — A Gullah Geechee Biz publication.,en,,GGB3c5b19669b9e,Gullah Geechee Biz,2026-08-02,"BUS000000,SEL000000,SOC002010","Gullah Geechee, African American, South Carolina, Lowcountry",3.99,USD,false,WORLD,GGB3c5b19669b9e.epub
How to Price Your Products or Services,,Darryl Elliott Brown,How to Price Your Products or Services — A Gullah Geechee Biz publication.,en,,GGBcf0c27477d0b,Gullah Geechee Biz,2026-08-02,"BUS000000,SEL000000,SOC002010","Gullah Geechee, African American, South Carolina, Lowcountry",3.99,USD,false,WORLD,GGBcf0c27477d0b.epub
KDP Draft — How to Make Benne Wafers,,Darryl Elliott Brown,KDP Draft — How to Make Benne Wafers — A Gullah Geechee Biz publication.,en,,GGB5760a77671d9,Gullah Geechee Biz,2026-08-02,"BUS000000,SEL000000,SOC002010","Gullah Geechee, African American, South Carolina, Lowcountry",3.99,USD,false,WORLD,GGB5760a77671d9.epub
How to Manage Anxiety Naturally,,Darryl Elliott Brown,How to Manage Anxiety Naturally — A Gullah Geechee Biz publication.,en,,GGB947be060ec9e,Gullah Geechee Biz,2026-08-02,"BUS000000,SEL000000,SOC002010","Gullah Geechee, African American, South Carolina, Lowcountry",3.99,USD,false,WORLD,GGB947be060ec9e.epub
KDP Draft — How to Prepare Okra and Tomatoes,,Darryl Elliott Brown,KDP Draft — How to Prepare Okra and Tomatoes — A Gullah Geechee Biz publication.,en,,GGB812a30f2bb2b,Gullah Geechee Biz,2026-08-02,"BUS000000,SEL000000,SOC002010","Gullah Geechee, African American, South Carolina, Lowcountry",3.99,USD,false,WORLD,GGB812a30f2bb2b.epub
KDP Draft — How to Master LinkedIn for Business,,Darryl Elliott Brown,KDP Draft — How to Master LinkedIn for Business — A Gullah Geechee Biz publication.,en,,GGBfb7c54557e29,Gullah Geechee Biz,2026-08-02,"BUS000000,SEL000000,SOC002010","Gullah Geechee, African American, South Carolina, Lowcountry",3.99,USD,false,WORLD,GGBfb7c54557e29.epub
Encyclopedia Volume 35,,Darryl Elliott Brown,Encyclopedia Volume 35 — A Gullah Geechee Biz publication.,en,,GGB1f1e107e6d65,Gullah Geechee Biz,2026-08-02,"REF000000,SOC002010,HIS036120","Gullah Geechee, African American, South Carolina, Lowcountry",9.99,USD,false,WORLD,GGB1f1e107e6d65.epub
How to Make Benne Wafers,,Darryl Elliott Brown,How to Make Benne Wafers — A Gullah Geechee Biz publication.,en,,GGB86d97c334935,Gullah Geechee Biz,2026-08-02,"BUS000000,SEL000000,SOC002010","Gullah Geechee, African American, South Carolina, Lowcountry",3.99,USD,false,WORLD,GGB86d97c334935.epub
KDP Draft — The Gullah Geechee Guide to Discipline,,Darryl Elliott Brown,KDP Draft — The Gullah Geechee Guide to Discipline — A Gullah Geechee Biz publication.,en,,GGBa04b68504c66,Gullah Geechee Biz,2026-08-02,"BUS000000,SEL000000,SOC002010","Gullah Geechee, African American, South Carolina, Lowcountry",3.99,USD,false,WORLD,GGBa04b68504c66.epub
KDP Draft — How to Create a Content Strategy,,Darryl Elliott Brown,KDP Draft — How to Create a Content Strategy — A Gullah Geechee Biz publication.,en,,GGB9b2e3c08cbcf,Gullah Geechee Biz,2026-08-02,"BUS000000,SEL000000,SOC002010","Gullah Geechee, African American, South Carolina, Lowcountry",3.99,USD,false,WORLD,GGB9b2e3c08cbcf.epub
Encyclopedia Volume 10,,Darryl Elliott Brown,Encyclopedia Volume 10 — A Gullah Geechee Biz publication.,en,,GGB824cb7ff5cd7,Gullah Geechee Biz,2026-08-02,"REF000000,SOC002010,HIS036120","Gullah Geechee, African American, South Carolina, Lowcountry",9.99,USD,false,WORLD,GGB824cb7ff5cd7.epub
KDP Draft — How to Overcome Fear of Failure,,Darryl Elliott Brown,KDP Draft — How to Overcome Fear of Failure — A Gullah Geechee Biz publication.,en,,GGB4cef942aac25,Gullah Geechee Biz,2026-08-02,"BUS000000,SEL000000,SOC002010","Gullah Geechee, African American, South Carolina, Lowcountry",3.99,USD,false,WORLD,GGB4cef942aac25.epub
How to Network Like a Pro,,Darryl Elliott Brown,How to Network Like a Pro — A Gullah Geechee Biz publication.,en,,GGBd87e81d88ca3,Gullah Geechee Biz,2026-08-02,"BUS000000,SEL000000,SOC002010","Gullah Geechee, African American, South Carolina, Lowcountry",3.99,USD,false,WORLD,GGBd87e81d88ca3.epub
How to Cook Gullah Seafood,,Darryl Elliott Brown,How to Cook Gullah Seafood — A Gullah Geechee Biz publication.,en,,GGBc17be9b60920,Gullah Geechee Biz,2026-08-02,"CKB000000,SOC002010,HIS036120","Gullah Geechee, African American, South Carolina, Lowcountry",3.99,USD,false,WORLD,GGBc17be9b60920.epub
How to Cook Gullah Seafood,,Darryl Elliott Brown,How to Cook Gullah Seafood — A Gullah Geechee Biz publication.,en,,GGB5b086cf2081f,Gullah Geechee Biz,2026-08-02,"CKB000000,SOC002010,HIS036120","Gullah Geechee, African American, South Carolina, Lowcountry",3.99,USD,false,WORLD,GGB5b086cf2081f.epub
How to Build a Personal Brand,,Darryl Elliott Brown,How to Build a Personal Brand — A Gullah Geechee Biz publication.,en,,GGBa59bae456ed4,Gullah Geechee Biz,2026-08-02,"BUS000000,SEL000000,SOC002010","Gullah Geechee, African American, South Carolina, Lowcountry",3.99,USD,false,WORLD,GGBa59bae456ed4.epub
How to Cook Collard Greens the Right Way,,Darryl Elliott Brown,How to Cook Collard Greens the Right Way — A Gullah Geechee Biz publication.,en,,GGB5f1141e0334d,Gullah Geechee Biz,2026-08-02,"CKB000000,SOC002010,HIS036120","Gullah Geechee, African American, South Carolina, Lowcountry",3.99,USD,false,WORLD,GGB5f1141e0334d.epub
How to Develop Emotional Intelligence,,Darryl Elliott Brown,How to Develop Emotional Intelligence — A Gullah Geechee Biz publication.,en,,GGBd7e51761ba7b,Gullah Geechee Biz,2026-08-02,"BUS000000,SEL000000,SOC002010","Gullah Geechee, African American, South Carolina, Lowcountry",3.99,USD,false,WORLD,GGBd7e51761ba7b.epub
Encyclopedia Volume 40,,Darryl Elliott Brown,Encyclopedia Volume 40 — A Gullah Geechee Biz publication.,en,,GGBf6210d796daf,Gullah Geechee Biz,2026-08-02,"REF000000,SOC002010,HIS036120","Gullah Geechee, African American, South Carolina, Lowcountry",9.99,USD,false,WORLD,GGBf6210d796daf.epub
KDP Draft — How to Make Southern Cornbread from Scratch,,Darryl Elliott Brown,KDP Draft — How to Make Southern Cornbread from Scratch — A Gullah Geechee Biz publication.,en,,GGBe2542c1c31bd,Gullah Geechee Biz,2026-08-02,"BUS000000,SEL000000,SOC002010","Gullah Geechee, African American, South Carolina, Lowcountry",3.99,USD,false,WORLD,GGBe2542c1c31bd.epub
Lowcountry Tourism,,Darryl Elliott Brown,Lowcountry Tourism — A Gullah Geechee Biz publication.,en,,GGB0eb132fc7282,Gullah Geechee Biz,2026-08-02,"BUS000000,SEL000000,SOC002010","Gullah Geechee, African American, South Carolina, Lowcountry",3.99,USD,false,WORLD,GGB0eb132fc7282.epub
How to Make Gullah Soups and Stews,,Darryl Elliott Brown,How to Make Gullah Soups and Stews — A Gullah Geechee Biz publication.,en,,GGBa0566b836dfb,Gullah Geechee Biz,2026-08-02,"BUS000000,SEL000000,SOC002010","Gullah Geechee, African American, South Carolina, Lowcountry",3.99,USD,false,WORLD,GGBa0566b836dfb.epub
How to Cultivate Daily Gratitude,,Darryl Elliott Brown,How to Cultivate Daily Gratitude — A Gullah Geechee Biz publication.,en,,GGBfbc9854bee55,Gullah Geechee Biz,2026-08-02,"BUS000000,SEL000000,SOC002010","Gullah Geechee, African American, South Carolina, Lowcountry",3.99,USD,false,WORLD,GGBfbc9854bee55.epub
KDP Draft — How to Cook Gullah Pork Chops,,Darryl Elliott Brown,KDP Draft — How to Cook Gullah Pork Chops — A Gullah Geechee Biz publication.,en,,GGB52a2f25ed504,Gullah Geechee Biz,2026-08-02,"CKB000000,SOC002010,HIS036120","Gullah Geechee, African American, South Carolina, Lowcountry",3.99,USD,false,WORLD,GGB52a2f25ed504.epub
Encyclopedia Volume 08,,Darryl Elliott Brown,Encyclopedia Volume 08 — A Gullah Geechee Biz publication.,en,,GGB3b6a2300e257,Gullah Geechee Biz,2026-08-02,"REF000000,SOC002010,HIS036120","Gullah Geechee, African American, South Carolina, Lowcountry",9.99,USD,false,WORLD,GGB3b6a2300e257.epub
Encyclopedia Volume 18,,Darryl Elliott Brown,Encyclopedia Volume 18 — A Gullah Geechee Biz publication.,en,,GGBcecc7839c779,Gullah Geechee Biz,2026-08-02,"REF000000,SOC002010,HIS036120","Gullah Geechee, African American, South Carolina, Lowcountry",9.99,USD,false,WORLD,GGBcecc7839c779.epub
How to Stop People-Pleasing,,Darryl Elliott Brown,How to Stop People-Pleasing — A Gullah Geechee Biz publication.,en,,GGB0e610d939029,Gullah Geechee Biz,2026-08-02,"BUS000000,SEL000000,SOC002010","Gullah Geechee, African American, South Carolina, Lowcountry",3.99,USD,false,WORLD,GGB0e610d939029.epub
How to Break Bad Habits Forever,,Darryl Elliott Brown,How to Break Bad Habits Forever — A Gullah Geechee Biz publication.,en,,GGB4efcee13125e,Gullah Geechee Biz,2026-08-02,"BUS000000,SEL000000,SOC002010","Gullah Geechee, African American, South Carolina, Lowcountry",3.99,USD,false,WORLD,GGB4efcee13125e.epub
How to Create a Brand Style Guide,,Darryl Elliott Brown,How to Create a Brand Style Guide — A Gullah Geechee Biz publication.,en,,GGB7e1141b8f6cb,Gullah Geechee Biz,2026-08-02,"BUS000000,SEL000000,SOC002010","Gullah Geechee, African American, South Carolina, Lowcountry",3.99,USD,false,WORLD,GGB7e1141b8f6cb.epub
How to Launch an Online Course,,Darryl Elliott Brown,How to Launch an Online Course — A Gullah Geechee Biz publication.,en,,GGBd5f076223594,Gullah Geechee Biz,2026-08-02,"BUS000000,SEL000000,SOC002010","Gullah Geechee, African American, South Carolina, Lowcountry",3.99,USD,false,WORLD,GGBd5f076223594.epub
Encyclopedia Volume 41,,Darryl Elliott Brown,Encyclopedia Volume 41 — A Gullah Geechee Biz publication.,en,,GGBcfcc584e87e1,Gullah Geechee Biz,2026-08-02,"REF000000,SOC002010,HIS036120","Gullah Geechee, African American, South Carolina, Lowcountry",9.99,USD,false,WORLD,GGBcfcc584e87e1.epub
KDP Draft — How to Use AI in Your Business,,Darryl Elliott Brown,KDP Draft — How to Use AI in Your Business — A Gullah Geechee Biz publication.,en,,GGBbf4c93bbaa6f,Gullah Geechee Biz,2026-08-02,"BUS000000,SEL000000,SOC002010","Gullah Geechee, African American, South Carolina, Lowcountry",3.99,USD,false,WORLD,GGBbf4c93bbaa6f.epub
How to Find Your Purpose,,Darryl Elliott Brown,How to Find Your Purpose — A Gullah Geechee Biz publication.,en,,GGB5bd5a0d88964,Gullah Geechee Biz,2026-08-02,"BUS000000,SEL000000,SOC002010","Gullah Geechee, African American, South Carolina, Lowcountry",3.99,USD,false,WORLD,GGB5bd5a0d88964.epub
How to Master Cast Iron Cooking,,Darryl Elliott Brown,How to Master Cast Iron Cooking — A Gullah Geechee Biz publication.,en,,GGB752bf9af5af7,Gullah Geechee Biz,2026-08-02,"CKB000000,SOC002010,HIS036120","Gullah Geechee, African American, South Carolina, Lowcountry",3.99,USD,false,WORLD,GGB752bf9af5af7.epub
How to Master Public Speaking,,Darryl Elliott Brown,How to Master Public Speaking — A Gullah Geechee Biz publication.,en,,GGB72ae6d5438bc,Gullah Geechee Biz,2026-08-02,"BUS000000,SEL000000,SOC002010","Gullah Geechee, African American, South Carolina, Lowcountry",3.99,USD,false,WORLD,GGB72ae6d5438bc.epub
KDP Draft — How to Build Healthy Relationships,,Darryl Elliott Brown,KDP Draft — How to Build Healthy Relationships — A Gullah Geechee Biz publication.,en,,GGB39b938600cf6,Gullah Geechee Biz,2026-08-02,"BUS000000,SEL000000,SOC002010","Gullah Geechee, African American, South Carolina, Lowcountry",3.99,USD,false,WORLD,GGB39b938600cf6.epub
Gullah Geechee Community Commerce,,Darryl Elliott Brown,Gullah Geechee Community Commerce — A Gullah Geechee Biz publication.,en,,GGBeb4bf81054dd,Gullah Geechee Biz,2026-08-02,"BUS000000,SEL000000,SOC002010","Gullah Geechee, African American, South Carolina, Lowcountry",3.99,USD,false,WORLD,GGBeb4bf81054dd.epub
KDP Draft — How to Build Customer Loyalty,,Darryl Elliott Brown,KDP Draft — How to Build Customer Loyalty — A Gullah Geechee Biz publication.,en,,GGB9d7a8faeef7c,Gullah Geechee Biz,2026-08-02,"BUS000000,SEL000000,SOC002010","Gullah Geechee, African American, South Carolina, Lowcountry",3.99,USD,false,WORLD,GGB9d7a8faeef7c.epub
Encyclopedia Volume 27,,Darryl Elliott Brown,Encyclopedia Volume 27 — A Gullah Geechee Biz publication.,en,,GGBfb840360328d,Gullah Geechee Biz,2026-08-02,"REF000000,SOC002010,HIS036120","Gullah Geechee, African American, South Carolina, Lowcountry",9.99,USD,false,WORLD,GGBfb840360328d.epub
KDP Draft — How to Bake Buttermilk Cornbread,,Darryl Elliott Brown,KDP Draft — How to Bake Buttermilk Cornbread — A Gullah Geechee Biz publication.,en,,GGB6e8df04f707b,Gullah Geechee Biz,2026-08-02,"BUS000000,SEL000000,SOC002010","Gullah Geechee, African American, South Carolina, Lowcountry",3.99,USD,false,WORLD,GGB6e8df04f707b.epub
How to Create a Content Strategy,,Darryl Elliott Brown,How to Create a Content Strategy — A Gullah Geechee Biz publication.,en,,GGBab313101f41e,Gullah Geechee Biz,2026-08-02,"BUS000000,SEL000000,SOC002010","Gullah Geechee, African American, South Carolina, Lowcountry",3.99,USD,false,WORLD,GGBab313101f41e.epub
How to Make Pickled Shrimp,,Darryl Elliott Brown,How to Make Pickled Shrimp — A Gullah Geechee Biz publication.,en,,GGB857852c0e321,Gullah Geechee Biz,2026-08-02,"BUS000000,SEL000000,SOC002010","Gullah Geechee, African American, South Carolina, Lowcountry",3.99,USD,false,WORLD,GGB857852c0e321.epub
How to Bake Buttermilk Cornbread,,Darryl Elliott Brown,How to Bake Buttermilk Cornbread — A Gullah Geechee Biz publication.,en,,GGB9dff4c243da3,Gullah Geechee Biz,2026-08-02,"BUS000000,SEL000000,SOC002010","Gullah Geechee, African American, South Carolina, Lowcountry",3.99,USD,false,WORLD,GGB9dff4c243da3.epub
KDP Draft — How to Master LinkedIn for Business,,Darryl Elliott Brown,KDP Draft — How to Master LinkedIn for Business — A Gullah Geechee Biz publication.,en,,GGB5750a1b235da,Gullah Geechee Biz,2026-08-02,"BUS000000,SEL000000,SOC002010","Gullah Geechee, African American, South Carolina, Lowcountry",3.99,USD,false,WORLD,GGB5750a1b235da.epub
How to Bake Sweet Potato Pie,,Darryl Elliott Brown,How to Bake Sweet Potato Pie — A Gullah Geechee Biz publication.,en,,GGB4249f8182304,Gullah Geechee Biz,2026-08-02,"BUS000000,SEL000000,SOC002010","Gullah Geechee, African American, South Carolina, Lowcountry",3.99,USD,false,WORLD,GGB4249f8182304.epub
How to Cook Collard Greens the Right Way,,Darryl Elliott Brown,How to Cook Collard Greens the Right Way — A Gullah Geechee Biz publication.,en,,GGB613d86279fcf,Gullah Geechee Biz,2026-08-02,"CKB000000,SOC002010,HIS036120","Gullah Geechee, African American, South Carolina, Lowcountry",3.99,USD,false,WORLD,GGB613d86279fcf.epub
KDP Draft — How to Master LinkedIn for Business,,Darryl Elliott Brown,KDP Draft — How to Master LinkedIn for Business — A Gullah Geechee Biz publication.,en,,GGB4a900c6619b7,Gullah Geechee Biz,2026-08-02,"BUS000000,SEL000000,SOC002010","Gullah Geechee, African American, South Carolina, Lowcountry",3.99,USD,false,WORLD,GGB4a900c6619b7.epub
How to Cook Gullah Pork Chops,,Darryl Elliott Brown,How to Cook Gullah Pork Chops — A Gullah Geechee Biz publication.,en,,GGBb5530117e0a3,Gullah Geechee Biz,2026-08-02,"CKB000000,SOC002010,HIS036120","Gullah Geechee, African American, South Carolina, Lowcountry",3.99,USD,false,WORLD,GGBb5530117e0a3.epub
How to Negotiate Better Deals,,Darryl Elliott Brown,How to Negotiate Better Deals — A Gullah Geechee Biz publication.,en,,GGB9b2bb9421ae3,Gullah Geechee Biz,2026-08-02,"BUS000000,SEL000000,SOC002010","Gullah Geechee, African American, South Carolina, Lowcountry",3.99,USD,false,WORLD,GGB9b2bb9421ae3.epub
Encyclopedia Volume 28,,Darryl Elliott Brown,Encyclopedia Volume 28 — A Gullah Geechee Biz publication.,en,,GGB93881a6dc76c,Gullah Geechee Biz,2026-08-02,"REF000000,SOC002010,HIS036120","Gullah Geechee, African American, South Carolina, Lowcountry",9.99,USD,false,WORLD,GGB93881a6dc76c.epub
KDP Draft — Gullah Geechee Camp Cooking,,Darryl Elliott Brown,KDP Draft — Gullah Geechee Camp Cooking — A Gullah Geechee Biz publication.,en,,GGBe91717759794,Gullah Geechee Biz,2026-08-02,"CKB000000,SOC002010,HIS036120","Gullah Geechee, African American, South Carolina, Lowcountry",3.99,USD,false,WORLD,GGBe91717759794.epub
KDP Draft — How to Create a Vision Board That Works,,Darryl Elliott Brown,KDP Draft — How to Create a Vision Board That Works — A Gullah Geechee Biz publication.,en,,GGB858e8936d5ee,Gullah Geechee Biz,2026-08-02,"BUS000000,SEL000000,SOC002010","Gullah Geechee, African American, South Carolina, Lowcountry",3.99,USD,false,WORLD,GGB858e8936d5ee.epub
KDP Draft — How to Embrace Your Authentic Self,,Darryl Elliott Brown,KDP Draft — How to Embrace Your Authentic Self — A Gullah Geechee Biz publication.,en,,GGB1b0dff7bc10f,Gullah Geechee Biz,2026-08-02,"BUS000000,SEL000000,SOC002010","Gullah Geechee, African American, South Carolina, Lowcountry",3.99,USD,false,WORLD,GGB1b0dff7bc10f.epub
KDP Draft — How to Create a Business Exit Strategy,,Darryl Elliott Brown,KDP Draft — How to Create a Business Exit Strategy — A Gullah Geechee Biz publication.,en,,GGBc3233bfbff1b,Gullah Geechee Biz,2026-08-02,"BUS000000,SEL000000,SOC002010","Gullah Geechee, African American, South Carolina, Lowcountry",3.99,USD,false,WORLD,GGBc3233bfbff1b.epub
KDP Draft — How to Master Public Speaking,,Darryl Elliott Brown,KDP Draft — How to Master Public Speaking — A Gullah Geechee Biz publication.,en,,GGBa495d4ecb439,Gullah Geechee Biz,2026-08-02,"BUS000000,SEL000000,SOC002010","Gullah Geechee, African American, South Carolina, Lowcountry",3.99,USD,false,WORLD,GGBa495d4ecb439.epub
Encyclopedia Volume 50,,Darryl Elliott Brown,Encyclopedia Volume 50 — A Gullah Geechee Biz publication.,en,,GGBf0818ebcb107,Gullah Geechee Biz,2026-08-02,"REF000000,SOC002010,HIS036120","Gullah Geechee, African American, South Carolina, Lowcountry",9.99,USD,false,WORLD,GGBf0818ebcb107.epub
Encyclopedia Volume 04,,Darryl Elliott Brown,Encyclopedia Volume 04 — A Gullah Geechee Biz publication.,en,,GGB619fca1de660,Gullah Geechee Biz,2026-08-02,"REF000000,SOC002010,HIS036120","Gullah Geechee, African American, South Carolina, Lowcountry",9.99,USD,false,WORLD,GGB619fca1de660.epub
How to Let Go of Perfectionism,,Darryl Elliott Brown,How to Let Go of Perfectionism — A Gullah Geechee Biz publication.,en,,GGBb7273128b936,Gullah Geechee Biz,2026-08-02,"BUS000000,SEL000000,SOC002010","Gullah Geechee, African American, South Carolina, Lowcountry",3.99,USD,false,WORLD,GGBb7273128b936.epub
Encyclopedia Volume 08,,Darryl Elliott Brown,Encyclopedia Volume 08 — A Gullah Geechee Biz publication.,en,,GGB6d6af870a826,Gullah Geechee Biz,2026-08-02,"REF000000,SOC002010,HIS036120","Gullah Geechee, African American, South Carolina, Lowcountry",9.99,USD,false,WORLD,GGB6d6af870a826.epub
Encyclopedia Volume 04,,Darryl Elliott Brown,Encyclopedia Volume 04 — A Gullah Geechee Biz publication.,en,,GGB75cd43aa4007,Gullah Geechee Biz,2026-08-02,"REF000000,SOC002010,HIS036120","Gullah Geechee, African American, South Carolina, Lowcountry",9.99,USD,false,WORLD,GGB75cd43aa4007.epub
Gullah Geechee Smoothies,,Darryl Elliott Brown,Gullah Geechee Smoothies — A Gullah Geechee Biz publication.,en,,GGBac10dc2ad7f4,Gullah Geechee Biz,2026-08-02,"BUS000000,SEL000000,SOC002010","Gullah Geechee, African American, South Carolina, Lowcountry",3.99,USD,false,WORLD,GGBac10dc2ad7f4.epub
Gullah Geechee Biz TV Spot,,Darryl Elliott Brown,Gullah Geechee Biz TV Spot — A Gullah Geechee Biz publication.,en,,GGBc0a84807f8b3,Gullah Geechee Biz,2026-08-02,"BUS000000,SEL000000,SOC002010","Gullah Geechee, African American, South Carolina, Lowcountry",3.99,USD,false,WORLD,GGBc0a84807f8b3.epub
How to Overcome Imposter Syndrome,,Darryl Elliott Brown,How to Overcome Imposter Syndrome — A Gullah Geechee Biz publication.,en,,GGBf65e309e707e,Gullah Geechee Biz,2026-08-02,"BUS000000,SEL000000,SOC002010","Gullah Geechee, African American, South Carolina, Lowcountry",3.99,USD,false,WORLD,GGBf65e309e707e.epub
How to Build Vision,,Darryl Elliott Brown,How to Build Vision — A Gullah Geechee Biz publication.,en,,GGB353bd97bd8f5,Gullah Geechee Biz,2026-08-02,"BUS000000,SEL000000,SOC002010","Gullah Geechee, African American, South Carolina, Lowcountry",3.99,USD,false,WORLD,GGB353bd97bd8f5.epub
KDP Draft — How to Make Sweetgrass Lemonade,,Darryl Elliott Brown,KDP Draft — How to Make Sweetgrass Lemonade — A Gullah Geechee Biz publication.,en,,GGB515f0c4f54fa,Gullah Geechee Biz,2026-08-02,"BUS000000,SEL000000,SOC002010","Gullah Geechee, African American, South Carolina, Lowcountry",3.99,USD,false,WORLD,GGB515f0c4f54fa.epub
How to Manage Your Time Effectively,,Darryl Elliott Brown,How to Manage Your Time Effectively — A Gullah Geechee Biz publication.,en,,GGB9920d3c3b10c,Gullah Geechee Biz,2026-08-02,"BUS000000,SEL000000,SOC002010","Gullah Geechee, African American, South Carolina, Lowcountry",3.99,USD,false,WORLD,GGB9920d3c3b10c.epub
KDP Draft — How to Master Your Morning Routine,,Darryl Elliott Brown,KDP Draft — How to Master Your Morning Routine — A Gullah Geechee Biz publication.,en,,GGBb94be9f8d60e,Gullah Geechee Biz,2026-08-02,"BUS000000,SEL000000,SOC002010","Gullah Geechee, African American, South Carolina, Lowcountry",3.99,USD,false,WORLD,GGBb94be9f8d60e.epub
Encyclopedia Volume 30,,Darryl Elliott Brown,Encyclopedia Volume 30 — A Gullah Geechee Biz publication.,en,,GGBb3bf3be56dfc,Gullah Geechee Biz,2026-08-02,"REF000000,SOC002010,HIS036120","Gullah Geechee, African American, South Carolina, Lowcountry",9.99,USD,false,WORLD,GGBb3bf3be56dfc.epub
Gullah Geechee Job Creation,,Darryl Elliott Brown,Gullah Geechee Job Creation — A Gullah Geechee Biz publication.,en,,GGB9fc08291f340,Gullah Geechee Biz,2026-08-02,"BUS000000,SEL000000,SOC002010","Gullah Geechee, African American, South Carolina, Lowcountry",3.99,USD,false,WORLD,GGB9fc08291f340.epub
Encyclopedia Volume 15,,Darryl Elliott Brown,Encyclopedia Volume 15 — A Gullah Geechee Biz publication.,en,,GGB52999c5f64af,Gullah Geechee Biz,2026-08-02,"REF000000,SOC002010,HIS036120","Gullah Geechee, African American, South Carolina, Lowcountry",9.99,USD,false,WORLD,GGB52999c5f64af.epub
Gullah Geechee Business Planning,,Darryl Elliott Brown,Gullah Geechee Business Planning — A Gullah Geechee Biz publication.,en,,GGB6f4bdb3f6cff,Gullah Geechee Biz,2026-08-02,"BUS000000,SEL000000,SOC002010","Gullah Geechee, African American, South Carolina, Lowcountry",3.99,USD,false,WORLD,GGB6f4bdb3f6cff.epub
Encyclopedia Volume 01,,Darryl Elliott Brown,Encyclopedia Volume 01 — A Gullah Geechee Biz publication.,en,,GGBedf4afc3275a,Gullah Geechee Biz,2026-08-02,"REF000000,SOC002010,HIS036120","Gullah Geechee, African American, South Carolina, Lowcountry",9.99,USD,false,WORLD,GGBedf4afc3275a.epub
How to Create a Sales Funnel,,Darryl Elliott Brown,How to Create a Sales Funnel — A Gullah Geechee Biz publication.,en,,GGB0e758fa4047b,Gullah Geechee Biz,2026-08-02,"BUS000000,SEL000000,SOC002010","Gullah Geechee, African American, South Carolina, Lowcountry",3.99,USD,false,WORLD,GGB0e758fa4047b.epub
How to Make Gullah Breads,,Darryl Elliott Brown,How to Make Gullah Breads — A Gullah Geechee Biz publication.,en,,GGBb16bfc2135e3,Gullah Geechee Biz,2026-08-02,"BUS000000,SEL000000,SOC002010","Gullah Geechee, African American, South Carolina, Lowcountry",3.99,USD,false,WORLD,GGBb16bfc2135e3.epub
KDP Draft — Gullah Geechee One-Pot Meals,,Darryl Elliott Brown,KDP Draft — Gullah Geechee One-Pot Meals — A Gullah Geechee Biz publication.,en,,GGBdd0e068fdd18,Gullah Geechee Biz,2026-08-02,"BUS000000,SEL000000,SOC002010","Gullah Geechee, African American, South Carolina, Lowcountry",3.99,USD,false,WORLD,GGBdd0e068fdd18.epub
How to Practice Mindful Living,,Darryl Elliott Brown,How to Practice Mindful Living — A Gullah Geechee Biz publication.,en,,GGB2a5e565e5e68,Gullah Geechee Biz,2026-08-02,"BUS000000,SEL000000,SOC002010","Gullah Geechee, African American, South Carolina, Lowcountry",3.99,USD,false,WORLD,GGB2a5e565e5e68.epub
How to Fry the Perfect Fish,,Darryl Elliott Brown,How to Fry the Perfect Fish — A Gullah Geechee Biz publication.,en,,GGB912f16d4ee2e,Gullah Geechee Biz,2026-08-02,"BUS000000,SEL000000,SOC002010","Gullah Geechee, African American, South Carolina, Lowcountry",3.99,USD,false,WORLD,GGB912f16d4ee2e.epub
KDP Draft — How to Overcome Imposter Syndrome,,Darryl Elliott Brown,KDP Draft — How to Overcome Imposter Syndrome — A Gullah Geechee Biz publication.,en,,GGBcf341d1623b9,Gullah Geechee Biz,2026-08-02,"BUS000000,SEL000000,SOC002010","Gullah Geechee, African American, South Carolina, Lowcountry",3.99,USD,false,WORLD,GGBcf341d1623b9.epub
KDP Draft — How to Negotiate Better Deals,,Darryl Elliott Brown,KDP Draft — How to Negotiate Better Deals — A Gullah Geechee Biz publication.,en,,GGBac348f061c6d,Gullah Geechee Biz,2026-08-02,"BUS000000,SEL000000,SOC002010","Gullah Geechee, African American, South Carolina, Lowcountry",3.99,USD,false,WORLD,GGBac348f061c6d.epub
KDP Draft — How to Build Healthy Relationships,,Darryl Elliott Brown,KDP Draft — How to Build Healthy Relationships — A Gullah Geechee Biz publication.,en,,GGBc2e6aba88a18,Gullah Geechee Biz,2026-08-02,"BUS000000,SEL000000,SOC002010","Gullah Geechee, African American, South Carolina, Lowcountry",3.99,USD,false,WORLD,GGBc2e6aba88a18.epub
KDP Draft — How to Manage Your Time Effectively,,Darryl Elliott Brown,KDP Draft — How to Manage Your Time Effectively — A Gullah Geechee Biz publication.,en,,GGBc3a06d1640e0,Gullah Geechee Biz,2026-08-02,"BUS000000,SEL000000,SOC002010","Gullah Geechee, African American, South Carolina, Lowcountry",3.99,USD,false,WORLD,GGBc3a06d1640e0.epub
KDP Draft — How to Create a Business Plan,,Darryl Elliott Brown,KDP Draft — How to Create a Business Plan — A Gullah Geechee Biz publication.,en,,GGB4367428544f9,Gullah Geechee Biz,2026-08-02,"BUS000000,SEL000000,SOC002010","Gullah Geechee, African American, South Carolina, Lowcountry",3.99,USD,false,WORLD,GGB4367428544f9.epub
KDP Draft — How to Stay Motivated Every Day,,Darryl Elliott Brown,KDP Draft — How to Stay Motivated Every Day — A Gullah Geechee Biz publication.,en,,GGBdabb322acc48,Gullah Geechee Biz,2026-08-02,"BUS000000,SEL000000,SOC002010","Gullah Geechee, African American, South Carolina, Lowcountry",3.99,USD,false,WORLD,GGBdabb322acc48.epub
How to Write a Winning Grant Proposal,,Darryl Elliott Brown,How to Write a Winning Grant Proposal — A Gullah Geechee Biz publication.,en,,GGB99d8a7cdf007,Gullah Geechee Biz,2026-08-02,"BUS000000,SEL000000,SOC002010","Gullah Geechee, African American, South Carolina, Lowcountry",3.99,USD,false,WORLD,GGB99d8a7cdf007.epub
KDP Draft — How to Practice Radical Self-Care,,Darryl Elliott Brown,KDP Draft — How to Practice Radical Self-Care — A Gullah Geechee Biz publication.,en,,GGBab8daaaff674,Gullah Geechee Biz,2026-08-02,"BUS000000,SEL000000,SOC002010","Gullah Geechee, African American, South Carolina, Lowcountry",3.99,USD,false,WORLD,GGBab8daaaff674.epub
How to Make Rice Pudding,,Darryl Elliott Brown,How to Make Rice Pudding — A Gullah Geechee Biz publication.,en,,GGB23961f96f634,Gullah Geechee Biz,2026-08-02,"BUS000000,SEL000000,SOC002010","Gullah Geechee, African American, South Carolina, Lowcountry",3.99,USD,false,WORLD,GGB23961f96f634.epub
The Gullah Geechee Guide to Unity,,Darryl Elliott Brown,The Gullah Geechee Guide to Unity — A Gullah Geechee Biz publication.,en,,GGB253fcf373663,Gullah Geechee Biz,2026-08-02,"BUS000000,SEL000000,SOC002010","Gullah Geechee, African American, South Carolina, Lowcountry",3.99,USD,false,WORLD,GGB253fcf373663.epub
KDP Draft — How to Make Holiday Gullah Feasts,,Darryl Elliott Brown,KDP Draft — How to Make Holiday Gullah Feasts — A Gullah Geechee Biz publication.,en,,GGB9c2370e6dcc8,Gullah Geechee Biz,2026-08-02,"BUS000000,SEL000000,SOC002010","Gullah Geechee, African American, South Carolina, Lowcountry",3.99,USD,false,WORLD,GGB9c2370e6dcc8.epub
KDP Draft — How to Prepare Okra and Tomatoes,,Darryl Elliott Brown,KDP Draft — How to Prepare Okra and Tomatoes — A Gullah Geechee Biz publication.,en,,GGB936e7c7f0d01,Gullah Geechee Biz,2026-08-02,"BUS000000,SEL000000,SOC002010","Gullah Geechee, African American, South Carolina, Lowcountry",3.99,USD,false,WORLD,GGB936e7c7f0d01.epub
Gullah Geechee Condiments,,Darryl Elliott Brown,Gullah Geechee Condiments — A Gullah Geechee Biz publication.,en,,GGB93aa7a4f63a3,Gullah Geechee Biz,2026-08-02,"BUS000000,SEL000000,SOC002010","Gullah Geechee, African American, South Carolina, Lowcountry",3.99,USD,false,WORLD,GGB93aa7a4f63a3.epub
How to Stay Motivated Every Day,,Darryl Elliott Brown,How to Stay Motivated Every Day — A Gullah Geechee Biz publication.,en,,GGBc06802a6219b,Gullah Geechee Biz,2026-08-02,"BUS000000,SEL000000,SOC002010","Gullah Geechee, African American, South Carolina, Lowcountry",3.99,USD,false,WORLD,GGBc06802a6219b.epub
KDP Draft — How to Build Strategic Partnerships,,Darryl Elliott Brown,KDP Draft — How to Build Strategic Partnerships — A Gullah Geechee Biz publication.,en,,GGBeb7b98abdaff,Gullah Geechee Biz,2026-08-02,"BUS000000,SEL000000,SOC002010","Gullah Geechee, African American, South Carolina, Lowcountry",3.99,USD,false,WORLD,GGBeb7b98abdaff.epub
How to Bake Gullah Desserts,,Darryl Elliott Brown,How to Bake Gullah Desserts — A Gullah Geechee Biz publication.,en,,GGBb747ed66b98e,Gullah Geechee Biz,2026-08-02,"BUS000000,SEL000000,SOC002010","Gullah Geechee, African American, South Carolina, Lowcountry",3.99,USD,false,WORLD,GGBb747ed66b98e.epub
How to Handle Criticism Gracefully,,Darryl Elliott Brown,How to Handle Criticism Gracefully — A Gullah Geechee Biz publication.,en,,GGB3e13ec8975f6,Gullah Geechee Biz,2026-08-02,"BUS000000,SEL000000,SOC002010","Gullah Geechee, African American, South Carolina, Lowcountry",3.99,USD,false,WORLD,GGB3e13ec8975f6.epub
How to Build Surrender,,Darryl Elliott Brown,How to Build Surrender — A Gullah Geechee Biz publication.,en,,GGB39d6ed23e7d4,Gullah Geechee Biz,2026-08-02,"BUS000000,SEL000000,SOC002010","Gullah Geechee, African American, South Carolina, Lowcountry",3.99,USD,false,WORLD,GGB39d6ed23e7d4.epub
KDP Draft — How to Cook Perfect Gullah Red Rice,,Darryl Elliott Brown,KDP Draft — How to Cook Perfect Gullah Red Rice — A Gullah Geechee Biz publication.,en,,GGB6fec0d0df6f7,Gullah Geechee Biz,2026-08-02,"CKB000000,SOC002010,HIS036120","Gullah Geechee, African American, South Carolina, Lowcountry",3.99,USD,false,WORLD,GGB6fec0d0df6f7.epub
How to Build a Personal Brand,,Darryl Elliott Brown,How to Build a Personal Brand — A Gullah Geechee Biz publication.,en,,GGB5abb67f6c7d1,Gullah Geechee Biz,2026-08-02,"BUS000000,SEL000000,SOC002010","Gullah Geechee, African American, South Carolina, Lowcountry",3.99,USD,false,WORLD,GGB5abb67f6c7d1.epub
How to Master Cast Iron Cooking,,Darryl Elliott Brown,How to Master Cast Iron Cooking — A Gullah Geechee Biz publication.,en,,GGBf5140c5e591b,Gullah Geechee Biz,2026-08-02,"CKB000000,SOC002010,HIS036120","Gullah Geechee, African American, South Carolina, Lowcountry",3.99,USD,false,WORLD,GGBf5140c5e591b.epub
How to Make Sweetgrass Lemonade,,Darryl Elliott Brown,How to Make Sweetgrass Lemonade — A Gullah Geechee Biz publication.,en,,GGB8864c55f9a78,Gullah Geechee Biz,2026-08-02,"BUS000000,SEL000000,SOC002010","Gullah Geechee, African American, South Carolina, Lowcountry",3.99,USD,false,WORLD,GGB8864c55f9a78.epub
How to Develop a Growth Mindset,,Darryl Elliott Brown,How to Develop a Growth Mindset — A Gullah Geechee Biz publication.,en,,GGB131373ca8c06,Gullah Geechee Biz,2026-08-02,"BUS000000,SEL000000,SOC002010","Gullah Geechee, African American, South Carolina, Lowcountry",3.99,USD,false,WORLD,GGB131373ca8c06.epub
Encyclopedia Volume 22,,Darryl Elliott Brown,Encyclopedia Volume 22 — A Gullah Geechee Biz publication.,en,,GGB02203c83cf6b,Gullah Geechee Biz,2026-08-02,"REF000000,SOC002010,HIS036120","Gullah Geechee, African American, South Carolina, Lowcountry",9.99,USD,false,WORLD,GGB02203c83cf6b.epub
KDP Draft — How to Break Bad Habits Forever,,Darryl Elliott Brown,KDP Draft — How to Break Bad Habits Forever — A Gullah Geechee Biz publication.,en,,GGB8d428404a2af,Gullah Geechee Biz,2026-08-02,"BUS000000,SEL000000,SOC002010","Gullah Geechee, African American, South Carolina, Lowcountry",3.99,USD,false,WORLD,GGB8d428404a2af.epub
How to Master LinkedIn for Business,,Darryl Elliott Brown,How to Master LinkedIn for Business — A Gullah Geechee Biz publication.,en,,GGBa787aaa3875c,Gullah Geechee Biz,2026-08-02,"BUS000000,SEL000000,SOC002010","Gullah Geechee, African American, South Carolina, Lowcountry",3.99,USD,false,WORLD,GGBa787aaa3875c.epub
How to Build Abundance,,Darryl Elliott Brown,How to Build Abundance — A Gullah Geechee Biz publication.,en,,GGB8303fd258e52,Gullah Geechee Biz,2026-08-02,"BUS000000,SEL000000,SOC002010","Gullah Geechee, African American, South Carolina, Lowcountry",3.99,USD,false,WORLD,GGB8303fd258e52.epub
KDP Draft — How to Make Holiday Gullah Feasts,,Darryl Elliott Brown,KDP Draft — How to Make Holiday Gullah Feasts — A Gullah Geechee Biz publication.,en,,GGBa857b5e92f33,Gullah Geechee Biz,2026-08-02,"BUS000000,SEL000000,SOC002010","Gullah Geechee, African American, South Carolina, Lowcountry",3.99,USD,false,WORLD,GGBa857b5e92f33.epub
KDP Draft — How to Practice Mindful Living,,Darryl Elliott Brown,KDP Draft — How to Practice Mindful Living — A Gullah Geechee Biz publication.,en,,GGB824fc20f3da7,Gullah Geechee Biz,2026-08-02,"BUS000000,SEL000000,SOC002010","Gullah Geechee, African American, South Carolina, Lowcountry",3.99,USD,false,WORLD,GGB824fc20f3da7.epub
KDP Draft — How to Make Boiled Peanuts,,Darryl Elliott Brown,KDP Draft — How to Make Boiled Peanuts — A Gullah Geechee Biz publication.,en,,GGBd3528c6fb401,Gullah Geechee Biz,2026-08-02,"BUS000000,SEL000000,SOC002010","Gullah Geechee, African American, South Carolina, Lowcountry",3.99,USD,false,WORLD,GGBd3528c6fb401.epub
KDP Draft — How to Practice Mindful Living,,Darryl Elliott Brown,KDP Draft — How to Practice Mindful Living — A Gullah Geechee Biz publication.,en,,GGB50b12a6534aa,Gullah Geechee Biz,2026-08-02,"BUS000000,SEL000000,SOC002010","Gullah Geechee, African American, South Carolina, Lowcountry",3.99,USD,false,WORLD,GGB50b12a6534aa.epub
How to Forgive Yourself and Move On,,Darryl Elliott Brown,How to Forgive Yourself and Move On — A Gullah Geechee Biz publication.,en,,GGB9086d2dc68e4,Gullah Geechee Biz,2026-08-02,"BUS000000,SEL000000,SOC002010","Gullah Geechee, African American, South Carolina, Lowcountry",3.99,USD,false,WORLD,GGB9086d2dc68e4.epub
KDP Draft — How to Build Customer Loyalty,,Darryl Elliott Brown,KDP Draft — How to Build Customer Loyalty — A Gullah Geechee Biz publication.,en,,GGB55d541fe5647,Gullah Geechee Biz,2026-08-02,"BUS000000,SEL000000,SOC002010","Gullah Geechee, African American, South Carolina, Lowcountry",3.99,USD,false,WORLD,GGB55d541fe5647.epub
KDP Draft — How to Make One-Pot Gullah Meals,,Darryl Elliott Brown,KDP Draft — How to Make One-Pot Gullah Meals — A Gullah Geechee Biz publication.,en,,GGBc1f64a9ea806,Gullah Geechee Biz,2026-08-02,"BUS000000,SEL000000,SOC002010","Gullah Geechee, African American, South Carolina, Lowcountry",3.99,USD,false,WORLD,GGBc1f64a9ea806.epub
How to Prepare Gullah Side Dishes,,Darryl Elliott Brown,How to Prepare Gullah Side Dishes — A Gullah Geechee Biz publication.,en,,GGB3a1e3d01e07c,Gullah Geechee Biz,2026-08-02,"BUS000000,SEL000000,SOC002010","Gullah Geechee, African American, South Carolina, Lowcountry",3.99,USD,false,WORLD,GGB3a1e3d01e07c.epub
KDP Draft — How to Launch an Online Course,,Darryl Elliott Brown,KDP Draft — How to Launch an Online Course — A Gullah Geechee Biz publication.,en,,GGB7d36a6bd6053,Gullah Geechee Biz,2026-08-02,"BUS000000,SEL000000,SOC002010","Gullah Geechee, African American, South Carolina, Lowcountry",3.99,USD,false,WORLD,GGB7d36a6bd6053.epub
KDP Draft — How to Master Social Media Marketing,,Darryl Elliott Brown,KDP Draft — How to Master Social Media Marketing — A Gullah Geechee Biz publication.,en,,GGBbdc67864dbd3,Gullah Geechee Biz,2026-08-02,"BUS000000,SEL000000,SOC002010","Gullah Geechee, African American, South Carolina, Lowcountry",3.99,USD,false,WORLD,GGBbdc67864dbd3.epub
How to Practice Self-Compassion,,Darryl Elliott Brown,How to Practice Self-Compassion — A Gullah Geechee Biz publication.,en,,GGB0446d74cfbf1,Gullah Geechee Biz,2026-08-02,"BUS000000,SEL000000,SOC002010","Gullah Geechee, African American, South Carolina, Lowcountry",3.99,USD,false,WORLD,GGB0446d74cfbf1.epub
Gullah Geechee Comfort Food,,Darryl Elliott Brown,Gullah Geechee Comfort Food — A Gullah Geechee Biz publication.,en,,GGB12b6cb347fe4,Gullah Geechee Biz,2026-08-02,"CKB000000,SOC002010,HIS036120","Gullah Geechee, African American, South Carolina, Lowcountry",3.99,USD,false,WORLD,GGB12b6cb347fe4.epub
Encyclopedia Volume 01,,Darryl Elliott Brown,Encyclopedia Volume 01 — A Gullah Geechee Biz publication.,en,,GGB871c228ff8dd,Gullah Geechee Biz,2026-08-02,"REF000000,SOC002010,HIS036120","Gullah Geechee, African American, South Carolina, Lowcountry",9.99,USD,false,WORLD,GGB871c228ff8dd.epub
Gullah Geechee Financial Literacy,,Darryl Elliott Brown,Gullah Geechee Financial Literacy — A Gullah Geechee Biz publication.,en,,GGB7e724a63a11e,Gullah Geechee Biz,2026-08-02,"BUS000000,SEL000000,SOC002010","Gullah Geechee, African American, South Carolina, Lowcountry",3.99,USD,false,WORLD,GGB7e724a63a11e.epub
Encyclopedia Volume 32,,Darryl Elliott Brown,Encyclopedia Volume 32 — A Gullah Geechee Biz publication.,en,,GGB89d3daa2ef88,Gullah Geechee Biz,2026-08-02,"REF000000,SOC002010,HIS036120","Gullah Geechee, African American, South Carolina, Lowcountry",9.99,USD,false,WORLD,GGB89d3daa2ef88.epub
KDP Draft — How to Make Gullah Breads,,Darryl Elliott Brown,KDP Draft — How to Make Gullah Breads — A Gullah Geechee Biz publication.,en,,GGB0079204e6b4f,Gullah Geechee Biz,2026-08-02,"BUS000000,SEL000000,SOC002010","Gullah Geechee, African American, South Carolina, Lowcountry",3.99,USD,false,WORLD,GGB0079204e6b4f.epub
KDP Draft — How to Make Gullah Tea Cakes,,Darryl Elliott Brown,KDP Draft — How to Make Gullah Tea Cakes — A Gullah Geechee Biz publication.,en,,GGB964a5528d738,Gullah Geechee Biz,2026-08-02,"BUS000000,SEL000000,SOC002010","Gullah Geechee, African American, South Carolina, Lowcountry",3.99,USD,false,WORLD,GGB964a5528d738.epub
How to Cook Perfect Gullah Red Rice,,Darryl Elliott Brown,How to Cook Perfect Gullah Red Rice — A Gullah Geechee Biz publication.,en,,GGB5f3850502cf5,Gullah Geechee Biz,2026-08-02,"CKB000000,SOC002010,HIS036120","Gullah Geechee, African American, South Carolina, Lowcountry",3.99,USD,false,WORLD,GGB5f3850502cf5.epub
KDP Draft — How to Practice Radical Self-Care,,Darryl Elliott Brown,KDP Draft — How to Practice Radical Self-Care — A Gullah Geechee Biz publication.,en,,GGBadde37a725ba,Gullah Geechee Biz,2026-08-02,"BUS000000,SEL000000,SOC002010","Gullah Geechee, African American, South Carolina, Lowcountry",3.99,USD,false,WORLD,GGBadde37a725ba.epub
How to Embrace Your Authentic Self,,Darryl Elliott Brown,How to Embrace Your Authentic Self — A Gullah Geechee Biz publication.,en,,GGBfadfe319843a,Gullah Geechee Biz,2026-08-02,"BUS000000,SEL000000,SOC002010","Gullah Geechee, African American, South Carolina, Lowcountry",3.99,USD,false,WORLD,GGBfadfe319843a.epub
Gullah Geechee Networking,,Darryl Elliott Brown,Gullah Geechee Networking — A Gullah Geechee Biz publication.,en,,GGBd39f2262c44c,Gullah Geechee Biz,2026-08-02,"BUS000000,SEL000000,SOC002010","Gullah Geechee, African American, South Carolina, Lowcountry",3.99,USD,false,WORLD,GGBd39f2262c44c.epub
KDP Draft — How to Forgive Yourself and Move On,,Darryl Elliott Brown,KDP Draft — How to Forgive Yourself and Move On — A Gullah Geechee Biz publication.,en,,GGBa86e6aca1e68,Gullah Geechee Biz,2026-08-02,"BUS000000,SEL000000,SOC002010","Gullah Geechee, African American, South Carolina, Lowcountry",3.99,USD,false,WORLD,GGBa86e6aca1e68.epub
How to Create a Sales Funnel,,Darryl Elliott Brown,How to Create a Sales Funnel — A Gullah Geechee Biz publication.,en,,GGBf050c76e2ee7,Gullah Geechee Biz,2026-08-02,"BUS000000,SEL000000,SOC002010","Gullah Geechee, African American, South Carolina, Lowcountry",3.99,USD,false,WORLD,GGBf050c76e2ee7.epub
Gullah Geechee Smoothies,,Darryl Elliott Brown,Gullah Geechee Smoothies — A Gullah Geechee Biz publication.,en,,GGB550c7e934369,Gullah Geechee Biz,2026-08-02,"BUS000000,SEL000000,SOC002010","Gullah Geechee, African American, South Carolina, Lowcountry",3.99,USD,false,WORLD,GGB550c7e934369.epub
The Sea Islands Story,,Darryl Elliott Brown,The Sea Islands Story — A Gullah Geechee Biz publication.,en,,GGBfac841bb9671,Gullah Geechee Biz,2026-08-02,"BUS000000,SEL000000,SOC002010","Gullah Geechee, African American, South Carolina, Lowcountry",3.99,USD,false,WORLD,GGBfac841bb9671.epub
How to Make One-Pot Gullah Meals,,Darryl Elliott Brown,How to Make One-Pot Gullah Meals — A Gullah Geechee Biz publication.,en,,GGBf222db5d1b0b,Gullah Geechee Biz,2026-08-02,"BUS000000,SEL000000,SOC002010","Gullah Geechee, African American, South Carolina, Lowcountry",3.99,USD,false,WORLD,GGBf222db5d1b0b.epub
How to Prepare Gullah Side Dishes,,Darryl Elliott Brown,How to Prepare Gullah Side Dishes — A Gullah Geechee Biz publication.,en,,GGB46420722b2b5,Gullah Geechee Biz,2026-08-02,"BUS000000,SEL000000,SOC002010","Gullah Geechee, African American, South Carolina, Lowcountry",3.99,USD,false,WORLD,GGB46420722b2b5.epub
How to Master Social Media Marketing,,Darryl Elliott Brown,How to Master Social Media Marketing — A Gullah Geechee Biz publication.,en,,GGB26f117048d01,Gullah Geechee Biz,2026-08-02,"BUS000000,SEL000000,SOC002010","Gullah Geechee, African American, South Carolina, Lowcountry",3.99,USD,false,WORLD,GGB26f117048d01.epub
How to Develop Emotional Intelligence,,Darryl Elliott Brown,How to Develop Emotional Intelligence — A Gullah Geechee Biz publication.,en,,GGB560cb5f9c433,Gullah Geechee Biz,2026-08-02,"BUS000000,SEL000000,SOC002010","Gullah Geechee, African American, South Carolina, Lowcountry",3.99,USD,false,WORLD,GGB560cb5f9c433.epub
How to Make Rice Pudding,,Darryl Elliott Brown,How to Make Rice Pudding — A Gullah Geechee Biz publication.,en,,GGB505ec53ff168,Gullah Geechee Biz,2026-08-02,"BUS000000,SEL000000,SOC002010","Gullah Geechee, African American, South Carolina, Lowcountry",3.99,USD,false,WORLD,GGB505ec53ff168.epub
Encyclopedia Volume 46,,Darryl Elliott Brown,Encyclopedia Volume 46 — A Gullah Geechee Biz publication.,en,,GGB43d7ed5af54a,Gullah Geechee Biz,2026-08-02,"REF000000,SOC002010,HIS036120","Gullah Geechee, African American, South Carolina, Lowcountry",9.99,USD,false,WORLD,GGB43d7ed5af54a.epub
KDP Draft — How to Cook Gullah Seafood,,Darryl Elliott Brown,KDP Draft — How to Cook Gullah Seafood — A Gullah Geechee Biz publication.,en,,GGB7bed3da2f47e,Gullah Geechee Biz,2026-08-02,"CKB000000,SOC002010,HIS036120","Gullah Geechee, African American, South Carolina, Lowcountry",3.99,USD,false,WORLD,GGB7bed3da2f47e.epub
KDP Draft — Gullah Geechee Community Commerce,,Darryl Elliott Brown,KDP Draft — Gullah Geechee Community Commerce — A Gullah Geechee Biz publication.,en,,GGB1bc2b3de8d8f,Gullah Geechee Biz,2026-08-02,"BUS000000,SEL000000,SOC002010","Gullah Geechee, African American, South Carolina, Lowcountry",3.99,USD,false,WORLD,GGB1bc2b3de8d8f.epub
KDP Draft — How to Prepare Gullah Side Dishes,,Darryl Elliott Brown,KDP Draft — How to Prepare Gullah Side Dishes — A Gullah Geechee Biz publication.,en,,GGB071897b0eedf,Gullah Geechee Biz,2026-08-02,"BUS000000,SEL000000,SOC002010","Gullah Geechee, African American, South Carolina, Lowcountry",3.99,USD,false,WORLD,GGB071897b0eedf.epub
How to Build Resilience in Tough Times,,Darryl Elliott Brown,How to Build Resilience in Tough Times — A Gullah Geechee Biz publication.,en,,GGB872a0d027635,Gullah Geechee Biz,2026-08-02,"BUS000000,SEL000000,SOC002010","Gullah Geechee, African American, South Carolina, Lowcountry",3.99,USD,false,WORLD,GGB872a0d027635.epub
KDP Draft — How to Find Your Purpose,,Darryl Elliott Brown,KDP Draft — How to Find Your Purpose — A Gullah Geechee Biz publication.,en,,GGB253319b03fa7,Gullah Geechee Biz,2026-08-02,"BUS000000,SEL000000,SOC002010","Gullah Geechee, African American, South Carolina, Lowcountry",3.99,USD,false,WORLD,GGB253319b03fa7.epub
Encyclopedia Volume 37,,Darryl Elliott Brown,Encyclopedia Volume 37 — A Gullah Geechee Biz publication.,en,,GGB54f8f5229b89,Gullah Geechee Biz,2026-08-02,"REF000000,SOC002010,HIS036120","Gullah Geechee, African American, South Carolina, Lowcountry",9.99,USD,false,WORLD,GGB54f8f5229b89.epub
How to Bake Buttermilk Cornbread,,Darryl Elliott Brown,How to Bake Buttermilk Cornbread — A Gullah Geechee Biz publication.,en,,GGB00ffa45e34a7,Gullah Geechee Biz,2026-08-02,"BUS000000,SEL000000,SOC002010","Gullah Geechee, African American, South Carolina, Lowcountry",3.99,USD,false,WORLD,GGB00ffa45e34a7.epub
KDP Draft — How to Master Email Marketing,,Darryl Elliott Brown,KDP Draft — How to Master Email Marketing — A Gullah Geechee Biz publication.,en,,GGB8a4089cd81ba,Gullah Geechee Biz,2026-08-02,"BUS000000,SEL000000,SOC002010","Gullah Geechee, African American, South Carolina, Lowcountry",3.99,USD,false,WORLD,GGB8a4089cd81ba.epub
KDP Draft — How to Build a Subscription Business,,Darryl Elliott Brown,KDP Draft — How to Build a Subscription Business — A Gullah Geechee Biz publication.,en,,GGBe92beb40c2dc,Gullah Geechee Biz,2026-08-02,"BUS000000,SEL000000,SOC002010","Gullah Geechee, African American, South Carolina, Lowcountry",3.99,USD,false,WORLD,GGBe92beb40c2dc.epub
KDP Draft — How to Cook Gullah Vegetables,,Darryl Elliott Brown,KDP Draft — How to Cook Gullah Vegetables — A Gullah Geechee Biz publication.,en,,GGBfd5dad24303a,Gullah Geechee Biz,2026-08-02,"CKB000000,SOC002010,HIS036120","Gullah Geechee, African American, South Carolina, Lowcountry",3.99,USD,false,WORLD,GGBfd5dad24303a.epub
Encyclopedia Volume 17,,Darryl Elliott Brown,Encyclopedia Volume 17 — A Gullah Geechee Biz publication.,en,,GGB55390c776bf9,Gullah Geechee Biz,2026-08-02,"REF000000,SOC002010,HIS036120","Gullah Geechee, African American, South Carolina, Lowcountry",9.99,USD,false,WORLD,GGB55390c776bf9.epub
How to Make Hoppin' John for New Year's,,Darryl Elliott Brown,How to Make Hoppin' John for New Year's — A Gullah Geechee Biz publication.,en,,GGB3fb22a82490b,Gullah Geechee Biz,2026-08-02,"BUS000000,SEL000000,SOC002010","Gullah Geechee, African American, South Carolina, Lowcountry",3.99,USD,false,WORLD,GGB3fb22a82490b.epub
How to Make Gullah Breads,,Darryl Elliott Brown,How to Make Gullah Breads — A Gullah Geechee Biz publication.,en,,GGB09ab9daf3946,Gullah Geechee Biz,2026-08-02,"BUS000000,SEL000000,SOC002010","Gullah Geechee, African American, South Carolina, Lowcountry",3.99,USD,false,WORLD,GGB09ab9daf3946.epub
Gullah Geechee Camp Cooking,,Darryl Elliott Brown,Gullah Geechee Camp Cooking — A Gullah Geechee Biz publication.,en,,GGBb40e295ebf5e,Gullah Geechee Biz,2026-08-02,"CKB000000,SOC002010,HIS036120","Gullah Geechee, African American, South Carolina, Lowcountry",3.99,USD,false,WORLD,GGBb40e295ebf5e.epub
How to Cook Lowcountry Boil,,Darryl Elliott Brown,How to Cook Lowcountry Boil — A Gullah Geechee Biz publication.,en,,GGB396761c328fc,Gullah Geechee Biz,2026-08-02,"CKB000000,SOC002010,HIS036120","Gullah Geechee, African American, South Carolina, Lowcountry",3.99,USD,false,WORLD,GGB396761c328fc.epub
How to Build a Digital Product Empire,,Darryl Elliott Brown,How to Build a Digital Product Empire — A Gullah Geechee Biz publication.,en,,GGBaca13d1457c3,Gullah Geechee Biz,2026-08-02,"BUS000000,SEL000000,SOC002010","Gullah Geechee, African American, South Carolina, Lowcountry",3.99,USD,false,WORLD,GGBaca13d1457c3.epub
KDP Draft — How to Create a Sales Funnel,,Darryl Elliott Brown,KDP Draft — How to Create a Sales Funnel — A Gullah Geechee Biz publication.,en,,GGB93e1b2f3a6ff,Gullah Geechee Biz,2026-08-02,"BUS000000,SEL000000,SOC002010","Gullah Geechee, African American, South Carolina, Lowcountry",3.99,USD,false,WORLD,GGB93e1b2f3a6ff.epub
KDP Draft — How to Prepare Gullah Chicken Soup,,Darryl Elliott Brown,KDP Draft — How to Prepare Gullah Chicken Soup — A Gullah Geechee Biz publication.,en,,GGBd2b0adc270f9,Gullah Geechee Biz,2026-08-02,"BUS000000,SEL000000,SOC002010","Gullah Geechee, African American, South Carolina, Lowcountry",3.99,USD,false,WORLD,GGBd2b0adc270f9.epub
KDP Draft — How to Create a Customer Journey Map,,Darryl Elliott Brown,KDP Draft — How to Create a Customer Journey Map — A Gullah Geechee Biz publication.,en,,GGBcee44aa4f1fe,Gullah Geechee Biz,2026-08-02,"BUS000000,SEL000000,SOC002010","Gullah Geechee, African American, South Carolina, Lowcountry",3.99,USD,false,WORLD,GGBcee44aa4f1fe.epub
KDP Draft — How to Create a Personal Mission Statement,,Darryl Elliott Brown,KDP Draft — How to Create a Personal Mission Statement — A Gullah Geechee Biz publication.,en,,GGB46065a847198,Gullah Geechee Biz,2026-08-02,"BUS000000,SEL000000,SOC002010","Gullah Geechee, African American, South Carolina, Lowcountry",3.99,USD,false,WORLD,GGB46065a847198.epub
How to Negotiate Better Deals,,Darryl Elliott Brown,How to Negotiate Better Deals — A Gullah Geechee Biz publication.,en,,GGBfbba3c0d5f15,Gullah Geechee Biz,2026-08-02,"BUS000000,SEL000000,SOC002010","Gullah Geechee, African American, South Carolina, Lowcountry",3.99,USD,false,WORLD,GGBfbba3c0d5f15.epub
How to Manage Your Time Effectively,,Darryl Elliott Brown,How to Manage Your Time Effectively — A Gullah Geechee Biz publication.,en,,GGB86bbf555c69f,Gullah Geechee Biz,2026-08-02,"BUS000000,SEL000000,SOC002010","Gullah Geechee, African American, South Carolina, Lowcountry",3.99,USD,false,WORLD,GGB86bbf555c69f.epub
How to Find Inner Peace,,Darryl Elliott Brown,How to Find Inner Peace — A Gullah Geechee Biz publication.,en,,GGB35e047acc769,Gullah Geechee Biz,2026-08-02,"BUS000000,SEL000000,SOC002010","Gullah Geechee, African American, South Carolina, Lowcountry",3.99,USD,false,WORLD,GGB35e047acc769.epub
How to Master Email Marketing,,Darryl Elliott Brown,How to Master Email Marketing — A Gullah Geechee Biz publication.,en,,GGB3b4d6996cd18,Gullah Geechee Biz,2026-08-02,"BUS000000,SEL000000,SOC002010","Gullah Geechee, African American, South Carolina, Lowcountry",3.99,USD,false,WORLD,GGB3b4d6996cd18.epub
How to Develop Daily Discipline,,Darryl Elliott Brown,How to Develop Daily Discipline — A Gullah Geechee Biz publication.,en,,GGB6562fc98a279,Gullah Geechee Biz,2026-08-02,"BUS000000,SEL000000,SOC002010","Gullah Geechee, African American, South Carolina, Lowcountry",3.99,USD,false,WORLD,GGB6562fc98a279.epub
KDP Draft — How to Cook Gullah Cabbage,,Darryl Elliott Brown,KDP Draft — How to Cook Gullah Cabbage — A Gullah Geechee Biz publication.,en,,GGB87b21b75401e,Gullah Geechee Biz,2026-08-02,"CKB000000,SOC002010,HIS036120","Gullah Geechee, African American, South Carolina, Lowcountry",3.99,USD,false,WORLD,GGB87b21b75401e.epub
KDP Draft — How to Cook with Seasonal Lowcountry Ingredients,,Darryl Elliott Brown,KDP Draft — How to Cook with Seasonal Lowcountry Ingredients — A Gullah Geechee Biz publication.,en,,GGB54cb16045ea1,Gullah Geechee Biz,2026-08-02,"CKB000000,SOC002010,HIS036120","Gullah Geechee, African American, South Carolina, Lowcountry",3.99,USD,false,WORLD,GGB54cb16045ea1.epub
KDP Draft — How to Cultivate Patience,,Darryl Elliott Brown,KDP Draft — How to Cultivate Patience — A Gullah Geechee Biz publication.,en,,GGB9abf5444a3b0,Gullah Geechee Biz,2026-08-02,"BUS000000,SEL000000,SOC002010","Gullah Geechee, African American, South Carolina, Lowcountry",3.99,USD,false,WORLD,GGB9abf5444a3b0.epub
How to Build Customer Loyalty,,Darryl Elliott Brown,How to Build Customer Loyalty — A Gullah Geechee Biz publication.,en,,GGB6e6af7f69d34,Gullah Geechee Biz,2026-08-02,"BUS000000,SEL000000,SOC002010","Gullah Geechee, African American, South Carolina, Lowcountry",3.99,USD,false,WORLD,GGB6e6af7f69d34.epub
KDP Draft — How to Develop Emotional Intelligence,,Darryl Elliott Brown,KDP Draft — How to Develop Emotional Intelligence — A Gullah Geechee Biz publication.,en,,GGBebbd25f9f761,Gullah Geechee Biz,2026-08-02,"BUS000000,SEL000000,SOC002010","Gullah Geechee, African American, South Carolina, Lowcountry",3.99,USD,false,WORLD,GGBebbd25f9f761.epub
How to Live with Intention,,Darryl Elliott Brown,How to Live with Intention — A Gullah Geechee Biz publication.,en,,GGBbdea43077157,Gullah Geechee Biz,2026-08-02,"BUS000000,SEL000000,SOC002010","Gullah Geechee, African American, South Carolina, Lowcountry",3.99,USD,false,WORLD,GGBbdea43077157.epub
KDP Draft — How to Overcome Fear of Failure,,Darryl Elliott Brown,KDP Draft — How to Overcome Fear of Failure — A Gullah Geechee Biz publication.,en,,GGBd4757c385cc1,Gullah Geechee Biz,2026-08-02,"BUS000000,SEL000000,SOC002010","Gullah Geechee, African American, South Carolina, Lowcountry",3.99,USD,false,WORLD,GGBd4757c385cc1.epub
How to Build Imagination,,Darryl Elliott Brown,How to Build Imagination — A Gullah Geechee Biz publication.,en,,GGB5c6ab2e4c9e7,Gullah Geechee Biz,2026-08-02,"BUS000000,SEL000000,SOC002010","Gullah Geechee, African American, South Carolina, Lowcountry",3.99,USD,false,WORLD,GGB5c6ab2e4c9e7.epub
How to Make Gullah Potato Salad,,Darryl Elliott Brown,How to Make Gullah Potato Salad — A Gullah Geechee Biz publication.,en,,GGBe3f51ee03159,Gullah Geechee Biz,2026-08-02,"BUS000000,SEL000000,SOC002010","Gullah Geechee, African American, South Carolina, Lowcountry",3.99,USD,false,WORLD,GGBe3f51ee03159.epub
Encyclopedia Volume 29,,Darryl Elliott Brown,Encyclopedia Volume 29 — A Gullah Geechee Biz publication.,en,,GGB44e3585511dd,Gullah Geechee Biz,2026-08-02,"REF000000,SOC002010,HIS036120","Gullah Geechee, African American, South Carolina, Lowcountry",9.99,USD,false,WORLD,GGB44e3585511dd.epub
The Gullah Geechee Guide to Adaptability,,Darryl Elliott Brown,The Gullah Geechee Guide to Adaptability — A Gullah Geechee Biz publication.,en,,GGB11cac86985fc,Gullah Geechee Biz,2026-08-02,"BUS000000,SEL000000,SOC002010","Gullah Geechee, African American, South Carolina, Lowcountry",3.99,USD,false,WORLD,GGB11cac86985fc.epub
How to Find Inner Peace,,Darryl Elliott Brown,How to Find Inner Peace — A Gullah Geechee Biz publication.,en,,GGB6421e5823244,Gullah Geechee Biz,2026-08-02,"BUS000000,SEL000000,SOC002010","Gullah Geechee, African American, South Carolina, Lowcountry",3.99,USD,false,WORLD,GGB6421e5823244.epub
How to Build Zeal,,Darryl Elliott Brown,How to Build Zeal — A Gullah Geechee Biz publication.,en,,GGB1e747de2bae7,Gullah Geechee Biz,2026-08-02,"BUS000000,SEL000000,SOC002010","Gullah Geechee, African American, South Carolina, Lowcountry",3.99,USD,false,WORLD,GGB1e747de2bae7.epub
How to Overcome Imposter Syndrome,,Darryl Elliott Brown,How to Overcome Imposter Syndrome — A Gullah Geechee Biz publication.,en,,GGBfcbd2118f6ee,Gullah Geechee Biz,2026-08-02,"BUS000000,SEL000000,SOC002010","Gullah Geechee, African American, South Carolina, Lowcountry",3.99,USD,false,WORLD,GGBfcbd2118f6ee.epub
How to Set Boundaries That Stick,,Darryl Elliott Brown,How to Set Boundaries That Stick — A Gullah Geechee Biz publication.,en,,GGBad9ea36be8b2,Gullah Geechee Biz,2026-08-02,"BUS000000,SEL000000,SOC002010","Gullah Geechee, African American, South Carolina, Lowcountry",3.99,USD,false,WORLD,GGBad9ea36be8b2.epub
KDP Draft — How to Cultivate Daily Gratitude,,Darryl Elliott Brown,KDP Draft — How to Cultivate Daily Gratitude — A Gullah Geechee Biz publication.,en,,GGBda8b2a9c01f7,Gullah Geechee Biz,2026-08-02,"BUS000000,SEL000000,SOC002010","Gullah Geechee, African American, South Carolina, Lowcountry",3.99,USD,false,WORLD,GGBda8b2a9c01f7.epub
How to Make Hoppin' John for New Year's,,Darryl Elliott Brown,How to Make Hoppin' John for New Year's — A Gullah Geechee Biz publication.,en,,GGB631b2c43d899,Gullah Geechee Biz,2026-08-02,"BUS000000,SEL000000,SOC002010","Gullah Geechee, African American, South Carolina, Lowcountry",3.99,USD,false,WORLD,GGB631b2c43d899.epub
How to Navigate Life Transitions,,Darryl Elliott Brown,How to Navigate Life Transitions — A Gullah Geechee Biz publication.,en,,GGB4f9d46ba07fd,Gullah Geechee Biz,2026-08-02,"BUS000000,SEL000000,SOC002010","Gullah Geechee, African American, South Carolina, Lowcountry",3.99,USD,false,WORLD,GGB4f9d46ba07fd.epub
How to Build Connection,,Darryl Elliott Brown,How to Build Connection — A Gullah Geechee Biz publication.,en,,GGBcb0cce0dfbea,Gullah Geechee Biz,2026-08-02,"BUS000000,SEL000000,SOC002010","Gullah Geechee, African American, South Carolina, Lowcountry",3.99,USD,false,WORLD,GGBcb0cce0dfbea.epub
How to Use AI in Your Business,,Darryl Elliott Brown,How to Use AI in Your Business — A Gullah Geechee Biz publication.,en,,GGBe1258e0f4929,Gullah Geechee Biz,2026-08-02,"BUS000000,SEL000000,SOC002010","Gullah Geechee, African American, South Carolina, Lowcountry",3.99,USD,false,WORLD,GGBe1258e0f4929.epub
The Gullah Geechee Guide to Discipline,,Darryl Elliott Brown,The Gullah Geechee Guide to Discipline — A Gullah Geechee Biz publication.,en,,GGBc6eddc74e753,Gullah Geechee Biz,2026-08-02,"BUS000000,SEL000000,SOC002010","Gullah Geechee, African American, South Carolina, Lowcountry",3.99,USD,false,WORLD,GGBc6eddc74e753.epub
KDP Draft — The Gullah Geechee Guide to Unity,,Darryl Elliott Brown,KDP Draft — The Gullah Geechee Guide to Unity — A Gullah Geechee Biz publication.,en,,GGBc58e342db23c,Gullah Geechee Biz,2026-08-02,"BUS000000,SEL000000,SOC002010","Gullah Geechee, African American, South Carolina, Lowcountry",3.99,USD,false,WORLD,GGBc58e342db23c.epub
How to Create a Sales Funnel,,Darryl Elliott Brown,How to Create a Sales Funnel — A Gullah Geechee Biz publication.,en,,GGB72d0092534f3,Gullah Geechee Biz,2026-08-02,"BUS000000,SEL000000,SOC002010","Gullah Geechee, African American, South Carolina, Lowcountry",3.99,USD,false,WORLD,GGB72d0092534f3.epub
KDP Draft — How to Build a Community Around Your Brand,,Darryl Elliott Brown,KDP Draft — How to Build a Community Around Your Brand — A Gullah Geechee Biz publication.,en,,GGBadbff115d30e,Gullah Geechee Biz,2026-08-02,"BUS000000,SEL000000,SOC002010","Gullah Geechee, African American, South Carolina, Lowcountry",3.99,USD,false,WORLD,GGBadbff115d30e.epub
How to Make One-Pot Gullah Meals,,Darryl Elliott Brown,How to Make One-Pot Gullah Meals — A Gullah Geechee Biz publication.,en,,GGB7c8831a1cb5e,Gullah Geechee Biz,2026-08-02,"BUS000000,SEL000000,SOC002010","Gullah Geechee, African American, South Carolina, Lowcountry",3.99,USD,false,WORLD,GGB7c8831a1cb5e.epub
KDP Draft — How to Fry the Perfect Fish,,Darryl Elliott Brown,KDP Draft — How to Fry the Perfect Fish — A Gullah Geechee Biz publication.,en,,GGB048231016635,Gullah Geechee Biz,2026-08-02,"BUS000000,SEL000000,SOC002010","Gullah Geechee, African American, South Carolina, Lowcountry",3.99,USD,false,WORLD,GGB048231016635.epub
How to Build Unshakeable Confidence,,Darryl Elliott Brown,How to Build Unshakeable Confidence — A Gullah Geechee Biz publication.,en,,GGB99c841539914,Gullah Geechee Biz,2026-08-02,"BUS000000,SEL000000,SOC002010","Gullah Geechee, African American, South Carolina, Lowcountry",3.99,USD,false,WORLD,GGB99c841539914.epub
Gullah Geechee Camp Cooking,,Darryl Elliott Brown,Gullah Geechee Camp Cooking — A Gullah Geechee Biz publication.,en,,GGBdb80e6afa783,Gullah Geechee Biz,2026-08-02,"CKB000000,SOC002010,HIS036120","Gullah Geechee, African American, South Carolina, Lowcountry",3.99,USD,false,WORLD,GGBdb80e6afa783.epub
How to Develop Emotional Intelligence,,Darryl Elliott Brown,How to Develop Emotional Intelligence — A Gullah Geechee Biz publication.,en,,GGBa26e1af23e14,Gullah Geechee Biz,2026-08-02,"BUS000000,SEL000000,SOC002010","Gullah Geechee, African American, South Carolina, Lowcountry",3.99,USD,false,WORLD,GGBa26e1af23e14.epub
KDP Draft — How to Build a Digital Product Empire,,Darryl Elliott Brown,KDP Draft — How to Build a Digital Product Empire — A Gullah Geechee Biz publication.,en,,GGBc8242c7034bc,Gullah Geechee Biz,2026-08-02,"BUS000000,SEL000000,SOC002010","Gullah Geechee, African American, South Carolina, Lowcountry",3.99,USD,false,WORLD,GGBc8242c7034bc.epub
How to Cook Lowcountry Boil,,Darryl Elliott Brown,How to Cook Lowcountry Boil — A Gullah Geechee Biz publication.,en,,GGBd5421d0ef6da,Gullah Geechee Biz,2026-08-02,"CKB000000,SOC002010,HIS036120","Gullah Geechee, African American, South Carolina, Lowcountry",3.99,USD,false,WORLD,GGBd5421d0ef6da.epub
How to Write Copy That Sells,,Darryl Elliott Brown,How to Write Copy That Sells — A Gullah Geechee Biz publication.,en,,GGBdeea09f76189,Gullah Geechee Biz,2026-08-02,"BUS000000,SEL000000,SOC002010","Gullah Geechee, African American, South Carolina, Lowcountry",3.99,USD,false,WORLD,GGBdeea09f76189.epub
Encyclopedia Volume 49,,Darryl Elliott Brown,Encyclopedia Volume 49 — A Gullah Geechee Biz publication.,en,,GGBbad9589db734,Gullah Geechee Biz,2026-08-02,"REF000000,SOC002010,HIS036120","Gullah Geechee, African American, South Carolina, Lowcountry",9.99,USD,false,WORLD,GGBbad9589db734.epub
How to Cook Gullah Cabbage,,Darryl Elliott Brown,How to Cook Gullah Cabbage — A Gullah Geechee Biz publication.,en,,GGBf81e5729f13c,Gullah Geechee Biz,2026-08-02,"CKB000000,SOC002010,HIS036120","Gullah Geechee, African American, South Carolina, Lowcountry",3.99,USD,false,WORLD,GGBf81e5729f13c.epub
How to Manage Your Time Effectively,,Darryl Elliott Brown,How to Manage Your Time Effectively — A Gullah Geechee Biz publication.,en,,GGBc2d316bfb7a1,Gullah Geechee Biz,2026-08-02,"BUS000000,SEL000000,SOC002010","Gullah Geechee, African American, South Carolina, Lowcountry",3.99,USD,false,WORLD,GGBc2d316bfb7a1.epub
How to Build a Digital Product Empire,,Darryl Elliott Brown,How to Build a Digital Product Empire — A Gullah Geechee Biz publication.,en,,GGBb7c888780cc1,Gullah Geechee Biz,2026-08-02,"BUS000000,SEL000000,SOC002010","Gullah Geechee, African American, South Carolina, Lowcountry",3.99,USD,false,WORLD,GGBb7c888780cc1.epub
KDP Draft — How to Prepare Gullah Chicken Soup,,Darryl Elliott Brown,KDP Draft — How to Prepare Gullah Chicken Soup — A Gullah Geechee Biz publication.,en,,GGBb308cabdcba9,Gullah Geechee Biz,2026-08-02,"BUS000000,SEL000000,SOC002010","Gullah Geechee, African American, South Carolina, Lowcountry",3.99,USD,false,WORLD,GGBb308cabdcba9.epub
KDP Draft — How to Build a Remote Team,,Darryl Elliott Brown,KDP Draft — How to Build a Remote Team — A Gullah Geechee Biz publication.,en,,GGBb4e9e0e6c383,Gullah Geechee Biz,2026-08-02,"BUS000000,SEL000000,SOC002010","Gullah Geechee, African American, South Carolina, Lowcountry",3.99,USD,false,WORLD,GGBb4e9e0e6c383.epub
KDP Draft — How to Build Resilience in Tough Times,,Darryl Elliott Brown,KDP Draft — How to Build Resilience in Tough Times — A Gullah Geechee Biz publication.,en,,GGB1417c026e7db,Gullah Geechee Biz,2026-08-02,"BUS000000,SEL000000,SOC002010","Gullah Geechee, African American, South Carolina, Lowcountry",3.99,USD,false,WORLD,GGB1417c026e7db.epub
KDP Draft — How to Build Strategic Partnerships,,Darryl Elliott Brown,KDP Draft — How to Build Strategic Partnerships — A Gullah Geechee Biz publication.,en,,GGB317eb51987be,Gullah Geechee Biz,2026-08-02,"BUS000000,SEL000000,SOC002010","Gullah Geechee, African American, South Carolina, Lowcountry",3.99,USD,false,WORLD,GGB317eb51987be.epub
The Gullah Geechee Guide to Yearning,,Darryl Elliott Brown,The Gullah Geechee Guide to Yearning — A Gullah Geechee Biz publication.,en,,GGB909830eb8721,Gullah Geechee Biz,2026-08-02,"BUS000000,SEL000000,SOC002010","Gullah Geechee, African American, South Carolina, Lowcountry",3.99,USD,false,WORLD,GGB909830eb8721.epub
How to Make Authentic Shrimp and Grits,,Darryl Elliott Brown,How to Make Authentic Shrimp and Grits — A Gullah Geechee Biz publication.,en,,GGB4d4267b13158,Gullah Geechee Biz,2026-08-02,"BUS000000,SEL000000,SOC002010","Gullah Geechee, African American, South Carolina, Lowcountry",3.99,USD,false,WORLD,GGB4d4267b13158.epub
How to Make Gullah Potato Salad,,Darryl Elliott Brown,How to Make Gullah Potato Salad — A Gullah Geechee Biz publication.,en,,GGB65d7d3dc5e32,Gullah Geechee Biz,2026-08-02,"BUS000000,SEL000000,SOC002010","Gullah Geechee, African American, South Carolina, Lowcountry",3.99,USD,false,WORLD,GGB65d7d3dc5e32.epub
How to Prepare Gullah Chicken Soup,,Darryl Elliott Brown,How to Prepare Gullah Chicken Soup — A Gullah Geechee Biz publication.,en,,GGB376379770bf4,Gullah Geechee Biz,2026-08-02,"BUS000000,SEL000000,SOC002010","Gullah Geechee, African American, South Carolina, Lowcountry",3.99,USD,false,WORLD,GGB376379770bf4.epub
How to Cook with Seasonal Lowcountry Ingredients,,Darryl Elliott Brown,How to Cook with Seasonal Lowcountry Ingredients — A Gullah Geechee Biz publication.,en,,GGBdc2727c465b9,Gullah Geechee Biz,2026-08-02,"CKB000000,SOC002010,HIS036120","Gullah Geechee, African American, South Carolina, Lowcountry",3.99,USD,false,WORLD,GGBdc2727c465b9.epub
Encyclopedia Volume 50,,Darryl Elliott Brown,Encyclopedia Volume 50 — A Gullah Geechee Biz publication.,en,,GGBb32a4b67da82,Gullah Geechee Biz,2026-08-02,"REF000000,SOC002010,HIS036120","Gullah Geechee, African American, South Carolina, Lowcountry",9.99,USD,false,WORLD,GGBb32a4b67da82.epub
KDP Draft — How to Create a Marketing Funnel,,Darryl Elliott Brown,KDP Draft — How to Create a Marketing Funnel — A Gullah Geechee Biz publication.,en,,GGB7e3a184f2dd5,Gullah Geechee Biz,2026-08-02,"BUS000000,SEL000000,SOC002010","Gullah Geechee, African American, South Carolina, Lowcountry",3.99,USD,false,WORLD,GGB7e3a184f2dd5.epub
How to Cook Benne Chicken,,Darryl Elliott Brown,How to Cook Benne Chicken — A Gullah Geechee Biz publication.,en,,GGB00cbbd0a843c,Gullah Geechee Biz,2026-08-02,"CKB000000,SOC002010,HIS036120","Gullah Geechee, African American, South Carolina, Lowcountry",3.99,USD,false,WORLD,GGB00cbbd0a843c.epub
How to Fry the Perfect Fish,,Darryl Elliott Brown,How to Fry the Perfect Fish — A Gullah Geechee Biz publication.,en,,GGB43bbc54ee09d,Gullah Geechee Biz,2026-08-02,"BUS000000,SEL000000,SOC002010","Gullah Geechee, African American, South Carolina, Lowcountry",3.99,USD,false,WORLD,GGB43bbc54ee09d.epub
Encyclopedia Volume 26,,Darryl Elliott Brown,Encyclopedia Volume 26 — A Gullah Geechee Biz publication.,en,,GGBa0aaf3350562,Gullah Geechee Biz,2026-08-02,"REF000000,SOC002010,HIS036120","Gullah Geechee, African American, South Carolina, Lowcountry",9.99,USD,false,WORLD,GGBa0aaf3350562.epub
Gullah Geechee Financial Literacy,,Darryl Elliott Brown,Gullah Geechee Financial Literacy — A Gullah Geechee Biz publication.,en,,GGB34d27dd76aa5,Gullah Geechee Biz,2026-08-02,"BUS000000,SEL000000,SOC002010","Gullah Geechee, African American, South Carolina, Lowcountry",3.99,USD,false,WORLD,GGB34d27dd76aa5.epub
Gullah Geechee Microenterprise,,Darryl Elliott Brown,Gullah Geechee Microenterprise — A Gullah Geechee Biz publication.,en,,GGB8e49b554f06e,Gullah Geechee Biz,2026-08-02,"BUS000000,SEL000000,SOC002010","Gullah Geechee, African American, South Carolina, Lowcountry",3.99,USD,false,WORLD,GGB8e49b554f06e.epub
Gullah Geechee Beverages,,Darryl Elliott Brown,Gullah Geechee Beverages — A Gullah Geechee Biz publication.,en,,GGBbce606da086a,Gullah Geechee Biz,2026-08-02,"BUS000000,SEL000000,SOC002010","Gullah Geechee, African American, South Carolina, Lowcountry",3.99,USD,false,WORLD,GGBbce606da086a.epub
KDP Draft — Gullah Geechee Business Planning,,Darryl Elliott Brown,KDP Draft — Gullah Geechee Business Planning — A Gullah Geechee Biz publication.,en,,GGBec7d2dbb429d,Gullah Geechee Biz,2026-08-02,"BUS000000,SEL000000,SOC002010","Gullah Geechee, African American, South Carolina, Lowcountry",3.99,USD,false,WORLD,GGBec7d2dbb429d.epub
How to Make Boiled Peanuts,,Darryl Elliott Brown,How to Make Boiled Peanuts — A Gullah Geechee Biz publication.,en,,GGBed00d36153c6,Gullah Geechee Biz,2026-08-02,"BUS000000,SEL000000,SOC002010","Gullah Geechee, African American, South Carolina, Lowcountry",3.99,USD,false,WORLD,GGBed00d36153c6.epub
How to Build Balance,,Darryl Elliott Brown,How to Build Balance — A Gullah Geechee Biz publication.,en,,GGB2bef45fd21a4,Gullah Geechee Biz,2026-08-02,"BUS000000,SEL000000,SOC002010","Gullah Geechee, African American, South Carolina, Lowcountry",3.99,USD,false,WORLD,GGB2bef45fd21a4.epub
Encyclopedia Volume 09,,Darryl Elliott Brown,Encyclopedia Volume 09 — A Gullah Geechee Biz publication.,en,,GGB40c3c8993e33,Gullah Geechee Biz,2026-08-02,"REF000000,SOC002010,HIS036120","Gullah Geechee, African American, South Carolina, Lowcountry",9.99,USD,false,WORLD,GGB40c3c8993e33.epub
KDP Draft — How to Cook Gullah Vegetables,,Darryl Elliott Brown,KDP Draft — How to Cook Gullah Vegetables — A Gullah Geechee Biz publication.,en,,GGB90e94860488d,Gullah Geechee Biz,2026-08-02,"CKB000000,SOC002010,HIS036120","Gullah Geechee, African American, South Carolina, Lowcountry",3.99,USD,false,WORLD,GGB90e94860488d.epub
How to Create a Vision Board That Works,,Darryl Elliott Brown,How to Create a Vision Board That Works — A Gullah Geechee Biz publication.,en,,GGB96983ac70cbb,Gullah Geechee Biz,2026-08-02,"BUS000000,SEL000000,SOC002010","Gullah Geechee, African American, South Carolina, Lowcountry",3.99,USD,false,WORLD,GGB96983ac70cbb.epub
How to Make Mac and Cheese the Southern Way,,Darryl Elliott Brown,How to Make Mac and Cheese the Southern Way — A Gullah Geechee Biz publication.,en,,GGB5617b3e15e96,Gullah Geechee Biz,2026-08-02,"BUS000000,SEL000000,SOC002010","Gullah Geechee, African American, South Carolina, Lowcountry",3.99,USD,false,WORLD,GGB5617b3e15e96.epub
Gullah Geechee Financial Literacy,,Darryl Elliott Brown,Gullah Geechee Financial Literacy — A Gullah Geechee Biz publication.,en,,GGBbbcd55b724fe,Gullah Geechee Biz,2026-08-02,"BUS000000,SEL000000,SOC002010","Gullah Geechee, African American, South Carolina, Lowcountry",3.99,USD,false,WORLD,GGBbbcd55b724fe.epub
KDP Draft — How to Make Pickled Shrimp,,Darryl Elliott Brown,KDP Draft — How to Make Pickled Shrimp — A Gullah Geechee Biz publication.,en,,GGB41a983f7ddc7,Gullah Geechee Biz,2026-08-02,"BUS000000,SEL000000,SOC002010","Gullah Geechee, African American, South Carolina, Lowcountry",3.99,USD,false,WORLD,GGB41a983f7ddc7.epub
How to Navigate Life Transitions,,Darryl Elliott Brown,How to Navigate Life Transitions — A Gullah Geechee Biz publication.,en,,GGB1384837dca6a,Gullah Geechee Biz,2026-08-02,"BUS000000,SEL000000,SOC002010","Gullah Geechee, African American, South Carolina, Lowcountry",3.99,USD,false,WORLD,GGB1384837dca6a.epub
How to Make Gullah Tea Cakes,,Darryl Elliott Brown,How to Make Gullah Tea Cakes — A Gullah Geechee Biz publication.,en,,GGB769a9ea8bec0,Gullah Geechee Biz,2026-08-02,"BUS000000,SEL000000,SOC002010","Gullah Geechee, African American, South Carolina, Lowcountry",3.99,USD,false,WORLD,GGB769a9ea8bec0.epub
How to Create a Sales Funnel,,Darryl Elliott Brown,How to Create a Sales Funnel — A Gullah Geechee Biz publication.,en,,GGB4ce066d4dcb3,Gullah Geechee Biz,2026-08-02,"BUS000000,SEL000000,SOC002010","Gullah Geechee, African American, South Carolina, Lowcountry",3.99,USD,false,WORLD,GGB4ce066d4dcb3.epub
Encyclopedia Volume 31,,Darryl Elliott Brown,Encyclopedia Volume 31 — A Gullah Geechee Biz publication.,en,,GGB503aabf10869,Gullah Geechee Biz,2026-08-02,"REF000000,SOC002010,HIS036120","Gullah Geechee, African American, South Carolina, Lowcountry",9.99,USD,false,WORLD,GGB503aabf10869.epub
KDP Draft — How to Negotiate Better Deals,,Darryl Elliott Brown,KDP Draft — How to Negotiate Better Deals — A Gullah Geechee Biz publication.,en,,GGBb43aec0339b0,Gullah Geechee Biz,2026-08-02,"BUS000000,SEL000000,SOC002010","Gullah Geechee, African American, South Carolina, Lowcountry",3.99,USD,false,WORLD,GGBb43aec0339b0.epub
KDP Draft — The Gullah Geechee Guide to Discipline,,Darryl Elliott Brown,KDP Draft — The Gullah Geechee Guide to Discipline — A Gullah Geechee Biz publication.,en,,GGB70d36db596c5,Gullah Geechee Biz,2026-08-02,"BUS000000,SEL000000,SOC002010","Gullah Geechee, African American, South Carolina, Lowcountry",3.99,USD,false,WORLD,GGB70d36db596c5.epub
How to Make Gullah Breakfast,,Darryl Elliott Brown,How to Make Gullah Breakfast — A Gullah Geechee Biz publication.,en,,GGBd506df87952a,Gullah Geechee Biz,2026-08-02,"BUS000000,SEL000000,SOC002010","Gullah Geechee, African American, South Carolina, Lowcountry",3.99,USD,false,WORLD,GGBd506df87952a.epub
KDP Draft — How to Make Gullah Sauces and Seasonings,,Darryl Elliott Brown,KDP Draft — How to Make Gullah Sauces and Seasonings — A Gullah Geechee Biz publication.,en,,GGB516958bb1866,Gullah Geechee Biz,2026-08-02,"BUS000000,SEL000000,SOC002010","Gullah Geechee, African American, South Carolina, Lowcountry",3.99,USD,false,WORLD,GGB516958bb1866.epub
How to Make Gullah Tea Cakes,,Darryl Elliott Brown,How to Make Gullah Tea Cakes — A Gullah Geechee Biz publication.,en,,GGB16a4c4c8e360,Gullah Geechee Biz,2026-08-02,"BUS000000,SEL000000,SOC002010","Gullah Geechee, African American, South Carolina, Lowcountry",3.99,USD,false,WORLD,GGB16a4c4c8e360.epub
Encyclopedia Volume 23,,Darryl Elliott Brown,Encyclopedia Volume 23 — A Gullah Geechee Biz publication.,en,,GGB69dabac351ff,Gullah Geechee Biz,2026-08-02,"REF000000,SOC002010,HIS036120","Gullah Geechee, African American, South Carolina, Lowcountry",9.99,USD,false,WORLD,GGB69dabac351ff.epub
Encyclopedia Volume 25,,Darryl Elliott Brown,Encyclopedia Volume 25 — A Gullah Geechee Biz publication.,en,,GGBb01860fc793f,Gullah Geechee Biz,2026-08-02,"REF000000,SOC002010,HIS036120","Gullah Geechee, African American, South Carolina, Lowcountry",9.99,USD,false,WORLD,GGBb01860fc793f.epub
How to Live with Intention,,Darryl Elliott Brown,How to Live with Intention — A Gullah Geechee Biz publication.,en,,GGBfe92cad38128,Gullah Geechee Biz,2026-08-02,"BUS000000,SEL000000,SOC002010","Gullah Geechee, African American, South Carolina, Lowcountry",3.99,USD,false,WORLD,GGBfe92cad38128.epub
How to Cook Perfect Gullah Red Rice,,Darryl Elliott Brown,How to Cook Perfect Gullah Red Rice — A Gullah Geechee Biz publication.,en,,GGB2634267052e2,Gullah Geechee Biz,2026-08-02,"CKB000000,SOC002010,HIS036120","Gullah Geechee, African American, South Carolina, Lowcountry",3.99,USD,false,WORLD,GGB2634267052e2.epub
KDP Draft — How to Manage Your Time Effectively,,Darryl Elliott Brown,KDP Draft — How to Manage Your Time Effectively — A Gullah Geechee Biz publication.,en,,GGB8873fd910321,Gullah Geechee Biz,2026-08-02,"BUS000000,SEL000000,SOC002010","Gullah Geechee, African American, South Carolina, Lowcountry",3.99,USD,false,WORLD,GGB8873fd910321.epub
How to Build Mental Toughness,,Darryl Elliott Brown,How to Build Mental Toughness — A Gullah Geechee Biz publication.,en,,GGB98839f5983eb,Gullah Geechee Biz,2026-08-02,"BUS000000,SEL000000,SOC002010","Gullah Geechee, African American, South Carolina, Lowcountry",3.99,USD,false,WORLD,GGB98839f5983eb.epub
Gullah Geechee One-Pot Meals,,Darryl Elliott Brown,Gullah Geechee One-Pot Meals — A Gullah Geechee Biz publication.,en,,GGB50908b3a70ac,Gullah Geechee Biz,2026-08-02,"BUS000000,SEL000000,SOC002010","Gullah Geechee, African American, South Carolina, Lowcountry",3.99,USD,false,WORLD,GGB50908b3a70ac.epub
How to Set Boundaries That Stick,,Darryl Elliott Brown,How to Set Boundaries That Stick — A Gullah Geechee Biz publication.,en,,GGB5afd4d9e6f56,Gullah Geechee Biz,2026-08-02,"BUS000000,SEL000000,SOC002010","Gullah Geechee, African American, South Carolina, Lowcountry",3.99,USD,false,WORLD,GGB5afd4d9e6f56.epub
KDP Draft — How to Find Your Purpose,,Darryl Elliott Brown,KDP Draft — How to Find Your Purpose — A Gullah Geechee Biz publication.,en,,GGB0eadb4ec0fc6,Gullah Geechee Biz,2026-08-02,"BUS000000,SEL000000,SOC002010","Gullah Geechee, African American, South Carolina, Lowcountry",3.99,USD,false,WORLD,GGB0eadb4ec0fc6.epub
How to Embrace Your Authentic Self,,Darryl Elliott Brown,How to Embrace Your Authentic Self — A Gullah Geechee Biz publication.,en,,GGBb3c3e4aece34,Gullah Geechee Biz,2026-08-02,"BUS000000,SEL000000,SOC002010","Gullah Geechee, African American, South Carolina, Lowcountry",3.99,USD,false,WORLD,GGBb3c3e4aece34.epub
How to Create a Product Launch Plan,,Darryl Elliott Brown,How to Create a Product Launch Plan — A Gullah Geechee Biz publication.,en,,GGB3ac081124af9,Gullah Geechee Biz,2026-08-02,"BUS000000,SEL000000,SOC002010","Gullah Geechee, African American, South Carolina, Lowcountry",3.99,USD,false,WORLD,GGB3ac081124af9.epub
KDP Draft — How to Prepare Gullah Side Dishes,,Darryl Elliott Brown,KDP Draft — How to Prepare Gullah Side Dishes — A Gullah Geechee Biz publication.,en,,GGB5c0e18337fef,Gullah Geechee Biz,2026-08-02,"BUS000000,SEL000000,SOC002010","Gullah Geechee, African American, South Carolina, Lowcountry",3.99,USD,false,WORLD,GGB5c0e18337fef.epub
How to Make Gullah Breakfast,,Darryl Elliott Brown,How to Make Gullah Breakfast — A Gullah Geechee Biz publication.,en,,GGB1e993ad98dcf,Gullah Geechee Biz,2026-08-02,"BUS000000,SEL000000,SOC002010","Gullah Geechee, African American, South Carolina, Lowcountry",3.99,USD,false,WORLD,GGB1e993ad98dcf.epub
How to Master Your Morning Routine,,Darryl Elliott Brown,How to Master Your Morning Routine — A Gullah Geechee Biz publication.,en,,GGB6811a95c68c6,Gullah Geechee Biz,2026-08-02,"BUS000000,SEL000000,SOC002010","Gullah Geechee, African American, South Carolina, Lowcountry",3.99,USD,false,WORLD,GGB6811a95c68c6.epub
Encyclopedia Volume 47,,Darryl Elliott Brown,Encyclopedia Volume 47 — A Gullah Geechee Biz publication.,en,,GGB4ba0c3e3fb0c,Gullah Geechee Biz,2026-08-02,"REF000000,SOC002010,HIS036120","Gullah Geechee, African American, South Carolina, Lowcountry",9.99,USD,false,WORLD,GGB4ba0c3e3fb0c.epub
KDP Draft — How to Develop a Growth Mindset,,Darryl Elliott Brown,KDP Draft — How to Develop a Growth Mindset — A Gullah Geechee Biz publication.,en,,GGBb797a7be9a4d,Gullah Geechee Biz,2026-08-02,"BUS000000,SEL000000,SOC002010","Gullah Geechee, African American, South Carolina, Lowcountry",3.99,USD,false,WORLD,GGBb797a7be9a4d.epub
How to Build a Freelance Career,,Darryl Elliott Brown,How to Build a Freelance Career — A Gullah Geechee Biz publication.,en,,GGB61f10ab60c02,Gullah Geechee Biz,2026-08-02,"BUS000000,SEL000000,SOC002010","Gullah Geechee, African American, South Carolina, Lowcountry",3.99,USD,false,WORLD,GGB61f10ab60c02.epub
How to Master LinkedIn for Business,,Darryl Elliott Brown,How to Master LinkedIn for Business — A Gullah Geechee Biz publication.,en,,GGB8e15cfad069d,Gullah Geechee Biz,2026-08-02,"BUS000000,SEL000000,SOC002010","Gullah Geechee, African American, South Carolina, Lowcountry",3.99,USD,false,WORLD,GGB8e15cfad069d.epub
KDP Draft — How to Negotiate Better Deals,,Darryl Elliott Brown,KDP Draft — How to Negotiate Better Deals — A Gullah Geechee Biz publication.,en,,GGBd450a2bd2c65,Gullah Geechee Biz,2026-08-02,"BUS000000,SEL000000,SOC002010","Gullah Geechee, African American, South Carolina, Lowcountry",3.99,USD,false,WORLD,GGBd450a2bd2c65.epub
How to Cook Gullah Cabbage,,Darryl Elliott Brown,How to Cook Gullah Cabbage — A Gullah Geechee Biz publication.,en,,GGB1034e936364c,Gullah Geechee Biz,2026-08-02,"CKB000000,SOC002010,HIS036120","Gullah Geechee, African American, South Carolina, Lowcountry",3.99,USD,false,WORLD,GGB1034e936364c.epub
How to Cook Benne Chicken,,Darryl Elliott Brown,How to Cook Benne Chicken — A Gullah Geechee Biz publication.,en,,GGB41dde3d60149,Gullah Geechee Biz,2026-08-02,"CKB000000,SOC002010,HIS036120","Gullah Geechee, African American, South Carolina, Lowcountry",3.99,USD,false,WORLD,GGB41dde3d60149.epub
KDP Draft — How to Use AI in Your Business,,Darryl Elliott Brown,KDP Draft — How to Use AI in Your Business — A Gullah Geechee Biz publication.,en,,GGB8f4152e0cdff,Gullah Geechee Biz,2026-08-02,"BUS000000,SEL000000,SOC002010","Gullah Geechee, African American, South Carolina, Lowcountry",3.99,USD,false,WORLD,GGB8f4152e0cdff.epub
Encyclopedia Volume 38,,Darryl Elliott Brown,Encyclopedia Volume 38 — A Gullah Geechee Biz publication.,en,,GGBf60491486bda,Gullah Geechee Biz,2026-08-02,"REF000000,SOC002010,HIS036120","Gullah Geechee, African American, South Carolina, Lowcountry",9.99,USD,false,WORLD,GGBf60491486bda.epub
How to Practice Radical Self-Care,,Darryl Elliott Brown,How to Practice Radical Self-Care — A Gullah Geechee Biz publication.,en,,GGBdd8d7a395ca8,Gullah Geechee Biz,2026-08-02,"BUS000000,SEL000000,SOC002010","Gullah Geechee, African American, South Carolina, Lowcountry",3.99,USD,false,WORLD,GGBdd8d7a395ca8.epub
Encyclopedia Volume 20,,Darryl Elliott Brown,Encyclopedia Volume 20 — A Gullah Geechee Biz publication.,en,,GGBc510bf4170b7,Gullah Geechee Biz,2026-08-02,"REF000000,SOC002010,HIS036120","Gullah Geechee, African American, South Carolina, Lowcountry",9.99,USD,false,WORLD,GGBc510bf4170b7.epub
KDP Draft — How to Navigate Life Transitions,,Darryl Elliott Brown,KDP Draft — How to Navigate Life Transitions — A Gullah Geechee Biz publication.,en,,GGB86ff968a6453,Gullah Geechee Biz,2026-08-02,"BUS000000,SEL000000,SOC002010","Gullah Geechee, African American, South Carolina, Lowcountry",3.99,USD,false,WORLD,GGB86ff968a6453.epub
Gullah Geechee Community Commerce,,Darryl Elliott Brown,Gullah Geechee Community Commerce — A Gullah Geechee Biz publication.,en,,GGB92769e4b6429,Gullah Geechee Biz,2026-08-02,"BUS000000,SEL000000,SOC002010","Gullah Geechee, African American, South Carolina, Lowcountry",3.99,USD,false,WORLD,GGB92769e4b6429.epub
How to Create a Business Plan,,Darryl Elliott Brown,How to Create a Business Plan — A Gullah Geechee Biz publication.,en,,GGB33ef82e0c7f0,Gullah Geechee Biz,2026-08-02,"BUS000000,SEL000000,SOC002010","Gullah Geechee, African American, South Carolina, Lowcountry",3.99,USD,false,WORLD,GGB33ef82e0c7f0.epub
How to Price Your Products or Services,,Darryl Elliott Brown,How to Price Your Products or Services — A Gullah Geechee Biz publication.,en,,GGBf4891934c0e6,Gullah Geechee Biz,2026-08-02,"BUS000000,SEL000000,SOC002010","Gullah Geechee, African American, South Carolina, Lowcountry",3.99,USD,false,WORLD,GGBf4891934c0e6.epub
How to Create a Customer Journey Map,,Darryl Elliott Brown,How to Create a Customer Journey Map — A Gullah Geechee Biz publication.,en,,GGB7823ff88f0b3,Gullah Geechee Biz,2026-08-02,"BUS000000,SEL000000,SOC002010","Gullah Geechee, African American, South Carolina, Lowcountry",3.99,USD,false,WORLD,GGB7823ff88f0b3.epub
How to Make Gullah Potato Salad,,Darryl Elliott Brown,How to Make Gullah Potato Salad — A Gullah Geechee Biz publication.,en,,GGB4db068a33f75,Gullah Geechee Biz,2026-08-02,"BUS000000,SEL000000,SOC002010","Gullah Geechee, African American, South Carolina, Lowcountry",3.99,USD,false,WORLD,GGB4db068a33f75.epub
How to Build Reflection,,Darryl Elliott Brown,How to Build Reflection — A Gullah Geechee Biz publication.,en,,GGBbc222dc6b2d8,Gullah Geechee Biz,2026-08-02,"BUS000000,SEL000000,SOC002010","Gullah Geechee, African American, South Carolina, Lowcountry",3.99,USD,false,WORLD,GGBbc222dc6b2d8.epub
How to Create a Vision Board That Works,,Darryl Elliott Brown,How to Create a Vision Board That Works — A Gullah Geechee Biz publication.,en,,GGB64d2c7b7f32a,Gullah Geechee Biz,2026-08-02,"BUS000000,SEL000000,SOC002010","Gullah Geechee, African American, South Carolina, Lowcountry",3.99,USD,false,WORLD,GGB64d2c7b7f32a.epub
How to Create a Referral Program,,Darryl Elliott Brown,How to Create a Referral Program — A Gullah Geechee Biz publication.,en,,GGB5ea12eacdef5,Gullah Geechee Biz,2026-08-02,"BUS000000,SEL000000,SOC002010","Gullah Geechee, African American, South Carolina, Lowcountry",3.99,USD,false,WORLD,GGB5ea12eacdef5.epub
KDP Draft — How to Practice Mindful Living,,Darryl Elliott Brown,KDP Draft — How to Practice Mindful Living — A Gullah Geechee Biz publication.,en,,GGBf2772cfac036,Gullah Geechee Biz,2026-08-02,"BUS000000,SEL000000,SOC002010","Gullah Geechee, African American, South Carolina, Lowcountry",3.99,USD,false,WORLD,GGBf2772cfac036.epub
How to Build a Digital Product Empire,,Darryl Elliott Brown,How to Build a Digital Product Empire — A Gullah Geechee Biz publication.,en,,GGB4d3b8c8ca9c5,Gullah Geechee Biz,2026-08-02,"BUS000000,SEL000000,SOC002010","Gullah Geechee, African American, South Carolina, Lowcountry",3.99,USD,false,WORLD,GGB4d3b8c8ca9c5.epub
How to Build Resilience in Tough Times,,Darryl Elliott Brown,How to Build Resilience in Tough Times — A Gullah Geechee Biz publication.,en,,GGBdc30308619fb,Gullah Geechee Biz,2026-08-02,"BUS000000,SEL000000,SOC002010","Gullah Geechee, African American, South Carolina, Lowcountry",3.99,USD,false,WORLD,GGBdc30308619fb.epub
How to Build Unshakeable Confidence,,Darryl Elliott Brown,How to Build Unshakeable Confidence — A Gullah Geechee Biz publication.,en,,GGBd9aac887c018,Gullah Geechee Biz,2026-08-02,"BUS000000,SEL000000,SOC002010","Gullah Geechee, African American, South Carolina, Lowcountry",3.99,USD,false,WORLD,GGBd9aac887c018.epub
The Gullah Geechee Guide to Unity,,Darryl Elliott Brown,The Gullah Geechee Guide to Unity — A Gullah Geechee Biz publication.,en,,GGB450f7615b25d,Gullah Geechee Biz,2026-08-02,"BUS000000,SEL000000,SOC002010","Gullah Geechee, African American, South Carolina, Lowcountry",3.99,USD,false,WORLD,GGB450f7615b25d.epub
KDP Draft — How to Master Email Marketing,,Darryl Elliott Brown,KDP Draft — How to Master Email Marketing — A Gullah Geechee Biz publication.,en,,GGBafbc00043e4d,Gullah Geechee Biz,2026-08-02,"BUS000000,SEL000000,SOC002010","Gullah Geechee, African American, South Carolina, Lowcountry",3.99,USD,false,WORLD,GGBafbc00043e4d.epub
KDP Draft — How to Handle Criticism Gracefully,,Darryl Elliott Brown,KDP Draft — How to Handle Criticism Gracefully — A Gullah Geechee Biz publication.,en,,GGBa57e09b60424,Gullah Geechee Biz,2026-08-02,"BUS000000,SEL000000,SOC002010","Gullah Geechee, African American, South Carolina, Lowcountry",3.99,USD,false,WORLD,GGBa57e09b60424.epub
How to Cook Lowcountry Boil,,Darryl Elliott Brown,How to Cook Lowcountry Boil — A Gullah Geechee Biz publication.,en,,GGB10c322730f2c,Gullah Geechee Biz,2026-08-02,"CKB000000,SOC002010,HIS036120","Gullah Geechee, African American, South Carolina, Lowcountry",3.99,USD,false,WORLD,GGB10c322730f2c.epub
How to Create a Business Plan,,Darryl Elliott Brown,How to Create a Business Plan — A Gullah Geechee Biz publication.,en,,GGB80b4a3e2e4a7,Gullah Geechee Biz,2026-08-02,"BUS000000,SEL000000,SOC002010","Gullah Geechee, African American, South Carolina, Lowcountry",3.99,USD,false,WORLD,GGB80b4a3e2e4a7.epub
Encyclopedia Volume 14,,Darryl Elliott Brown,Encyclopedia Volume 14 — A Gullah Geechee Biz publication.,en,,GGBebd797864163,Gullah Geechee Biz,2026-08-02,"REF000000,SOC002010,HIS036120","Gullah Geechee, African American, South Carolina, Lowcountry",9.99,USD,false,WORLD,GGBebd797864163.epub
KDP Draft — How to Create a Referral Program,,Darryl Elliott Brown,KDP Draft — How to Create a Referral Program — A Gullah Geechee Biz publication.,en,,GGB9371bfe3a0c7,Gullah Geechee Biz,2026-08-02,"BUS000000,SEL000000,SOC002010","Gullah Geechee, African American, South Carolina, Lowcountry",3.99,USD,false,WORLD,GGB9371bfe3a0c7.epub
How to Practice Self-Compassion,,Darryl Elliott Brown,How to Practice Self-Compassion — A Gullah Geechee Biz publication.,en,,GGB38180cd21701,Gullah Geechee Biz,2026-08-02,"BUS000000,SEL000000,SOC002010","Gullah Geechee, African American, South Carolina, Lowcountry",3.99,USD,false,WORLD,GGB38180cd21701.epub
KDP Draft — How to Build a Personal Brand,,Darryl Elliott Brown,KDP Draft — How to Build a Personal Brand — A Gullah Geechee Biz publication.,en,,GGB2bba2164847c,Gullah Geechee Biz,2026-08-02,"BUS000000,SEL000000,SOC002010","Gullah Geechee, African American, South Carolina, Lowcountry",3.99,USD,false,WORLD,GGB2bba2164847c.epub
How to Create a Personal Mission Statement,,Darryl Elliott Brown,How to Create a Personal Mission Statement — A Gullah Geechee Biz publication.,en,,GGBe8415c987cda,Gullah Geechee Biz,2026-08-02,"BUS000000,SEL000000,SOC002010","Gullah Geechee, African American, South Carolina, Lowcountry",3.99,USD,false,WORLD,GGBe8415c987cda.epub
How to Cook with Seasonal Lowcountry Ingredients,,Darryl Elliott Brown,How to Cook with Seasonal Lowcountry Ingredients — A Gullah Geechee Biz publication.,en,,GGB814b1d598f22,Gullah Geechee Biz,2026-08-02,"CKB000000,SOC002010,HIS036120","Gullah Geechee, African American, South Carolina, Lowcountry",3.99,USD,false,WORLD,GGB814b1d598f22.epub
KDP Draft — How to Master Your Morning Routine,,Darryl Elliott Brown,KDP Draft — How to Master Your Morning Routine — A Gullah Geechee Biz publication.,en,,GGB43e5955c0d0d,Gullah Geechee Biz,2026-08-02,"BUS000000,SEL000000,SOC002010","Gullah Geechee, African American, South Carolina, Lowcountry",3.99,USD,false,WORLD,GGB43e5955c0d0d.epub
KDP Draft — How to Practice Radical Self-Care,,Darryl Elliott Brown,KDP Draft — How to Practice Radical Self-Care — A Gullah Geechee Biz publication.,en,,GGB739cdf93fa50,Gullah Geechee Biz,2026-08-02,"BUS000000,SEL000000,SOC002010","Gullah Geechee, African American, South Carolina, Lowcountry",3.99,USD,false,WORLD,GGB739cdf93fa50.epub
Encyclopedia Volume 37,,Darryl Elliott Brown,Encyclopedia Volume 37 — A Gullah Geechee Biz publication.,en,,GGB1eba8fb14cbf,Gullah Geechee Biz,2026-08-02,"REF000000,SOC002010,HIS036120","Gullah Geechee, African American, South Carolina, Lowcountry",9.99,USD,false,WORLD,GGB1eba8fb14cbf.epub
Lowcountry Tourism,,Darryl Elliott Brown,Lowcountry Tourism — A Gullah Geechee Biz publication.,en,,GGB7e91019df9da,Gullah Geechee Biz,2026-08-02,"BUS000000,SEL000000,SOC002010","Gullah Geechee, African American, South Carolina, Lowcountry",3.99,USD,false,WORLD,GGB7e91019df9da.epub
How to Navigate Life Transitions,,Darryl Elliott Brown,How to Navigate Life Transitions — A Gullah Geechee Biz publication.,en,,GGBa9b4acbdfe3f,Gullah Geechee Biz,2026-08-02,"BUS000000,SEL000000,SOC002010","Gullah Geechee, African American, South Carolina, Lowcountry",3.99,USD,false,WORLD,GGBa9b4acbdfe3f.epub
How to Build a Remote Team,,Darryl Elliott Brown,How to Build a Remote Team — A Gullah Geechee Biz publication.,en,,GGB592ebfe2ed04,Gullah Geechee Biz,2026-08-02,"BUS000000,SEL000000,SOC002010","Gullah Geechee, African American, South Carolina, Lowcountry",3.99,USD,false,WORLD,GGB592ebfe2ed04.epub
KDP Draft — How to Create a Product Launch Plan,,Darryl Elliott Brown,KDP Draft — How to Create a Product Launch Plan — A Gullah Geechee Biz publication.,en,,GGB6aabcd80e4a1,Gullah Geechee Biz,2026-08-02,"BUS000000,SEL000000,SOC002010","Gullah Geechee, African American, South Carolina, Lowcountry",3.99,USD,false,WORLD,GGB6aabcd80e4a1.epub
How to Manage Business Finances,,Darryl Elliott Brown,How to Manage Business Finances — A Gullah Geechee Biz publication.,en,,GGB60d1305b42f9,Gullah Geechee Biz,2026-08-02,"BUS000000,SEL000000,SOC002010","Gullah Geechee, African American, South Carolina, Lowcountry",3.99,USD,false,WORLD,GGB60d1305b42f9.epub
How to Manage Anxiety Naturally,,Darryl Elliott Brown,How to Manage Anxiety Naturally — A Gullah Geechee Biz publication.,en,,GGB36564f319ae3,Gullah Geechee Biz,2026-08-02,"BUS000000,SEL000000,SOC002010","Gullah Geechee, African American, South Carolina, Lowcountry",3.99,USD,false,WORLD,GGB36564f319ae3.epub
How to Build Abundance,,Darryl Elliott Brown,How to Build Abundance — A Gullah Geechee Biz publication.,en,,GGB391cb8bc97d9,Gullah Geechee Biz,2026-08-02,"BUS000000,SEL000000,SOC002010","Gullah Geechee, African American, South Carolina, Lowcountry",3.99,USD,false,WORLD,GGB391cb8bc97d9.epub
How to Build a Remote Team,,Darryl Elliott Brown,How to Build a Remote Team — A Gullah Geechee Biz publication.,en,,GGB5ec71f4a24f9,Gullah Geechee Biz,2026-08-02,"BUS000000,SEL000000,SOC002010","Gullah Geechee, African American, South Carolina, Lowcountry",3.99,USD,false,WORLD,GGB5ec71f4a24f9.epub
KDP Draft — How to Cook with Seasonal Lowcountry Ingredients,,Darryl Elliott Brown,KDP Draft — How to Cook with Seasonal Lowcountry Ingredients — A Gullah Geechee Biz publication.,en,,GGB6c40d734a2b1,Gullah Geechee Biz,2026-08-02,"CKB000000,SOC002010,HIS036120","Gullah Geechee, African American, South Carolina, Lowcountry",3.99,USD,false,WORLD,GGB6c40d734a2b1.epub
How to Cook Collard Greens the Right Way,,Darryl Elliott Brown,How to Cook Collard Greens the Right Way — A Gullah Geechee Biz publication.,en,,GGB518ea1244ea8,Gullah Geechee Biz,2026-08-02,"CKB000000,SOC002010,HIS036120","Gullah Geechee, African American, South Carolina, Lowcountry",3.99,USD,false,WORLD,GGB518ea1244ea8.epub
How to Build a Subscription Business,,Darryl Elliott Brown,How to Build a Subscription Business — A Gullah Geechee Biz publication.,en,,GGB3711e3ced2d4,Gullah Geechee Biz,2026-08-02,"BUS000000,SEL000000,SOC002010","Gullah Geechee, African American, South Carolina, Lowcountry",3.99,USD,false,WORLD,GGB3711e3ced2d4.epub
KDP Draft — How to Make Gullah Soups and Stews,,Darryl Elliott Brown,KDP Draft — How to Make Gullah Soups and Stews — A Gullah Geechee Biz publication.,en,,GGB009ab2ef786b,Gullah Geechee Biz,2026-08-02,"BUS000000,SEL000000,SOC002010","Gullah Geechee, African American, South Carolina, Lowcountry",3.99,USD,false,WORLD,GGB009ab2ef786b.epub
KDP Draft — How to Build a Remote Team,,Darryl Elliott Brown,KDP Draft — How to Build a Remote Team — A Gullah Geechee Biz publication.,en,,GGB67fdcaa28a34,Gullah Geechee Biz,2026-08-02,"BUS000000,SEL000000,SOC002010","Gullah Geechee, African American, South Carolina, Lowcountry",3.99,USD,false,WORLD,GGB67fdcaa28a34.epub
KDP Draft — How to Make One-Pot Gullah Meals,,Darryl Elliott Brown,KDP Draft — How to Make One-Pot Gullah Meals — A Gullah Geechee Biz publication.,en,,GGB74c277ee9a1c,Gullah Geechee Biz,2026-08-02,"BUS000000,SEL000000,SOC002010","Gullah Geechee, African American, South Carolina, Lowcountry",3.99,USD,false,WORLD,GGB74c277ee9a1c.epub
How to Develop Emotional Intelligence,,Darryl Elliott Brown,How to Develop Emotional Intelligence — A Gullah Geechee Biz publication.,en,,GGBa988f2dac526,Gullah Geechee Biz,2026-08-02,"BUS000000,SEL000000,SOC002010","Gullah Geechee, African American, South Carolina, Lowcountry",3.99,USD,false,WORLD,GGBa988f2dac526.epub
How to Build Healthy Relationships,,Darryl Elliott Brown,How to Build Healthy Relationships — A Gullah Geechee Biz publication.,en,,GGB634ae372713c,Gullah Geechee Biz,2026-08-02,"BUS000000,SEL000000,SOC002010","Gullah Geechee, African American, South Carolina, Lowcountry",3.99,USD,false,WORLD,GGB634ae372713c.epub
KDP Draft — How to Cook Gullah Vegetables,,Darryl Elliott Brown,KDP Draft — How to Cook Gullah Vegetables — A Gullah Geechee Biz publication.,en,,GGB0d36271e6f0b,Gullah Geechee Biz,2026-08-02,"CKB000000,SOC002010,HIS036120","Gullah Geechee, African American, South Carolina, Lowcountry",3.99,USD,false,WORLD,GGB0d36271e6f0b.epub
How to Make Gullah Breakfast,,Darryl Elliott Brown,How to Make Gullah Breakfast — A Gullah Geechee Biz publication.,en,,GGB9dd669b77a89,Gullah Geechee Biz,2026-08-02,"BUS000000,SEL000000,SOC002010","Gullah Geechee, African American, South Carolina, Lowcountry",3.99,USD,false,WORLD,GGB9dd669b77a89.epub
How to Cultivate Daily Gratitude,,Darryl Elliott Brown,How to Cultivate Daily Gratitude — A Gullah Geechee Biz publication.,en,,GGB2b3243eb800f,Gullah Geechee Biz,2026-08-02,"BUS000000,SEL000000,SOC002010","Gullah Geechee, African American, South Carolina, Lowcountry",3.99,USD,false,WORLD,GGB2b3243eb800f.epub
KDP Draft — How to Build a Website on a Budget,,Darryl Elliott Brown,KDP Draft — How to Build a Website on a Budget — A Gullah Geechee Biz publication.,en,,GGBff4dd2a48667,Gullah Geechee Biz,2026-08-02,"BUS000000,SEL000000,SOC002010","Gullah Geechee, African American, South Carolina, Lowcountry",3.99,USD,false,WORLD,GGBff4dd2a48667.epub
How to Master Social Media Marketing,,Darryl Elliott Brown,How to Master Social Media Marketing — A Gullah Geechee Biz publication.,en,,GGB79cc059ab069,Gullah Geechee Biz,2026-08-02,"BUS000000,SEL000000,SOC002010","Gullah Geechee, African American, South Carolina, Lowcountry",3.99,USD,false,WORLD,GGB79cc059ab069.epub
KDP Draft — How to Make Hoppin' John for New Year's,,Darryl Elliott Brown,KDP Draft — How to Make Hoppin' John for New Year's — A Gullah Geechee Biz publication.,en,,GGBac6163fe5a38,Gullah Geechee Biz,2026-08-02,"BUS000000,SEL000000,SOC002010","Gullah Geechee, African American, South Carolina, Lowcountry",3.99,USD,false,WORLD,GGBac6163fe5a38.epub
Encyclopedia Volume 09,,Darryl Elliott Brown,Encyclopedia Volume 09 — A Gullah Geechee Biz publication.,en,,GGB8d750086ddc2,Gullah Geechee Biz,2026-08-02,"REF000000,SOC002010,HIS036120","Gullah Geechee, African American, South Carolina, Lowcountry",9.99,USD,false,WORLD,GGB8d750086ddc2.epub
Encyclopedia Volume 30,,Darryl Elliott Brown,Encyclopedia Volume 30 — A Gullah Geechee Biz publication.,en,,GGB197412d5af2b,Gullah Geechee Biz,2026-08-02,"REF000000,SOC002010,HIS036120","Gullah Geechee, African American, South Carolina, Lowcountry",9.99,USD,false,WORLD,GGB197412d5af2b.epub
How to Cultivate Patience,,Darryl Elliott Brown,How to Cultivate Patience — A Gullah Geechee Biz publication.,en,,GGB79f6dda753a2,Gullah Geechee Biz,2026-08-02,"BUS000000,SEL000000,SOC002010","Gullah Geechee, African American, South Carolina, Lowcountry",3.99,USD,false,WORLD,GGB79f6dda753a2.epub
How to Make Mac and Cheese the Southern Way,,Darryl Elliott Brown,How to Make Mac and Cheese the Southern Way — A Gullah Geechee Biz publication.,en,,GGBcf37a42f185c,Gullah Geechee Biz,2026-08-02,"BUS000000,SEL000000,SOC002010","Gullah Geechee, African American, South Carolina, Lowcountry",3.99,USD,false,WORLD,GGBcf37a42f185c.epub
KDP Draft — How to Make Gullah Potato Salad,,Darryl Elliott Brown,KDP Draft — How to Make Gullah Potato Salad — A Gullah Geechee Biz publication.,en,,GGB17cedcd8cbd5,Gullah Geechee Biz,2026-08-02,"BUS000000,SEL000000,SOC002010","Gullah Geechee, African American, South Carolina, Lowcountry",3.99,USD,false,WORLD,GGB17cedcd8cbd5.epub
KDP Draft — How to Scale Your Small Business,,Darryl Elliott Brown,KDP Draft — How to Scale Your Small Business — A Gullah Geechee Biz publication.,en,,GGBd09992a0429f,Gullah Geechee Biz,2026-08-02,"BUS000000,SEL000000,SOC002010","Gullah Geechee, African American, South Carolina, Lowcountry",3.99,USD,false,WORLD,GGBd09992a0429f.epub
The Gullah Geechee Guide to Determination,,Darryl Elliott Brown,The Gullah Geechee Guide to Determination — A Gullah Geechee Biz publication.,en,,GGBbdf4ac7d04f8,Gullah Geechee Biz,2026-08-02,"BUS000000,SEL000000,SOC002010","Gullah Geechee, African American, South Carolina, Lowcountry",3.99,USD,false,WORLD,GGBbdf4ac7d04f8.epub
Encyclopedia Volume 06,,Darryl Elliott Brown,Encyclopedia Volume 06 — A Gullah Geechee Biz publication.,en,,GGBb9956d7b58b7,Gullah Geechee Biz,2026-08-02,"REF000000,SOC002010,HIS036120","Gullah Geechee, African American, South Carolina, Lowcountry",9.99,USD,false,WORLD,GGBb9956d7b58b7.epub
KDP Draft — How to Master Business Storytelling,,Darryl Elliott Brown,KDP Draft — How to Master Business Storytelling — A Gullah Geechee Biz publication.,en,,GGBac32bc22a0bf,Gullah Geechee Biz,2026-08-02,"BUS000000,SEL000000,SOC002010","Gullah Geechee, African American, South Carolina, Lowcountry",3.99,USD,false,WORLD,GGBac32bc22a0bf.epub
How to Make Holiday Gullah Feasts,,Darryl Elliott Brown,How to Make Holiday Gullah Feasts — A Gullah Geechee Biz publication.,en,,GGB55225bc26b50,Gullah Geechee Biz,2026-08-02,"BUS000000,SEL000000,SOC002010","Gullah Geechee, African American, South Carolina, Lowcountry",3.99,USD,false,WORLD,GGB55225bc26b50.epub
KDP Draft — How to Make Gullah Sauces and Seasonings,,Darryl Elliott Brown,KDP Draft — How to Make Gullah Sauces and Seasonings — A Gullah Geechee Biz publication.,en,,GGB7807176a34fb,Gullah Geechee Biz,2026-08-02,"BUS000000,SEL000000,SOC002010","Gullah Geechee, African American, South Carolina, Lowcountry",3.99,USD,false,WORLD,GGB7807176a34fb.epub
How to Master Public Speaking,,Darryl Elliott Brown,How to Master Public Speaking — A Gullah Geechee Biz publication.,en,,GGB2977e24e9095,Gullah Geechee Biz,2026-08-02,"BUS000000,SEL000000,SOC002010","Gullah Geechee, African American, South Carolina, Lowcountry",3.99,USD,false,WORLD,GGB2977e24e9095.epub
Encyclopedia Volume 12,,Darryl Elliott Brown,Encyclopedia Volume 12 — A Gullah Geechee Biz publication.,en,,GGBa36cedb96093,Gullah Geechee Biz,2026-08-02,"REF000000,SOC002010,HIS036120","Gullah Geechee, African American, South Carolina, Lowcountry",9.99,USD,false,WORLD,GGBa36cedb96093.epub
How to Create a Marketing Funnel,,Darryl Elliott Brown,How to Create a Marketing Funnel — A Gullah Geechee Biz publication.,en,,GGB668eee130d2a,Gullah Geechee Biz,2026-08-02,"BUS000000,SEL000000,SOC002010","Gullah Geechee, African American, South Carolina, Lowcountry",3.99,USD,false,WORLD,GGB668eee130d2a.epub
How to Overcome Imposter Syndrome,,Darryl Elliott Brown,How to Overcome Imposter Syndrome — A Gullah Geechee Biz publication.,en,,GGBe16fc373f628,Gullah Geechee Biz,2026-08-02,"BUS000000,SEL000000,SOC002010","Gullah Geechee, African American, South Carolina, Lowcountry",3.99,USD,false,WORLD,GGBe16fc373f628.epub
Encyclopedia Volume 05,,Darryl Elliott Brown,Encyclopedia Volume 05 — A Gullah Geechee Biz publication.,en,,GGB5066c88db995,Gullah Geechee Biz,2026-08-02,"REF000000,SOC002010,HIS036120","Gullah Geechee, African American, South Carolina, Lowcountry",9.99,USD,false,WORLD,GGB5066c88db995.epub
Encyclopedia Volume 29,,Darryl Elliott Brown,Encyclopedia Volume 29 — A Gullah Geechee Biz publication.,en,,GGB5311efd0629e,Gullah Geechee Biz,2026-08-02,"REF000000,SOC002010,HIS036120","Gullah Geechee, African American, South Carolina, Lowcountry",9.99,USD,false,WORLD,GGB5311efd0629e.epub
How to Develop a Growth Mindset,,Darryl Elliott Brown,How to Develop a Growth Mindset — A Gullah Geechee Biz publication.,en,,GGBe07738b535bf,Gullah Geechee Biz,2026-08-02,"BUS000000,SEL000000,SOC002010","Gullah Geechee, African American, South Carolina, Lowcountry",3.99,USD,false,WORLD,GGBe07738b535bf.epub
Encyclopedia Volume 44,,Darryl Elliott Brown,Encyclopedia Volume 44 — A Gullah Geechee Biz publication.,en,,GGBff632ec04c33,Gullah Geechee Biz,2026-08-02,"REF000000,SOC002010,HIS036120","Gullah Geechee, African American, South Carolina, Lowcountry",9.99,USD,false,WORLD,GGBff632ec04c33.epub
How to Build a Subscription Business,,Darryl Elliott Brown,How to Build a Subscription Business — A Gullah Geechee Biz publication.,en,,GGB0368bd36a3a1,Gullah Geechee Biz,2026-08-02,"BUS000000,SEL000000,SOC002010","Gullah Geechee, African American, South Carolina, Lowcountry",3.99,USD,false,WORLD,GGB0368bd36a3a1.epub
How to Create a Content Strategy,,Darryl Elliott Brown,How to Create a Content Strategy — A Gullah Geechee Biz publication.,en,,GGB6d13330088e1,Gullah Geechee Biz,2026-08-02,"BUS000000,SEL000000,SOC002010","Gullah Geechee, African American, South Carolina, Lowcountry",3.99,USD,false,WORLD,GGB6d13330088e1.epub
How to Prepare Okra and Tomatoes,,Darryl Elliott Brown,How to Prepare Okra and Tomatoes — A Gullah Geechee Biz publication.,en,,GGB64b079a74ad0,Gullah Geechee Biz,2026-08-02,"BUS000000,SEL000000,SOC002010","Gullah Geechee, African American, South Carolina, Lowcountry",3.99,USD,false,WORLD,GGB64b079a74ad0.epub
How to Navigate Life Transitions,,Darryl Elliott Brown,How to Navigate Life Transitions — A Gullah Geechee Biz publication.,en,,GGBb9a694f4a3bc,Gullah Geechee Biz,2026-08-02,"BUS000000,SEL000000,SOC002010","Gullah Geechee, African American, South Carolina, Lowcountry",3.99,USD,false,WORLD,GGBb9a694f4a3bc.epub
KDP Draft — How to Make Southern Cornbread from Scratch,,Darryl Elliott Brown,KDP Draft — How to Make Southern Cornbread from Scratch — A Gullah Geechee Biz publication.,en,,GGB7ab58023faa6,Gullah Geechee Biz,2026-08-02,"BUS000000,SEL000000,SOC002010","Gullah Geechee, African American, South Carolina, Lowcountry",3.99,USD,false,WORLD,GGB7ab58023faa6.epub
KDP Draft — How to Manage Anxiety Naturally,,Darryl Elliott Brown,KDP Draft — How to Manage Anxiety Naturally — A Gullah Geechee Biz publication.,en,,GGB91f3dc5f6c2e,Gullah Geechee Biz,2026-08-02,"BUS000000,SEL000000,SOC002010","Gullah Geechee, African American, South Carolina, Lowcountry",3.99,USD,false,WORLD,GGB91f3dc5f6c2e.epub
How to Master Your Morning Routine,,Darryl Elliott Brown,How to Master Your Morning Routine — A Gullah Geechee Biz publication.,en,,GGB4c2916901b67,Gullah Geechee Biz,2026-08-02,"BUS000000,SEL000000,SOC002010","Gullah Geechee, African American, South Carolina, Lowcountry",3.99,USD,false,WORLD,GGB4c2916901b67.epub
The Gullah Geechee Guide to Yearning,,Darryl Elliott Brown,The Gullah Geechee Guide to Yearning — A Gullah Geechee Biz publication.,en,,GGB8b2824fee646,Gullah Geechee Biz,2026-08-02,"BUS000000,SEL000000,SOC002010","Gullah Geechee, African American, South Carolina, Lowcountry",3.99,USD,false,WORLD,GGB8b2824fee646.epub
KDP Draft — How to Make Gullah Breakfast,,Darryl Elliott Brown,KDP Draft — How to Make Gullah Breakfast — A Gullah Geechee Biz publication.,en,,GGB6f20166c0a45,Gullah Geechee Biz,2026-08-02,"BUS000000,SEL000000,SOC002010","Gullah Geechee, African American, South Carolina, Lowcountry",3.99,USD,false,WORLD,GGB6f20166c0a45.epub
How to Master Social Media Marketing,,Darryl Elliott Brown,How to Master Social Media Marketing — A Gullah Geechee Biz publication.,en,,GGB4e067b891112,Gullah Geechee Biz,2026-08-02,"BUS000000,SEL000000,SOC002010","Gullah Geechee, African American, South Carolina, Lowcountry",3.99,USD,false,WORLD,GGB4e067b891112.epub
The Gullah Geechee Guide to Discipline,,Darryl Elliott Brown,The Gullah Geechee Guide to Discipline — A Gullah Geechee Biz publication.,en,,GGBb06201d05fd8,Gullah Geechee Biz,2026-08-02,"BUS000000,SEL000000,SOC002010","Gullah Geechee, African American, South Carolina, Lowcountry",3.99,USD,false,WORLD,GGBb06201d05fd8.epub
How to Build Abundance,,Darryl Elliott Brown,How to Build Abundance — A Gullah Geechee Biz publication.,en,,GGBc42bf85cee69,Gullah Geechee Biz,2026-08-02,"BUS000000,SEL000000,SOC002010","Gullah Geechee, African American, South Carolina, Lowcountry",3.99,USD,false,WORLD,GGBc42bf85cee69.epub
How to Build an Email List from Scratch,,Darryl Elliott Brown,How to Build an Email List from Scratch — A Gullah Geechee Biz publication.,en,,GGB966c11fa022f,Gullah Geechee Biz,2026-08-02,"BUS000000,SEL000000,SOC002010","Gullah Geechee, African American, South Carolina, Lowcountry",3.99,USD,false,WORLD,GGB966c11fa022f.epub
Encyclopedia Volume 28,,Darryl Elliott Brown,Encyclopedia Volume 28 — A Gullah Geechee Biz publication.,en,,GGB9e1419dbe6b4,Gullah Geechee Biz,2026-08-02,"REF000000,SOC002010,HIS036120","Gullah Geechee, African American, South Carolina, Lowcountry",9.99,USD,false,WORLD,GGB9e1419dbe6b4.epub
KDP Draft — How to Create a Business Exit Strategy,,Darryl Elliott Brown,KDP Draft — How to Create a Business Exit Strategy — A Gullah Geechee Biz publication.,en,,GGBe3dce7777a7f,Gullah Geechee Biz,2026-08-02,"BUS000000,SEL000000,SOC002010","Gullah Geechee, African American, South Carolina, Lowcountry",3.99,USD,false,WORLD,GGBe3dce7777a7f.epub
KDP Draft — How to Make Sweetgrass Lemonade,,Darryl Elliott Brown,KDP Draft — How to Make Sweetgrass Lemonade — A Gullah Geechee Biz publication.,en,,GGB84c6b32c2c6a,Gullah Geechee Biz,2026-08-02,"BUS000000,SEL000000,SOC002010","Gullah Geechee, African American, South Carolina, Lowcountry",3.99,USD,false,WORLD,GGB84c6b32c2c6a.epub
Encyclopedia Volume 02,,Darryl Elliott Brown,Encyclopedia Volume 02 — A Gullah Geechee Biz publication.,en,,GGBedfb00d56cc0,Gullah Geechee Biz,2026-08-02,"REF000000,SOC002010,HIS036120","Gullah Geechee, African American, South Carolina, Lowcountry",9.99,USD,false,WORLD,GGBedfb00d56cc0.epub
KDP Draft — How to Stay Motivated Every Day,,Darryl Elliott Brown,KDP Draft — How to Stay Motivated Every Day — A Gullah Geechee Biz publication.,en,,GGB665234b36b29,Gullah Geechee Biz,2026-08-02,"BUS000000,SEL000000,SOC002010","Gullah Geechee, African American, South Carolina, Lowcountry",3.99,USD,false,WORLD,GGB665234b36b29.epub
KDP Draft — How to Live with Intention,,Darryl Elliott Brown,KDP Draft — How to Live with Intention — A Gullah Geechee Biz publication.,en,,GGB5e9f20094d03,Gullah Geechee Biz,2026-08-02,"BUS000000,SEL000000,SOC002010","Gullah Geechee, African American, South Carolina, Lowcountry",3.99,USD,false,WORLD,GGB5e9f20094d03.epub
How to Build Customer Loyalty,,Darryl Elliott Brown,How to Build Customer Loyalty — A Gullah Geechee Biz publication.,en,,GGBbf25f3499acf,Gullah Geechee Biz,2026-08-02,"BUS000000,SEL000000,SOC002010","Gullah Geechee, African American, South Carolina, Lowcountry",3.99,USD,false,WORLD,GGBbf25f3499acf.epub
KDP Draft — Gullah Geechee Camp Cooking,,Darryl Elliott Brown,KDP Draft — Gullah Geechee Camp Cooking — A Gullah Geechee Biz publication.,en,,GGB1ab773c7ff0a,Gullah Geechee Biz,2026-08-02,"CKB000000,SOC002010,HIS036120","Gullah Geechee, African American, South Carolina, Lowcountry",3.99,USD,false,WORLD,GGB1ab773c7ff0a.epub
KDP Draft — How to Write a Winning Grant Proposal,,Darryl Elliott Brown,KDP Draft — How to Write a Winning Grant Proposal — A Gullah Geechee Biz publication.,en,,GGBb309b750c421,Gullah Geechee Biz,2026-08-02,"BUS000000,SEL000000,SOC002010","Gullah Geechee, African American, South Carolina, Lowcountry",3.99,USD,false,WORLD,GGBb309b750c421.epub
How to Master Public Speaking,,Darryl Elliott Brown,How to Master Public Speaking — A Gullah Geechee Biz publication.,en,,GGB83fabf2319e8,Gullah Geechee Biz,2026-08-02,"BUS000000,SEL000000,SOC002010","Gullah Geechee, African American, South Carolina, Lowcountry",3.99,USD,false,WORLD,GGB83fabf2319e8.epub
Gullah Geechee Meal Prep,,Darryl Elliott Brown,Gullah Geechee Meal Prep — A Gullah Geechee Biz publication.,en,,GGBd2e146fa1c3c,Gullah Geechee Biz,2026-08-02,"BUS000000,SEL000000,SOC002010","Gullah Geechee, African American, South Carolina, Lowcountry",3.99,USD,false,WORLD,GGBd2e146fa1c3c.epub
How to Develop Daily Discipline,,Darryl Elliott Brown,How to Develop Daily Discipline — A Gullah Geechee Biz publication.,en,,GGB04ebf67650f0,Gullah Geechee Biz,2026-08-02,"BUS000000,SEL000000,SOC002010","Gullah Geechee, African American, South Carolina, Lowcountry",3.99,USD,false,WORLD,GGB04ebf67650f0.epub
How to Break Bad Habits Forever,,Darryl Elliott Brown,How to Break Bad Habits Forever — A Gullah Geechee Biz publication.,en,,GGB341b50c423ce,Gullah Geechee Biz,2026-08-02,"BUS000000,SEL000000,SOC002010","Gullah Geechee, African American, South Carolina, Lowcountry",3.99,USD,false,WORLD,GGB341b50c423ce.epub
The Gullah Geechee Guide to Harmony,,Darryl Elliott Brown,The Gullah Geechee Guide to Harmony — A Gullah Geechee Biz publication.,en,,GGB494dc450d3ef,Gullah Geechee Biz,2026-08-02,"BUS000000,SEL000000,SOC002010","Gullah Geechee, African American, South Carolina, Lowcountry",3.99,USD,false,WORLD,GGB494dc450d3ef.epub
How to Cook Gullah Pork Chops,,Darryl Elliott Brown,How to Cook Gullah Pork Chops — A Gullah Geechee Biz publication.,en,,GGB4612ef7d9f16,Gullah Geechee Biz,2026-08-02,"CKB000000,SOC002010,HIS036120","Gullah Geechee, African American, South Carolina, Lowcountry",3.99,USD,false,WORLD,GGB4612ef7d9f16.epub
KDP Draft — How to Build Healthy Relationships,,Darryl Elliott Brown,KDP Draft — How to Build Healthy Relationships — A Gullah Geechee Biz publication.,en,,GGB20a2f7fdcb83,Gullah Geechee Biz,2026-08-02,"BUS000000,SEL000000,SOC002010","Gullah Geechee, African American, South Carolina, Lowcountry",3.99,USD,false,WORLD,GGB20a2f7fdcb83.epub
How to Prepare Gullah Chicken Soup,,Darryl Elliott Brown,How to Prepare Gullah Chicken Soup — A Gullah Geechee Biz publication.,en,,GGB07a81c45f957,Gullah Geechee Biz,2026-08-02,"BUS000000,SEL000000,SOC002010","Gullah Geechee, African American, South Carolina, Lowcountry",3.99,USD,false,WORLD,GGB07a81c45f957.epub
KDP Draft — How to Make Rice Pudding,,Darryl Elliott Brown,KDP Draft — How to Make Rice Pudding — A Gullah Geechee Biz publication.,en,,GGBc4e05eea650f,Gullah Geechee Biz,2026-08-02,"BUS000000,SEL000000,SOC002010","Gullah Geechee, African American, South Carolina, Lowcountry",3.99,USD,false,WORLD,GGBc4e05eea650f.epub
How to Start a Side Hustle,,Darryl Elliott Brown,How to Start a Side Hustle — A Gullah Geechee Biz publication.,en,,GGBf8c85bcc7100,Gullah Geechee Biz,2026-08-02,"BUS000000,SEL000000,SOC002010","Gullah Geechee, African American, South Carolina, Lowcountry",3.99,USD,false,WORLD,GGBf8c85bcc7100.epub
How to Create a Personal Mission Statement,,Darryl Elliott Brown,How to Create a Personal Mission Statement — A Gullah Geechee Biz publication.,en,,GGBe30e5f226cf4,Gullah Geechee Biz,2026-08-02,"BUS000000,SEL000000,SOC002010","Gullah Geechee, African American, South Carolina, Lowcountry",3.99,USD,false,WORLD,GGBe30e5f226cf4.epub
KDP Draft — How to Cultivate Patience,,Darryl Elliott Brown,KDP Draft — How to Cultivate Patience — A Gullah Geechee Biz publication.,en,,GGB3d999f6e8db3,Gullah Geechee Biz,2026-08-02,"BUS000000,SEL000000,SOC002010","Gullah Geechee, African American, South Carolina, Lowcountry",3.99,USD,false,WORLD,GGB3d999f6e8db3.epub
How to Bake Gullah Desserts,,Darryl Elliott Brown,How to Bake Gullah Desserts — A Gullah Geechee Biz publication.,en,,GGB11dbfbc7b32a,Gullah Geechee Biz,2026-08-02,"BUS000000,SEL000000,SOC002010","Gullah Geechee, African American, South Carolina, Lowcountry",3.99,USD,false,WORLD,GGB11dbfbc7b32a.epub
How to Master Cast Iron Cooking,,Darryl Elliott Brown,How to Master Cast Iron Cooking — A Gullah Geechee Biz publication.,en,,GGB9d382c14c582,Gullah Geechee Biz,2026-08-02,"CKB000000,SOC002010,HIS036120","Gullah Geechee, African American, South Carolina, Lowcountry",3.99,USD,false,WORLD,GGB9d382c14c582.epub
KDP Draft — How to Launch an Online Course,,Darryl Elliott Brown,KDP Draft — How to Launch an Online Course — A Gullah Geechee Biz publication.,en,,GGB526bac31c875,Gullah Geechee Biz,2026-08-02,"BUS000000,SEL000000,SOC002010","Gullah Geechee, African American, South Carolina, Lowcountry",3.99,USD,false,WORLD,GGB526bac31c875.epub
KDP Draft — The Gullah Geechee Guide to Unity,,Darryl Elliott Brown,KDP Draft — The Gullah Geechee Guide to Unity — A Gullah Geechee Biz publication.,en,,GGBaec3962e390e,Gullah Geechee Biz,2026-08-02,"BUS000000,SEL000000,SOC002010","Gullah Geechee, African American, South Carolina, Lowcountry",3.99,USD,false,WORLD,GGBaec3962e390e.epub
How to Build a Community Around Your Brand,,Darryl Elliott Brown,How to Build a Community Around Your Brand — A Gullah Geechee Biz publication.,en,,GGBfca9b6c82d76,Gullah Geechee Biz,2026-08-02,"BUS000000,SEL000000,SOC002010","Gullah Geechee, African American, South Carolina, Lowcountry",3.99,USD,false,WORLD,GGBfca9b6c82d76.epub
Encyclopedia Volume 41,,Darryl Elliott Brown,Encyclopedia Volume 41 — A Gullah Geechee Biz publication.,en,,GGB21e01e7a10ab,Gullah Geechee Biz,2026-08-02,"REF000000,SOC002010,HIS036120","Gullah Geechee, African American, South Carolina, Lowcountry",9.99,USD,false,WORLD,GGB21e01e7a10ab.epub
How to Make Authentic Shrimp and Grits,,Darryl Elliott Brown,How to Make Authentic Shrimp and Grits — A Gullah Geechee Biz publication.,en,,GGB1dde3b1f968b,Gullah Geechee Biz,2026-08-02,"BUS000000,SEL000000,SOC002010","Gullah Geechee, African American, South Carolina, Lowcountry",3.99,USD,false,WORLD,GGB1dde3b1f968b.epub
KDP Draft — How to Make Gullah Potato Salad,,Darryl Elliott Brown,KDP Draft — How to Make Gullah Potato Salad — A Gullah Geechee Biz publication.,en,,GGB3136595ff518,Gullah Geechee Biz,2026-08-02,"BUS000000,SEL000000,SOC002010","Gullah Geechee, African American, South Carolina, Lowcountry",3.99,USD,false,WORLD,GGB3136595ff518.epub
KDP Draft — How to Create a Product Launch Plan,,Darryl Elliott Brown,KDP Draft — How to Create a Product Launch Plan — A Gullah Geechee Biz publication.,en,,GGB0aea6af3432a,Gullah Geechee Biz,2026-08-02,"BUS000000,SEL000000,SOC002010","Gullah Geechee, African American, South Carolina, Lowcountry",3.99,USD,false,WORLD,GGB0aea6af3432a.epub
How to Make Gullah Tea Cakes,,Darryl Elliott Brown,How to Make Gullah Tea Cakes — A Gullah Geechee Biz publication.,en,,GGB45cc18a22d9d,Gullah Geechee Biz,2026-08-02,"BUS000000,SEL000000,SOC002010","Gullah Geechee, African American, South Carolina, Lowcountry",3.99,USD,false,WORLD,GGB45cc18a22d9d.epub
How to Handle Criticism Gracefully,,Darryl Elliott Brown,How to Handle Criticism Gracefully — A Gullah Geechee Biz publication.,en,,GGB4c74e99b3962,Gullah Geechee Biz,2026-08-02,"BUS000000,SEL000000,SOC002010","Gullah Geechee, African American, South Carolina, Lowcountry",3.99,USD,false,WORLD,GGB4c74e99b3962.epub
How to Build a Freelance Career,,Darryl Elliott Brown,How to Build a Freelance Career — A Gullah Geechee Biz publication.,en,,GGBa9e1cf369943,Gullah Geechee Biz,2026-08-02,"BUS000000,SEL000000,SOC002010","Gullah Geechee, African American, South Carolina, Lowcountry",3.99,USD,false,WORLD,GGBa9e1cf369943.epub
KDP Draft — How to Preserve Summer Vegetables,,Darryl Elliott Brown,KDP Draft — How to Preserve Summer Vegetables — A Gullah Geechee Biz publication.,en,,GGB0ec31626523c,Gullah Geechee Biz,2026-08-02,"BUS000000,SEL000000,SOC002010","Gullah Geechee, African American, South Carolina, Lowcountry",3.99,USD,false,WORLD,GGB0ec31626523c.epub
KDP Draft — How to Overcome Fear of Failure,,Darryl Elliott Brown,KDP Draft — How to Overcome Fear of Failure — A Gullah Geechee Biz publication.,en,,GGB27c34d864fd9,Gullah Geechee Biz,2026-08-02,"BUS000000,SEL000000,SOC002010","Gullah Geechee, African American, South Carolina, Lowcountry",3.99,USD,false,WORLD,GGB27c34d864fd9.epub
Lowcountry Tourism,,Darryl Elliott Brown,Lowcountry Tourism — A Gullah Geechee Biz publication.,en,,GGB1295812142b6,Gullah Geechee Biz,2026-08-02,"BUS000000,SEL000000,SOC002010","Gullah Geechee, African American, South Carolina, Lowcountry",3.99,USD,false,WORLD,GGB1295812142b6.epub
How to Manage Anxiety Naturally,,Darryl Elliott Brown,How to Manage Anxiety Naturally — A Gullah Geechee Biz publication.,en,,GGB1e9ce1e237aa,Gullah Geechee Biz,2026-08-02,"BUS000000,SEL000000,SOC002010","Gullah Geechee, African American, South Carolina, Lowcountry",3.99,USD,false,WORLD,GGB1e9ce1e237aa.epub
How to Prepare Okra and Tomatoes,,Darryl Elliott Brown,How to Prepare Okra and Tomatoes — A Gullah Geechee Biz publication.,en,,GGB1eba299591d7,Gullah Geechee Biz,2026-08-02,"BUS000000,SEL000000,SOC002010","Gullah Geechee, African American, South Carolina, Lowcountry",3.99,USD,false,WORLD,GGB1eba299591d7.epub
How to Price Your Products or Services,,Darryl Elliott Brown,How to Price Your Products or Services — A Gullah Geechee Biz publication.,en,,GGB0d26075ab499,Gullah Geechee Biz,2026-08-02,"BUS000000,SEL000000,SOC002010","Gullah Geechee, African American, South Carolina, Lowcountry",3.99,USD,false,WORLD,GGB0d26075ab499.epub
KDP Draft — How to Master Business Storytelling,,Darryl Elliott Brown,KDP Draft — How to Master Business Storytelling — A Gullah Geechee Biz publication.,en,,GGB119bbdd8720c,Gullah Geechee Biz,2026-08-02,"BUS000000,SEL000000,SOC002010","Gullah Geechee, African American, South Carolina, Lowcountry",3.99,USD,false,WORLD,GGB119bbdd8720c.epub
How to Network Like a Pro,,Darryl Elliott Brown,How to Network Like a Pro — A Gullah Geechee Biz publication.,en,,GGBd77b9f30787b,Gullah Geechee Biz,2026-08-02,"BUS000000,SEL000000,SOC002010","Gullah Geechee, African American, South Carolina, Lowcountry",3.99,USD,false,WORLD,GGBd77b9f30787b.epub
How to Scale Your Small Business,,Darryl Elliott Brown,How to Scale Your Small Business — A Gullah Geechee Biz publication.,en,,GGBe096d24b987b,Gullah Geechee Biz,2026-08-02,"BUS000000,SEL000000,SOC002010","Gullah Geechee, African American, South Carolina, Lowcountry",3.99,USD,false,WORLD,GGBe096d24b987b.epub
How to Write Copy That Sells,,Darryl Elliott Brown,How to Write Copy That Sells — A Gullah Geechee Biz publication.,en,,GGBfdeb09ea24e2,Gullah Geechee Biz,2026-08-02,"BUS000000,SEL000000,SOC002010","Gullah Geechee, African American, South Carolina, Lowcountry",3.99,USD,false,WORLD,GGBfdeb09ea24e2.epub
Encyclopedia Volume 36,,Darryl Elliott Brown,Encyclopedia Volume 36 — A Gullah Geechee Biz publication.,en,,GGBa853a70fbb22,Gullah Geechee Biz,2026-08-02,"REF000000,SOC002010,HIS036120","Gullah Geechee, African American, South Carolina, Lowcountry",9.99,USD,false,WORLD,GGBa853a70fbb22.epub
Gullah Geechee One-Pot Meals,,Darryl Elliott Brown,Gullah Geechee One-Pot Meals — A Gullah Geechee Biz publication.,en,,GGBba574caaa6a0,Gullah Geechee Biz,2026-08-02,"BUS000000,SEL000000,SOC002010","Gullah Geechee, African American, South Carolina, Lowcountry",3.99,USD,false,WORLD,GGBba574caaa6a0.epub
KDP Draft — How to Cultivate Daily Gratitude,,Darryl Elliott Brown,KDP Draft — How to Cultivate Daily Gratitude — A Gullah Geechee Biz publication.,en,,GGB9f5b20b58eb8,Gullah Geechee Biz,2026-08-02,"BUS000000,SEL000000,SOC002010","Gullah Geechee, African American, South Carolina, Lowcountry",3.99,USD,false,WORLD,GGB9f5b20b58eb8.epub
How to Fry the Perfect Fish,,Darryl Elliott Brown,How to Fry the Perfect Fish — A Gullah Geechee Biz publication.,en,,GGBe083b76ef817,Gullah Geechee Biz,2026-08-02,"BUS000000,SEL000000,SOC002010","Gullah Geechee, African American, South Carolina, Lowcountry",3.99,USD,false,WORLD,GGBe083b76ef817.epub
How to Make Boiled Peanuts,,Darryl Elliott Brown,How to Make Boiled Peanuts — A Gullah Geechee Biz publication.,en,,GGBb79e43c8e7a8,Gullah Geechee Biz,2026-08-02,"BUS000000,SEL000000,SOC002010","Gullah Geechee, African American, South Carolina, Lowcountry",3.99,USD,false,WORLD,GGBb79e43c8e7a8.epub
KDP Draft — How to Make Hoppin' John for New Year's,,Darryl Elliott Brown,KDP Draft — How to Make Hoppin' John for New Year's — A Gullah Geechee Biz publication.,en,,GGB55a8937cccb5,Gullah Geechee Biz,2026-08-02,"BUS000000,SEL000000,SOC002010","Gullah Geechee, African American, South Carolina, Lowcountry",3.99,USD,false,WORLD,GGB55a8937cccb5.epub
How to Make Hoppin' John for New Year's,,Darryl Elliott Brown,How to Make Hoppin' John for New Year's — A Gullah Geechee Biz publication.,en,,GGB02d59dcd60f8,Gullah Geechee Biz,2026-08-02,"BUS000000,SEL000000,SOC002010","Gullah Geechee, African American, South Carolina, Lowcountry",3.99,USD,false,WORLD,GGB02d59dcd60f8.epub
How to Make Sweetgrass Lemonade,,Darryl Elliott Brown,How to Make Sweetgrass Lemonade — A Gullah Geechee Biz publication.,en,,GGB6f120be4ec87,Gullah Geechee Biz,2026-08-02,"BUS000000,SEL000000,SOC002010","Gullah Geechee, African American, South Carolina, Lowcountry",3.99,USD,false,WORLD,GGB6f120be4ec87.epub
KDP Draft — How to Preserve Summer Vegetables,,Darryl Elliott Brown,KDP Draft — How to Preserve Summer Vegetables — A Gullah Geechee Biz publication.,en,,GGBa56261426b77,Gullah Geechee Biz,2026-08-02,"BUS000000,SEL000000,SOC002010","Gullah Geechee, African American, South Carolina, Lowcountry",3.99,USD,false,WORLD,GGBa56261426b77.epub
Encyclopedia Volume 16,,Darryl Elliott Brown,Encyclopedia Volume 16 — A Gullah Geechee Biz publication.,en,,GGB5ca57b53f68d,Gullah Geechee Biz,2026-08-02,"REF000000,SOC002010,HIS036120","Gullah Geechee, African American, South Carolina, Lowcountry",9.99,USD,false,WORLD,GGB5ca57b53f68d.epub
KDP Draft — How to Make Gullah Breads,,Darryl Elliott Brown,KDP Draft — How to Make Gullah Breads — A Gullah Geechee Biz publication.,en,,GGBf2d04b1541f0,Gullah Geechee Biz,2026-08-02,"BUS000000,SEL000000,SOC002010","Gullah Geechee, African American, South Carolina, Lowcountry",3.99,USD,false,WORLD,GGBf2d04b1541f0.epub
Gullah Geechee Job Creation,,Darryl Elliott Brown,Gullah Geechee Job Creation — A Gullah Geechee Biz publication.,en,,GGB2f1cb662a37d,Gullah Geechee Biz,2026-08-02,"BUS000000,SEL000000,SOC002010","Gullah Geechee, African American, South Carolina, Lowcountry",3.99,USD,false,WORLD,GGB2f1cb662a37d.epub
How to Master Email Marketing,,Darryl Elliott Brown,How to Master Email Marketing — A Gullah Geechee Biz publication.,en,,GGB2f29d65aa9cb,Gullah Geechee Biz,2026-08-02,"BUS000000,SEL000000,SOC002010","Gullah Geechee, African American, South Carolina, Lowcountry",3.99,USD,false,WORLD,GGB2f29d65aa9cb.epub
How to Build Mental Toughness,,Darryl Elliott Brown,How to Build Mental Toughness — A Gullah Geechee Biz publication.,en,,GGB9120a6a7ede4,Gullah Geechee Biz,2026-08-02,"BUS000000,SEL000000,SOC002010","Gullah Geechee, African American, South Carolina, Lowcountry",3.99,USD,false,WORLD,GGB9120a6a7ede4.epub
KDP Draft — How to Create a Customer Journey Map,,Darryl Elliott Brown,KDP Draft — How to Create a Customer Journey Map — A Gullah Geechee Biz publication.,en,,GGB2f1fe1850ab4,Gullah Geechee Biz,2026-08-02,"BUS000000,SEL000000,SOC002010","Gullah Geechee, African American, South Carolina, Lowcountry",3.99,USD,false,WORLD,GGB2f1fe1850ab4.epub
Encyclopedia Volume 19,,Darryl Elliott Brown,Encyclopedia Volume 19 — A Gullah Geechee Biz publication.,en,,GGB8c4e5160a96f,Gullah Geechee Biz,2026-08-02,"REF000000,SOC002010,HIS036120","Gullah Geechee, African American, South Carolina, Lowcountry",9.99,USD,false,WORLD,GGB8c4e5160a96f.epub
How to Build a Personal Brand,,Darryl Elliott Brown,How to Build a Personal Brand — A Gullah Geechee Biz publication.,en,,GGB95e285fda1d2,Gullah Geechee Biz,2026-08-02,"BUS000000,SEL000000,SOC002010","Gullah Geechee, African American, South Carolina, Lowcountry",3.99,USD,false,WORLD,GGB95e285fda1d2.epub
How to Scale Your Small Business,,Darryl Elliott Brown,How to Scale Your Small Business — A Gullah Geechee Biz publication.,en,,GGB51ec1efdfd2a,Gullah Geechee Biz,2026-08-02,"BUS000000,SEL000000,SOC002010","Gullah Geechee, African American, South Carolina, Lowcountry",3.99,USD,false,WORLD,GGB51ec1efdfd2a.epub
Encyclopedia Volume 45,,Darryl Elliott Brown,Encyclopedia Volume 45 — A Gullah Geechee Biz publication.,en,,GGB3209be09c18e,Gullah Geechee Biz,2026-08-02,"REF000000,SOC002010,HIS036120","Gullah Geechee, African American, South Carolina, Lowcountry",9.99,USD,false,WORLD,GGB3209be09c18e.epub
How to Stay Motivated Every Day,,Darryl Elliott Brown,How to Stay Motivated Every Day — A Gullah Geechee Biz publication.,en,,GGBb67da5ae8749,Gullah Geechee Biz,2026-08-02,"BUS000000,SEL000000,SOC002010","Gullah Geechee, African American, South Carolina, Lowcountry",3.99,USD,false,WORLD,GGBb67da5ae8749.epub
KDP Draft — Gullah Geechee Microenterprise,,Darryl Elliott Brown,KDP Draft — Gullah Geechee Microenterprise — A Gullah Geechee Biz publication.,en,,GGB0803ee8ec6ec,Gullah Geechee Biz,2026-08-02,"BUS000000,SEL000000,SOC002010","Gullah Geechee, African American, South Carolina, Lowcountry",3.99,USD,false,WORLD,GGB0803ee8ec6ec.epub
KDP Draft — How to Overcome Imposter Syndrome,,Darryl Elliott Brown,KDP Draft — How to Overcome Imposter Syndrome — A Gullah Geechee Biz publication.,en,,GGBe6acc43aee1f,Gullah Geechee Biz,2026-08-02,"BUS000000,SEL000000,SOC002010","Gullah Geechee, African American, South Carolina, Lowcountry",3.99,USD,false,WORLD,GGBe6acc43aee1f.epub
How to Create a Business Exit Strategy,,Darryl Elliott Brown,How to Create a Business Exit Strategy — A Gullah Geechee Biz publication.,en,,GGB0d1234ca23de,Gullah Geechee Biz,2026-08-02,"BUS000000,SEL000000,SOC002010","Gullah Geechee, African American, South Carolina, Lowcountry",3.99,USD,false,WORLD,GGB0d1234ca23de.epub
KDP Draft — How to Create a Sales Funnel,,Darryl Elliott Brown,KDP Draft — How to Create a Sales Funnel — A Gullah Geechee Biz publication.,en,,GGB4e26e810e45c,Gullah Geechee Biz,2026-08-02,"BUS000000,SEL000000,SOC002010","Gullah Geechee, African American, South Carolina, Lowcountry",3.99,USD,false,WORLD,GGB4e26e810e45c.epub
How to Build Zeal,,Darryl Elliott Brown,How to Build Zeal — A Gullah Geechee Biz publication.,en,,GGBe2a4492c52d3,Gullah Geechee Biz,2026-08-02,"BUS000000,SEL000000,SOC002010","Gullah Geechee, African American, South Carolina, Lowcountry",3.99,USD,false,WORLD,GGBe2a4492c52d3.epub
KDP Draft — How to Bake Buttermilk Cornbread,,Darryl Elliott Brown,KDP Draft — How to Bake Buttermilk Cornbread — A Gullah Geechee Biz publication.,en,,GGBb6465bb33723,Gullah Geechee Biz,2026-08-02,"BUS000000,SEL000000,SOC002010","Gullah Geechee, African American, South Carolina, Lowcountry",3.99,USD,false,WORLD,GGBb6465bb33723.epub
KDP Draft — How to Create a Brand Style Guide,,Darryl Elliott Brown,KDP Draft — How to Create a Brand Style Guide — A Gullah Geechee Biz publication.,en,,GGB59357f295e3c,Gullah Geechee Biz,2026-08-02,"BUS000000,SEL000000,SOC002010","Gullah Geechee, African American, South Carolina, Lowcountry",3.99,USD,false,WORLD,GGB59357f295e3c.epub
KDP Draft — How to Handle Criticism Gracefully,,Darryl Elliott Brown,KDP Draft — How to Handle Criticism Gracefully — A Gullah Geechee Biz publication.,en,,GGBf3697b339af8,Gullah Geechee Biz,2026-08-02,"BUS000000,SEL000000,SOC002010","Gullah Geechee, African American, South Carolina, Lowcountry",3.99,USD,false,WORLD,GGBf3697b339af8.epub
How to Build Resilience,,Darryl Elliott Brown,How to Build Resilience — A Gullah Geechee Biz publication.,en,,GGB37931bdf6000,Gullah Geechee Biz,2026-08-02,"BUS000000,SEL000000,SOC002010","Gullah Geechee, African American, South Carolina, Lowcountry",3.99,USD,false,WORLD,GGB37931bdf6000.epub
Gullah Geechee Camp Cooking,,Darryl Elliott Brown,Gullah Geechee Camp Cooking — A Gullah Geechee Biz publication.,en,,GGBdeebf4c2c604,Gullah Geechee Biz,2026-08-02,"CKB000000,SOC002010,HIS036120","Gullah Geechee, African American, South Carolina, Lowcountry",3.99,USD,false,WORLD,GGBdeebf4c2c604.epub
How to Set Boundaries That Stick,,Darryl Elliott Brown,How to Set Boundaries That Stick — A Gullah Geechee Biz publication.,en,,GGBa751814b96e2,Gullah Geechee Biz,2026-08-02,"BUS000000,SEL000000,SOC002010","Gullah Geechee, African American, South Carolina, Lowcountry",3.99,USD,false,WORLD,GGBa751814b96e2.epub
KDP Draft — How to Let Go of Perfectionism,,Darryl Elliott Brown,KDP Draft — How to Let Go of Perfectionism — A Gullah Geechee Biz publication.,en,,GGBebd94e366cfc,Gullah Geechee Biz,2026-08-02,"BUS000000,SEL000000,SOC002010","Gullah Geechee, African American, South Carolina, Lowcountry",3.99,USD,false,WORLD,GGBebd94e366cfc.epub
How to Master Your Morning Routine,,Darryl Elliott Brown,How to Master Your Morning Routine — A Gullah Geechee Biz publication.,en,,GGB257bb517a0e2,Gullah Geechee Biz,2026-08-02,"BUS000000,SEL000000,SOC002010","Gullah Geechee, African American, South Carolina, Lowcountry",3.99,USD,false,WORLD,GGB257bb517a0e2.epub
Sweetgrass Basket,,Darryl Elliott Brown,Sweetgrass Basket — A Gullah Geechee Biz publication.,en,,GGB2b8822ba5112,Gullah Geechee Biz,2026-08-02,"BUS000000,SEL000000,SOC002010","Gullah Geechee, African American, South Carolina, Lowcountry",3.99,USD,false,WORLD,GGB2b8822ba5112.epub
KDP Draft — How to Build Mental Toughness,,Darryl Elliott Brown,KDP Draft — How to Build Mental Toughness — A Gullah Geechee Biz publication.,en,,GGB3b051e5c1199,Gullah Geechee Biz,2026-08-02,"BUS000000,SEL000000,SOC002010","Gullah Geechee, African American, South Carolina, Lowcountry",3.99,USD,false,WORLD,GGB3b051e5c1199.epub
How to Break Bad Habits Forever,,Darryl Elliott Brown,How to Break Bad Habits Forever — A Gullah Geechee Biz publication.,en,,GGBed84e1946172,Gullah Geechee Biz,2026-08-02,"BUS000000,SEL000000,SOC002010","Gullah Geechee, African American, South Carolina, Lowcountry",3.99,USD,false,WORLD,GGBed84e1946172.epub
How to Build a Remote Team,,Darryl Elliott Brown,How to Build a Remote Team — A Gullah Geechee Biz publication.,en,,GGBdd2ba13b363b,Gullah Geechee Biz,2026-08-02,"BUS000000,SEL000000,SOC002010","Gullah Geechee, African American, South Carolina, Lowcountry",3.99,USD,false,WORLD,GGBdd2ba13b363b.epub
How to Preserve Summer Vegetables,,Darryl Elliott Brown,How to Preserve Summer Vegetables — A Gullah Geechee Biz publication.,en,,GGBf0d75421c687,Gullah Geechee Biz,2026-08-02,"BUS000000,SEL000000,SOC002010","Gullah Geechee, African American, South Carolina, Lowcountry",3.99,USD,false,WORLD,GGBf0d75421c687.epub
Encyclopedia Volume 26,,Darryl Elliott Brown,Encyclopedia Volume 26 — A Gullah Geechee Biz publication.,en,,GGBca38c0aa39c3,Gullah Geechee Biz,2026-08-02,"REF000000,SOC002010,HIS036120","Gullah Geechee, African American, South Carolina, Lowcountry",9.99,USD,false,WORLD,GGBca38c0aa39c3.epub
How to Master Business Storytelling,,Darryl Elliott Brown,How to Master Business Storytelling — A Gullah Geechee Biz publication.,en,,GGB1c4277997174,Gullah Geechee Biz,2026-08-02,"BUS000000,SEL000000,SOC002010","Gullah Geechee, African American, South Carolina, Lowcountry",3.99,USD,false,WORLD,GGB1c4277997174.epub
Encyclopedia Volume 12,,Darryl Elliott Brown,Encyclopedia Volume 12 — A Gullah Geechee Biz publication.,en,,GGBac1dcd1693ec,Gullah Geechee Biz,2026-08-02,"REF000000,SOC002010,HIS036120","Gullah Geechee, African American, South Carolina, Lowcountry",9.99,USD,false,WORLD,GGBac1dcd1693ec.epub
How to Master Email Marketing,,Darryl Elliott Brown,How to Master Email Marketing — A Gullah Geechee Biz publication.,en,,GGB483287fc8432,Gullah Geechee Biz,2026-08-02,"BUS000000,SEL000000,SOC002010","Gullah Geechee, African American, South Carolina, Lowcountry",3.99,USD,false,WORLD,GGB483287fc8432.epub
How to Build a Community Around Your Brand,,Darryl Elliott Brown,How to Build a Community Around Your Brand — A Gullah Geechee Biz publication.,en,,GGB5408d06c3ff8,Gullah Geechee Biz,2026-08-02,"BUS000000,SEL000000,SOC002010","Gullah Geechee, African American, South Carolina, Lowcountry",3.99,USD,false,WORLD,GGB5408d06c3ff8.epub
How to Create a Referral Program,,Darryl Elliott Brown,How to Create a Referral Program — A Gullah Geechee Biz publication.,en,,GGB04f1ed773c44,Gullah Geechee Biz,2026-08-02,"BUS000000,SEL000000,SOC002010","Gullah Geechee, African American, South Carolina, Lowcountry",3.99,USD,false,WORLD,GGB04f1ed773c44.epub
KDP Draft — How to Manage Anxiety Naturally,,Darryl Elliott Brown,KDP Draft — How to Manage Anxiety Naturally — A Gullah Geechee Biz publication.,en,,GGBa6b9f0f2f1ec,Gullah Geechee Biz,2026-08-02,"BUS000000,SEL000000,SOC002010","Gullah Geechee, African American, South Carolina, Lowcountry",3.99,USD,false,WORLD,GGBa6b9f0f2f1ec.epub
KDP Draft — How to Cook Perfect Gullah Red Rice,,Darryl Elliott Brown,KDP Draft — How to Cook Perfect Gullah Red Rice — A Gullah Geechee Biz publication.,en,,GGB5af438dc8f2f,Gullah Geechee Biz,2026-08-02,"CKB000000,SOC002010,HIS036120","Gullah Geechee, African American, South Carolina, Lowcountry",3.99,USD,false,WORLD,GGB5af438dc8f2f.epub
How to Launch an Online Course,,Darryl Elliott Brown,How to Launch an Online Course — A Gullah Geechee Biz publication.,en,,GGB265f96c19285,Gullah Geechee Biz,2026-08-02,"BUS000000,SEL000000,SOC002010","Gullah Geechee, African American, South Carolina, Lowcountry",3.99,USD,false,WORLD,GGB265f96c19285.epub
How to Practice Radical Self-Care,,Darryl Elliott Brown,How to Practice Radical Self-Care — A Gullah Geechee Biz publication.,en,,GGB831145f96e3f,Gullah Geechee Biz,2026-08-02,"BUS000000,SEL000000,SOC002010","Gullah Geechee, African American, South Carolina, Lowcountry",3.99,USD,false,WORLD,GGB831145f96e3f.epub
How to Make Benne Wafers,,Darryl Elliott Brown,How to Make Benne Wafers — A Gullah Geechee Biz publication.,en,,GGBa0f3425d00a0,Gullah Geechee Biz,2026-08-02,"BUS000000,SEL000000,SOC002010","Gullah Geechee, African American, South Carolina, Lowcountry",3.99,USD,false,WORLD,GGBa0f3425d00a0.epub
KDP Draft — How to Cook Collard Greens the Right Way,,Darryl Elliott Brown,KDP Draft — How to Cook Collard Greens the Right Way — A Gullah Geechee Biz publication.,en,,GGB4c5897405193,Gullah Geechee Biz,2026-08-02,"CKB000000,SOC002010,HIS036120","Gullah Geechee, African American, South Carolina, Lowcountry",3.99,USD,false,WORLD,GGB4c5897405193.epub
How to Create a Referral Program,,Darryl Elliott Brown,How to Create a Referral Program — A Gullah Geechee Biz publication.,en,,GGB67f14cb8c15c,Gullah Geechee Biz,2026-08-02,"BUS000000,SEL000000,SOC002010","Gullah Geechee, African American, South Carolina, Lowcountry",3.99,USD,false,WORLD,GGB67f14cb8c15c.epub
KDP Draft — How to Manage Business Finances,,Darryl Elliott Brown,KDP Draft — How to Manage Business Finances — A Gullah Geechee Biz publication.,en,,GGB7972dd5f2f0a,Gullah Geechee Biz,2026-08-02,"BUS000000,SEL000000,SOC002010","Gullah Geechee, African American, South Carolina, Lowcountry",3.99,USD,false,WORLD,GGB7972dd5f2f0a.epub
How to Manage Business Finances,,Darryl Elliott Brown,How to Manage Business Finances — A Gullah Geechee Biz publication.,en,,GGB3f5e16e08dcf,Gullah Geechee Biz,2026-08-02,"BUS000000,SEL000000,SOC002010","Gullah Geechee, African American, South Carolina, Lowcountry",3.99,USD,false,WORLD,GGB3f5e16e08dcf.epub
KDP Draft — How to Start a Side Hustle,,Darryl Elliott Brown,KDP Draft — How to Start a Side Hustle — A Gullah Geechee Biz publication.,en,,GGB11c39318df5f,Gullah Geechee Biz,2026-08-02,"BUS000000,SEL000000,SOC002010","Gullah Geechee, African American, South Carolina, Lowcountry",3.99,USD,false,WORLD,GGB11c39318df5f.epub
How to Build Healthy Relationships,,Darryl Elliott Brown,How to Build Healthy Relationships — A Gullah Geechee Biz publication.,en,,GGB5cda131bb9d0,Gullah Geechee Biz,2026-08-02,"BUS000000,SEL000000,SOC002010","Gullah Geechee, African American, South Carolina, Lowcountry",3.99,USD,false,WORLD,GGB5cda131bb9d0.epub
KDP Draft — How to Cook Collard Greens the Right Way,,Darryl Elliott Brown,KDP Draft — How to Cook Collard Greens the Right Way — A Gullah Geechee Biz publication.,en,,GGB2ab54b4f1395,Gullah Geechee Biz,2026-08-02,"CKB000000,SOC002010,HIS036120","Gullah Geechee, African American, South Carolina, Lowcountry",3.99,USD,false,WORLD,GGB2ab54b4f1395.epub
How to Bake Sweet Potato Pie,,Darryl Elliott Brown,How to Bake Sweet Potato Pie — A Gullah Geechee Biz publication.,en,,GGBcacd64b2ccff,Gullah Geechee Biz,2026-08-02,"BUS000000,SEL000000,SOC002010","Gullah Geechee, African American, South Carolina, Lowcountry",3.99,USD,false,WORLD,GGBcacd64b2ccff.epub
KDP Draft — How to Bake Gullah Desserts,,Darryl Elliott Brown,KDP Draft — How to Bake Gullah Desserts — A Gullah Geechee Biz publication.,en,,GGBe10e9c3c3ca6,Gullah Geechee Biz,2026-08-02,"BUS000000,SEL000000,SOC002010","Gullah Geechee, African American, South Carolina, Lowcountry",3.99,USD,false,WORLD,GGBe10e9c3c3ca6.epub
How to Develop Daily Discipline,,Darryl Elliott Brown,How to Develop Daily Discipline — A Gullah Geechee Biz publication.,en,,GGB26cdd17c686a,Gullah Geechee Biz,2026-08-02,"BUS000000,SEL000000,SOC002010","Gullah Geechee, African American, South Carolina, Lowcountry",3.99,USD,false,WORLD,GGB26cdd17c686a.epub
How to Master Your Morning Routine,,Darryl Elliott Brown,How to Master Your Morning Routine — A Gullah Geechee Biz publication.,en,,GGB610ad80b0eab,Gullah Geechee Biz,2026-08-02,"BUS000000,SEL000000,SOC002010","Gullah Geechee, African American, South Carolina, Lowcountry",3.99,USD,false,WORLD,GGB610ad80b0eab.epub
How to Build a Freelance Career,,Darryl Elliott Brown,How to Build a Freelance Career — A Gullah Geechee Biz publication.,en,,GGB4e81c8b855fb,Gullah Geechee Biz,2026-08-02,"BUS000000,SEL000000,SOC002010","Gullah Geechee, African American, South Carolina, Lowcountry",3.99,USD,false,WORLD,GGB4e81c8b855fb.epub
The Gullah Geechee Guide to Wisdom,,Darryl Elliott Brown,The Gullah Geechee Guide to Wisdom — A Gullah Geechee Biz publication.,en,,GGBd3d73acb3d1c,Gullah Geechee Biz,2026-08-02,"BUS000000,SEL000000,SOC002010","Gullah Geechee, African American, South Carolina, Lowcountry",3.99,USD,false,WORLD,GGBd3d73acb3d1c.epub
How to Build a Subscription Business,,Darryl Elliott Brown,How to Build a Subscription Business — A Gullah Geechee Biz publication.,en,,GGBc9377d0265d8,Gullah Geechee Biz,2026-08-02,"BUS000000,SEL000000,SOC002010","Gullah Geechee, African American, South Carolina, Lowcountry",3.99,USD,false,WORLD,GGBc9377d0265d8.epub
Encyclopedia Volume 01,,Darryl Elliott Brown,Encyclopedia Volume 01 — A Gullah Geechee Biz publication.,en,,GGBc9011de04c22,Gullah Geechee Biz,2026-08-02,"REF000000,SOC002010,HIS036120","Gullah Geechee, African American, South Carolina, Lowcountry",9.99,USD,false,WORLD,GGBc9011de04c22.epub
The Gullah Geechee Guide to Wisdom,,Darryl Elliott Brown,The Gullah Geechee Guide to Wisdom — A Gullah Geechee Biz publication.,en,,GGB8ae6dac26e62,Gullah Geechee Biz,2026-08-02,"BUS000000,SEL000000,SOC002010","Gullah Geechee, African American, South Carolina, Lowcountry",3.99,USD,false,WORLD,GGB8ae6dac26e62.epub
Gullah Geechee Condiments,,Darryl Elliott Brown,Gullah Geechee Condiments — A Gullah Geechee Biz publication.,en,,GGB3ee9d935e441,Gullah Geechee Biz,2026-08-02,"BUS000000,SEL000000,SOC002010","Gullah Geechee, African American, South Carolina, Lowcountry",3.99,USD,false,WORLD,GGB3ee9d935e441.epub
How to Cook Gullah Pork Chops,,Darryl Elliott Brown,How to Cook Gullah Pork Chops — A Gullah Geechee Biz publication.,en,,GGB17568c18400b,Gullah Geechee Biz,2026-08-02,"CKB000000,SOC002010,HIS036120","Gullah Geechee, African American, South Carolina, Lowcountry",3.99,USD,false,WORLD,GGB17568c18400b.epub
KDP Draft — How to Develop Emotional Intelligence,,Darryl Elliott Brown,KDP Draft — How to Develop Emotional Intelligence — A Gullah Geechee Biz publication.,en,,GGBe8bf8ed61a4e,Gullah Geechee Biz,2026-08-02,"BUS000000,SEL000000,SOC002010","Gullah Geechee, African American, South Carolina, Lowcountry",3.99,USD,false,WORLD,GGBe8bf8ed61a4e.epub
How to Create a Personal Mission Statement,,Darryl Elliott Brown,How to Create a Personal Mission Statement — A Gullah Geechee Biz publication.,en,,GGBf3cd91396569,Gullah Geechee Biz,2026-08-02,"BUS000000,SEL000000,SOC002010","Gullah Geechee, African American, South Carolina, Lowcountry",3.99,USD,false,WORLD,GGBf3cd91396569.epub
Gullah Geechee Appetizers,,Darryl Elliott Brown,Gullah Geechee Appetizers — A Gullah Geechee Biz publication.,en,,GGB1e0ce24c27d2,Gullah Geechee Biz,2026-08-02,"BUS000000,SEL000000,SOC002010","Gullah Geechee, African American, South Carolina, Lowcountry",3.99,USD,false,WORLD,GGB1e0ce24c27d2.epub
How to Make Gullah Sauces and Seasonings,,Darryl Elliott Brown,How to Make Gullah Sauces and Seasonings — A Gullah Geechee Biz publication.,en,,GGB080cb7a891c2,Gullah Geechee Biz,2026-08-02,"BUS000000,SEL000000,SOC002010","Gullah Geechee, African American, South Carolina, Lowcountry",3.99,USD,false,WORLD,GGB080cb7a891c2.epub
KDP Draft — How to Write a Winning Grant Proposal,,Darryl Elliott Brown,KDP Draft — How to Write a Winning Grant Proposal — A Gullah Geechee Biz publication.,en,,GGB7ce9a507ad0e,Gullah Geechee Biz,2026-08-02,"BUS000000,SEL000000,SOC002010","Gullah Geechee, African American, South Carolina, Lowcountry",3.99,USD,false,WORLD,GGB7ce9a507ad0e.epub
How to Make Pickled Shrimp,,Darryl Elliott Brown,How to Make Pickled Shrimp — A Gullah Geechee Biz publication.,en,,GGBaaa95188c03b,Gullah Geechee Biz,2026-08-02,"BUS000000,SEL000000,SOC002010","Gullah Geechee, African American, South Carolina, Lowcountry",3.99,USD,false,WORLD,GGBaaa95188c03b.epub
How to Cultivate Daily Gratitude,,Darryl Elliott Brown,How to Cultivate Daily Gratitude — A Gullah Geechee Biz publication.,en,,GGBa638afb32868,Gullah Geechee Biz,2026-08-02,"BUS000000,SEL000000,SOC002010","Gullah Geechee, African American, South Carolina, Lowcountry",3.99,USD,false,WORLD,GGBa638afb32868.epub
Encyclopedia Volume 01,,Darryl Elliott Brown,Encyclopedia Volume 01 — A Gullah Geechee Biz publication.,en,,GGB0302cfe304df,Gullah Geechee Biz,2026-08-02,"REF000000,SOC002010,HIS036120","Gullah Geechee, African American, South Carolina, Lowcountry",9.99,USD,false,WORLD,GGB0302cfe304df.epub
How to Make Gullah Breads,,Darryl Elliott Brown,How to Make Gullah Breads — A Gullah Geechee Biz publication.,en,,GGB4ea109f49154,Gullah Geechee Biz,2026-08-02,"BUS000000,SEL000000,SOC002010","Gullah Geechee, African American, South Carolina, Lowcountry",3.99,USD,false,WORLD,GGB4ea109f49154.epub
KDP Draft — Gullah Geechee Community Commerce,,Darryl Elliott Brown,KDP Draft — Gullah Geechee Community Commerce — A Gullah Geechee Biz publication.,en,,GGB35151fcac566,Gullah Geechee Biz,2026-08-02,"BUS000000,SEL000000,SOC002010","Gullah Geechee, African American, South Carolina, Lowcountry",3.99,USD,false,WORLD,GGB35151fcac566.epub
How to Create a Marketing Funnel,,Darryl Elliott Brown,How to Create a Marketing Funnel — A Gullah Geechee Biz publication.,en,,GGBe163db72be3f,Gullah Geechee Biz,2026-08-02,"BUS000000,SEL000000,SOC002010","Gullah Geechee, African American, South Carolina, Lowcountry",3.99,USD,false,WORLD,GGBe163db72be3f.epub
KDP Draft — How to Cultivate Patience,,Darryl Elliott Brown,KDP Draft — How to Cultivate Patience — A Gullah Geechee Biz publication.,en,,GGB744214d36dde,Gullah Geechee Biz,2026-08-02,"BUS000000,SEL000000,SOC002010","Gullah Geechee, African American, South Carolina, Lowcountry",3.99,USD,false,WORLD,GGB744214d36dde.epub
How to Cook Benne Chicken,,Darryl Elliott Brown,How to Cook Benne Chicken — A Gullah Geechee Biz publication.,en,,GGB4822a4560f97,Gullah Geechee Biz,2026-08-02,"CKB000000,SOC002010,HIS036120","Gullah Geechee, African American, South Carolina, Lowcountry",3.99,USD,false,WORLD,GGB4822a4560f97.epub
KDP Draft — How to Make Mac and Cheese the Southern Way,,Darryl Elliott Brown,KDP Draft — How to Make Mac and Cheese the Southern Way — A Gullah Geechee Biz publication.,en,,GGBfd0935178a30,Gullah Geechee Biz,2026-08-02,"BUS000000,SEL000000,SOC002010","Gullah Geechee, African American, South Carolina, Lowcountry",3.99,USD,false,WORLD,GGBfd0935178a30.epub
KDP Draft — How to Build Unshakeable Confidence,,Darryl Elliott Brown,KDP Draft — How to Build Unshakeable Confidence — A Gullah Geechee Biz publication.,en,,GGB9fc6e91f6006,Gullah Geechee Biz,2026-08-02,"BUS000000,SEL000000,SOC002010","Gullah Geechee, African American, South Carolina, Lowcountry",3.99,USD,false,WORLD,GGB9fc6e91f6006.epub
Gullah Geechee Microenterprise,,Darryl Elliott Brown,Gullah Geechee Microenterprise — A Gullah Geechee Biz publication.,en,,GGB39f48ee2f7ae,Gullah Geechee Biz,2026-08-02,"BUS000000,SEL000000,SOC002010","Gullah Geechee, African American, South Carolina, Lowcountry",3.99,USD,false,WORLD,GGB39f48ee2f7ae.epub
How to Overcome Fear of Failure,,Darryl Elliott Brown,How to Overcome Fear of Failure — A Gullah Geechee Biz publication.,en,,GGBb9816c1b143e,Gullah Geechee Biz,2026-08-02,"BUS000000,SEL000000,SOC002010","Gullah Geechee, African American, South Carolina, Lowcountry",3.99,USD,false,WORLD,GGBb9816c1b143e.epub
KDP Draft — How to Embrace Your Authentic Self,,Darryl Elliott Brown,KDP Draft — How to Embrace Your Authentic Self — A Gullah Geechee Biz publication.,en,,GGB25989fb49fa3,Gullah Geechee Biz,2026-08-02,"BUS000000,SEL000000,SOC002010","Gullah Geechee, African American, South Carolina, Lowcountry",3.99,USD,false,WORLD,GGB25989fb49fa3.epub
KDP Draft — Gullah Geechee Condiments,,Darryl Elliott Brown,KDP Draft — Gullah Geechee Condiments — A Gullah Geechee Biz publication.,en,,GGBdacaf9d1be73,Gullah Geechee Biz,2026-08-02,"BUS000000,SEL000000,SOC002010","Gullah Geechee, African American, South Carolina, Lowcountry",3.99,USD,false,WORLD,GGBdacaf9d1be73.epub
Encyclopedia Volume 35,,Darryl Elliott Brown,Encyclopedia Volume 35 — A Gullah Geechee Biz publication.,en,,GGB94414506f00e,Gullah Geechee Biz,2026-08-02,"REF000000,SOC002010,HIS036120","Gullah Geechee, African American, South Carolina, Lowcountry",9.99,USD,false,WORLD,GGB94414506f00e.epub
KDP Draft — How to Build a Freelance Career,,Darryl Elliott Brown,KDP Draft — How to Build a Freelance Career — A Gullah Geechee Biz publication.,en,,GGB893b9e45ab31,Gullah Geechee Biz,2026-08-02,"BUS000000,SEL000000,SOC002010","Gullah Geechee, African American, South Carolina, Lowcountry",3.99,USD,false,WORLD,GGB893b9e45ab31.epub
Gullah Geechee Startup Guide,,Darryl Elliott Brown,Gullah Geechee Startup Guide — A Gullah Geechee Biz publication.,en,,GGB5883201f84b1,Gullah Geechee Biz,2026-08-02,"BUS000000,SEL000000,SOC002010","Gullah Geechee, African American, South Carolina, Lowcountry",3.99,USD,false,WORLD,GGB5883201f84b1.epub
KDP Draft — How to Set Boundaries That Stick,,Darryl Elliott Brown,KDP Draft — How to Set Boundaries That Stick — A Gullah Geechee Biz publication.,en,,GGB091e87662e63,Gullah Geechee Biz,2026-08-02,"BUS000000,SEL000000,SOC002010","Gullah Geechee, African American, South Carolina, Lowcountry",3.99,USD,false,WORLD,GGB091e87662e63.epub
KDP Draft — How to Write Copy That Sells,,Darryl Elliott Brown,KDP Draft — How to Write Copy That Sells — A Gullah Geechee Biz publication.,en,,GGB231a4f6c5a8c,Gullah Geechee Biz,2026-08-02,"BUS000000,SEL000000,SOC002010","Gullah Geechee, African American, South Carolina, Lowcountry",3.99,USD,false,WORLD,GGB231a4f6c5a8c.epub
How to Practice Radical Self-Care,,Darryl Elliott Brown,How to Practice Radical Self-Care — A Gullah Geechee Biz publication.,en,,GGB7945e35a6949,Gullah Geechee Biz,2026-08-02,"BUS000000,SEL000000,SOC002010","Gullah Geechee, African American, South Carolina, Lowcountry",3.99,USD,false,WORLD,GGB7945e35a6949.epub
KDP Draft — How to Prepare Gullah Chicken Soup,,Darryl Elliott Brown,KDP Draft — How to Prepare Gullah Chicken Soup — A Gullah Geechee Biz publication.,en,,GGB89946eb98832,Gullah Geechee Biz,2026-08-02,"BUS000000,SEL000000,SOC002010","Gullah Geechee, African American, South Carolina, Lowcountry",3.99,USD,false,WORLD,GGB89946eb98832.epub
How to Build a Website on a Budget,,Darryl Elliott Brown,How to Build a Website on a Budget — A Gullah Geechee Biz publication.,en,,GGBf13d241ed17e,Gullah Geechee Biz,2026-08-02,"BUS000000,SEL000000,SOC002010","Gullah Geechee, African American, South Carolina, Lowcountry",3.99,USD,false,WORLD,GGBf13d241ed17e.epub
Encyclopedia Volume 45,,Darryl Elliott Brown,Encyclopedia Volume 45 — A Gullah Geechee Biz publication.,en,,GGB935c05c63ca4,Gullah Geechee Biz,2026-08-02,"REF000000,SOC002010,HIS036120","Gullah Geechee, African American, South Carolina, Lowcountry",9.99,USD,false,WORLD,GGB935c05c63ca4.epub
How to Stop People-Pleasing,,Darryl Elliott Brown,How to Stop People-Pleasing — A Gullah Geechee Biz publication.,en,,GGB7889ad332fab,Gullah Geechee Biz,2026-08-02,"BUS000000,SEL000000,SOC002010","Gullah Geechee, African American, South Carolina, Lowcountry",3.99,USD,false,WORLD,GGB7889ad332fab.epub
KDP Draft — How to Cook Benne Chicken,,Darryl Elliott Brown,KDP Draft — How to Cook Benne Chicken — A Gullah Geechee Biz publication.,en,,GGB6e1d574d41b2,Gullah Geechee Biz,2026-08-02,"CKB000000,SOC002010,HIS036120","Gullah Geechee, African American, South Carolina, Lowcountry",3.99,USD,false,WORLD,GGB6e1d574d41b2.epub
KDP Draft — How to Launch an Online Course,,Darryl Elliott Brown,KDP Draft — How to Launch an Online Course — A Gullah Geechee Biz publication.,en,,GGB3fa78266f8ae,Gullah Geechee Biz,2026-08-02,"BUS000000,SEL000000,SOC002010","Gullah Geechee, African American, South Carolina, Lowcountry",3.99,USD,false,WORLD,GGB3fa78266f8ae.epub
Encyclopedia Volume 11,,Darryl Elliott Brown,Encyclopedia Volume 11 — A Gullah Geechee Biz publication.,en,,GGBd86a45108082,Gullah Geechee Biz,2026-08-02,"REF000000,SOC002010,HIS036120","Gullah Geechee, African American, South Carolina, Lowcountry",9.99,USD,false,WORLD,GGBd86a45108082.epub
How to Cook Gullah Vegetables,,Darryl Elliott Brown,How to Cook Gullah Vegetables — A Gullah Geechee Biz publication.,en,,GGBd0a1f4b37a90,Gullah Geechee Biz,2026-08-02,"CKB000000,SOC002010,HIS036120","Gullah Geechee, African American, South Carolina, Lowcountry",3.99,USD,false,WORLD,GGBd0a1f4b37a90.epub
How to Write a Winning Grant Proposal,,Darryl Elliott Brown,How to Write a Winning Grant Proposal — A Gullah Geechee Biz publication.,en,,GGBa666756eaac3,Gullah Geechee Biz,2026-08-02,"BUS000000,SEL000000,SOC002010","Gullah Geechee, African American, South Carolina, Lowcountry",3.99,USD,false,WORLD,GGBa666756eaac3.epub
Encyclopedia Volume 18,,Darryl Elliott Brown,Encyclopedia Volume 18 — A Gullah Geechee Biz publication.,en,,GGB425d46d0981e,Gullah Geechee Biz,2026-08-02,"REF000000,SOC002010,HIS036120","Gullah Geechee, African American, South Carolina, Lowcountry",9.99,USD,false,WORLD,GGB425d46d0981e.epub
How to Build an Email List from Scratch,,Darryl Elliott Brown,How to Build an Email List from Scratch — A Gullah Geechee Biz publication.,en,,GGB78514c0b3206,Gullah Geechee Biz,2026-08-02,"BUS000000,SEL000000,SOC002010","Gullah Geechee, African American, South Carolina, Lowcountry",3.99,USD,false,WORLD,GGB78514c0b3206.epub
How to Create a Referral Program,,Darryl Elliott Brown,How to Create a Referral Program — A Gullah Geechee Biz publication.,en,,GGBf11f2a61b95a,Gullah Geechee Biz,2026-08-02,"BUS000000,SEL000000,SOC002010","Gullah Geechee, African American, South Carolina, Lowcountry",3.99,USD,false,WORLD,GGBf11f2a61b95a.epub
KDP Draft — How to Use AI in Your Business,,Darryl Elliott Brown,KDP Draft — How to Use AI in Your Business — A Gullah Geechee Biz publication.,en,,GGBd3eea1361685,Gullah Geechee Biz,2026-08-02,"BUS000000,SEL000000,SOC002010","Gullah Geechee, African American, South Carolina, Lowcountry",3.99,USD,false,WORLD,GGBd3eea1361685.epub
How to Create a Marketing Funnel,,Darryl Elliott Brown,How to Create a Marketing Funnel — A Gullah Geechee Biz publication.,en,,GGB8bd840399a68,Gullah Geechee Biz,2026-08-02,"BUS000000,SEL000000,SOC002010","Gullah Geechee, African American, South Carolina, Lowcountry",3.99,USD,false,WORLD,GGB8bd840399a68.epub
How to Make Benne Wafers,,Darryl Elliott Brown,How to Make Benne Wafers — A Gullah Geechee Biz publication.,en,,GGB427c1ed8e78b,Gullah Geechee Biz,2026-08-02,"BUS000000,SEL000000,SOC002010","Gullah Geechee, African American, South Carolina, Lowcountry",3.99,USD,false,WORLD,GGB427c1ed8e78b.epub
KDP Draft — How to Master Email Marketing,,Darryl Elliott Brown,KDP Draft — How to Master Email Marketing — A Gullah Geechee Biz publication.,en,,GGB220c4c6e0c6f,Gullah Geechee Biz,2026-08-02,"BUS000000,SEL000000,SOC002010","Gullah Geechee, African American, South Carolina, Lowcountry",3.99,USD,false,WORLD,GGB220c4c6e0c6f.epub
Encyclopedia Volume 40,,Darryl Elliott Brown,Encyclopedia Volume 40 — A Gullah Geechee Biz publication.,en,,GGBe2f68fc2b8be,Gullah Geechee Biz,2026-08-02,"REF000000,SOC002010,HIS036120","Gullah Geechee, African American, South Carolina, Lowcountry",9.99,USD,false,WORLD,GGBe2f68fc2b8be.epub
KDP Draft — How to Find Inner Peace,,Darryl Elliott Brown,KDP Draft — How to Find Inner Peace — A Gullah Geechee Biz publication.,en,,GGB4aaab4824e87,Gullah Geechee Biz,2026-08-02,"BUS000000,SEL000000,SOC002010","Gullah Geechee, African American, South Carolina, Lowcountry",3.99,USD,false,WORLD,GGB4aaab4824e87.epub
How to Make Holiday Gullah Feasts,,Darryl Elliott Brown,How to Make Holiday Gullah Feasts — A Gullah Geechee Biz publication.,en,,GGB0ad5ce68bf38,Gullah Geechee Biz,2026-08-02,"BUS000000,SEL000000,SOC002010","Gullah Geechee, African American, South Carolina, Lowcountry",3.99,USD,false,WORLD,GGB0ad5ce68bf38.epub
KDP Draft — How to Develop a Growth Mindset,,Darryl Elliott Brown,KDP Draft — How to Develop a Growth Mindset — A Gullah Geechee Biz publication.,en,,GGB4dc547e092bc,Gullah Geechee Biz,2026-08-02,"BUS000000,SEL000000,SOC002010","Gullah Geechee, African American, South Carolina, Lowcountry",3.99,USD,false,WORLD,GGB4dc547e092bc.epub
KDP Draft — How to Make Gullah Potato Salad,,Darryl Elliott Brown,KDP Draft — How to Make Gullah Potato Salad — A Gullah Geechee Biz publication.,en,,GGB1fa6dbc20810,Gullah Geechee Biz,2026-08-02,"BUS000000,SEL000000,SOC002010","Gullah Geechee, African American, South Carolina, Lowcountry",3.99,USD,false,WORLD,GGB1fa6dbc20810.epub
KDP Draft — How to Find Your Purpose,,Darryl Elliott Brown,KDP Draft — How to Find Your Purpose — A Gullah Geechee Biz publication.,en,,GGB5ab93bc8ac71,Gullah Geechee Biz,2026-08-02,"BUS000000,SEL000000,SOC002010","Gullah Geechee, African American, South Carolina, Lowcountry",3.99,USD,false,WORLD,GGB5ab93bc8ac71.epub
KDP Draft — The Gullah Geechee Guide to Unity,,Darryl Elliott Brown,KDP Draft — The Gullah Geechee Guide to Unity — A Gullah Geechee Biz publication.,en,,GGB31b6be8a7dc3,Gullah Geechee Biz,2026-08-02,"BUS000000,SEL000000,SOC002010","Gullah Geechee, African American, South Carolina, Lowcountry",3.99,USD,false,WORLD,GGB31b6be8a7dc3.epub
KDP Draft — How to Cook Benne Chicken,,Darryl Elliott Brown,KDP Draft — How to Cook Benne Chicken — A Gullah Geechee Biz publication.,en,,GGB629f6d82e538,Gullah Geechee Biz,2026-08-02,"CKB000000,SOC002010,HIS036120","Gullah Geechee, African American, South Carolina, Lowcountry",3.99,USD,false,WORLD,GGB629f6d82e538.epub
KDP Draft — How to Make Rice Pudding,,Darryl Elliott Brown,KDP Draft — How to Make Rice Pudding — A Gullah Geechee Biz publication.,en,,GGB0c5f7f826a9f,Gullah Geechee Biz,2026-08-02,"BUS000000,SEL000000,SOC002010","Gullah Geechee, African American, South Carolina, Lowcountry",3.99,USD,false,WORLD,GGB0c5f7f826a9f.epub
KDP Draft — How to Build an Email List from Scratch,,Darryl Elliott Brown,KDP Draft — How to Build an Email List from Scratch — A Gullah Geechee Biz publication.,en,,GGBdbee0a5108be,Gullah Geechee Biz,2026-08-02,"BUS000000,SEL000000,SOC002010","Gullah Geechee, African American, South Carolina, Lowcountry",3.99,USD,false,WORLD,GGBdbee0a5108be.epub
KDP Draft — How to Write Copy That Sells,,Darryl Elliott Brown,KDP Draft — How to Write Copy That Sells — A Gullah Geechee Biz publication.,en,,GGB83e1c199ef4c,Gullah Geechee Biz,2026-08-02,"BUS000000,SEL000000,SOC002010","Gullah Geechee, African American, South Carolina, Lowcountry",3.99,USD,false,WORLD,GGB83e1c199ef4c.epub
How to Make Rice Pudding,,Darryl Elliott Brown,How to Make Rice Pudding — A Gullah Geechee Biz publication.,en,,GGB40b0018cc83c,Gullah Geechee Biz,2026-08-02,"BUS000000,SEL000000,SOC002010","Gullah Geechee, African American, South Carolina, Lowcountry",3.99,USD,false,WORLD,GGB40b0018cc83c.epub
Gullah Geechee Job Creation,,Darryl Elliott Brown,Gullah Geechee Job Creation — A Gullah Geechee Biz publication.,en,,GGB9c44ca039929,Gullah Geechee Biz,2026-08-02,"BUS000000,SEL000000,SOC002010","Gullah Geechee, African American, South Carolina, Lowcountry",3.99,USD,false,WORLD,GGB9c44ca039929.epub
How to Make Authentic Shrimp and Grits,,Darryl Elliott Brown,How to Make Authentic Shrimp and Grits — A Gullah Geechee Biz publication.,en,,GGB1c9f3ac3f630,Gullah Geechee Biz,2026-08-02,"BUS000000,SEL000000,SOC002010","Gullah Geechee, African American, South Carolina, Lowcountry",3.99,USD,false,WORLD,GGB1c9f3ac3f630.epub
KDP Draft — How to Cook Gullah Pork Chops,,Darryl Elliott Brown,KDP Draft — How to Cook Gullah Pork Chops — A Gullah Geechee Biz publication.,en,,GGB1f6946c3fa3e,Gullah Geechee Biz,2026-08-02,"CKB000000,SOC002010,HIS036120","Gullah Geechee, African American, South Carolina, Lowcountry",3.99,USD,false,WORLD,GGB1f6946c3fa3e.epub
Encyclopedia Volume 48,,Darryl Elliott Brown,Encyclopedia Volume 48 — A Gullah Geechee Biz publication.,en,,GGB12e05db015e3,Gullah Geechee Biz,2026-08-02,"REF000000,SOC002010,HIS036120","Gullah Geechee, African American, South Carolina, Lowcountry",9.99,USD,false,WORLD,GGB12e05db015e3.epub
How to Cook with Seasonal Lowcountry Ingredients,,Darryl Elliott Brown,How to Cook with Seasonal Lowcountry Ingredients — A Gullah Geechee Biz publication.,en,,GGB9428d9668b03,Gullah Geechee Biz,2026-08-02,"CKB000000,SOC002010,HIS036120","Gullah Geechee, African American, South Carolina, Lowcountry",3.99,USD,false,WORLD,GGB9428d9668b03.epub
KDP Draft — How to Network Like a Pro,,Darryl Elliott Brown,KDP Draft — How to Network Like a Pro — A Gullah Geechee Biz publication.,en,,GGB355764ac00f0,Gullah Geechee Biz,2026-08-02,"BUS000000,SEL000000,SOC002010","Gullah Geechee, African American, South Carolina, Lowcountry",3.99,USD,false,WORLD,GGB355764ac00f0.epub
KDP Draft — How to Stop People-Pleasing,,Darryl Elliott Brown,KDP Draft — How to Stop People-Pleasing — A Gullah Geechee Biz publication.,en,,GGB26390efdb5dd,Gullah Geechee Biz,2026-08-02,"BUS000000,SEL000000,SOC002010","Gullah Geechee, African American, South Carolina, Lowcountry",3.99,USD,false,WORLD,GGB26390efdb5dd.epub
How to Create a Business Exit Strategy,,Darryl Elliott Brown,How to Create a Business Exit Strategy — A Gullah Geechee Biz publication.,en,,GGB83d27249880f,Gullah Geechee Biz,2026-08-02,"BUS000000,SEL000000,SOC002010","Gullah Geechee, African American, South Carolina, Lowcountry",3.99,USD,false,WORLD,GGB83d27249880f.epub
KDP Draft — How to Create a Personal Mission Statement,,Darryl Elliott Brown,KDP Draft — How to Create a Personal Mission Statement — A Gullah Geechee Biz publication.,en,,GGB771e34dd7ee0,Gullah Geechee Biz,2026-08-02,"BUS000000,SEL000000,SOC002010","Gullah Geechee, African American, South Carolina, Lowcountry",3.99,USD,false,WORLD,GGB771e34dd7ee0.epub
Encyclopedia Volume 49,,Darryl Elliott Brown,Encyclopedia Volume 49 — A Gullah Geechee Biz publication.,en,,GGB0f044803ca4a,Gullah Geechee Biz,2026-08-02,"REF000000,SOC002010,HIS036120","Gullah Geechee, African American, South Carolina, Lowcountry",9.99,USD,false,WORLD,GGB0f044803ca4a.epub
How to Build Imagination,,Darryl Elliott Brown,How to Build Imagination — A Gullah Geechee Biz publication.,en,,GGB14eb7fcc89a7,Gullah Geechee Biz,2026-08-02,"BUS000000,SEL000000,SOC002010","Gullah Geechee, African American, South Carolina, Lowcountry",3.99,USD,false,WORLD,GGB14eb7fcc89a7.epub
KDP Draft — How to Build a Digital Product Empire,,Darryl Elliott Brown,KDP Draft — How to Build a Digital Product Empire — A Gullah Geechee Biz publication.,en,,GGB4fcddc519a3e,Gullah Geechee Biz,2026-08-02,"BUS000000,SEL000000,SOC002010","Gullah Geechee, African American, South Carolina, Lowcountry",3.99,USD,false,WORLD,GGB4fcddc519a3e.epub
How to Prepare Gullah Chicken Soup,,Darryl Elliott Brown,How to Prepare Gullah Chicken Soup — A Gullah Geechee Biz publication.,en,,GGB3a056c320e79,Gullah Geechee Biz,2026-08-02,"BUS000000,SEL000000,SOC002010","Gullah Geechee, African American, South Carolina, Lowcountry",3.99,USD,false,WORLD,GGB3a056c320e79.epub
KDP Draft — How to Build Mental Toughness,,Darryl Elliott Brown,KDP Draft — How to Build Mental Toughness — A Gullah Geechee Biz publication.,en,,GGBd870d4c39b8d,Gullah Geechee Biz,2026-08-02,"BUS000000,SEL000000,SOC002010","Gullah Geechee, African American, South Carolina, Lowcountry",3.99,USD,false,WORLD,GGBd870d4c39b8d.epub
Encyclopedia Volume 47,,Darryl Elliott Brown,Encyclopedia Volume 47 — A Gullah Geechee Biz publication.,en,,GGBdb06e62ecd6a,Gullah Geechee Biz,2026-08-02,"REF000000,SOC002010,HIS036120","Gullah Geechee, African American, South Carolina, Lowcountry",9.99,USD,false,WORLD,GGBdb06e62ecd6a.epub
Gullah Geechee One-Pot Meals,,Darryl Elliott Brown,Gullah Geechee One-Pot Meals — A Gullah Geechee Biz publication.,en,,GGBc1dbdffc16b9,Gullah Geechee Biz,2026-08-02,"BUS000000,SEL000000,SOC002010","Gullah Geechee, African American, South Carolina, Lowcountry",3.99,USD,false,WORLD,GGBc1dbdffc16b9.epub
How to Make Gullah Soups and Stews,,Darryl Elliott Brown,How to Make Gullah Soups and Stews — A Gullah Geechee Biz publication.,en,,GGB96de926008f4,Gullah Geechee Biz,2026-08-02,"BUS000000,SEL000000,SOC002010","Gullah Geechee, African American, South Carolina, Lowcountry",3.99,USD,false,WORLD,GGB96de926008f4.epub
KDP Draft — How to Practice Self-Compassion,,Darryl Elliott Brown,KDP Draft — How to Practice Self-Compassion — A Gullah Geechee Biz publication.,en,,GGB7112ea7fb266,Gullah Geechee Biz,2026-08-02,"BUS000000,SEL000000,SOC002010","Gullah Geechee, African American, South Carolina, Lowcountry",3.99,USD,false,WORLD,GGB7112ea7fb266.epub
KDP Draft — Gullah Geechee Business Planning,,Darryl Elliott Brown,KDP Draft — Gullah Geechee Business Planning — A Gullah Geechee Biz publication.,en,,GGBa57d61454dde,Gullah Geechee Biz,2026-08-02,"BUS000000,SEL000000,SOC002010","Gullah Geechee, African American, South Carolina, Lowcountry",3.99,USD,false,WORLD,GGBa57d61454dde.epub
KDP Draft — How to Build a Remote Team,,Darryl Elliott Brown,KDP Draft — How to Build a Remote Team — A Gullah Geechee Biz publication.,en,,GGBcc9de5950052,Gullah Geechee Biz,2026-08-02,"BUS000000,SEL000000,SOC002010","Gullah Geechee, African American, South Carolina, Lowcountry",3.99,USD,false,WORLD,GGBcc9de5950052.epub
How to Prepare Gullah Side Dishes,,Darryl Elliott Brown,How to Prepare Gullah Side Dishes — A Gullah Geechee Biz publication.,en,,GGB2135c7f1d9ac,Gullah Geechee Biz,2026-08-02,"BUS000000,SEL000000,SOC002010","Gullah Geechee, African American, South Carolina, Lowcountry",3.99,USD,false,WORLD,GGB2135c7f1d9ac.epub
KDP Draft — Gullah Geechee One-Pot Meals,,Darryl Elliott Brown,KDP Draft — Gullah Geechee One-Pot Meals — A Gullah Geechee Biz publication.,en,,GGB2c3db32e1209,Gullah Geechee Biz,2026-08-02,"BUS000000,SEL000000,SOC002010","Gullah Geechee, African American, South Carolina, Lowcountry",3.99,USD,false,WORLD,GGB2c3db32e1209.epub
How to Cultivate Patience,,Darryl Elliott Brown,How to Cultivate Patience — A Gullah Geechee Biz publication.,en,,GGB704956a3a0e1,Gullah Geechee Biz,2026-08-02,"BUS000000,SEL000000,SOC002010","Gullah Geechee, African American, South Carolina, Lowcountry",3.99,USD,false,WORLD,GGB704956a3a0e1.epub
How to Stay Motivated Every Day,,Darryl Elliott Brown,How to Stay Motivated Every Day — A Gullah Geechee Biz publication.,en,,GGB35a1285447a0,Gullah Geechee Biz,2026-08-02,"BUS000000,SEL000000,SOC002010","Gullah Geechee, African American, South Carolina, Lowcountry",3.99,USD,false,WORLD,GGB35a1285447a0.epub
The Gullah Geechee Guide to Determination,,Darryl Elliott Brown,The Gullah Geechee Guide to Determination — A Gullah Geechee Biz publication.,en,,GGBfb71a6e2d43c,Gullah Geechee Biz,2026-08-02,"BUS000000,SEL000000,SOC002010","Gullah Geechee, African American, South Carolina, Lowcountry",3.99,USD,false,WORLD,GGBfb71a6e2d43c.epub
How to Practice Mindful Living,,Darryl Elliott Brown,How to Practice Mindful Living — A Gullah Geechee Biz publication.,en,,GGB8e3443a6eead,Gullah Geechee Biz,2026-08-02,"BUS000000,SEL000000,SOC002010","Gullah Geechee, African American, South Carolina, Lowcountry",3.99,USD,false,WORLD,GGB8e3443a6eead.epub
Gullah Geechee Microenterprise,,Darryl Elliott Brown,Gullah Geechee Microenterprise — A Gullah Geechee Biz publication.,en,,GGB26bba011c270,Gullah Geechee Biz,2026-08-02,"BUS000000,SEL000000,SOC002010","Gullah Geechee, African American, South Carolina, Lowcountry",3.99,USD,false,WORLD,GGB26bba011c270.epub
How to Make Mac and Cheese the Southern Way,,Darryl Elliott Brown,How to Make Mac and Cheese the Southern Way — A Gullah Geechee Biz publication.,en,,GGB8610c58cbc29,Gullah Geechee Biz,2026-08-02,"BUS000000,SEL000000,SOC002010","Gullah Geechee, African American, South Carolina, Lowcountry",3.99,USD,false,WORLD,GGB8610c58cbc29.epub
How to Start a Side Hustle,,Darryl Elliott Brown,How to Start a Side Hustle — A Gullah Geechee Biz publication.,en,,GGB4905e7ae8c15,Gullah Geechee Biz,2026-08-02,"BUS000000,SEL000000,SOC002010","Gullah Geechee, African American, South Carolina, Lowcountry",3.99,USD,false,WORLD,GGB4905e7ae8c15.epub
How to Create a Vision Board That Works,,Darryl Elliott Brown,How to Create a Vision Board That Works — A Gullah Geechee Biz publication.,en,,GGBde13934558ce,Gullah Geechee Biz,2026-08-02,"BUS000000,SEL000000,SOC002010","Gullah Geechee, African American, South Carolina, Lowcountry",3.99,USD,false,WORLD,GGBde13934558ce.epub
How to Negotiate Better Deals,,Darryl Elliott Brown,How to Negotiate Better Deals — A Gullah Geechee Biz publication.,en,,GGBef95a2dc1c48,Gullah Geechee Biz,2026-08-02,"BUS000000,SEL000000,SOC002010","Gullah Geechee, African American, South Carolina, Lowcountry",3.99,USD,false,WORLD,GGBef95a2dc1c48.epub
Encyclopedia Volume 43,,Darryl Elliott Brown,Encyclopedia Volume 43 — A Gullah Geechee Biz publication.,en,,GGB1a1079e375bc,Gullah Geechee Biz,2026-08-02,"REF000000,SOC002010,HIS036120","Gullah Geechee, African American, South Carolina, Lowcountry",9.99,USD,false,WORLD,GGB1a1079e375bc.epub
KDP Draft — How to Make Boiled Peanuts,,Darryl Elliott Brown,KDP Draft — How to Make Boiled Peanuts — A Gullah Geechee Biz publication.,en,,GGBe7d9df809ea1,Gullah Geechee Biz,2026-08-02,"BUS000000,SEL000000,SOC002010","Gullah Geechee, African American, South Carolina, Lowcountry",3.99,USD,false,WORLD,GGBe7d9df809ea1.epub
KDP Draft — How to Develop Daily Discipline,,Darryl Elliott Brown,KDP Draft — How to Develop Daily Discipline — A Gullah Geechee Biz publication.,en,,GGB3e972413911a,Gullah Geechee Biz,2026-08-02,"BUS000000,SEL000000,SOC002010","Gullah Geechee, African American, South Carolina, Lowcountry",3.99,USD,false,WORLD,GGB3e972413911a.epub
How to Forgive Yourself and Move On,,Darryl Elliott Brown,How to Forgive Yourself and Move On — A Gullah Geechee Biz publication.,en,,GGB1a151edfc5c7,Gullah Geechee Biz,2026-08-02,"BUS000000,SEL000000,SOC002010","Gullah Geechee, African American, South Carolina, Lowcountry",3.99,USD,false,WORLD,GGB1a151edfc5c7.epub
KDP Draft — Gullah Geechee Microenterprise,,Darryl Elliott Brown,KDP Draft — Gullah Geechee Microenterprise — A Gullah Geechee Biz publication.,en,,GGB9861731ff47e,Gullah Geechee Biz,2026-08-02,"BUS000000,SEL000000,SOC002010","Gullah Geechee, African American, South Carolina, Lowcountry",3.99,USD,false,WORLD,GGB9861731ff47e.epub
KDP Draft — How to Make Mac and Cheese the Southern Way,,Darryl Elliott Brown,KDP Draft — How to Make Mac and Cheese the Southern Way — A Gullah Geechee Biz publication.,en,,GGB5e727643ffce,Gullah Geechee Biz,2026-08-02,"BUS000000,SEL000000,SOC002010","Gullah Geechee, African American, South Carolina, Lowcountry",3.99,USD,false,WORLD,GGB5e727643ffce.epub
How to Build Simplicity,,Darryl Elliott Brown,How to Build Simplicity — A Gullah Geechee Biz publication.,en,,GGB822fbff4993f,Gullah Geechee Biz,2026-08-02,"BUS000000,SEL000000,SOC002010","Gullah Geechee, African American, South Carolina, Lowcountry",3.99,USD,false,WORLD,GGB822fbff4993f.epub
KDP Draft — How to Make Hoppin' John for New Year's,,Darryl Elliott Brown,KDP Draft — How to Make Hoppin' John for New Year's — A Gullah Geechee Biz publication.,en,,GGBbe0c2de4a54c,Gullah Geechee Biz,2026-08-02,"BUS000000,SEL000000,SOC002010","Gullah Geechee, African American, South Carolina, Lowcountry",3.99,USD,false,WORLD,GGBbe0c2de4a54c.epub
How to Cook Perfect Gullah Red Rice,,Darryl Elliott Brown,How to Cook Perfect Gullah Red Rice — A Gullah Geechee Biz publication.,en,,GGB08bd033da9ca,Gullah Geechee Biz,2026-08-02,"CKB000000,SOC002010,HIS036120","Gullah Geechee, African American, South Carolina, Lowcountry",3.99,USD,false,WORLD,GGB08bd033da9ca.epub
Encyclopedia Volume 13,,Darryl Elliott Brown,Encyclopedia Volume 13 — A Gullah Geechee Biz publication.,en,,GGBa94c293a68b7,Gullah Geechee Biz,2026-08-02,"REF000000,SOC002010,HIS036120","Gullah Geechee, African American, South Carolina, Lowcountry",9.99,USD,false,WORLD,GGBa94c293a68b7.epub
KDP Draft — How to Create a Brand Style Guide,,Darryl Elliott Brown,KDP Draft — How to Create a Brand Style Guide — A Gullah Geechee Biz publication.,en,,GGBc27df740fb5e,Gullah Geechee Biz,2026-08-02,"BUS000000,SEL000000,SOC002010","Gullah Geechee, African American, South Carolina, Lowcountry",3.99,USD,false,WORLD,GGBc27df740fb5e.epub
How to Practice Self-Compassion,,Darryl Elliott Brown,How to Practice Self-Compassion — A Gullah Geechee Biz publication.,en,,GGBc299a4386b98,Gullah Geechee Biz,2026-08-02,"BUS000000,SEL000000,SOC002010","Gullah Geechee, African American, South Carolina, Lowcountry",3.99,USD,false,WORLD,GGBc299a4386b98.epub
How to Build Resilience in Tough Times,,Darryl Elliott Brown,How to Build Resilience in Tough Times — A Gullah Geechee Biz publication.,en,,GGB9be8f8f9f9ed,Gullah Geechee Biz,2026-08-02,"BUS000000,SEL000000,SOC002010","Gullah Geechee, African American, South Carolina, Lowcountry",3.99,USD,false,WORLD,GGB9be8f8f9f9ed.epub
KDP Draft — How to Overcome Imposter Syndrome,,Darryl Elliott Brown,KDP Draft — How to Overcome Imposter Syndrome — A Gullah Geechee Biz publication.,en,,GGB829337653de0,Gullah Geechee Biz,2026-08-02,"BUS000000,SEL000000,SOC002010","Gullah Geechee, African American, South Carolina, Lowcountry",3.99,USD,false,WORLD,GGB829337653de0.epub
KDP Draft — How to Network Like a Pro,,Darryl Elliott Brown,KDP Draft — How to Network Like a Pro — A Gullah Geechee Biz publication.,en,,GGB2d4f03172035,Gullah Geechee Biz,2026-08-02,"BUS000000,SEL000000,SOC002010","Gullah Geechee, African American, South Carolina, Lowcountry",3.99,USD,false,WORLD,GGB2d4f03172035.epub
KDP Draft — How to Prepare Gullah Side Dishes,,Darryl Elliott Brown,KDP Draft — How to Prepare Gullah Side Dishes — A Gullah Geechee Biz publication.,en,,GGB041ad25a7aff,Gullah Geechee Biz,2026-08-02,"BUS000000,SEL000000,SOC002010","Gullah Geechee, African American, South Carolina, Lowcountry",3.99,USD,false,WORLD,GGB041ad25a7aff.epub
How to Create a Vision Board That Works,,Darryl Elliott Brown,How to Create a Vision Board That Works — A Gullah Geechee Biz publication.,en,,GGB53ed979d81d2,Gullah Geechee Biz,2026-08-02,"BUS000000,SEL000000,SOC002010","Gullah Geechee, African American, South Carolina, Lowcountry",3.99,USD,false,WORLD,GGB53ed979d81d2.epub
KDP Draft — How to Navigate Life Transitions,,Darryl Elliott Brown,KDP Draft — How to Navigate Life Transitions — A Gullah Geechee Biz publication.,en,,GGB2e976993d25e,Gullah Geechee Biz,2026-08-02,"BUS000000,SEL000000,SOC002010","Gullah Geechee, African American, South Carolina, Lowcountry",3.99,USD,false,WORLD,GGB2e976993d25e.epub
How to Prepare Gullah Chicken Soup,,Darryl Elliott Brown,How to Prepare Gullah Chicken Soup — A Gullah Geechee Biz publication.,en,,GGB7f7902f3caa5,Gullah Geechee Biz,2026-08-02,"BUS000000,SEL000000,SOC002010","Gullah Geechee, African American, South Carolina, Lowcountry",3.99,USD,false,WORLD,GGB7f7902f3caa5.epub
How to Bake Gullah Desserts,,Darryl Elliott Brown,How to Bake Gullah Desserts — A Gullah Geechee Biz publication.,en,,GGB4f06105ac77c,Gullah Geechee Biz,2026-08-02,"BUS000000,SEL000000,SOC002010","Gullah Geechee, African American, South Carolina, Lowcountry",3.99,USD,false,WORLD,GGB4f06105ac77c.epub
Encyclopedia Volume 07,,Darryl Elliott Brown,Encyclopedia Volume 07 — A Gullah Geechee Biz publication.,en,,GGB6511776c5674,Gullah Geechee Biz,2026-08-02,"REF000000,SOC002010,HIS036120","Gullah Geechee, African American, South Carolina, Lowcountry",9.99,USD,false,WORLD,GGB6511776c5674.epub
How to Stop People-Pleasing,,Darryl Elliott Brown,How to Stop People-Pleasing — A Gullah Geechee Biz publication.,en,,GGBea6669dc9708,Gullah Geechee Biz,2026-08-02,"BUS000000,SEL000000,SOC002010","Gullah Geechee, African American, South Carolina, Lowcountry",3.99,USD,false,WORLD,GGBea6669dc9708.epub
How to Create a Business Exit Strategy,,Darryl Elliott Brown,How to Create a Business Exit Strategy — A Gullah Geechee Biz publication.,en,,GGBc8aa816e2f3d,Gullah Geechee Biz,2026-08-02,"BUS000000,SEL000000,SOC002010","Gullah Geechee, African American, South Carolina, Lowcountry",3.99,USD,false,WORLD,GGBc8aa816e2f3d.epub
KDP Draft — How to Build an Email List from Scratch,,Darryl Elliott Brown,KDP Draft — How to Build an Email List from Scratch — A Gullah Geechee Biz publication.,en,,GGB5e4935994cf1,Gullah Geechee Biz,2026-08-02,"BUS000000,SEL000000,SOC002010","Gullah Geechee, African American, South Carolina, Lowcountry",3.99,USD,false,WORLD,GGB5e4935994cf1.epub
Encyclopedia Volume 42,,Darryl Elliott Brown,Encyclopedia Volume 42 — A Gullah Geechee Biz publication.,en,,GGBd5552a2f5ebc,Gullah Geechee Biz,2026-08-02,"REF000000,SOC002010,HIS036120","Gullah Geechee, African American, South Carolina, Lowcountry",9.99,USD,false,WORLD,GGBd5552a2f5ebc.epub
Encyclopedia Volume 27,,Darryl Elliott Brown,Encyclopedia Volume 27 — A Gullah Geechee Biz publication.,en,,GGBb877eb733d35,Gullah Geechee Biz,2026-08-02,"REF000000,SOC002010,HIS036120","Gullah Geechee, African American, South Carolina, Lowcountry",9.99,USD,false,WORLD,GGBb877eb733d35.epub
How to Build a Website on a Budget,,Darryl Elliott Brown,How to Build a Website on a Budget — A Gullah Geechee Biz publication.,en,,GGB5f370ef9a832,Gullah Geechee Biz,2026-08-02,"BUS000000,SEL000000,SOC002010","Gullah Geechee, African American, South Carolina, Lowcountry",3.99,USD,false,WORLD,GGB5f370ef9a832.epub
KDP Draft — How to Make One-Pot Gullah Meals,,Darryl Elliott Brown,KDP Draft — How to Make One-Pot Gullah Meals — A Gullah Geechee Biz publication.,en,,GGB8b1c17516141,Gullah Geechee Biz,2026-08-02,"BUS000000,SEL000000,SOC002010","Gullah Geechee, African American, South Carolina, Lowcountry",3.99,USD,false,WORLD,GGB8b1c17516141.epub
Encyclopedia Volume 48,,Darryl Elliott Brown,Encyclopedia Volume 48 — A Gullah Geechee Biz publication.,en,,GGBb1a4b92124bb,Gullah Geechee Biz,2026-08-02,"REF000000,SOC002010,HIS036120","Gullah Geechee, African American, South Carolina, Lowcountry",9.99,USD,false,WORLD,GGBb1a4b92124bb.epub
KDP Draft — How to Bake Gullah Desserts,,Darryl Elliott Brown,KDP Draft — How to Bake Gullah Desserts — A Gullah Geechee Biz publication.,en,,GGBa780cdb210ff,Gullah Geechee Biz,2026-08-02,"BUS000000,SEL000000,SOC002010","Gullah Geechee, African American, South Carolina, Lowcountry",3.99,USD,false,WORLD,GGBa780cdb210ff.epub
Encyclopedia Volume 43,,Darryl Elliott Brown,Encyclopedia Volume 43 — A Gullah Geechee Biz publication.,en,,GGBb50dff41346a,Gullah Geechee Biz,2026-08-02,"REF000000,SOC002010,HIS036120","Gullah Geechee, African American, South Carolina, Lowcountry",9.99,USD,false,WORLD,GGBb50dff41346a.epub
KDP Draft — How to Build a Personal Brand,,Darryl Elliott Brown,KDP Draft — How to Build a Personal Brand — A Gullah Geechee Biz publication.,en,,GGBaca25a76cfae,Gullah Geechee Biz,2026-08-02,"BUS000000,SEL000000,SOC002010","Gullah Geechee, African American, South Carolina, Lowcountry",3.99,USD,false,WORLD,GGBaca25a76cfae.epub
Sweetgrass in the Hands,,Darryl Elliott Brown,Sweetgrass in the Hands — A Gullah Geechee Biz publication.,en,,GGBed8c6153224b,Gullah Geechee Biz,2026-08-02,"BUS000000,SEL000000,SOC002010","Gullah Geechee, African American, South Carolina, Lowcountry",3.99,USD,false,WORLD,GGBed8c6153224b.epub
Encyclopedia Volume 06,,Darryl Elliott Brown,Encyclopedia Volume 06 — A Gullah Geechee Biz publication.,en,,GGBa5d9b75c19fc,Gullah Geechee Biz,2026-08-02,"REF000000,SOC002010,HIS036120","Gullah Geechee, African American, South Carolina, Lowcountry",9.99,USD,false,WORLD,GGBa5d9b75c19fc.epub
