Title,Author,Description,ISBN,Categories,Price,File Name
How to Build a Community Around Your Brand,Darryl Elliott Brown,How to Build a Community Around Your Brand — A Gullah Geechee Biz publication.,,"BUS000000,SEL000000,SOC002010",3.99,00089852.epub
How to Embrace Your Authentic Self,Darryl Elliott Brown,How to Embrace Your Authentic Self — A Gullah Geechee Biz publication.,,"BUS000000,SEL000000,SOC002010",3.99,0012d08f.epub
How to Find Inner Peace,Darryl Elliott Brown,How to Find Inner Peace — A Gullah Geechee Biz publication.,,"BUS000000,SEL000000,SOC002010",3.99,00c5937b.epub
How to Write a Winning Grant Proposal,Darryl Elliott Brown,How to Write a Winning Grant Proposal — A Gullah Geechee Biz publication.,,"BUS000000,SEL000000,SOC002010",3.99,01579bd5.epub
Encyclopedia Volume 03,Darryl Elliott Brown,Encyclopedia Volume 03 — A Gullah Geechee Biz publication.,,"REF000000,SOC002010,HIS036120",9.99,0159a5a0.epub
KDP Draft — How to Bake Sweet Potato Pie,Darryl Elliott Brown,KDP Draft — How to Bake Sweet Potato Pie — A Gullah Geechee Biz publication.,,"BUS000000,SEL000000,SOC002010",3.99,01ac530c.epub
How to Make Authentic Shrimp and Grits,Darryl Elliott Brown,How to Make Authentic Shrimp and Grits — A Gullah Geechee Biz publication.,,"BUS000000,SEL000000,SOC002010",3.99,01cb71b6.epub
KDP Draft — How to Start a Side Hustle,Darryl Elliott Brown,KDP Draft — How to Start a Side Hustle — A Gullah Geechee Biz publication.,,"BUS000000,SEL000000,SOC002010",3.99,0243d0e8.epub
KDP Draft — How to Build a Freelance Career,Darryl Elliott Brown,KDP Draft — How to Build a Freelance Career — A Gullah Geechee Biz publication.,,"BUS000000,SEL000000,SOC002010",3.99,029d6d6c.epub
KDP Draft — How to Find Inner Peace,Darryl Elliott Brown,KDP Draft — How to Find Inner Peace — A Gullah Geechee Biz publication.,,"BUS000000,SEL000000,SOC002010",3.99,02a4a240.epub
How to Network Like a Pro,Darryl Elliott Brown,How to Network Like a Pro — A Gullah Geechee Biz publication.,,"BUS000000,SEL000000,SOC002010",3.99,02a636c0.epub
The Gullah Geechee Guide to Harmony,Darryl Elliott Brown,The Gullah Geechee Guide to Harmony — A Gullah Geechee Biz publication.,,"BUS000000,SEL000000,SOC002010",3.99,030d7d2e.epub
How to Price Your Products or Services,Darryl Elliott Brown,How to Price Your Products or Services — A Gullah Geechee Biz publication.,,"BUS000000,SEL000000,SOC002010",3.99,031a4054.epub
How to Practice Mindful Living,Darryl Elliott Brown,How to Practice Mindful Living — A Gullah Geechee Biz publication.,,"BUS000000,SEL000000,SOC002010",3.99,03420fed.epub
How to Make Sweetgrass Lemonade,Darryl Elliott Brown,How to Make Sweetgrass Lemonade — A Gullah Geechee Biz publication.,,"BUS000000,SEL000000,SOC002010",3.99,03c5ba0f.epub
KDP Draft — How to Live with Intention,Darryl Elliott Brown,KDP Draft — How to Live with Intention — A Gullah Geechee Biz publication.,,"BUS000000,SEL000000,SOC002010",3.99,045761e7.epub
KDP Draft — How to Start a Side Hustle,Darryl Elliott Brown,KDP Draft — How to Start a Side Hustle — A Gullah Geechee Biz publication.,,"BUS000000,SEL000000,SOC002010",3.99,04adeb74.epub
Encyclopedia Volume 07,Darryl Elliott Brown,Encyclopedia Volume 07 — A Gullah Geechee Biz publication.,,"REF000000,SOC002010,HIS036120",9.99,04be6dd6.epub
KDP Draft — How to Write a Winning Grant Proposal,Darryl Elliott Brown,KDP Draft — How to Write a Winning Grant Proposal — A Gullah Geechee Biz publication.,,"BUS000000,SEL000000,SOC002010",3.99,04eeabdf.epub
How to Make Southern Cornbread from Scratch,Darryl Elliott Brown,How to Make Southern Cornbread from Scratch — A Gullah Geechee Biz publication.,,"BUS000000,SEL000000,SOC002010",3.99,0542581d.epub
KDP Draft — How to Create a Content Strategy,Darryl Elliott Brown,KDP Draft — How to Create a Content Strategy — A Gullah Geechee Biz publication.,,"BUS000000,SEL000000,SOC002010",3.99,057c5fc4.epub
KDP Draft — How to Make Holiday Gullah Feasts,Darryl Elliott Brown,KDP Draft — How to Make Holiday Gullah Feasts — A Gullah Geechee Biz publication.,,"BUS000000,SEL000000,SOC002010",3.99,062ab5fa.epub
How to Build Imagination,Darryl Elliott Brown,How to Build Imagination — A Gullah Geechee Biz publication.,,"BUS000000,SEL000000,SOC002010",3.99,065dbf8f.epub
KDP Draft — How to Make Gullah Tea Cakes,Darryl Elliott Brown,KDP Draft — How to Make Gullah Tea Cakes — A Gullah Geechee Biz publication.,,"BUS000000,SEL000000,SOC002010",3.99,06db9d7a.epub
KDP Draft — How to Make Southern Cornbread from Scratch,Darryl Elliott Brown,KDP Draft — How to Make Southern Cornbread from Scratch — A Gullah Geechee Biz publication.,,"BUS000000,SEL000000,SOC002010",3.99,06e58ad5.epub
KDP Draft — Gullah Geechee Camp Cooking,Darryl Elliott Brown,KDP Draft — Gullah Geechee Camp Cooking — A Gullah Geechee Biz publication.,,"CKB000000,SOC002010,HIS036120",3.99,06ef66c0.epub
How to Make Southern Cornbread from Scratch,Darryl Elliott Brown,How to Make Southern Cornbread from Scratch — A Gullah Geechee Biz publication.,,"BUS000000,SEL000000,SOC002010",3.99,072ca569.epub
KDP Draft — How to Fry the Perfect Fish,Darryl Elliott Brown,KDP Draft — How to Fry the Perfect Fish — A Gullah Geechee Biz publication.,,"BUS000000,SEL000000,SOC002010",3.99,073749ee.epub
Encyclopedia Volume 39,Darryl Elliott Brown,Encyclopedia Volume 39 — A Gullah Geechee Biz publication.,,"REF000000,SOC002010,HIS036120",9.99,07413312.epub
KDP Draft — How to Embrace Your Authentic Self,Darryl Elliott Brown,KDP Draft — How to Embrace Your Authentic Self — A Gullah Geechee Biz publication.,,"BUS000000,SEL000000,SOC002010",3.99,078e666a.epub
How to Build Faith,Darryl Elliott Brown,How to Build Faith — A Gullah Geechee Biz publication.,,"BUS000000,SEL000000,SOC002010",3.99,07f80fc2.epub
KDP Draft — How to Manage Business Finances,Darryl Elliott Brown,KDP Draft — How to Manage Business Finances — A Gullah Geechee Biz publication.,,"BUS000000,SEL000000,SOC002010",3.99,085d3f1c.epub
KDP Draft — How to Make Pickled Shrimp,Darryl Elliott Brown,KDP Draft — How to Make Pickled Shrimp — A Gullah Geechee Biz publication.,,"BUS000000,SEL000000,SOC002010",3.99,088a28f1.epub
How to Prepare Gullah Side Dishes,Darryl Elliott Brown,How to Prepare Gullah Side Dishes — A Gullah Geechee Biz publication.,,"BUS000000,SEL000000,SOC002010",3.99,088cffa2.epub
How to Make Holiday Gullah Feasts,Darryl Elliott Brown,How to Make Holiday Gullah Feasts — A Gullah Geechee Biz publication.,,"BUS000000,SEL000000,SOC002010",3.99,08e430dc.epub
KDP Draft — How to Bake Buttermilk Cornbread,Darryl Elliott Brown,KDP Draft — How to Bake Buttermilk Cornbread — A Gullah Geechee Biz publication.,,"BUS000000,SEL000000,SOC002010",3.99,092f0a59.epub
KDP Draft — How to Bake Sweet Potato Pie,Darryl Elliott Brown,KDP Draft — How to Bake Sweet Potato Pie — A Gullah Geechee Biz publication.,,"BUS000000,SEL000000,SOC002010",3.99,09bbac70.epub
KDP Draft — How to Build a Website on a Budget,Darryl Elliott Brown,KDP Draft — How to Build a Website on a Budget — A Gullah Geechee Biz publication.,,"BUS000000,SEL000000,SOC002010",3.99,09dd94f2.epub
How to Build Vulnerability,Darryl Elliott Brown,How to Build Vulnerability — A Gullah Geechee Biz publication.,,"BUS000000,SEL000000,SOC002010",3.99,09e531cc.epub
How to Build Connection,Darryl Elliott Brown,How to Build Connection — A Gullah Geechee Biz publication.,,"BUS000000,SEL000000,SOC002010",3.99,0a48ee4d.epub
KDP Draft — How to Manage Your Time Effectively,Darryl Elliott Brown,KDP Draft — How to Manage Your Time Effectively — A Gullah Geechee Biz publication.,,"BUS000000,SEL000000,SOC002010",3.99,0ac0b155.epub
How to Create a Brand Style Guide,Darryl Elliott Brown,How to Create a Brand Style Guide — A Gullah Geechee Biz publication.,,"BUS000000,SEL000000,SOC002010",3.99,0ae2f246.epub
Encyclopedia Volume 42,Darryl Elliott Brown,Encyclopedia Volume 42 — A Gullah Geechee Biz publication.,,"REF000000,SOC002010,HIS036120",9.99,0ba5d46a.epub
How to Manage Business Finances,Darryl Elliott Brown,How to Manage Business Finances — A Gullah Geechee Biz publication.,,"BUS000000,SEL000000,SOC002010",3.99,0bacf9af.epub
KDP Draft — How to Create a Brand Style Guide,Darryl Elliott Brown,KDP Draft — How to Create a Brand Style Guide — A Gullah Geechee Biz publication.,,"BUS000000,SEL000000,SOC002010",3.99,0c1545cb.epub
How to Make One-Pot Gullah Meals,Darryl Elliott Brown,How to Make One-Pot Gullah Meals — A Gullah Geechee Biz publication.,,"BUS000000,SEL000000,SOC002010",3.99,0ca3177d.epub
How to Develop Daily Discipline,Darryl Elliott Brown,How to Develop Daily Discipline — A Gullah Geechee Biz publication.,,"BUS000000,SEL000000,SOC002010",3.99,0d2c94c2.epub
KDP Draft — How to Create a Referral Program,Darryl Elliott Brown,KDP Draft — How to Create a Referral Program — A Gullah Geechee Biz publication.,,"BUS000000,SEL000000,SOC002010",3.99,0d4e2165.epub
KDP Draft — How to Build a Subscription Business,Darryl Elliott Brown,KDP Draft — How to Build a Subscription Business — A Gullah Geechee Biz publication.,,"BUS000000,SEL000000,SOC002010",3.99,0d5357e7.epub
How to Master LinkedIn for Business,Darryl Elliott Brown,How to Master LinkedIn for Business — A Gullah Geechee Biz publication.,,"BUS000000,SEL000000,SOC002010",3.99,0e188f73.epub
KDP Draft — How to Make Gullah Sauces and Seasonings,Darryl Elliott Brown,KDP Draft — How to Make Gullah Sauces and Seasonings — A Gullah Geechee Biz publication.,,"BUS000000,SEL000000,SOC002010",3.99,0e743b09.epub
How to Create a Product Launch Plan,Darryl Elliott Brown,How to Create a Product Launch Plan — A Gullah Geechee Biz publication.,,"BUS000000,SEL000000,SOC002010",3.99,0ea4da1d.epub
The Gullah Geechee Guide to Determination,Darryl Elliott Brown,The Gullah Geechee Guide to Determination — A Gullah Geechee Biz publication.,,"BUS000000,SEL000000,SOC002010",3.99,0edd1ed5.epub
KDP Draft — How to Handle Criticism Gracefully,Darryl Elliott Brown,KDP Draft — How to Handle Criticism Gracefully — A Gullah Geechee Biz publication.,,"BUS000000,SEL000000,SOC002010",3.99,0efd6abf.epub
How to Create a Brand Style Guide,Darryl Elliott Brown,How to Create a Brand Style Guide — A Gullah Geechee Biz publication.,,"BUS000000,SEL000000,SOC002010",3.99,0f5d5ad4.epub
How to Cook Benne Chicken,Darryl Elliott Brown,How to Cook Benne Chicken — A Gullah Geechee Biz publication.,,"CKB000000,SOC002010,HIS036120",3.99,102fc1a6.epub
How to Network Like a Pro,Darryl Elliott Brown,How to Network Like a Pro — A Gullah Geechee Biz publication.,,"BUS000000,SEL000000,SOC002010",3.99,10652664.epub
How to Start a Side Hustle,Darryl Elliott Brown,How to Start a Side Hustle — A Gullah Geechee Biz publication.,,"BUS000000,SEL000000,SOC002010",3.99,10accbe7.epub
Encyclopedia Volume 33,Darryl Elliott Brown,Encyclopedia Volume 33 — A Gullah Geechee Biz publication.,,"REF000000,SOC002010,HIS036120",9.99,112bf125.epub
How to Master Business Storytelling,Darryl Elliott Brown,How to Master Business Storytelling — A Gullah Geechee Biz publication.,,"BUS000000,SEL000000,SOC002010",3.99,1144be80.epub
KDP Draft — How to Cook Lowcountry Boil,Darryl Elliott Brown,KDP Draft — How to Cook Lowcountry Boil — A Gullah Geechee Biz publication.,,"CKB000000,SOC002010,HIS036120",3.99,12a1ef0b.epub
How to Build Unshakeable Confidence,Darryl Elliott Brown,How to Build Unshakeable Confidence — A Gullah Geechee Biz publication.,,"BUS000000,SEL000000,SOC002010",3.99,12b86d04.epub
How to Make Gullah Soups and Stews,Darryl Elliott Brown,How to Make Gullah Soups and Stews — A Gullah Geechee Biz publication.,,"BUS000000,SEL000000,SOC002010",3.99,12bb996b.epub
How to Use AI in Your Business,Darryl Elliott Brown,How to Use AI in Your Business — A Gullah Geechee Biz publication.,,"BUS000000,SEL000000,SOC002010",3.99,12e3df7a.epub
KDP Draft — How to Create a Business Plan,Darryl Elliott Brown,KDP Draft — How to Create a Business Plan — A Gullah Geechee Biz publication.,,"BUS000000,SEL000000,SOC002010",3.99,12fca62a.epub
How to Manage Your Time Effectively,Darryl Elliott Brown,How to Manage Your Time Effectively — A Gullah Geechee Biz publication.,,"BUS000000,SEL000000,SOC002010",3.99,1372aa1a.epub
How to Practice Radical Self-Care,Darryl Elliott Brown,How to Practice Radical Self-Care — A Gullah Geechee Biz publication.,,"BUS000000,SEL000000,SOC002010",3.99,13986b83.epub
How to Create a Business Plan,Darryl Elliott Brown,How to Create a Business Plan — A Gullah Geechee Biz publication.,,"BUS000000,SEL000000,SOC002010",3.99,13c5d055.epub
Sweetgrass Basket,Darryl Elliott Brown,Sweetgrass Basket — A Gullah Geechee Biz publication.,,"BUS000000,SEL000000,SOC002010",3.99,14359159.epub
How to Build Vulnerability,Darryl Elliott Brown,How to Build Vulnerability — A Gullah Geechee Biz publication.,,"BUS000000,SEL000000,SOC002010",3.99,155562e4.epub
How to Let Go of Perfectionism,Darryl Elliott Brown,How to Let Go of Perfectionism — A Gullah Geechee Biz publication.,,"BUS000000,SEL000000,SOC002010",3.99,15a13943.epub
KDP Draft — How to Develop Daily Discipline,Darryl Elliott Brown,KDP Draft — How to Develop Daily Discipline — A Gullah Geechee Biz publication.,,"BUS000000,SEL000000,SOC002010",3.99,15dffeed.epub
How to Bake Gullah Desserts,Darryl Elliott Brown,How to Bake Gullah Desserts — A Gullah Geechee Biz publication.,,"BUS000000,SEL000000,SOC002010",3.99,15f9c7d8.epub
How to Create a Marketing Funnel,Darryl Elliott Brown,How to Create a Marketing Funnel — A Gullah Geechee Biz publication.,,"BUS000000,SEL000000,SOC002010",3.99,1609f371.epub
KDP Draft — Gullah Geechee Business Planning,Darryl Elliott Brown,KDP Draft — Gullah Geechee Business Planning — A Gullah Geechee Biz publication.,,"BUS000000,SEL000000,SOC002010",3.99,164a767c.epub
KDP Draft — How to Create a Vision Board That Works,Darryl Elliott Brown,KDP Draft — How to Create a Vision Board That Works — A Gullah Geechee Biz publication.,,"BUS000000,SEL000000,SOC002010",3.99,165c3eb0.epub
KDP Draft — How to Price Your Products or Services,Darryl Elliott Brown,KDP Draft — How to Price Your Products or Services — A Gullah Geechee Biz publication.,,"BUS000000,SEL000000,SOC002010",3.99,167e6225.epub
How to Prepare Okra and Tomatoes,Darryl Elliott Brown,How to Prepare Okra and Tomatoes — A Gullah Geechee Biz publication.,,"BUS000000,SEL000000,SOC002010",3.99,168e6767.epub
The Gullah Geechee Guide to Unity,Darryl Elliott Brown,The Gullah Geechee Guide to Unity — A Gullah Geechee Biz publication.,,"BUS000000,SEL000000,SOC002010",3.99,16fb7686.epub
KDP Draft — How to Bake Gullah Desserts,Darryl Elliott Brown,KDP Draft — How to Bake Gullah Desserts — A Gullah Geechee Biz publication.,,"BUS000000,SEL000000,SOC002010",3.99,176081e8.epub
KDP Draft — How to Make Gullah Tea Cakes,Darryl Elliott Brown,KDP Draft — How to Make Gullah Tea Cakes — A Gullah Geechee Biz publication.,,"BUS000000,SEL000000,SOC002010",3.99,181127fd.epub
KDP Draft — How to Scale Your Small Business,Darryl Elliott Brown,KDP Draft — How to Scale Your Small Business — A Gullah Geechee Biz publication.,,"BUS000000,SEL000000,SOC002010",3.99,1827c8f4.epub
KDP Draft — How to Build Customer Loyalty,Darryl Elliott Brown,KDP Draft — How to Build Customer Loyalty — A Gullah Geechee Biz publication.,,"BUS000000,SEL000000,SOC002010",3.99,1837cdf7.epub
How to Find Your Purpose,Darryl Elliott Brown,How to Find Your Purpose — A Gullah Geechee Biz publication.,,"BUS000000,SEL000000,SOC002010",3.99,18b36036.epub
KDP Draft — How to Master Cast Iron Cooking,Darryl Elliott Brown,KDP Draft — How to Master Cast Iron Cooking — A Gullah Geechee Biz publication.,,"CKB000000,SOC002010,HIS036120",3.99,19478100.epub
KDP Draft — How to Make Authentic Shrimp and Grits,Darryl Elliott Brown,KDP Draft — How to Make Authentic Shrimp and Grits — A Gullah Geechee Biz publication.,,"BUS000000,SEL000000,SOC002010",3.99,1956ff87.epub
How to Handle Criticism Gracefully,Darryl Elliott Brown,How to Handle Criticism Gracefully — A Gullah Geechee Biz publication.,,"BUS000000,SEL000000,SOC002010",3.99,195b9fe9.epub
How to Forgive Yourself and Move On,Darryl Elliott Brown,How to Forgive Yourself and Move On — A Gullah Geechee Biz publication.,,"BUS000000,SEL000000,SOC002010",3.99,196e287c.epub
Encyclopedia Volume 46,Darryl Elliott Brown,Encyclopedia Volume 46 — A Gullah Geechee Biz publication.,,"REF000000,SOC002010,HIS036120",9.99,196fba78.epub
How to Develop a Growth Mindset,Darryl Elliott Brown,How to Develop a Growth Mindset — A Gullah Geechee Biz publication.,,"BUS000000,SEL000000,SOC002010",3.99,19c141a9.epub
Encyclopedia Volume 11,Darryl Elliott Brown,Encyclopedia Volume 11 — A Gullah Geechee Biz publication.,,"REF000000,SOC002010,HIS036120",9.99,19fe0ca7.epub
How to Make Rice Pudding,Darryl Elliott Brown,How to Make Rice Pudding — A Gullah Geechee Biz publication.,,"BUS000000,SEL000000,SOC002010",3.99,1a2b57fb.epub
KDP Draft — How to Cook Collard Greens the Right Way,Darryl Elliott Brown,KDP Draft — How to Cook Collard Greens the Right Way — A Gullah Geechee Biz publication.,,"CKB000000,SOC002010,HIS036120",3.99,1ac2ac9e.epub
KDP Draft — The Gullah Geechee Guide to Yearning,Darryl Elliott Brown,KDP Draft — The Gullah Geechee Guide to Yearning — A Gullah Geechee Biz publication.,,"BUS000000,SEL000000,SOC002010",3.99,1aef4faf.epub
KDP Draft — How to Cook Lowcountry Boil,Darryl Elliott Brown,KDP Draft — How to Cook Lowcountry Boil — A Gullah Geechee Biz publication.,,"CKB000000,SOC002010,HIS036120",3.99,1bd669cd.epub
Gullah Geechee Appetizers,Darryl Elliott Brown,Gullah Geechee Appetizers — A Gullah Geechee Biz publication.,,"BUS000000,SEL000000,SOC002010",3.99,1c0d10ac.epub
KDP Draft — How to Create a Product Launch Plan,Darryl Elliott Brown,KDP Draft — How to Create a Product Launch Plan — A Gullah Geechee Biz publication.,,"BUS000000,SEL000000,SOC002010",3.99,1c2cd71c.epub
KDP Draft — How to Build Unshakeable Confidence,Darryl Elliott Brown,KDP Draft — How to Build Unshakeable Confidence — A Gullah Geechee Biz publication.,,"BUS000000,SEL000000,SOC002010",3.99,1ce8d88d.epub
KDP Draft — How to Create a Personal Mission Statement,Darryl Elliott Brown,KDP Draft — How to Create a Personal Mission Statement — A Gullah Geechee Biz publication.,,"BUS000000,SEL000000,SOC002010",3.99,1cf8a8d3.epub
How to Cultivate Patience,Darryl Elliott Brown,How to Cultivate Patience — A Gullah Geechee Biz publication.,,"BUS000000,SEL000000,SOC002010",3.99,1d134a21.epub
Encyclopedia Volume 22,Darryl Elliott Brown,Encyclopedia Volume 22 — A Gullah Geechee Biz publication.,,"REF000000,SOC002010,HIS036120",9.99,1d2dbb4f.epub
KDP Draft — How to Set Boundaries That Stick,Darryl Elliott Brown,KDP Draft — How to Set Boundaries That Stick — A Gullah Geechee Biz publication.,,"BUS000000,SEL000000,SOC002010",3.99,1d7f7779.epub
How to Bake Sweet Potato Pie,Darryl Elliott Brown,How to Bake Sweet Potato Pie — A Gullah Geechee Biz publication.,,"BUS000000,SEL000000,SOC002010",3.99,1e523103.epub
How to Practice Mindful Living,Darryl Elliott Brown,How to Practice Mindful Living — A Gullah Geechee Biz publication.,,"BUS000000,SEL000000,SOC002010",3.99,1eaed27c.epub
How to Cook Gullah Pork Chops,Darryl Elliott Brown,How to Cook Gullah Pork Chops — A Gullah Geechee Biz publication.,,"CKB000000,SOC002010,HIS036120",3.99,1ee50412.epub
How to Stay Motivated Every Day,Darryl Elliott Brown,How to Stay Motivated Every Day — A Gullah Geechee Biz publication.,,"BUS000000,SEL000000,SOC002010",3.99,1f00aa59.epub
How to Use AI in Your Business,Darryl Elliott Brown,How to Use AI in Your Business — A Gullah Geechee Biz publication.,,"BUS000000,SEL000000,SOC002010",3.99,1fb870d0.epub
How to Break Bad Habits Forever,Darryl Elliott Brown,How to Break Bad Habits Forever — A Gullah Geechee Biz publication.,,"BUS000000,SEL000000,SOC002010",3.99,2017d0c3.epub
Gullah Geechee Appetizers,Darryl Elliott Brown,Gullah Geechee Appetizers — A Gullah Geechee Biz publication.,,"BUS000000,SEL000000,SOC002010",3.99,201c5481.epub
How to Make Gullah Breads,Darryl Elliott Brown,How to Make Gullah Breads — A Gullah Geechee Biz publication.,,"BUS000000,SEL000000,SOC002010",3.99,203b5644.epub
Encyclopedia Volume 16,Darryl Elliott Brown,Encyclopedia Volume 16 — A Gullah Geechee Biz publication.,,"REF000000,SOC002010,HIS036120",9.99,206069c2.epub
KDP Draft — How to Master Cast Iron Cooking,Darryl Elliott Brown,KDP Draft — How to Master Cast Iron Cooking — A Gullah Geechee Biz publication.,,"CKB000000,SOC002010,HIS036120",3.99,20ac2126.epub
How to Forgive Yourself and Move On,Darryl Elliott Brown,How to Forgive Yourself and Move On — A Gullah Geechee Biz publication.,,"BUS000000,SEL000000,SOC002010",3.99,21151eae.epub
KDP Draft — How to Create a Customer Journey Map,Darryl Elliott Brown,KDP Draft — How to Create a Customer Journey Map — A Gullah Geechee Biz publication.,,"BUS000000,SEL000000,SOC002010",3.99,2149a83d.epub
How to Develop a Growth Mindset,Darryl Elliott Brown,How to Develop a Growth Mindset — A Gullah Geechee Biz publication.,,"BUS000000,SEL000000,SOC002010",3.99,21617688.epub
How to Build a Personal Brand,Darryl Elliott Brown,How to Build a Personal Brand — A Gullah Geechee Biz publication.,,"BUS000000,SEL000000,SOC002010",3.99,21671d79.epub
KDP Draft — How to Live with Intention,Darryl Elliott Brown,KDP Draft — How to Live with Intention — A Gullah Geechee Biz publication.,,"BUS000000,SEL000000,SOC002010",3.99,21dc072c.epub
Encyclopedia Volume 24,Darryl Elliott Brown,Encyclopedia Volume 24 — A Gullah Geechee Biz publication.,,"REF000000,SOC002010,HIS036120",9.99,220f16ad.epub
KDP Draft — How to Cook Benne Chicken,Darryl Elliott Brown,KDP Draft — How to Cook Benne Chicken — A Gullah Geechee Biz publication.,,"CKB000000,SOC002010,HIS036120",3.99,2281de67.epub
How to Create a Customer Journey Map,Darryl Elliott Brown,How to Create a Customer Journey Map — A Gullah Geechee Biz publication.,,"BUS000000,SEL000000,SOC002010",3.99,22b4aebe.epub
How to Build Strategic Partnerships,Darryl Elliott Brown,How to Build Strategic Partnerships — A Gullah Geechee Biz publication.,,"BUS000000,SEL000000,SOC002010",3.99,22c99f58.epub
Encyclopedia Volume 17,Darryl Elliott Brown,Encyclopedia Volume 17 — A Gullah Geechee Biz publication.,,"REF000000,SOC002010,HIS036120",9.99,23516ae5.epub
KDP Draft — How to Let Go of Perfectionism,Darryl Elliott Brown,KDP Draft — How to Let Go of Perfectionism — A Gullah Geechee Biz publication.,,"BUS000000,SEL000000,SOC002010",3.99,2369a9d9.epub
KDP Draft — How to Master Public Speaking,Darryl Elliott Brown,KDP Draft — How to Master Public Speaking — A Gullah Geechee Biz publication.,,"BUS000000,SEL000000,SOC002010",3.99,23a2bd12.epub
How to Build Strategic Partnerships,Darryl Elliott Brown,How to Build Strategic Partnerships — A Gullah Geechee Biz publication.,,"BUS000000,SEL000000,SOC002010",3.99,241e4033.epub
KDP Draft — How to Cook Lowcountry Boil,Darryl Elliott Brown,KDP Draft — How to Cook Lowcountry Boil — A Gullah Geechee Biz publication.,,"CKB000000,SOC002010,HIS036120",3.99,2420bfa1.epub
How to Build Simplicity,Darryl Elliott Brown,How to Build Simplicity — A Gullah Geechee Biz publication.,,"BUS000000,SEL000000,SOC002010",3.99,247f7e4e.epub
KDP Draft — How to Set Boundaries That Stick,Darryl Elliott Brown,KDP Draft — How to Set Boundaries That Stick — A Gullah Geechee Biz publication.,,"BUS000000,SEL000000,SOC002010",3.99,24903778.epub
Encyclopedia Volume 19,Darryl Elliott Brown,Encyclopedia Volume 19 — A Gullah Geechee Biz publication.,,"REF000000,SOC002010,HIS036120",9.99,252e9042.epub
KDP Draft — How to Make Pickled Shrimp,Darryl Elliott Brown,KDP Draft — How to Make Pickled Shrimp — A Gullah Geechee Biz publication.,,"BUS000000,SEL000000,SOC002010",3.99,25573c53.epub
KDP Draft — How to Forgive Yourself and Move On,Darryl Elliott Brown,KDP Draft — How to Forgive Yourself and Move On — A Gullah Geechee Biz publication.,,"BUS000000,SEL000000,SOC002010",3.99,255d56cc.epub
Encyclopedia Volume 36,Darryl Elliott Brown,Encyclopedia Volume 36 — A Gullah Geechee Biz publication.,,"REF000000,SOC002010,HIS036120",9.99,255f9663.epub
How to Start a Side Hustle,Darryl Elliott Brown,How to Start a Side Hustle — A Gullah Geechee Biz publication.,,"BUS000000,SEL000000,SOC002010",3.99,2591aada.epub
KDP Draft — How to Stop People-Pleasing,Darryl Elliott Brown,KDP Draft — How to Stop People-Pleasing — A Gullah Geechee Biz publication.,,"BUS000000,SEL000000,SOC002010",3.99,2604b9e9.epub
KDP Draft — How to Build a Digital Product Empire,Darryl Elliott Brown,KDP Draft — How to Build a Digital Product Empire — A Gullah Geechee Biz publication.,,"BUS000000,SEL000000,SOC002010",3.99,26b26c48.epub
How to Build a Website on a Budget,Darryl Elliott Brown,How to Build a Website on a Budget — A Gullah Geechee Biz publication.,,"BUS000000,SEL000000,SOC002010",3.99,2757aea9.epub
Encyclopedia Volume 15,Darryl Elliott Brown,Encyclopedia Volume 15 — A Gullah Geechee Biz publication.,,"REF000000,SOC002010,HIS036120",9.99,27991ea3.epub
KDP Draft — How to Make Benne Wafers,Darryl Elliott Brown,KDP Draft — How to Make Benne Wafers — A Gullah Geechee Biz publication.,,"BUS000000,SEL000000,SOC002010",3.99,27fca9b8.epub
How to Build an Email List from Scratch,Darryl Elliott Brown,How to Build an Email List from Scratch — A Gullah Geechee Biz publication.,,"BUS000000,SEL000000,SOC002010",3.99,288d2570.epub
How to Overcome Fear of Failure,Darryl Elliott Brown,How to Overcome Fear of Failure — A Gullah Geechee Biz publication.,,"BUS000000,SEL000000,SOC002010",3.99,292732ec.epub
Encyclopedia Volume 20,Darryl Elliott Brown,Encyclopedia Volume 20 — A Gullah Geechee Biz publication.,,"REF000000,SOC002010,HIS036120",9.99,2937d179.epub
KDP Draft — Gullah Geechee Condiments,Darryl Elliott Brown,KDP Draft — Gullah Geechee Condiments — A Gullah Geechee Biz publication.,,"BUS000000,SEL000000,SOC002010",3.99,29392b95.epub
How to Practice Self-Compassion,Darryl Elliott Brown,How to Practice Self-Compassion — A Gullah Geechee Biz publication.,,"BUS000000,SEL000000,SOC002010",3.99,2a00fc11.epub
KDP Draft — How to Cook with Seasonal Lowcountry Ingredients,Darryl Elliott Brown,KDP Draft — How to Cook with Seasonal Lowcountry Ingredients — A Gullah Geechee Biz publication.,,"CKB000000,SOC002010,HIS036120",3.99,2a26cb62.epub
How to Create a Product Launch Plan,Darryl Elliott Brown,How to Create a Product Launch Plan — A Gullah Geechee Biz publication.,,"BUS000000,SEL000000,SOC002010",3.99,2a55f3ee.epub
How to Cook Gullah Cabbage,Darryl Elliott Brown,How to Cook Gullah Cabbage — A Gullah Geechee Biz publication.,,"CKB000000,SOC002010,HIS036120",3.99,2a835380.epub
KDP Draft — How to Price Your Products or Services,Darryl Elliott Brown,KDP Draft — How to Price Your Products or Services — A Gullah Geechee Biz publication.,,"BUS000000,SEL000000,SOC002010",3.99,2a8bf0b8.epub
How to Build a Remote Team,Darryl Elliott Brown,How to Build a Remote Team — A Gullah Geechee Biz publication.,,"BUS000000,SEL000000,SOC002010",3.99,2a9cc681.epub
How to Build an Email List from Scratch,Darryl Elliott Brown,How to Build an Email List from Scratch — A Gullah Geechee Biz publication.,,"BUS000000,SEL000000,SOC002010",3.99,2ab82ce8.epub
Sweetgrass Basket,Darryl Elliott Brown,Sweetgrass Basket — A Gullah Geechee Biz publication.,,"BUS000000,SEL000000,SOC002010",3.99,2afec441.epub
KDP Draft — How to Master Cast Iron Cooking,Darryl Elliott Brown,KDP Draft — How to Master Cast Iron Cooking — A Gullah Geechee Biz publication.,,"CKB000000,SOC002010,HIS036120",3.99,2b045972.epub
KDP Draft — How to Develop a Growth Mindset,Darryl Elliott Brown,KDP Draft — How to Develop a Growth Mindset — A Gullah Geechee Biz publication.,,"BUS000000,SEL000000,SOC002010",3.99,2b0ceada.epub
KDP Draft — How to Make Authentic Shrimp and Grits,Darryl Elliott Brown,KDP Draft — How to Make Authentic Shrimp and Grits — A Gullah Geechee Biz publication.,,"BUS000000,SEL000000,SOC002010",3.99,2b9b82c4.epub
How to Build Healthy Relationships,Darryl Elliott Brown,How to Build Healthy Relationships — A Gullah Geechee Biz publication.,,"BUS000000,SEL000000,SOC002010",3.99,2bb8608a.epub
How to Make Gullah Potato Salad,Darryl Elliott Brown,How to Make Gullah Potato Salad — A Gullah Geechee Biz publication.,,"BUS000000,SEL000000,SOC002010",3.99,2bbb48ba.epub
KDP Draft — How to Make Gullah Soups and Stews,Darryl Elliott Brown,KDP Draft — How to Make Gullah Soups and Stews — A Gullah Geechee Biz publication.,,"BUS000000,SEL000000,SOC002010",3.99,2bd1ce1b.epub
How to Build a Digital Product Empire,Darryl Elliott Brown,How to Build a Digital Product Empire — A Gullah Geechee Biz publication.,,"BUS000000,SEL000000,SOC002010",3.99,2c57a1df.epub
How to Create a Content Strategy,Darryl Elliott Brown,How to Create a Content Strategy — A Gullah Geechee Biz publication.,,"BUS000000,SEL000000,SOC002010",3.99,2c8f1980.epub
KDP Draft — How to Create a Marketing Funnel,Darryl Elliott Brown,KDP Draft — How to Create a Marketing Funnel — A Gullah Geechee Biz publication.,,"BUS000000,SEL000000,SOC002010",3.99,2cf12fd0.epub
KDP Draft — How to Manage Business Finances,Darryl Elliott Brown,KDP Draft — How to Manage Business Finances — A Gullah Geechee Biz publication.,,"BUS000000,SEL000000,SOC002010",3.99,2cf86a77.epub
How to Cook Collard Greens the Right Way,Darryl Elliott Brown,How to Cook Collard Greens the Right Way — A Gullah Geechee Biz publication.,,"CKB000000,SOC002010,HIS036120",3.99,2d115758.epub
How to Find Inner Peace,Darryl Elliott Brown,How to Find Inner Peace — A Gullah Geechee Biz publication.,,"BUS000000,SEL000000,SOC002010",3.99,2d1971b5.epub
How to Find Your Purpose,Darryl Elliott Brown,How to Find Your Purpose — A Gullah Geechee Biz publication.,,"BUS000000,SEL000000,SOC002010",3.99,2d6bfd80.epub
How to Fry the Perfect Fish,Darryl Elliott Brown,How to Fry the Perfect Fish — A Gullah Geechee Biz publication.,,"BUS000000,SEL000000,SOC002010",3.99,2ee8d088.epub
How to Make Hoppin' John for New Year's,Darryl Elliott Brown,How to Make Hoppin' John for New Year's — A Gullah Geechee Biz publication.,,"BUS000000,SEL000000,SOC002010",3.99,2f185257.epub
KDP Draft — How to Practice Self-Compassion,Darryl Elliott Brown,KDP Draft — How to Practice Self-Compassion — A Gullah Geechee Biz publication.,,"BUS000000,SEL000000,SOC002010",3.99,2f5da155.epub
KDP Draft — How to Make Gullah Breakfast,Darryl Elliott Brown,KDP Draft — How to Make Gullah Breakfast — A Gullah Geechee Biz publication.,,"BUS000000,SEL000000,SOC002010",3.99,2f7f73d0.epub
How to Write Copy That Sells,Darryl Elliott Brown,How to Write Copy That Sells — A Gullah Geechee Biz publication.,,"BUS000000,SEL000000,SOC002010",3.99,2f8e8071.epub
Encyclopedia Volume 34,Darryl Elliott Brown,Encyclopedia Volume 34 — A Gullah Geechee Biz publication.,,"REF000000,SOC002010,HIS036120",9.99,2f93c7ec.epub
Gullah Geechee Business Planning,Darryl Elliott Brown,Gullah Geechee Business Planning — A Gullah Geechee Biz publication.,,"BUS000000,SEL000000,SOC002010",3.99,2fbf288a.epub
KDP Draft — How to Cook Gullah Cabbage,Darryl Elliott Brown,KDP Draft — How to Cook Gullah Cabbage — A Gullah Geechee Biz publication.,,"CKB000000,SOC002010,HIS036120",3.99,30016c68.epub
KDP Draft — How to Develop Emotional Intelligence,Darryl Elliott Brown,KDP Draft — How to Develop Emotional Intelligence — A Gullah Geechee Biz publication.,,"BUS000000,SEL000000,SOC002010",3.99,301fc02f.epub
KDP Draft — How to Find Inner Peace,Darryl Elliott Brown,KDP Draft — How to Find Inner Peace — A Gullah Geechee Biz publication.,,"BUS000000,SEL000000,SOC002010",3.99,30506859.epub
KDP Draft — How to Make Rice Pudding,Darryl Elliott Brown,KDP Draft — How to Make Rice Pudding — A Gullah Geechee Biz publication.,,"BUS000000,SEL000000,SOC002010",3.99,3055cb38.epub
Encyclopedia Volume 04,Darryl Elliott Brown,Encyclopedia Volume 04 — A Gullah Geechee Biz publication.,,"REF000000,SOC002010,HIS036120",9.99,305c07c8.epub
KDP Draft — How to Cook Gullah Pork Chops,Darryl Elliott Brown,KDP Draft — How to Cook Gullah Pork Chops — A Gullah Geechee Biz publication.,,"CKB000000,SOC002010,HIS036120",3.99,3087a89b.epub
How to Bake Buttermilk Cornbread,Darryl Elliott Brown,How to Bake Buttermilk Cornbread — A Gullah Geechee Biz publication.,,"BUS000000,SEL000000,SOC002010",3.99,30b48bd4.epub
KDP Draft — How to Build a Community Around Your Brand,Darryl Elliott Brown,KDP Draft — How to Build a Community Around Your Brand — A Gullah Geechee Biz publication.,,"BUS000000,SEL000000,SOC002010",3.99,30b50c86.epub
How to Find Your Purpose,Darryl Elliott Brown,How to Find Your Purpose — A Gullah Geechee Biz publication.,,"BUS000000,SEL000000,SOC002010",3.99,310cb047.epub
Encyclopedia Volume 03,Darryl Elliott Brown,Encyclopedia Volume 03 — A Gullah Geechee Biz publication.,,"REF000000,SOC002010,HIS036120",9.99,311cd94c.epub
KDP Draft — How to Build a Website on a Budget,Darryl Elliott Brown,KDP Draft — How to Build a Website on a Budget — A Gullah Geechee Biz publication.,,"BUS000000,SEL000000,SOC002010",3.99,31591287.epub
Encyclopedia Volume 31,Darryl Elliott Brown,Encyclopedia Volume 31 — A Gullah Geechee Biz publication.,,"REF000000,SOC002010,HIS036120",9.99,31719e27.epub
KDP Draft — How to Build Strategic Partnerships,Darryl Elliott Brown,KDP Draft — How to Build Strategic Partnerships — A Gullah Geechee Biz publication.,,"BUS000000,SEL000000,SOC002010",3.99,319181c9.epub
KDP Draft — How to Forgive Yourself and Move On,Darryl Elliott Brown,KDP Draft — How to Forgive Yourself and Move On — A Gullah Geechee Biz publication.,,"BUS000000,SEL000000,SOC002010",3.99,3199f3b7.epub
How to Master Cast Iron Cooking,Darryl Elliott Brown,How to Master Cast Iron Cooking — A Gullah Geechee Biz publication.,,"CKB000000,SOC002010,HIS036120",3.99,31d97fe5.epub
How to Master Business Storytelling,Darryl Elliott Brown,How to Master Business Storytelling — A Gullah Geechee Biz publication.,,"BUS000000,SEL000000,SOC002010",3.99,320689b7.epub
How to Cook Gullah Vegetables,Darryl Elliott Brown,How to Cook Gullah Vegetables — A Gullah Geechee Biz publication.,,"CKB000000,SOC002010,HIS036120",3.99,321aa739.epub
How to Overcome Fear of Failure,Darryl Elliott Brown,How to Overcome Fear of Failure — A Gullah Geechee Biz publication.,,"BUS000000,SEL000000,SOC002010",3.99,3225af58.epub
How to Create a Content Strategy,Darryl Elliott Brown,How to Create a Content Strategy — A Gullah Geechee Biz publication.,,"BUS000000,SEL000000,SOC002010",3.99,3243f800.epub
KDP Draft — How to Build Unshakeable Confidence,Darryl Elliott Brown,KDP Draft — How to Build Unshakeable Confidence — A Gullah Geechee Biz publication.,,"BUS000000,SEL000000,SOC002010",3.99,329a14f5.epub
Encyclopedia Volume 38,Darryl Elliott Brown,Encyclopedia Volume 38 — A Gullah Geechee Biz publication.,,"REF000000,SOC002010,HIS036120",9.99,32b209ae.epub
How to Embrace Your Authentic Self,Darryl Elliott Brown,How to Embrace Your Authentic Self — A Gullah Geechee Biz publication.,,"BUS000000,SEL000000,SOC002010",3.99,3339a9f8.epub
Encyclopedia Volume 23,Darryl Elliott Brown,Encyclopedia Volume 23 — A Gullah Geechee Biz publication.,,"REF000000,SOC002010,HIS036120",9.99,33a9872b.epub
KDP Draft — How to Network Like a Pro,Darryl Elliott Brown,KDP Draft — How to Network Like a Pro — A Gullah Geechee Biz publication.,,"BUS000000,SEL000000,SOC002010",3.99,33c0d176.epub
KDP Draft — How to Scale Your Small Business,Darryl Elliott Brown,KDP Draft — How to Scale Your Small Business — A Gullah Geechee Biz publication.,,"BUS000000,SEL000000,SOC002010",3.99,33c9a860.epub
KDP Draft — The Gullah Geechee Guide to Yearning,Darryl Elliott Brown,KDP Draft — The Gullah Geechee Guide to Yearning — A Gullah Geechee Biz publication.,,"BUS000000,SEL000000,SOC002010",3.99,33f9440a.epub
How to Build a Subscription Business,Darryl Elliott Brown,How to Build a Subscription Business — A Gullah Geechee Biz publication.,,"BUS000000,SEL000000,SOC002010",3.99,3475f56f.epub
KDP Draft — How to Build a Freelance Career,Darryl Elliott Brown,KDP Draft — How to Build a Freelance Career — A Gullah Geechee Biz publication.,,"BUS000000,SEL000000,SOC002010",3.99,34f08a23.epub
KDP Draft — How to Build Resilience in Tough Times,Darryl Elliott Brown,KDP Draft — How to Build Resilience in Tough Times — A Gullah Geechee Biz publication.,,"BUS000000,SEL000000,SOC002010",3.99,35a2b489.epub
KDP Draft — How to Build a Community Around Your Brand,Darryl Elliott Brown,KDP Draft — How to Build a Community Around Your Brand — A Gullah Geechee Biz publication.,,"BUS000000,SEL000000,SOC002010",3.99,35d60aa1.epub
Gullah Geechee Community Commerce,Darryl Elliott Brown,Gullah Geechee Community Commerce — A Gullah Geechee Biz publication.,,"BUS000000,SEL000000,SOC002010",3.99,35de774d.epub
KDP Draft — How to Price Your Products or Services,Darryl Elliott Brown,KDP Draft — How to Price Your Products or Services — A Gullah Geechee Biz publication.,,"BUS000000,SEL000000,SOC002010",3.99,35fe8c9e.epub
How to Make Gullah Sauces and Seasonings,Darryl Elliott Brown,How to Make Gullah Sauces and Seasonings — A Gullah Geechee Biz publication.,,"BUS000000,SEL000000,SOC002010",3.99,36a18e8a.epub
KDP Draft — How to Create a Content Strategy,Darryl Elliott Brown,KDP Draft — How to Create a Content Strategy — A Gullah Geechee Biz publication.,,"BUS000000,SEL000000,SOC002010",3.99,370cd1ae.epub
Encyclopedia Volume 03,Darryl Elliott Brown,Encyclopedia Volume 03 — A Gullah Geechee Biz publication.,,"REF000000,SOC002010,HIS036120",9.99,37e40ad4.epub
How to Make Gullah Sauces and Seasonings,Darryl Elliott Brown,How to Make Gullah Sauces and Seasonings — A Gullah Geechee Biz publication.,,"BUS000000,SEL000000,SOC002010",3.99,37eca768.epub
KDP Draft — How to Build a Personal Brand,Darryl Elliott Brown,KDP Draft — How to Build a Personal Brand — A Gullah Geechee Biz publication.,,"BUS000000,SEL000000,SOC002010",3.99,383a25a1.epub
How to Preserve Summer Vegetables,Darryl Elliott Brown,How to Preserve Summer Vegetables — A Gullah Geechee Biz publication.,,"BUS000000,SEL000000,SOC002010",3.99,38485b32.epub
How to Build Confidence,Darryl Elliott Brown,How to Build Confidence — A Gullah Geechee Biz publication.,,"BUS000000,SEL000000,SOC002010",3.99,38cd4e33.epub
How to Master Social Media Marketing,Darryl Elliott Brown,How to Master Social Media Marketing — A Gullah Geechee Biz publication.,,"BUS000000,SEL000000,SOC002010",3.99,38e3c95e.epub
KDP Draft — How to Cook Gullah Seafood,Darryl Elliott Brown,KDP Draft — How to Cook Gullah Seafood — A Gullah Geechee Biz publication.,,"CKB000000,SOC002010,HIS036120",3.99,390945ea.epub
How to Preserve Summer Vegetables,Darryl Elliott Brown,How to Preserve Summer Vegetables — A Gullah Geechee Biz publication.,,"BUS000000,SEL000000,SOC002010",3.99,392fb3df.epub
How to Overcome Fear of Failure,Darryl Elliott Brown,How to Overcome Fear of Failure — A Gullah Geechee Biz publication.,,"BUS000000,SEL000000,SOC002010",3.99,3a07da57.epub
How to Bake Buttermilk Cornbread,Darryl Elliott Brown,How to Bake Buttermilk Cornbread — A Gullah Geechee Biz publication.,,"BUS000000,SEL000000,SOC002010",3.99,3a491e05.epub
KDP Draft — How to Master Business Storytelling,Darryl Elliott Brown,KDP Draft — How to Master Business Storytelling — A Gullah Geechee Biz publication.,,"BUS000000,SEL000000,SOC002010",3.99,3bcde09f.epub
KDP Draft — How to Master Social Media Marketing,Darryl Elliott Brown,KDP Draft — How to Master Social Media Marketing — A Gullah Geechee Biz publication.,,"BUS000000,SEL000000,SOC002010",3.99,3c0b994f.epub
How to Live with Intention,Darryl Elliott Brown,How to Live with Intention — A Gullah Geechee Biz publication.,,"BUS000000,SEL000000,SOC002010",3.99,3c30b1b7.epub
Gullah Geechee Smoothies,Darryl Elliott Brown,Gullah Geechee Smoothies — A Gullah Geechee Biz publication.,,"BUS000000,SEL000000,SOC002010",3.99,3c75f45d.epub
How to Scale Your Small Business,Darryl Elliott Brown,How to Scale Your Small Business — A Gullah Geechee Biz publication.,,"BUS000000,SEL000000,SOC002010",3.99,3c81a9c8.epub
How to Cook Gullah Vegetables,Darryl Elliott Brown,How to Cook Gullah Vegetables — A Gullah Geechee Biz publication.,,"CKB000000,SOC002010,HIS036120",3.99,3c914008.epub
The Gullah Geechee Guide to Harmony,Darryl Elliott Brown,The Gullah Geechee Guide to Harmony — A Gullah Geechee Biz publication.,,"BUS000000,SEL000000,SOC002010",3.99,3cf4a95a.epub
KDP Draft — Gullah Geechee Condiments,Darryl Elliott Brown,KDP Draft — Gullah Geechee Condiments — A Gullah Geechee Biz publication.,,"BUS000000,SEL000000,SOC002010",3.99,3d012723.epub
How to Set Boundaries That Stick,Darryl Elliott Brown,How to Set Boundaries That Stick — A Gullah Geechee Biz publication.,,"BUS000000,SEL000000,SOC002010",3.99,3d963454.epub
KDP Draft — The Gullah Geechee Guide to Yearning,Darryl Elliott Brown,KDP Draft — The Gullah Geechee Guide to Yearning — A Gullah Geechee Biz publication.,,"BUS000000,SEL000000,SOC002010",3.99,3dd63728.epub
How to Cultivate Daily Gratitude,Darryl Elliott Brown,How to Cultivate Daily Gratitude — A Gullah Geechee Biz publication.,,"BUS000000,SEL000000,SOC002010",3.99,3de27655.epub
How to Make Gullah Breakfast,Darryl Elliott Brown,How to Make Gullah Breakfast — A Gullah Geechee Biz publication.,,"BUS000000,SEL000000,SOC002010",3.99,3e1d1ca4.epub
Encyclopedia Volume 02,Darryl Elliott Brown,Encyclopedia Volume 02 — A Gullah Geechee Biz publication.,,"REF000000,SOC002010,HIS036120",9.99,3e53c2a8.epub
Gullah Geechee Biz TV Spot,Darryl Elliott Brown,Gullah Geechee Biz TV Spot — A Gullah Geechee Biz publication.,,"BUS000000,SEL000000,SOC002010",3.99,3e67b6a8.epub
How to Cultivate Patience,Darryl Elliott Brown,How to Cultivate Patience — A Gullah Geechee Biz publication.,,"BUS000000,SEL000000,SOC002010",3.99,3e9fd688.epub
KDP Draft — How to Make Authentic Shrimp and Grits,Darryl Elliott Brown,KDP Draft — How to Make Authentic Shrimp and Grits — A Gullah Geechee Biz publication.,,"BUS000000,SEL000000,SOC002010",3.99,3eca6cba.epub
Encyclopedia Volume 44,Darryl Elliott Brown,Encyclopedia Volume 44 — A Gullah Geechee Biz publication.,,"REF000000,SOC002010,HIS036120",9.99,3fc56e83.epub
KDP Draft — How to Make Mac and Cheese the Southern Way,Darryl Elliott Brown,KDP Draft — How to Make Mac and Cheese the Southern Way — A Gullah Geechee Biz publication.,,"BUS000000,SEL000000,SOC002010",3.99,3ff83d20.epub
KDP Draft — How to Fry the Perfect Fish,Darryl Elliott Brown,KDP Draft — How to Fry the Perfect Fish — A Gullah Geechee Biz publication.,,"BUS000000,SEL000000,SOC002010",3.99,405e4d83.epub
KDP Draft — How to Build an Email List from Scratch,Darryl Elliott Brown,KDP Draft — How to Build an Email List from Scratch — A Gullah Geechee Biz publication.,,"BUS000000,SEL000000,SOC002010",3.99,405fba0f.epub
KDP Draft — How to Cook Gullah Cabbage,Darryl Elliott Brown,KDP Draft — How to Cook Gullah Cabbage — A Gullah Geechee Biz publication.,,"CKB000000,SOC002010,HIS036120",3.99,40887323.epub
Gullah Geechee Biz TV Spot,Darryl Elliott Brown,Gullah Geechee Biz TV Spot — A Gullah Geechee Biz publication.,,"BUS000000,SEL000000,SOC002010",3.99,408f67a4.epub
How to Create a Business Exit Strategy,Darryl Elliott Brown,How to Create a Business Exit Strategy — A Gullah Geechee Biz publication.,,"BUS000000,SEL000000,SOC002010",3.99,40ce2bf3.epub
How to Create a Customer Journey Map,Darryl Elliott Brown,How to Create a Customer Journey Map — A Gullah Geechee Biz publication.,,"BUS000000,SEL000000,SOC002010",3.99,40f95085.epub
How to Make Mac and Cheese the Southern Way,Darryl Elliott Brown,How to Make Mac and Cheese the Southern Way — A Gullah Geechee Biz publication.,,"BUS000000,SEL000000,SOC002010",3.99,4102ad11.epub
KDP Draft — How to Master Your Morning Routine,Darryl Elliott Brown,KDP Draft — How to Master Your Morning Routine — A Gullah Geechee Biz publication.,,"BUS000000,SEL000000,SOC002010",3.99,415eaab9.epub
How to Cook Lowcountry Boil,Darryl Elliott Brown,How to Cook Lowcountry Boil — A Gullah Geechee Biz publication.,,"CKB000000,SOC002010,HIS036120",3.99,426c1fb6.epub
How to Build a Website on a Budget,Darryl Elliott Brown,How to Build a Website on a Budget — A Gullah Geechee Biz publication.,,"BUS000000,SEL000000,SOC002010",3.99,42aad033.epub
Encyclopedia Volume 21,Darryl Elliott Brown,Encyclopedia Volume 21 — A Gullah Geechee Biz publication.,,"REF000000,SOC002010,HIS036120",9.99,42b54f9c.epub
How to Live with Intention,Darryl Elliott Brown,How to Live with Intention — A Gullah Geechee Biz publication.,,"BUS000000,SEL000000,SOC002010",3.99,42bbeb1c.epub
How to Make Boiled Peanuts,Darryl Elliott Brown,How to Make Boiled Peanuts — A Gullah Geechee Biz publication.,,"BUS000000,SEL000000,SOC002010",3.99,430f2370.epub
Encyclopedia Volume 05,Darryl Elliott Brown,Encyclopedia Volume 05 — A Gullah Geechee Biz publication.,,"REF000000,SOC002010,HIS036120",9.99,436dc1a8.epub
KDP Draft — How to Build Mental Toughness,Darryl Elliott Brown,KDP Draft — How to Build Mental Toughness — A Gullah Geechee Biz publication.,,"BUS000000,SEL000000,SOC002010",3.99,454b1b42.epub
Encyclopedia Volume 14,Darryl Elliott Brown,Encyclopedia Volume 14 — A Gullah Geechee Biz publication.,,"REF000000,SOC002010,HIS036120",9.99,45df32b5.epub
KDP Draft — Gullah Geechee Community Commerce,Darryl Elliott Brown,KDP Draft — Gullah Geechee Community Commerce — A Gullah Geechee Biz publication.,,"BUS000000,SEL000000,SOC002010",3.99,46519428.epub
KDP Draft — How to Break Bad Habits Forever,Darryl Elliott Brown,KDP Draft — How to Break Bad Habits Forever — A Gullah Geechee Biz publication.,,"BUS000000,SEL000000,SOC002010",3.99,465672c1.epub
Gullah Geechee Condiments,Darryl Elliott Brown,Gullah Geechee Condiments — A Gullah Geechee Biz publication.,,"BUS000000,SEL000000,SOC002010",3.99,46961e92.epub
How to Build Unshakeable Confidence,Darryl Elliott Brown,How to Build Unshakeable Confidence — A Gullah Geechee Biz publication.,,"BUS000000,SEL000000,SOC002010",3.99,46c387dc.epub
KDP Draft — How to Cook Gullah Seafood,Darryl Elliott Brown,KDP Draft — How to Cook Gullah Seafood — A Gullah Geechee Biz publication.,,"CKB000000,SOC002010,HIS036120",3.99,46fd2a84.epub
Encyclopedia Volume 24,Darryl Elliott Brown,Encyclopedia Volume 24 — A Gullah Geechee Biz publication.,,"REF000000,SOC002010,HIS036120",9.99,47095bee.epub
How to Build Customer Loyalty,Darryl Elliott Brown,How to Build Customer Loyalty — A Gullah Geechee Biz publication.,,"BUS000000,SEL000000,SOC002010",3.99,4729cfbb.epub
How to Build Connection,Darryl Elliott Brown,How to Build Connection — A Gullah Geechee Biz publication.,,"BUS000000,SEL000000,SOC002010",3.99,478c10ba.epub
How to Overcome Imposter Syndrome,Darryl Elliott Brown,How to Overcome Imposter Syndrome — A Gullah Geechee Biz publication.,,"BUS000000,SEL000000,SOC002010",3.99,480f5838.epub
How to Handle Criticism Gracefully,Darryl Elliott Brown,How to Handle Criticism Gracefully — A Gullah Geechee Biz publication.,,"BUS000000,SEL000000,SOC002010",3.99,4885e35a.epub
Encyclopedia Volume 32,Darryl Elliott Brown,Encyclopedia Volume 32 — A Gullah Geechee Biz publication.,,"REF000000,SOC002010,HIS036120",9.99,48d3d6fb.epub
KDP Draft — The Gullah Geechee Guide to Discipline,Darryl Elliott Brown,KDP Draft — The Gullah Geechee Guide to Discipline — A Gullah Geechee Biz publication.,,"BUS000000,SEL000000,SOC002010",3.99,48d956f1.epub
How to Make Gullah Sauces and Seasonings,Darryl Elliott Brown,How to Make Gullah Sauces and Seasonings — A Gullah Geechee Biz publication.,,"BUS000000,SEL000000,SOC002010",3.99,491a2ce8.epub
How to Launch an Online Course,Darryl Elliott Brown,How to Launch an Online Course — A Gullah Geechee Biz publication.,,"BUS000000,SEL000000,SOC002010",3.99,492072cc.epub
How to Build Strategic Partnerships,Darryl Elliott Brown,How to Build Strategic Partnerships — A Gullah Geechee Biz publication.,,"BUS000000,SEL000000,SOC002010",3.99,493170e2.epub
KDP Draft — How to Navigate Life Transitions,Darryl Elliott Brown,KDP Draft — How to Navigate Life Transitions — A Gullah Geechee Biz publication.,,"BUS000000,SEL000000,SOC002010",3.99,497efec3.epub
How to Cook with Seasonal Lowcountry Ingredients,Darryl Elliott Brown,How to Cook with Seasonal Lowcountry Ingredients — A Gullah Geechee Biz publication.,,"CKB000000,SOC002010,HIS036120",3.99,49ba5b69.epub
How to Build Vision,Darryl Elliott Brown,How to Build Vision — A Gullah Geechee Biz publication.,,"BUS000000,SEL000000,SOC002010",3.99,49e2ba7d.epub
How to Master LinkedIn for Business,Darryl Elliott Brown,How to Master LinkedIn for Business — A Gullah Geechee Biz publication.,,"BUS000000,SEL000000,SOC002010",3.99,4a0403ad.epub
Encyclopedia Volume 02,Darryl Elliott Brown,Encyclopedia Volume 02 — A Gullah Geechee Biz publication.,,"REF000000,SOC002010,HIS036120",9.99,4a09e215.epub
How to Make Pickled Shrimp,Darryl Elliott Brown,How to Make Pickled Shrimp — A Gullah Geechee Biz publication.,,"BUS000000,SEL000000,SOC002010",3.99,4a3905e8.epub
Encyclopedia Volume 34,Darryl Elliott Brown,Encyclopedia Volume 34 — A Gullah Geechee Biz publication.,,"REF000000,SOC002010,HIS036120",9.99,4a4a9f97.epub
KDP Draft — How to Write Copy That Sells,Darryl Elliott Brown,KDP Draft — How to Write Copy That Sells — A Gullah Geechee Biz publication.,,"BUS000000,SEL000000,SOC002010",3.99,4a657cc4.epub
KDP Draft — How to Stop People-Pleasing,Darryl Elliott Brown,KDP Draft — How to Stop People-Pleasing — A Gullah Geechee Biz publication.,,"BUS000000,SEL000000,SOC002010",3.99,4af424d1.epub
How to Build Joy,Darryl Elliott Brown,How to Build Joy — A Gullah Geechee Biz publication.,,"BUS000000,SEL000000,SOC002010",3.99,4b5b44cf.epub
KDP Draft — How to Break Bad Habits Forever,Darryl Elliott Brown,KDP Draft — How to Break Bad Habits Forever — A Gullah Geechee Biz publication.,,"BUS000000,SEL000000,SOC002010",3.99,4b5e85cf.epub
The Gullah Geechee Guide to Discipline,Darryl Elliott Brown,The Gullah Geechee Guide to Discipline — A Gullah Geechee Biz publication.,,"BUS000000,SEL000000,SOC002010",3.99,4c1424dd.epub
KDP Draft — How to Make Sweetgrass Lemonade,Darryl Elliott Brown,KDP Draft — How to Make Sweetgrass Lemonade — A Gullah Geechee Biz publication.,,"BUS000000,SEL000000,SOC002010",3.99,4c1b10a9.epub
How to Create a Customer Journey Map,Darryl Elliott Brown,How to Create a Customer Journey Map — A Gullah Geechee Biz publication.,,"BUS000000,SEL000000,SOC002010",3.99,4c3055fc.epub
How to Build Mental Toughness,Darryl Elliott Brown,How to Build Mental Toughness — A Gullah Geechee Biz publication.,,"BUS000000,SEL000000,SOC002010",3.99,4cbbde9f.epub
How to Let Go of Perfectionism,Darryl Elliott Brown,How to Let Go of Perfectionism — A Gullah Geechee Biz publication.,,"BUS000000,SEL000000,SOC002010",3.99,4dac2da5.epub
KDP Draft — How to Cultivate Daily Gratitude,Darryl Elliott Brown,KDP Draft — How to Cultivate Daily Gratitude — A Gullah Geechee Biz publication.,,"BUS000000,SEL000000,SOC002010",3.99,4dc22630.epub
How to Cook Gullah Vegetables,Darryl Elliott Brown,How to Cook Gullah Vegetables — A Gullah Geechee Biz publication.,,"CKB000000,SOC002010,HIS036120",3.99,4dca89cd.epub
How to Create a Personal Mission Statement,Darryl Elliott Brown,How to Create a Personal Mission Statement — A Gullah Geechee Biz publication.,,"BUS000000,SEL000000,SOC002010",3.99,4e19dd90.epub
How to Master Public Speaking,Darryl Elliott Brown,How to Master Public Speaking — A Gullah Geechee Biz publication.,,"BUS000000,SEL000000,SOC002010",3.99,4ec0f721.epub
KDP Draft — How to Make Gullah Soups and Stews,Darryl Elliott Brown,KDP Draft — How to Make Gullah Soups and Stews — A Gullah Geechee Biz publication.,,"BUS000000,SEL000000,SOC002010",3.99,4edc78c3.epub
KDP Draft — Gullah Geechee One-Pot Meals,Darryl Elliott Brown,KDP Draft — Gullah Geechee One-Pot Meals — A Gullah Geechee Biz publication.,,"BUS000000,SEL000000,SOC002010",3.99,4fcfecfa.epub
Encyclopedia Volume 21,Darryl Elliott Brown,Encyclopedia Volume 21 — A Gullah Geechee Biz publication.,,"REF000000,SOC002010,HIS036120",9.99,5059d5c4.epub
KDP Draft — How to Create a Referral Program,Darryl Elliott Brown,KDP Draft — How to Create a Referral Program — A Gullah Geechee Biz publication.,,"BUS000000,SEL000000,SOC002010",3.99,5063b5ed.epub
Encyclopedia Volume 05,Darryl Elliott Brown,Encyclopedia Volume 05 — A Gullah Geechee Biz publication.,,"REF000000,SOC002010,HIS036120",9.99,511b5de5.epub
KDP Draft — How to Negotiate Better Deals,Darryl Elliott Brown,KDP Draft — How to Negotiate Better Deals — A Gullah Geechee Biz publication.,,"BUS000000,SEL000000,SOC002010",3.99,5128f17a.epub
Encyclopedia Volume 25,Darryl Elliott Brown,Encyclopedia Volume 25 — A Gullah Geechee Biz publication.,,"REF000000,SOC002010,HIS036120",9.99,51449148.epub
How to Build Zeal,Darryl Elliott Brown,How to Build Zeal — A Gullah Geechee Biz publication.,,"BUS000000,SEL000000,SOC002010",3.99,51bfff02.epub
How to Build Healthy Relationships,Darryl Elliott Brown,How to Build Healthy Relationships — A Gullah Geechee Biz publication.,,"BUS000000,SEL000000,SOC002010",3.99,51cee6e8.epub
KDP Draft — How to Develop Daily Discipline,Darryl Elliott Brown,KDP Draft — How to Develop Daily Discipline — A Gullah Geechee Biz publication.,,"BUS000000,SEL000000,SOC002010",3.99,5204ece7.epub
How to Cook Perfect Gullah Red Rice,Darryl Elliott Brown,How to Cook Perfect Gullah Red Rice — A Gullah Geechee Biz publication.,,"CKB000000,SOC002010,HIS036120",3.99,520905ca.epub
How to Build Strategic Partnerships,Darryl Elliott Brown,How to Build Strategic Partnerships — A Gullah Geechee Biz publication.,,"BUS000000,SEL000000,SOC002010",3.99,53320b43.epub
Gullah Geechee Meal Prep,Darryl Elliott Brown,Gullah Geechee Meal Prep — A Gullah Geechee Biz publication.,,"BUS000000,SEL000000,SOC002010",3.99,535946dd.epub
KDP Draft — How to Let Go of Perfectionism,Darryl Elliott Brown,KDP Draft — How to Let Go of Perfectionism — A Gullah Geechee Biz publication.,,"BUS000000,SEL000000,SOC002010",3.99,5364447d.epub
How to Use AI in Your Business,Darryl Elliott Brown,How to Use AI in Your Business — A Gullah Geechee Biz publication.,,"BUS000000,SEL000000,SOC002010",3.99,54110f98.epub
How to Build Balance,Darryl Elliott Brown,How to Build Balance — A Gullah Geechee Biz publication.,,"BUS000000,SEL000000,SOC002010",3.99,541d82c9.epub
Encyclopedia Volume 10,Darryl Elliott Brown,Encyclopedia Volume 10 — A Gullah Geechee Biz publication.,,"REF000000,SOC002010,HIS036120",9.99,54c98f4a.epub
How to Manage Business Finances,Darryl Elliott Brown,How to Manage Business Finances — A Gullah Geechee Biz publication.,,"BUS000000,SEL000000,SOC002010",3.99,54fb1d1e.epub
How to Cook Gullah Seafood,Darryl Elliott Brown,How to Cook Gullah Seafood — A Gullah Geechee Biz publication.,,"CKB000000,SOC002010,HIS036120",3.99,5518daf9.epub
KDP Draft — How to Create a Vision Board That Works,Darryl Elliott Brown,KDP Draft — How to Create a Vision Board That Works — A Gullah Geechee Biz publication.,,"BUS000000,SEL000000,SOC002010",3.99,5519ebaf.epub
How to Make Gullah Soups and Stews,Darryl Elliott Brown,How to Make Gullah Soups and Stews — A Gullah Geechee Biz publication.,,"BUS000000,SEL000000,SOC002010",3.99,5595f381.epub
KDP Draft — How to Stay Motivated Every Day,Darryl Elliott Brown,KDP Draft — How to Stay Motivated Every Day — A Gullah Geechee Biz publication.,,"BUS000000,SEL000000,SOC002010",3.99,565a8eee.epub
KDP Draft — How to Practice Self-Compassion,Darryl Elliott Brown,KDP Draft — How to Practice Self-Compassion — A Gullah Geechee Biz publication.,,"BUS000000,SEL000000,SOC002010",3.99,566ef156.epub
KDP Draft — How to Make Gullah Breakfast,Darryl Elliott Brown,KDP Draft — How to Make Gullah Breakfast — A Gullah Geechee Biz publication.,,"BUS000000,SEL000000,SOC002010",3.99,56be45ff.epub
How to Let Go of Perfectionism,Darryl Elliott Brown,How to Let Go of Perfectionism — A Gullah Geechee Biz publication.,,"BUS000000,SEL000000,SOC002010",3.99,56be4852.epub
How to Create a Brand Style Guide,Darryl Elliott Brown,How to Create a Brand Style Guide — A Gullah Geechee Biz publication.,,"BUS000000,SEL000000,SOC002010",3.99,57b061f3.epub
KDP Draft — How to Build Resilience in Tough Times,Darryl Elliott Brown,KDP Draft — How to Build Resilience in Tough Times — A Gullah Geechee Biz publication.,,"BUS000000,SEL000000,SOC002010",3.99,57b1947d.epub
How to Make Boiled Peanuts,Darryl Elliott Brown,How to Make Boiled Peanuts — A Gullah Geechee Biz publication.,,"BUS000000,SEL000000,SOC002010",3.99,582c83eb.epub
How to Negotiate Better Deals,Darryl Elliott Brown,How to Negotiate Better Deals — A Gullah Geechee Biz publication.,,"BUS000000,SEL000000,SOC002010",3.99,58a58150.epub
KDP Draft — How to Master Social Media Marketing,Darryl Elliott Brown,KDP Draft — How to Master Social Media Marketing — A Gullah Geechee Biz publication.,,"BUS000000,SEL000000,SOC002010",3.99,58ad42d2.epub
The Gullah Geechee Guide to Yearning,Darryl Elliott Brown,The Gullah Geechee Guide to Yearning — A Gullah Geechee Biz publication.,,"BUS000000,SEL000000,SOC002010",3.99,59269f44.epub
How to Write a Winning Grant Proposal,Darryl Elliott Brown,How to Write a Winning Grant Proposal — A Gullah Geechee Biz publication.,,"BUS000000,SEL000000,SOC002010",3.99,593c29fe.epub
How to Make Gullah Tea Cakes,Darryl Elliott Brown,How to Make Gullah Tea Cakes — A Gullah Geechee Biz publication.,,"BUS000000,SEL000000,SOC002010",3.99,59d4fcc8.epub
KDP Draft — How to Create a Business Exit Strategy,Darryl Elliott Brown,KDP Draft — How to Create a Business Exit Strategy — A Gullah Geechee Biz publication.,,"BUS000000,SEL000000,SOC002010",3.99,5a21e6bf.epub
KDP Draft — How to Manage Anxiety Naturally,Darryl Elliott Brown,KDP Draft — How to Manage Anxiety Naturally — A Gullah Geechee Biz publication.,,"BUS000000,SEL000000,SOC002010",3.99,5a75f46b.epub
How to Make Sweetgrass Lemonade,Darryl Elliott Brown,How to Make Sweetgrass Lemonade — A Gullah Geechee Biz publication.,,"BUS000000,SEL000000,SOC002010",3.99,5ade7aab.epub
KDP Draft — How to Create a Sales Funnel,Darryl Elliott Brown,KDP Draft — How to Create a Sales Funnel — A Gullah Geechee Biz publication.,,"BUS000000,SEL000000,SOC002010",3.99,5b0baa9b.epub
KDP Draft — How to Negotiate Better Deals,Darryl Elliott Brown,KDP Draft — How to Negotiate Better Deals — A Gullah Geechee Biz publication.,,"BUS000000,SEL000000,SOC002010",3.99,5b6772d0.epub
How to Cook Gullah Cabbage,Darryl Elliott Brown,How to Cook Gullah Cabbage — A Gullah Geechee Biz publication.,,"CKB000000,SOC002010,HIS036120",3.99,5b9a7624.epub
How to Scale Your Small Business,Darryl Elliott Brown,How to Scale Your Small Business — A Gullah Geechee Biz publication.,,"BUS000000,SEL000000,SOC002010",3.99,5bd6f774.epub
KDP Draft — How to Make Gullah Breads,Darryl Elliott Brown,KDP Draft — How to Make Gullah Breads — A Gullah Geechee Biz publication.,,"BUS000000,SEL000000,SOC002010",3.99,5be3f7cd.epub
How to Make One-Pot Gullah Meals,Darryl Elliott Brown,How to Make One-Pot Gullah Meals — A Gullah Geechee Biz publication.,,"BUS000000,SEL000000,SOC002010",3.99,5c2dd081.epub
KDP Draft — How to Make Benne Wafers,Darryl Elliott Brown,KDP Draft — How to Make Benne Wafers — A Gullah Geechee Biz publication.,,"BUS000000,SEL000000,SOC002010",3.99,5c5dcb72.epub
How to Build Mental Toughness,Darryl Elliott Brown,How to Build Mental Toughness — A Gullah Geechee Biz publication.,,"BUS000000,SEL000000,SOC002010",3.99,5cc91682.epub
How to Build Resilience in Tough Times,Darryl Elliott Brown,How to Build Resilience in Tough Times — A Gullah Geechee Biz publication.,,"BUS000000,SEL000000,SOC002010",3.99,5cee8c27.epub
How to Build a Freelance Career,Darryl Elliott Brown,How to Build a Freelance Career — A Gullah Geechee Biz publication.,,"BUS000000,SEL000000,SOC002010",3.99,5dc47f5b.epub
How to Preserve Summer Vegetables,Darryl Elliott Brown,How to Preserve Summer Vegetables — A Gullah Geechee Biz publication.,,"BUS000000,SEL000000,SOC002010",3.99,5e0edeb6.epub
How to Launch an Online Course,Darryl Elliott Brown,How to Launch an Online Course — A Gullah Geechee Biz publication.,,"BUS000000,SEL000000,SOC002010",3.99,5e4b3ccd.epub
How to Make Southern Cornbread from Scratch,Darryl Elliott Brown,How to Make Southern Cornbread from Scratch — A Gullah Geechee Biz publication.,,"BUS000000,SEL000000,SOC002010",3.99,5f842a91.epub
KDP Draft — How to Create a Business Plan,Darryl Elliott Brown,KDP Draft — How to Create a Business Plan — A Gullah Geechee Biz publication.,,"BUS000000,SEL000000,SOC002010",3.99,5f8efc57.epub
KDP Draft — How to Create a Marketing Funnel,Darryl Elliott Brown,KDP Draft — How to Create a Marketing Funnel — A Gullah Geechee Biz publication.,,"BUS000000,SEL000000,SOC002010",3.99,5fdb2a21.epub
Encyclopedia Volume 33,Darryl Elliott Brown,Encyclopedia Volume 33 — A Gullah Geechee Biz publication.,,"REF000000,SOC002010,HIS036120",9.99,6022074a.epub
Gullah Geechee Digital Marketing,Darryl Elliott Brown,Gullah Geechee Digital Marketing — A Gullah Geechee Biz publication.,,"BUS000000,SEL000000,SOC002010",3.99,6046cca3.epub
How to Make Southern Cornbread from Scratch,Darryl Elliott Brown,How to Make Southern Cornbread from Scratch — A Gullah Geechee Biz publication.,,"BUS000000,SEL000000,SOC002010",3.99,609dd8ba.epub
How to Stop People-Pleasing,Darryl Elliott Brown,How to Stop People-Pleasing — A Gullah Geechee Biz publication.,,"BUS000000,SEL000000,SOC002010",3.99,60a37eac.epub
How to Make Benne Wafers,Darryl Elliott Brown,How to Make Benne Wafers — A Gullah Geechee Biz publication.,,"BUS000000,SEL000000,SOC002010",3.99,60edbafb.epub
KDP Draft — How to Preserve Summer Vegetables,Darryl Elliott Brown,KDP Draft — How to Preserve Summer Vegetables — A Gullah Geechee Biz publication.,,"BUS000000,SEL000000,SOC002010",3.99,61ff31b0.epub
How to Make Holiday Gullah Feasts,Darryl Elliott Brown,How to Make Holiday Gullah Feasts — A Gullah Geechee Biz publication.,,"BUS000000,SEL000000,SOC002010",3.99,622da652.epub
The Gullah Geechee Guide to Dignity,Darryl Elliott Brown,The Gullah Geechee Guide to Dignity — A Gullah Geechee Biz publication.,,"BUS000000,SEL000000,SOC002010",3.99,6249802b.epub
How to Manage Anxiety Naturally,Darryl Elliott Brown,How to Manage Anxiety Naturally — A Gullah Geechee Biz publication.,,"BUS000000,SEL000000,SOC002010",3.99,627ad61e.epub
How to Bake Sweet Potato Pie,Darryl Elliott Brown,How to Bake Sweet Potato Pie — A Gullah Geechee Biz publication.,,"BUS000000,SEL000000,SOC002010",3.99,62c1bead.epub
How to Master Email Marketing,Darryl Elliott Brown,How to Master Email Marketing — A Gullah Geechee Biz publication.,,"BUS000000,SEL000000,SOC002010",3.99,63356a4c.epub
How to Build a Community Around Your Brand,Darryl Elliott Brown,How to Build a Community Around Your Brand — A Gullah Geechee Biz publication.,,"BUS000000,SEL000000,SOC002010",3.99,635dad5f.epub
KDP Draft — How to Bake Sweet Potato Pie,Darryl Elliott Brown,KDP Draft — How to Bake Sweet Potato Pie — A Gullah Geechee Biz publication.,,"BUS000000,SEL000000,SOC002010",3.99,63b51657.epub
How to Create a Product Launch Plan,Darryl Elliott Brown,How to Create a Product Launch Plan — A Gullah Geechee Biz publication.,,"BUS000000,SEL000000,SOC002010",3.99,63e13b0f.epub
KDP Draft — Gullah Geechee Microenterprise,Darryl Elliott Brown,KDP Draft — Gullah Geechee Microenterprise — A Gullah Geechee Biz publication.,,"BUS000000,SEL000000,SOC002010",3.99,63ec8730.epub
How to Prepare Okra and Tomatoes,Darryl Elliott Brown,How to Prepare Okra and Tomatoes — A Gullah Geechee Biz publication.,,"BUS000000,SEL000000,SOC002010",3.99,6418c182.epub
Gullah Geechee Business Planning,Darryl Elliott Brown,Gullah Geechee Business Planning — A Gullah Geechee Biz publication.,,"BUS000000,SEL000000,SOC002010",3.99,6442277e.epub
How to Cook Gullah Seafood,Darryl Elliott Brown,How to Cook Gullah Seafood — A Gullah Geechee Biz publication.,,"CKB000000,SOC002010,HIS036120",3.99,647efa02.epub
Encyclopedia Volume 39,Darryl Elliott Brown,Encyclopedia Volume 39 — A Gullah Geechee Biz publication.,,"REF000000,SOC002010,HIS036120",9.99,64887ca5.epub
KDP Draft — How to Build a Subscription Business,Darryl Elliott Brown,KDP Draft — How to Build a Subscription Business — A Gullah Geechee Biz publication.,,"BUS000000,SEL000000,SOC002010",3.99,64b076a8.epub
KDP Draft — How to Master Public Speaking,Darryl Elliott Brown,KDP Draft — How to Master Public Speaking — A Gullah Geechee Biz publication.,,"BUS000000,SEL000000,SOC002010",3.99,65214a68.epub
How to Build Vulnerability,Darryl Elliott Brown,How to Build Vulnerability — A Gullah Geechee Biz publication.,,"BUS000000,SEL000000,SOC002010",3.99,652396c7.epub
Encyclopedia Volume 01,Darryl Elliott Brown,Encyclopedia Volume 01 — A Gullah Geechee Biz publication.,,"REF000000,SOC002010,HIS036120",9.99,65ab2266.epub
Gullah Geechee Digital Marketing,Darryl Elliott Brown,Gullah Geechee Digital Marketing — A Gullah Geechee Biz publication.,,"BUS000000,SEL000000,SOC002010",3.99,65d5b803.epub
How to Build Customer Loyalty,Darryl Elliott Brown,How to Build Customer Loyalty — A Gullah Geechee Biz publication.,,"BUS000000,SEL000000,SOC002010",3.99,65fefcb6.epub
How to Build Vision,Darryl Elliott Brown,How to Build Vision — A Gullah Geechee Biz publication.,,"BUS000000,SEL000000,SOC002010",3.99,66182a39.epub
How to Master Business Storytelling,Darryl Elliott Brown,How to Master Business Storytelling — A Gullah Geechee Biz publication.,,"BUS000000,SEL000000,SOC002010",3.99,667ab624.epub
How to Create a Business Plan,Darryl Elliott Brown,How to Create a Business Plan — A Gullah Geechee Biz publication.,,"BUS000000,SEL000000,SOC002010",3.99,66db9a12.epub
How to Write Copy That Sells,Darryl Elliott Brown,How to Write Copy That Sells — A Gullah Geechee Biz publication.,,"BUS000000,SEL000000,SOC002010",3.99,67547984.epub
KDP Draft — How to Cook Perfect Gullah Red Rice,Darryl Elliott Brown,KDP Draft — How to Cook Perfect Gullah Red Rice — A Gullah Geechee Biz publication.,,"CKB000000,SOC002010,HIS036120",3.99,676a1c72.epub
How to Make Pickled Shrimp,Darryl Elliott Brown,How to Make Pickled Shrimp — A Gullah Geechee Biz publication.,,"BUS000000,SEL000000,SOC002010",3.99,676ca688.epub
KDP Draft — How to Make Boiled Peanuts,Darryl Elliott Brown,KDP Draft — How to Make Boiled Peanuts — A Gullah Geechee Biz publication.,,"BUS000000,SEL000000,SOC002010",3.99,677f5b4b.epub
KDP Draft — How to Prepare Okra and Tomatoes,Darryl Elliott Brown,KDP Draft — How to Prepare Okra and Tomatoes — A Gullah Geechee Biz publication.,,"BUS000000,SEL000000,SOC002010",3.99,67f65997.epub
Encyclopedia Volume 13,Darryl Elliott Brown,Encyclopedia Volume 13 — A Gullah Geechee Biz publication.,,"REF000000,SOC002010,HIS036120",9.99,68232875.epub
How to Build Surrender,Darryl Elliott Brown,How to Build Surrender — A Gullah Geechee Biz publication.,,"BUS000000,SEL000000,SOC002010",3.99,68fcf200.epub
How to Price Your Products or Services,Darryl Elliott Brown,How to Price Your Products or Services — A Gullah Geechee Biz publication.,,"BUS000000,SEL000000,SOC002010",3.99,692ac241.epub
KDP Draft — How to Make Benne Wafers,Darryl Elliott Brown,KDP Draft — How to Make Benne Wafers — A Gullah Geechee Biz publication.,,"BUS000000,SEL000000,SOC002010",3.99,696838cd.epub
How to Manage Anxiety Naturally,Darryl Elliott Brown,How to Manage Anxiety Naturally — A Gullah Geechee Biz publication.,,"BUS000000,SEL000000,SOC002010",3.99,6993a900.epub
KDP Draft — How to Prepare Okra and Tomatoes,Darryl Elliott Brown,KDP Draft — How to Prepare Okra and Tomatoes — A Gullah Geechee Biz publication.,,"BUS000000,SEL000000,SOC002010",3.99,6a7a95a3.epub
KDP Draft — How to Master LinkedIn for Business,Darryl Elliott Brown,KDP Draft — How to Master LinkedIn for Business — A Gullah Geechee Biz publication.,,"BUS000000,SEL000000,SOC002010",3.99,6b2ca4a6.epub
Encyclopedia Volume 35,Darryl Elliott Brown,Encyclopedia Volume 35 — A Gullah Geechee Biz publication.,,"REF000000,SOC002010,HIS036120",9.99,6b337306.epub
How to Make Benne Wafers,Darryl Elliott Brown,How to Make Benne Wafers — A Gullah Geechee Biz publication.,,"BUS000000,SEL000000,SOC002010",3.99,6b583604.epub
KDP Draft — The Gullah Geechee Guide to Discipline,Darryl Elliott Brown,KDP Draft — The Gullah Geechee Guide to Discipline — A Gullah Geechee Biz publication.,,"BUS000000,SEL000000,SOC002010",3.99,6bfea76a.epub
KDP Draft — How to Create a Content Strategy,Darryl Elliott Brown,KDP Draft — How to Create a Content Strategy — A Gullah Geechee Biz publication.,,"BUS000000,SEL000000,SOC002010",3.99,6c2925cd.epub
Encyclopedia Volume 10,Darryl Elliott Brown,Encyclopedia Volume 10 — A Gullah Geechee Biz publication.,,"REF000000,SOC002010,HIS036120",9.99,6c7835c9.epub
KDP Draft — How to Overcome Fear of Failure,Darryl Elliott Brown,KDP Draft — How to Overcome Fear of Failure — A Gullah Geechee Biz publication.,,"BUS000000,SEL000000,SOC002010",3.99,6c9a37f0.epub
How to Network Like a Pro,Darryl Elliott Brown,How to Network Like a Pro — A Gullah Geechee Biz publication.,,"BUS000000,SEL000000,SOC002010",3.99,6cdcbebb.epub
How to Cook Gullah Seafood,Darryl Elliott Brown,How to Cook Gullah Seafood — A Gullah Geechee Biz publication.,,"CKB000000,SOC002010,HIS036120",3.99,6d060e45.epub
How to Cook Gullah Seafood,Darryl Elliott Brown,How to Cook Gullah Seafood — A Gullah Geechee Biz publication.,,"CKB000000,SOC002010,HIS036120",3.99,6d3a2a44.epub
How to Build a Personal Brand,Darryl Elliott Brown,How to Build a Personal Brand — A Gullah Geechee Biz publication.,,"BUS000000,SEL000000,SOC002010",3.99,6d5306a4.epub
How to Cook Collard Greens the Right Way,Darryl Elliott Brown,How to Cook Collard Greens the Right Way — A Gullah Geechee Biz publication.,,"CKB000000,SOC002010,HIS036120",3.99,6db8ba75.epub
How to Develop Emotional Intelligence,Darryl Elliott Brown,How to Develop Emotional Intelligence — A Gullah Geechee Biz publication.,,"BUS000000,SEL000000,SOC002010",3.99,6dec9a51.epub
Encyclopedia Volume 40,Darryl Elliott Brown,Encyclopedia Volume 40 — A Gullah Geechee Biz publication.,,"REF000000,SOC002010,HIS036120",9.99,6e4badd3.epub
KDP Draft — How to Make Southern Cornbread from Scratch,Darryl Elliott Brown,KDP Draft — How to Make Southern Cornbread from Scratch — A Gullah Geechee Biz publication.,,"BUS000000,SEL000000,SOC002010",3.99,6e8169f8.epub
Lowcountry Tourism,Darryl Elliott Brown,Lowcountry Tourism — A Gullah Geechee Biz publication.,,"BUS000000,SEL000000,SOC002010",3.99,6ec516df.epub
How to Make Gullah Soups and Stews,Darryl Elliott Brown,How to Make Gullah Soups and Stews — A Gullah Geechee Biz publication.,,"BUS000000,SEL000000,SOC002010",3.99,6f20ddbf.epub
How to Cultivate Daily Gratitude,Darryl Elliott Brown,How to Cultivate Daily Gratitude — A Gullah Geechee Biz publication.,,"BUS000000,SEL000000,SOC002010",3.99,6f753c39.epub
KDP Draft — How to Cook Gullah Pork Chops,Darryl Elliott Brown,KDP Draft — How to Cook Gullah Pork Chops — A Gullah Geechee Biz publication.,,"CKB000000,SOC002010,HIS036120",3.99,6fb5c8cf.epub
Encyclopedia Volume 08,Darryl Elliott Brown,Encyclopedia Volume 08 — A Gullah Geechee Biz publication.,,"REF000000,SOC002010,HIS036120",9.99,6fd0cd30.epub
Encyclopedia Volume 18,Darryl Elliott Brown,Encyclopedia Volume 18 — A Gullah Geechee Biz publication.,,"REF000000,SOC002010,HIS036120",9.99,703aa98f.epub
How to Stop People-Pleasing,Darryl Elliott Brown,How to Stop People-Pleasing — A Gullah Geechee Biz publication.,,"BUS000000,SEL000000,SOC002010",3.99,709f130a.epub
How to Break Bad Habits Forever,Darryl Elliott Brown,How to Break Bad Habits Forever — A Gullah Geechee Biz publication.,,"BUS000000,SEL000000,SOC002010",3.99,70b7e942.epub
How to Create a Brand Style Guide,Darryl Elliott Brown,How to Create a Brand Style Guide — A Gullah Geechee Biz publication.,,"BUS000000,SEL000000,SOC002010",3.99,70c53179.epub
How to Launch an Online Course,Darryl Elliott Brown,How to Launch an Online Course — A Gullah Geechee Biz publication.,,"BUS000000,SEL000000,SOC002010",3.99,70d3959f.epub
Encyclopedia Volume 41,Darryl Elliott Brown,Encyclopedia Volume 41 — A Gullah Geechee Biz publication.,,"REF000000,SOC002010,HIS036120",9.99,70edb7b2.epub
KDP Draft — How to Use AI in Your Business,Darryl Elliott Brown,KDP Draft — How to Use AI in Your Business — A Gullah Geechee Biz publication.,,"BUS000000,SEL000000,SOC002010",3.99,711c3963.epub
How to Find Your Purpose,Darryl Elliott Brown,How to Find Your Purpose — A Gullah Geechee Biz publication.,,"BUS000000,SEL000000,SOC002010",3.99,7169b53a.epub
How to Master Cast Iron Cooking,Darryl Elliott Brown,How to Master Cast Iron Cooking — A Gullah Geechee Biz publication.,,"CKB000000,SOC002010,HIS036120",3.99,717b5e72.epub
How to Master Public Speaking,Darryl Elliott Brown,How to Master Public Speaking — A Gullah Geechee Biz publication.,,"BUS000000,SEL000000,SOC002010",3.99,71bc8ee3.epub
KDP Draft — How to Build Healthy Relationships,Darryl Elliott Brown,KDP Draft — How to Build Healthy Relationships — A Gullah Geechee Biz publication.,,"BUS000000,SEL000000,SOC002010",3.99,722f7484.epub
Gullah Geechee Community Commerce,Darryl Elliott Brown,Gullah Geechee Community Commerce — A Gullah Geechee Biz publication.,,"BUS000000,SEL000000,SOC002010",3.99,72cb41fc.epub
KDP Draft — How to Build Customer Loyalty,Darryl Elliott Brown,KDP Draft — How to Build Customer Loyalty — A Gullah Geechee Biz publication.,,"BUS000000,SEL000000,SOC002010",3.99,73a68d00.epub
Encyclopedia Volume 27,Darryl Elliott Brown,Encyclopedia Volume 27 — A Gullah Geechee Biz publication.,,"REF000000,SOC002010,HIS036120",9.99,73abbaee.epub
KDP Draft — How to Bake Buttermilk Cornbread,Darryl Elliott Brown,KDP Draft — How to Bake Buttermilk Cornbread — A Gullah Geechee Biz publication.,,"BUS000000,SEL000000,SOC002010",3.99,73abd636.epub
How to Create a Content Strategy,Darryl Elliott Brown,How to Create a Content Strategy — A Gullah Geechee Biz publication.,,"BUS000000,SEL000000,SOC002010",3.99,73db13c5.epub
How to Make Pickled Shrimp,Darryl Elliott Brown,How to Make Pickled Shrimp — A Gullah Geechee Biz publication.,,"BUS000000,SEL000000,SOC002010",3.99,7478330a.epub
How to Bake Buttermilk Cornbread,Darryl Elliott Brown,How to Bake Buttermilk Cornbread — A Gullah Geechee Biz publication.,,"BUS000000,SEL000000,SOC002010",3.99,74a830c1.epub
KDP Draft — How to Master LinkedIn for Business,Darryl Elliott Brown,KDP Draft — How to Master LinkedIn for Business — A Gullah Geechee Biz publication.,,"BUS000000,SEL000000,SOC002010",3.99,74a87014.epub
How to Bake Sweet Potato Pie,Darryl Elliott Brown,How to Bake Sweet Potato Pie — A Gullah Geechee Biz publication.,,"BUS000000,SEL000000,SOC002010",3.99,74d5e343.epub
How to Cook Collard Greens the Right Way,Darryl Elliott Brown,How to Cook Collard Greens the Right Way — A Gullah Geechee Biz publication.,,"CKB000000,SOC002010,HIS036120",3.99,74f9c83d.epub
KDP Draft — How to Master LinkedIn for Business,Darryl Elliott Brown,KDP Draft — How to Master LinkedIn for Business — A Gullah Geechee Biz publication.,,"BUS000000,SEL000000,SOC002010",3.99,7528f7c1.epub
How to Cook Gullah Pork Chops,Darryl Elliott Brown,How to Cook Gullah Pork Chops — A Gullah Geechee Biz publication.,,"CKB000000,SOC002010,HIS036120",3.99,7533c4e0.epub
How to Negotiate Better Deals,Darryl Elliott Brown,How to Negotiate Better Deals — A Gullah Geechee Biz publication.,,"BUS000000,SEL000000,SOC002010",3.99,7542cf44.epub
Encyclopedia Volume 28,Darryl Elliott Brown,Encyclopedia Volume 28 — A Gullah Geechee Biz publication.,,"REF000000,SOC002010,HIS036120",9.99,7560a0c6.epub
KDP Draft — Gullah Geechee Camp Cooking,Darryl Elliott Brown,KDP Draft — Gullah Geechee Camp Cooking — A Gullah Geechee Biz publication.,,"CKB000000,SOC002010,HIS036120",3.99,75dd4411.epub
KDP Draft — How to Create a Vision Board That Works,Darryl Elliott Brown,KDP Draft — How to Create a Vision Board That Works — A Gullah Geechee Biz publication.,,"BUS000000,SEL000000,SOC002010",3.99,75ea0f62.epub
KDP Draft — How to Embrace Your Authentic Self,Darryl Elliott Brown,KDP Draft — How to Embrace Your Authentic Self — A Gullah Geechee Biz publication.,,"BUS000000,SEL000000,SOC002010",3.99,7601e87a.epub
KDP Draft — How to Create a Business Exit Strategy,Darryl Elliott Brown,KDP Draft — How to Create a Business Exit Strategy — A Gullah Geechee Biz publication.,,"BUS000000,SEL000000,SOC002010",3.99,7615ca76.epub
KDP Draft — How to Master Public Speaking,Darryl Elliott Brown,KDP Draft — How to Master Public Speaking — A Gullah Geechee Biz publication.,,"BUS000000,SEL000000,SOC002010",3.99,76ec3f6e.epub
Encyclopedia Volume 50,Darryl Elliott Brown,Encyclopedia Volume 50 — A Gullah Geechee Biz publication.,,"REF000000,SOC002010,HIS036120",9.99,77503377.epub
Encyclopedia Volume 04,Darryl Elliott Brown,Encyclopedia Volume 04 — A Gullah Geechee Biz publication.,,"REF000000,SOC002010,HIS036120",9.99,77a2c063.epub
How to Let Go of Perfectionism,Darryl Elliott Brown,How to Let Go of Perfectionism — A Gullah Geechee Biz publication.,,"BUS000000,SEL000000,SOC002010",3.99,77dae6bc.epub
Encyclopedia Volume 08,Darryl Elliott Brown,Encyclopedia Volume 08 — A Gullah Geechee Biz publication.,,"REF000000,SOC002010,HIS036120",9.99,77e8a242.epub
Encyclopedia Volume 04,Darryl Elliott Brown,Encyclopedia Volume 04 — A Gullah Geechee Biz publication.,,"REF000000,SOC002010,HIS036120",9.99,781f5838.epub
Gullah Geechee Smoothies,Darryl Elliott Brown,Gullah Geechee Smoothies — A Gullah Geechee Biz publication.,,"BUS000000,SEL000000,SOC002010",3.99,7821df4b.epub
Gullah Geechee Biz TV Spot,Darryl Elliott Brown,Gullah Geechee Biz TV Spot — A Gullah Geechee Biz publication.,,"BUS000000,SEL000000,SOC002010",3.99,785d29c4.epub
How to Overcome Imposter Syndrome,Darryl Elliott Brown,How to Overcome Imposter Syndrome — A Gullah Geechee Biz publication.,,"BUS000000,SEL000000,SOC002010",3.99,786271c8.epub
How to Build Vision,Darryl Elliott Brown,How to Build Vision — A Gullah Geechee Biz publication.,,"BUS000000,SEL000000,SOC002010",3.99,787e16d0.epub
KDP Draft — How to Make Sweetgrass Lemonade,Darryl Elliott Brown,KDP Draft — How to Make Sweetgrass Lemonade — A Gullah Geechee Biz publication.,,"BUS000000,SEL000000,SOC002010",3.99,78aab67c.epub
How to Manage Your Time Effectively,Darryl Elliott Brown,How to Manage Your Time Effectively — A Gullah Geechee Biz publication.,,"BUS000000,SEL000000,SOC002010",3.99,795ef435.epub
KDP Draft — How to Master Your Morning Routine,Darryl Elliott Brown,KDP Draft — How to Master Your Morning Routine — A Gullah Geechee Biz publication.,,"BUS000000,SEL000000,SOC002010",3.99,79cd0d6a.epub
Encyclopedia Volume 30,Darryl Elliott Brown,Encyclopedia Volume 30 — A Gullah Geechee Biz publication.,,"REF000000,SOC002010,HIS036120",9.99,79e76282.epub
Gullah Geechee Job Creation,Darryl Elliott Brown,Gullah Geechee Job Creation — A Gullah Geechee Biz publication.,,"BUS000000,SEL000000,SOC002010",3.99,7a590d6a.epub
Encyclopedia Volume 15,Darryl Elliott Brown,Encyclopedia Volume 15 — A Gullah Geechee Biz publication.,,"REF000000,SOC002010,HIS036120",9.99,7a82573a.epub
Gullah Geechee Business Planning,Darryl Elliott Brown,Gullah Geechee Business Planning — A Gullah Geechee Biz publication.,,"BUS000000,SEL000000,SOC002010",3.99,7a9b1839.epub
Encyclopedia Volume 01,Darryl Elliott Brown,Encyclopedia Volume 01 — A Gullah Geechee Biz publication.,,"REF000000,SOC002010,HIS036120",9.99,7ab76ed4.epub
How to Create a Sales Funnel,Darryl Elliott Brown,How to Create a Sales Funnel — A Gullah Geechee Biz publication.,,"BUS000000,SEL000000,SOC002010",3.99,7abd0293.epub
How to Make Gullah Breads,Darryl Elliott Brown,How to Make Gullah Breads — A Gullah Geechee Biz publication.,,"BUS000000,SEL000000,SOC002010",3.99,7ac7547a.epub
KDP Draft — Gullah Geechee One-Pot Meals,Darryl Elliott Brown,KDP Draft — Gullah Geechee One-Pot Meals — A Gullah Geechee Biz publication.,,"BUS000000,SEL000000,SOC002010",3.99,7b503899.epub
How to Practice Mindful Living,Darryl Elliott Brown,How to Practice Mindful Living — A Gullah Geechee Biz publication.,,"BUS000000,SEL000000,SOC002010",3.99,7b684b99.epub
How to Fry the Perfect Fish,Darryl Elliott Brown,How to Fry the Perfect Fish — A Gullah Geechee Biz publication.,,"BUS000000,SEL000000,SOC002010",3.99,7b736b6b.epub
KDP Draft — How to Overcome Imposter Syndrome,Darryl Elliott Brown,KDP Draft — How to Overcome Imposter Syndrome — A Gullah Geechee Biz publication.,,"BUS000000,SEL000000,SOC002010",3.99,7b8b5bc5.epub
KDP Draft — How to Negotiate Better Deals,Darryl Elliott Brown,KDP Draft — How to Negotiate Better Deals — A Gullah Geechee Biz publication.,,"BUS000000,SEL000000,SOC002010",3.99,7ba3bcaa.epub
KDP Draft — How to Build Healthy Relationships,Darryl Elliott Brown,KDP Draft — How to Build Healthy Relationships — A Gullah Geechee Biz publication.,,"BUS000000,SEL000000,SOC002010",3.99,7bbcde5c.epub
KDP Draft — How to Manage Your Time Effectively,Darryl Elliott Brown,KDP Draft — How to Manage Your Time Effectively — A Gullah Geechee Biz publication.,,"BUS000000,SEL000000,SOC002010",3.99,7c848bdc.epub
KDP Draft — How to Create a Business Plan,Darryl Elliott Brown,KDP Draft — How to Create a Business Plan — A Gullah Geechee Biz publication.,,"BUS000000,SEL000000,SOC002010",3.99,7c9cd700.epub
KDP Draft — How to Stay Motivated Every Day,Darryl Elliott Brown,KDP Draft — How to Stay Motivated Every Day — A Gullah Geechee Biz publication.,,"BUS000000,SEL000000,SOC002010",3.99,7cad0b65.epub
How to Write a Winning Grant Proposal,Darryl Elliott Brown,How to Write a Winning Grant Proposal — A Gullah Geechee Biz publication.,,"BUS000000,SEL000000,SOC002010",3.99,7d17d610.epub
KDP Draft — How to Practice Radical Self-Care,Darryl Elliott Brown,KDP Draft — How to Practice Radical Self-Care — A Gullah Geechee Biz publication.,,"BUS000000,SEL000000,SOC002010",3.99,7d2759fe.epub
How to Make Rice Pudding,Darryl Elliott Brown,How to Make Rice Pudding — A Gullah Geechee Biz publication.,,"BUS000000,SEL000000,SOC002010",3.99,7de24b23.epub
The Gullah Geechee Guide to Unity,Darryl Elliott Brown,The Gullah Geechee Guide to Unity — A Gullah Geechee Biz publication.,,"BUS000000,SEL000000,SOC002010",3.99,7e3f060e.epub
KDP Draft — How to Make Holiday Gullah Feasts,Darryl Elliott Brown,KDP Draft — How to Make Holiday Gullah Feasts — A Gullah Geechee Biz publication.,,"BUS000000,SEL000000,SOC002010",3.99,7f8bba12.epub
KDP Draft — How to Prepare Okra and Tomatoes,Darryl Elliott Brown,KDP Draft — How to Prepare Okra and Tomatoes — A Gullah Geechee Biz publication.,,"BUS000000,SEL000000,SOC002010",3.99,80bd9def.epub
Gullah Geechee Condiments,Darryl Elliott Brown,Gullah Geechee Condiments — A Gullah Geechee Biz publication.,,"BUS000000,SEL000000,SOC002010",3.99,80d4a0ce.epub
How to Stay Motivated Every Day,Darryl Elliott Brown,How to Stay Motivated Every Day — A Gullah Geechee Biz publication.,,"BUS000000,SEL000000,SOC002010",3.99,80d5f78e.epub
KDP Draft — How to Build Strategic Partnerships,Darryl Elliott Brown,KDP Draft — How to Build Strategic Partnerships — A Gullah Geechee Biz publication.,,"BUS000000,SEL000000,SOC002010",3.99,80fb28b4.epub
How to Bake Gullah Desserts,Darryl Elliott Brown,How to Bake Gullah Desserts — A Gullah Geechee Biz publication.,,"BUS000000,SEL000000,SOC002010",3.99,812f7150.epub
How to Handle Criticism Gracefully,Darryl Elliott Brown,How to Handle Criticism Gracefully — A Gullah Geechee Biz publication.,,"BUS000000,SEL000000,SOC002010",3.99,82736e8e.epub
How to Build Surrender,Darryl Elliott Brown,How to Build Surrender — A Gullah Geechee Biz publication.,,"BUS000000,SEL000000,SOC002010",3.99,8283db2b.epub
KDP Draft — How to Cook Perfect Gullah Red Rice,Darryl Elliott Brown,KDP Draft — How to Cook Perfect Gullah Red Rice — A Gullah Geechee Biz publication.,,"CKB000000,SOC002010,HIS036120",3.99,82c655bc.epub
How to Build a Personal Brand,Darryl Elliott Brown,How to Build a Personal Brand — A Gullah Geechee Biz publication.,,"BUS000000,SEL000000,SOC002010",3.99,82e842f5.epub
How to Master Cast Iron Cooking,Darryl Elliott Brown,How to Master Cast Iron Cooking — A Gullah Geechee Biz publication.,,"CKB000000,SOC002010,HIS036120",3.99,8326a397.epub
How to Make Sweetgrass Lemonade,Darryl Elliott Brown,How to Make Sweetgrass Lemonade — A Gullah Geechee Biz publication.,,"BUS000000,SEL000000,SOC002010",3.99,8388f9ce.epub
How to Develop a Growth Mindset,Darryl Elliott Brown,How to Develop a Growth Mindset — A Gullah Geechee Biz publication.,,"BUS000000,SEL000000,SOC002010",3.99,8467a961.epub
Encyclopedia Volume 22,Darryl Elliott Brown,Encyclopedia Volume 22 — A Gullah Geechee Biz publication.,,"REF000000,SOC002010,HIS036120",9.99,84e3b78c.epub
KDP Draft — How to Break Bad Habits Forever,Darryl Elliott Brown,KDP Draft — How to Break Bad Habits Forever — A Gullah Geechee Biz publication.,,"BUS000000,SEL000000,SOC002010",3.99,85027784.epub
How to Master LinkedIn for Business,Darryl Elliott Brown,How to Master LinkedIn for Business — A Gullah Geechee Biz publication.,,"BUS000000,SEL000000,SOC002010",3.99,856d106f.epub
How to Build Abundance,Darryl Elliott Brown,How to Build Abundance — A Gullah Geechee Biz publication.,,"BUS000000,SEL000000,SOC002010",3.99,857c7267.epub
KDP Draft — How to Make Holiday Gullah Feasts,Darryl Elliott Brown,KDP Draft — How to Make Holiday Gullah Feasts — A Gullah Geechee Biz publication.,,"BUS000000,SEL000000,SOC002010",3.99,8620af1d.epub
KDP Draft — How to Practice Mindful Living,Darryl Elliott Brown,KDP Draft — How to Practice Mindful Living — A Gullah Geechee Biz publication.,,"BUS000000,SEL000000,SOC002010",3.99,87309eb5.epub
KDP Draft — How to Make Boiled Peanuts,Darryl Elliott Brown,KDP Draft — How to Make Boiled Peanuts — A Gullah Geechee Biz publication.,,"BUS000000,SEL000000,SOC002010",3.99,8781eecd.epub
KDP Draft — How to Practice Mindful Living,Darryl Elliott Brown,KDP Draft — How to Practice Mindful Living — A Gullah Geechee Biz publication.,,"BUS000000,SEL000000,SOC002010",3.99,87ca0c4b.epub
How to Forgive Yourself and Move On,Darryl Elliott Brown,How to Forgive Yourself and Move On — A Gullah Geechee Biz publication.,,"BUS000000,SEL000000,SOC002010",3.99,87fdf7c9.epub
KDP Draft — How to Build Customer Loyalty,Darryl Elliott Brown,KDP Draft — How to Build Customer Loyalty — A Gullah Geechee Biz publication.,,"BUS000000,SEL000000,SOC002010",3.99,88419b05.epub
KDP Draft — How to Make One-Pot Gullah Meals,Darryl Elliott Brown,KDP Draft — How to Make One-Pot Gullah Meals — A Gullah Geechee Biz publication.,,"BUS000000,SEL000000,SOC002010",3.99,89010367.epub
How to Prepare Gullah Side Dishes,Darryl Elliott Brown,How to Prepare Gullah Side Dishes — A Gullah Geechee Biz publication.,,"BUS000000,SEL000000,SOC002010",3.99,891521c4.epub
KDP Draft — How to Launch an Online Course,Darryl Elliott Brown,KDP Draft — How to Launch an Online Course — A Gullah Geechee Biz publication.,,"BUS000000,SEL000000,SOC002010",3.99,897346b0.epub
KDP Draft — How to Master Social Media Marketing,Darryl Elliott Brown,KDP Draft — How to Master Social Media Marketing — A Gullah Geechee Biz publication.,,"BUS000000,SEL000000,SOC002010",3.99,8a194871.epub
How to Practice Self-Compassion,Darryl Elliott Brown,How to Practice Self-Compassion — A Gullah Geechee Biz publication.,,"BUS000000,SEL000000,SOC002010",3.99,8a42116e.epub
Gullah Geechee Comfort Food,Darryl Elliott Brown,Gullah Geechee Comfort Food — A Gullah Geechee Biz publication.,,"CKB000000,SOC002010,HIS036120",3.99,8a5ab554.epub
Encyclopedia Volume 01,Darryl Elliott Brown,Encyclopedia Volume 01 — A Gullah Geechee Biz publication.,,"REF000000,SOC002010,HIS036120",9.99,8a9e1c57.epub
Gullah Geechee Financial Literacy,Darryl Elliott Brown,Gullah Geechee Financial Literacy — A Gullah Geechee Biz publication.,,"BUS000000,SEL000000,SOC002010",3.99,8ac55ec8.epub
Encyclopedia Volume 32,Darryl Elliott Brown,Encyclopedia Volume 32 — A Gullah Geechee Biz publication.,,"REF000000,SOC002010,HIS036120",9.99,8b14fca1.epub
KDP Draft — How to Make Gullah Breads,Darryl Elliott Brown,KDP Draft — How to Make Gullah Breads — A Gullah Geechee Biz publication.,,"BUS000000,SEL000000,SOC002010",3.99,8b66563c.epub
KDP Draft — How to Make Gullah Tea Cakes,Darryl Elliott Brown,KDP Draft — How to Make Gullah Tea Cakes — A Gullah Geechee Biz publication.,,"BUS000000,SEL000000,SOC002010",3.99,8b8a5b67.epub
How to Cook Perfect Gullah Red Rice,Darryl Elliott Brown,How to Cook Perfect Gullah Red Rice — A Gullah Geechee Biz publication.,,"CKB000000,SOC002010,HIS036120",3.99,8bb7603d.epub
KDP Draft — How to Practice Radical Self-Care,Darryl Elliott Brown,KDP Draft — How to Practice Radical Self-Care — A Gullah Geechee Biz publication.,,"BUS000000,SEL000000,SOC002010",3.99,8bbbfb59.epub
How to Embrace Your Authentic Self,Darryl Elliott Brown,How to Embrace Your Authentic Self — A Gullah Geechee Biz publication.,,"BUS000000,SEL000000,SOC002010",3.99,8bc2bc45.epub
Gullah Geechee Networking,Darryl Elliott Brown,Gullah Geechee Networking — A Gullah Geechee Biz publication.,,"BUS000000,SEL000000,SOC002010",3.99,8bdbb759.epub
KDP Draft — How to Forgive Yourself and Move On,Darryl Elliott Brown,KDP Draft — How to Forgive Yourself and Move On — A Gullah Geechee Biz publication.,,"BUS000000,SEL000000,SOC002010",3.99,8c5d3fe3.epub
How to Create a Sales Funnel,Darryl Elliott Brown,How to Create a Sales Funnel — A Gullah Geechee Biz publication.,,"BUS000000,SEL000000,SOC002010",3.99,8c8f0347.epub
Gullah Geechee Smoothies,Darryl Elliott Brown,Gullah Geechee Smoothies — A Gullah Geechee Biz publication.,,"BUS000000,SEL000000,SOC002010",3.99,8d3daf2c.epub
The Sea Islands Story,Darryl Elliott Brown,The Sea Islands Story — A Gullah Geechee Biz publication.,,"BUS000000,SEL000000,SOC002010",3.99,8dc4a16c.epub
How to Make One-Pot Gullah Meals,Darryl Elliott Brown,How to Make One-Pot Gullah Meals — A Gullah Geechee Biz publication.,,"BUS000000,SEL000000,SOC002010",3.99,8dc90af6.epub
How to Prepare Gullah Side Dishes,Darryl Elliott Brown,How to Prepare Gullah Side Dishes — A Gullah Geechee Biz publication.,,"BUS000000,SEL000000,SOC002010",3.99,8df320c9.epub
How to Master Social Media Marketing,Darryl Elliott Brown,How to Master Social Media Marketing — A Gullah Geechee Biz publication.,,"BUS000000,SEL000000,SOC002010",3.99,8e303d17.epub
How to Develop Emotional Intelligence,Darryl Elliott Brown,How to Develop Emotional Intelligence — A Gullah Geechee Biz publication.,,"BUS000000,SEL000000,SOC002010",3.99,8e6244fd.epub
How to Make Rice Pudding,Darryl Elliott Brown,How to Make Rice Pudding — A Gullah Geechee Biz publication.,,"BUS000000,SEL000000,SOC002010",3.99,8e936b03.epub
Encyclopedia Volume 46,Darryl Elliott Brown,Encyclopedia Volume 46 — A Gullah Geechee Biz publication.,,"REF000000,SOC002010,HIS036120",9.99,8f23dc12.epub
KDP Draft — How to Cook Gullah Seafood,Darryl Elliott Brown,KDP Draft — How to Cook Gullah Seafood — A Gullah Geechee Biz publication.,,"CKB000000,SOC002010,HIS036120",3.99,8f40a984.epub
KDP Draft — Gullah Geechee Community Commerce,Darryl Elliott Brown,KDP Draft — Gullah Geechee Community Commerce — A Gullah Geechee Biz publication.,,"BUS000000,SEL000000,SOC002010",3.99,8f472a7e.epub
KDP Draft — How to Prepare Gullah Side Dishes,Darryl Elliott Brown,KDP Draft — How to Prepare Gullah Side Dishes — A Gullah Geechee Biz publication.,,"BUS000000,SEL000000,SOC002010",3.99,8fa9ff7b.epub
How to Build Resilience in Tough Times,Darryl Elliott Brown,How to Build Resilience in Tough Times — A Gullah Geechee Biz publication.,,"BUS000000,SEL000000,SOC002010",3.99,90bee1c6.epub
KDP Draft — How to Find Your Purpose,Darryl Elliott Brown,KDP Draft — How to Find Your Purpose — A Gullah Geechee Biz publication.,,"BUS000000,SEL000000,SOC002010",3.99,90eda938.epub
Encyclopedia Volume 37,Darryl Elliott Brown,Encyclopedia Volume 37 — A Gullah Geechee Biz publication.,,"REF000000,SOC002010,HIS036120",9.99,90fdf3b8.epub
How to Bake Buttermilk Cornbread,Darryl Elliott Brown,How to Bake Buttermilk Cornbread — A Gullah Geechee Biz publication.,,"BUS000000,SEL000000,SOC002010",3.99,915ac4f0.epub
KDP Draft — How to Master Email Marketing,Darryl Elliott Brown,KDP Draft — How to Master Email Marketing — A Gullah Geechee Biz publication.,,"BUS000000,SEL000000,SOC002010",3.99,921a82fc.epub
KDP Draft — How to Build a Subscription Business,Darryl Elliott Brown,KDP Draft — How to Build a Subscription Business — A Gullah Geechee Biz publication.,,"BUS000000,SEL000000,SOC002010",3.99,926a2f08.epub
KDP Draft — How to Cook Gullah Vegetables,Darryl Elliott Brown,KDP Draft — How to Cook Gullah Vegetables — A Gullah Geechee Biz publication.,,"CKB000000,SOC002010,HIS036120",3.99,9273b00c.epub
Encyclopedia Volume 17,Darryl Elliott Brown,Encyclopedia Volume 17 — A Gullah Geechee Biz publication.,,"REF000000,SOC002010,HIS036120",9.99,927459f1.epub
How to Make Hoppin' John for New Year's,Darryl Elliott Brown,How to Make Hoppin' John for New Year's — A Gullah Geechee Biz publication.,,"BUS000000,SEL000000,SOC002010",3.99,92fabeb4.epub
How to Make Gullah Breads,Darryl Elliott Brown,How to Make Gullah Breads — A Gullah Geechee Biz publication.,,"BUS000000,SEL000000,SOC002010",3.99,93293cfb.epub
Gullah Geechee Camp Cooking,Darryl Elliott Brown,Gullah Geechee Camp Cooking — A Gullah Geechee Biz publication.,,"CKB000000,SOC002010,HIS036120",3.99,93d3212d.epub
How to Cook Lowcountry Boil,Darryl Elliott Brown,How to Cook Lowcountry Boil — A Gullah Geechee Biz publication.,,"CKB000000,SOC002010,HIS036120",3.99,942dacea.epub
How to Build a Digital Product Empire,Darryl Elliott Brown,How to Build a Digital Product Empire — A Gullah Geechee Biz publication.,,"BUS000000,SEL000000,SOC002010",3.99,945e1b49.epub
KDP Draft — How to Create a Sales Funnel,Darryl Elliott Brown,KDP Draft — How to Create a Sales Funnel — A Gullah Geechee Biz publication.,,"BUS000000,SEL000000,SOC002010",3.99,94ef33da.epub
KDP Draft — How to Prepare Gullah Chicken Soup,Darryl Elliott Brown,KDP Draft — How to Prepare Gullah Chicken Soup — A Gullah Geechee Biz publication.,,"BUS000000,SEL000000,SOC002010",3.99,9528ac48.epub
KDP Draft — How to Create a Customer Journey Map,Darryl Elliott Brown,KDP Draft — How to Create a Customer Journey Map — A Gullah Geechee Biz publication.,,"BUS000000,SEL000000,SOC002010",3.99,956bcd30.epub
KDP Draft — How to Create a Personal Mission Statement,Darryl Elliott Brown,KDP Draft — How to Create a Personal Mission Statement — A Gullah Geechee Biz publication.,,"BUS000000,SEL000000,SOC002010",3.99,95950fee.epub
How to Negotiate Better Deals,Darryl Elliott Brown,How to Negotiate Better Deals — A Gullah Geechee Biz publication.,,"BUS000000,SEL000000,SOC002010",3.99,974072f0.epub
How to Manage Your Time Effectively,Darryl Elliott Brown,How to Manage Your Time Effectively — A Gullah Geechee Biz publication.,,"BUS000000,SEL000000,SOC002010",3.99,9771f9f0.epub
How to Find Inner Peace,Darryl Elliott Brown,How to Find Inner Peace — A Gullah Geechee Biz publication.,,"BUS000000,SEL000000,SOC002010",3.99,9782beb2.epub
How to Master Email Marketing,Darryl Elliott Brown,How to Master Email Marketing — A Gullah Geechee Biz publication.,,"BUS000000,SEL000000,SOC002010",3.99,979a1150.epub
How to Develop Daily Discipline,Darryl Elliott Brown,How to Develop Daily Discipline — A Gullah Geechee Biz publication.,,"BUS000000,SEL000000,SOC002010",3.99,97f9d9b7.epub
KDP Draft — How to Cook Gullah Cabbage,Darryl Elliott Brown,KDP Draft — How to Cook Gullah Cabbage — A Gullah Geechee Biz publication.,,"CKB000000,SOC002010,HIS036120",3.99,98821c4d.epub
KDP Draft — How to Cook with Seasonal Lowcountry Ingredients,Darryl Elliott Brown,KDP Draft — How to Cook with Seasonal Lowcountry Ingredients — A Gullah Geechee Biz publication.,,"CKB000000,SOC002010,HIS036120",3.99,989e2853.epub
KDP Draft — How to Cultivate Patience,Darryl Elliott Brown,KDP Draft — How to Cultivate Patience — A Gullah Geechee Biz publication.,,"BUS000000,SEL000000,SOC002010",3.99,99290dbf.epub
How to Build Customer Loyalty,Darryl Elliott Brown,How to Build Customer Loyalty — A Gullah Geechee Biz publication.,,"BUS000000,SEL000000,SOC002010",3.99,9966c9f9.epub
KDP Draft — How to Develop Emotional Intelligence,Darryl Elliott Brown,KDP Draft — How to Develop Emotional Intelligence — A Gullah Geechee Biz publication.,,"BUS000000,SEL000000,SOC002010",3.99,996fc446.epub
How to Live with Intention,Darryl Elliott Brown,How to Live with Intention — A Gullah Geechee Biz publication.,,"BUS000000,SEL000000,SOC002010",3.99,999f53b1.epub
KDP Draft — How to Overcome Fear of Failure,Darryl Elliott Brown,KDP Draft — How to Overcome Fear of Failure — A Gullah Geechee Biz publication.,,"BUS000000,SEL000000,SOC002010",3.99,99aa0fb5.epub
How to Build Imagination,Darryl Elliott Brown,How to Build Imagination — A Gullah Geechee Biz publication.,,"BUS000000,SEL000000,SOC002010",3.99,99da459c.epub
How to Make Gullah Potato Salad,Darryl Elliott Brown,How to Make Gullah Potato Salad — A Gullah Geechee Biz publication.,,"BUS000000,SEL000000,SOC002010",3.99,9a1c0eb2.epub
Encyclopedia Volume 29,Darryl Elliott Brown,Encyclopedia Volume 29 — A Gullah Geechee Biz publication.,,"REF000000,SOC002010,HIS036120",9.99,9a533980.epub
The Gullah Geechee Guide to Adaptability,Darryl Elliott Brown,The Gullah Geechee Guide to Adaptability — A Gullah Geechee Biz publication.,,"BUS000000,SEL000000,SOC002010",3.99,9a57fea0.epub
How to Find Inner Peace,Darryl Elliott Brown,How to Find Inner Peace — A Gullah Geechee Biz publication.,,"BUS000000,SEL000000,SOC002010",3.99,9a71f5ac.epub
How to Build Zeal,Darryl Elliott Brown,How to Build Zeal — A Gullah Geechee Biz publication.,,"BUS000000,SEL000000,SOC002010",3.99,9aebc15f.epub
How to Overcome Imposter Syndrome,Darryl Elliott Brown,How to Overcome Imposter Syndrome — A Gullah Geechee Biz publication.,,"BUS000000,SEL000000,SOC002010",3.99,9b6a904d.epub
How to Set Boundaries That Stick,Darryl Elliott Brown,How to Set Boundaries That Stick — A Gullah Geechee Biz publication.,,"BUS000000,SEL000000,SOC002010",3.99,9b8d8dee.epub
KDP Draft — How to Cultivate Daily Gratitude,Darryl Elliott Brown,KDP Draft — How to Cultivate Daily Gratitude — A Gullah Geechee Biz publication.,,"BUS000000,SEL000000,SOC002010",3.99,9bd67474.epub
How to Make Hoppin' John for New Year's,Darryl Elliott Brown,How to Make Hoppin' John for New Year's — A Gullah Geechee Biz publication.,,"BUS000000,SEL000000,SOC002010",3.99,9bf4e306.epub
How to Navigate Life Transitions,Darryl Elliott Brown,How to Navigate Life Transitions — A Gullah Geechee Biz publication.,,"BUS000000,SEL000000,SOC002010",3.99,9cac4272.epub
How to Build Connection,Darryl Elliott Brown,How to Build Connection — A Gullah Geechee Biz publication.,,"BUS000000,SEL000000,SOC002010",3.99,9d99a35e.epub
How to Use AI in Your Business,Darryl Elliott Brown,How to Use AI in Your Business — A Gullah Geechee Biz publication.,,"BUS000000,SEL000000,SOC002010",3.99,9de70b0c.epub
The Gullah Geechee Guide to Discipline,Darryl Elliott Brown,The Gullah Geechee Guide to Discipline — A Gullah Geechee Biz publication.,,"BUS000000,SEL000000,SOC002010",3.99,9df00f70.epub
KDP Draft — The Gullah Geechee Guide to Unity,Darryl Elliott Brown,KDP Draft — The Gullah Geechee Guide to Unity — A Gullah Geechee Biz publication.,,"BUS000000,SEL000000,SOC002010",3.99,9e50ceb8.epub
How to Create a Sales Funnel,Darryl Elliott Brown,How to Create a Sales Funnel — A Gullah Geechee Biz publication.,,"BUS000000,SEL000000,SOC002010",3.99,9e5b150a.epub
KDP Draft — How to Build a Community Around Your Brand,Darryl Elliott Brown,KDP Draft — How to Build a Community Around Your Brand — A Gullah Geechee Biz publication.,,"BUS000000,SEL000000,SOC002010",3.99,9e6a2f78.epub
How to Make One-Pot Gullah Meals,Darryl Elliott Brown,How to Make One-Pot Gullah Meals — A Gullah Geechee Biz publication.,,"BUS000000,SEL000000,SOC002010",3.99,9e711b9b.epub
KDP Draft — How to Fry the Perfect Fish,Darryl Elliott Brown,KDP Draft — How to Fry the Perfect Fish — A Gullah Geechee Biz publication.,,"BUS000000,SEL000000,SOC002010",3.99,9e9ffa77.epub
How to Build Unshakeable Confidence,Darryl Elliott Brown,How to Build Unshakeable Confidence — A Gullah Geechee Biz publication.,,"BUS000000,SEL000000,SOC002010",3.99,9ed90674.epub
Gullah Geechee Camp Cooking,Darryl Elliott Brown,Gullah Geechee Camp Cooking — A Gullah Geechee Biz publication.,,"CKB000000,SOC002010,HIS036120",3.99,9f0e5b7a.epub
How to Develop Emotional Intelligence,Darryl Elliott Brown,How to Develop Emotional Intelligence — A Gullah Geechee Biz publication.,,"BUS000000,SEL000000,SOC002010",3.99,9f188f3a.epub
KDP Draft — How to Build a Digital Product Empire,Darryl Elliott Brown,KDP Draft — How to Build a Digital Product Empire — A Gullah Geechee Biz publication.,,"BUS000000,SEL000000,SOC002010",3.99,9f5e1e6e.epub
How to Cook Lowcountry Boil,Darryl Elliott Brown,How to Cook Lowcountry Boil — A Gullah Geechee Biz publication.,,"CKB000000,SOC002010,HIS036120",3.99,9f9c66c2.epub
How to Write Copy That Sells,Darryl Elliott Brown,How to Write Copy That Sells — A Gullah Geechee Biz publication.,,"BUS000000,SEL000000,SOC002010",3.99,9fa5f617.epub
Encyclopedia Volume 49,Darryl Elliott Brown,Encyclopedia Volume 49 — A Gullah Geechee Biz publication.,,"REF000000,SOC002010,HIS036120",9.99,9fca0a8a.epub
How to Cook Gullah Cabbage,Darryl Elliott Brown,How to Cook Gullah Cabbage — A Gullah Geechee Biz publication.,,"CKB000000,SOC002010,HIS036120",3.99,9fff1718.epub
How to Manage Your Time Effectively,Darryl Elliott Brown,How to Manage Your Time Effectively — A Gullah Geechee Biz publication.,,"BUS000000,SEL000000,SOC002010",3.99,a0606840.epub
How to Build a Digital Product Empire,Darryl Elliott Brown,How to Build a Digital Product Empire — A Gullah Geechee Biz publication.,,"BUS000000,SEL000000,SOC002010",3.99,a0613893.epub
KDP Draft — How to Prepare Gullah Chicken Soup,Darryl Elliott Brown,KDP Draft — How to Prepare Gullah Chicken Soup — A Gullah Geechee Biz publication.,,"BUS000000,SEL000000,SOC002010",3.99,a0ba1a8c.epub
KDP Draft — How to Build a Remote Team,Darryl Elliott Brown,KDP Draft — How to Build a Remote Team — A Gullah Geechee Biz publication.,,"BUS000000,SEL000000,SOC002010",3.99,a1073bc5.epub
KDP Draft — How to Build Resilience in Tough Times,Darryl Elliott Brown,KDP Draft — How to Build Resilience in Tough Times — A Gullah Geechee Biz publication.,,"BUS000000,SEL000000,SOC002010",3.99,a163a891.epub
KDP Draft — How to Build Strategic Partnerships,Darryl Elliott Brown,KDP Draft — How to Build Strategic Partnerships — A Gullah Geechee Biz publication.,,"BUS000000,SEL000000,SOC002010",3.99,a16c3184.epub
The Gullah Geechee Guide to Yearning,Darryl Elliott Brown,The Gullah Geechee Guide to Yearning — A Gullah Geechee Biz publication.,,"BUS000000,SEL000000,SOC002010",3.99,a1777ba9.epub
How to Make Authentic Shrimp and Grits,Darryl Elliott Brown,How to Make Authentic Shrimp and Grits — A Gullah Geechee Biz publication.,,"BUS000000,SEL000000,SOC002010",3.99,a1ed6f25.epub
How to Make Gullah Potato Salad,Darryl Elliott Brown,How to Make Gullah Potato Salad — A Gullah Geechee Biz publication.,,"BUS000000,SEL000000,SOC002010",3.99,a22648b1.epub
How to Prepare Gullah Chicken Soup,Darryl Elliott Brown,How to Prepare Gullah Chicken Soup — A Gullah Geechee Biz publication.,,"BUS000000,SEL000000,SOC002010",3.99,a246cf53.epub
How to Cook with Seasonal Lowcountry Ingredients,Darryl Elliott Brown,How to Cook with Seasonal Lowcountry Ingredients — A Gullah Geechee Biz publication.,,"CKB000000,SOC002010,HIS036120",3.99,a249a89e.epub
Encyclopedia Volume 50,Darryl Elliott Brown,Encyclopedia Volume 50 — A Gullah Geechee Biz publication.,,"REF000000,SOC002010,HIS036120",9.99,a266c2b9.epub
KDP Draft — How to Create a Marketing Funnel,Darryl Elliott Brown,KDP Draft — How to Create a Marketing Funnel — A Gullah Geechee Biz publication.,,"BUS000000,SEL000000,SOC002010",3.99,a28b0436.epub
How to Cook Benne Chicken,Darryl Elliott Brown,How to Cook Benne Chicken — A Gullah Geechee Biz publication.,,"CKB000000,SOC002010,HIS036120",3.99,a2e93f8e.epub
How to Fry the Perfect Fish,Darryl Elliott Brown,How to Fry the Perfect Fish — A Gullah Geechee Biz publication.,,"BUS000000,SEL000000,SOC002010",3.99,a31130f1.epub
Encyclopedia Volume 26,Darryl Elliott Brown,Encyclopedia Volume 26 — A Gullah Geechee Biz publication.,,"REF000000,SOC002010,HIS036120",9.99,a34223c2.epub
Gullah Geechee Financial Literacy,Darryl Elliott Brown,Gullah Geechee Financial Literacy — A Gullah Geechee Biz publication.,,"BUS000000,SEL000000,SOC002010",3.99,a3464fb6.epub
Gullah Geechee Microenterprise,Darryl Elliott Brown,Gullah Geechee Microenterprise — A Gullah Geechee Biz publication.,,"BUS000000,SEL000000,SOC002010",3.99,a3518b2d.epub
Gullah Geechee Beverages,Darryl Elliott Brown,Gullah Geechee Beverages — A Gullah Geechee Biz publication.,,"BUS000000,SEL000000,SOC002010",3.99,a359264d.epub
KDP Draft — Gullah Geechee Business Planning,Darryl Elliott Brown,KDP Draft — Gullah Geechee Business Planning — A Gullah Geechee Biz publication.,,"BUS000000,SEL000000,SOC002010",3.99,a45d5bc8.epub
How to Make Boiled Peanuts,Darryl Elliott Brown,How to Make Boiled Peanuts — A Gullah Geechee Biz publication.,,"BUS000000,SEL000000,SOC002010",3.99,a48f7710.epub
How to Build Balance,Darryl Elliott Brown,How to Build Balance — A Gullah Geechee Biz publication.,,"BUS000000,SEL000000,SOC002010",3.99,a5016365.epub
Encyclopedia Volume 09,Darryl Elliott Brown,Encyclopedia Volume 09 — A Gullah Geechee Biz publication.,,"REF000000,SOC002010,HIS036120",9.99,a50e91e8.epub
KDP Draft — How to Cook Gullah Vegetables,Darryl Elliott Brown,KDP Draft — How to Cook Gullah Vegetables — A Gullah Geechee Biz publication.,,"CKB000000,SOC002010,HIS036120",3.99,a513a3f3.epub
How to Create a Vision Board That Works,Darryl Elliott Brown,How to Create a Vision Board That Works — A Gullah Geechee Biz publication.,,"BUS000000,SEL000000,SOC002010",3.99,a586ee5f.epub
How to Make Mac and Cheese the Southern Way,Darryl Elliott Brown,How to Make Mac and Cheese the Southern Way — A Gullah Geechee Biz publication.,,"BUS000000,SEL000000,SOC002010",3.99,a5ec4cb1.epub
Gullah Geechee Financial Literacy,Darryl Elliott Brown,Gullah Geechee Financial Literacy — A Gullah Geechee Biz publication.,,"BUS000000,SEL000000,SOC002010",3.99,a61c5fd2.epub
KDP Draft — How to Make Pickled Shrimp,Darryl Elliott Brown,KDP Draft — How to Make Pickled Shrimp — A Gullah Geechee Biz publication.,,"BUS000000,SEL000000,SOC002010",3.99,a7fce59f.epub
How to Navigate Life Transitions,Darryl Elliott Brown,How to Navigate Life Transitions — A Gullah Geechee Biz publication.,,"BUS000000,SEL000000,SOC002010",3.99,a884bb46.epub
How to Make Gullah Tea Cakes,Darryl Elliott Brown,How to Make Gullah Tea Cakes — A Gullah Geechee Biz publication.,,"BUS000000,SEL000000,SOC002010",3.99,a88abc52.epub
How to Create a Sales Funnel,Darryl Elliott Brown,How to Create a Sales Funnel — A Gullah Geechee Biz publication.,,"BUS000000,SEL000000,SOC002010",3.99,a8ca0830.epub
Encyclopedia Volume 31,Darryl Elliott Brown,Encyclopedia Volume 31 — A Gullah Geechee Biz publication.,,"REF000000,SOC002010,HIS036120",9.99,a8f4d1d6.epub
KDP Draft — How to Negotiate Better Deals,Darryl Elliott Brown,KDP Draft — How to Negotiate Better Deals — A Gullah Geechee Biz publication.,,"BUS000000,SEL000000,SOC002010",3.99,a91cc50e.epub
KDP Draft — The Gullah Geechee Guide to Discipline,Darryl Elliott Brown,KDP Draft — The Gullah Geechee Guide to Discipline — A Gullah Geechee Biz publication.,,"BUS000000,SEL000000,SOC002010",3.99,a93c2113.epub
How to Make Gullah Breakfast,Darryl Elliott Brown,How to Make Gullah Breakfast — A Gullah Geechee Biz publication.,,"BUS000000,SEL000000,SOC002010",3.99,a944cf79.epub
KDP Draft — How to Make Gullah Sauces and Seasonings,Darryl Elliott Brown,KDP Draft — How to Make Gullah Sauces and Seasonings — A Gullah Geechee Biz publication.,,"BUS000000,SEL000000,SOC002010",3.99,a94ee658.epub
How to Make Gullah Tea Cakes,Darryl Elliott Brown,How to Make Gullah Tea Cakes — A Gullah Geechee Biz publication.,,"BUS000000,SEL000000,SOC002010",3.99,a958d340.epub
Encyclopedia Volume 23,Darryl Elliott Brown,Encyclopedia Volume 23 — A Gullah Geechee Biz publication.,,"REF000000,SOC002010,HIS036120",9.99,a9da1346.epub
Encyclopedia Volume 25,Darryl Elliott Brown,Encyclopedia Volume 25 — A Gullah Geechee Biz publication.,,"REF000000,SOC002010,HIS036120",9.99,aa320498.epub
How to Live with Intention,Darryl Elliott Brown,How to Live with Intention — A Gullah Geechee Biz publication.,,"BUS000000,SEL000000,SOC002010",3.99,aa328048.epub
How to Cook Perfect Gullah Red Rice,Darryl Elliott Brown,How to Cook Perfect Gullah Red Rice — A Gullah Geechee Biz publication.,,"CKB000000,SOC002010,HIS036120",3.99,aa7068f1.epub
KDP Draft — How to Manage Your Time Effectively,Darryl Elliott Brown,KDP Draft — How to Manage Your Time Effectively — A Gullah Geechee Biz publication.,,"BUS000000,SEL000000,SOC002010",3.99,aa7f0368.epub
How to Build Mental Toughness,Darryl Elliott Brown,How to Build Mental Toughness — A Gullah Geechee Biz publication.,,"BUS000000,SEL000000,SOC002010",3.99,aa83d693.epub
Gullah Geechee One-Pot Meals,Darryl Elliott Brown,Gullah Geechee One-Pot Meals — A Gullah Geechee Biz publication.,,"BUS000000,SEL000000,SOC002010",3.99,aada7414.epub
How to Set Boundaries That Stick,Darryl Elliott Brown,How to Set Boundaries That Stick — A Gullah Geechee Biz publication.,,"BUS000000,SEL000000,SOC002010",3.99,ac20322b.epub
KDP Draft — How to Find Your Purpose,Darryl Elliott Brown,KDP Draft — How to Find Your Purpose — A Gullah Geechee Biz publication.,,"BUS000000,SEL000000,SOC002010",3.99,ac32d820.epub
How to Embrace Your Authentic Self,Darryl Elliott Brown,How to Embrace Your Authentic Self — A Gullah Geechee Biz publication.,,"BUS000000,SEL000000,SOC002010",3.99,aca9e318.epub
How to Create a Product Launch Plan,Darryl Elliott Brown,How to Create a Product Launch Plan — A Gullah Geechee Biz publication.,,"BUS000000,SEL000000,SOC002010",3.99,ad0a963a.epub
KDP Draft — How to Prepare Gullah Side Dishes,Darryl Elliott Brown,KDP Draft — How to Prepare Gullah Side Dishes — A Gullah Geechee Biz publication.,,"BUS000000,SEL000000,SOC002010",3.99,ad3242e6.epub
How to Make Gullah Breakfast,Darryl Elliott Brown,How to Make Gullah Breakfast — A Gullah Geechee Biz publication.,,"BUS000000,SEL000000,SOC002010",3.99,ad8aa775.epub
How to Master Your Morning Routine,Darryl Elliott Brown,How to Master Your Morning Routine — A Gullah Geechee Biz publication.,,"BUS000000,SEL000000,SOC002010",3.99,ad975aa2.epub
Encyclopedia Volume 47,Darryl Elliott Brown,Encyclopedia Volume 47 — A Gullah Geechee Biz publication.,,"REF000000,SOC002010,HIS036120",9.99,ada86210.epub
KDP Draft — How to Develop a Growth Mindset,Darryl Elliott Brown,KDP Draft — How to Develop a Growth Mindset — A Gullah Geechee Biz publication.,,"BUS000000,SEL000000,SOC002010",3.99,add86899.epub
How to Build a Freelance Career,Darryl Elliott Brown,How to Build a Freelance Career — A Gullah Geechee Biz publication.,,"BUS000000,SEL000000,SOC002010",3.99,ae09d358.epub
How to Master LinkedIn for Business,Darryl Elliott Brown,How to Master LinkedIn for Business — A Gullah Geechee Biz publication.,,"BUS000000,SEL000000,SOC002010",3.99,aeb8176e.epub
KDP Draft — How to Negotiate Better Deals,Darryl Elliott Brown,KDP Draft — How to Negotiate Better Deals — A Gullah Geechee Biz publication.,,"BUS000000,SEL000000,SOC002010",3.99,aec96cd0.epub
How to Cook Gullah Cabbage,Darryl Elliott Brown,How to Cook Gullah Cabbage — A Gullah Geechee Biz publication.,,"CKB000000,SOC002010,HIS036120",3.99,aefc2a9b.epub
How to Cook Benne Chicken,Darryl Elliott Brown,How to Cook Benne Chicken — A Gullah Geechee Biz publication.,,"CKB000000,SOC002010,HIS036120",3.99,af5b45e4.epub
KDP Draft — How to Use AI in Your Business,Darryl Elliott Brown,KDP Draft — How to Use AI in Your Business — A Gullah Geechee Biz publication.,,"BUS000000,SEL000000,SOC002010",3.99,af61f326.epub
Encyclopedia Volume 38,Darryl Elliott Brown,Encyclopedia Volume 38 — A Gullah Geechee Biz publication.,,"REF000000,SOC002010,HIS036120",9.99,aff8af1d.epub
How to Practice Radical Self-Care,Darryl Elliott Brown,How to Practice Radical Self-Care — A Gullah Geechee Biz publication.,,"BUS000000,SEL000000,SOC002010",3.99,b0217e9f.epub
Encyclopedia Volume 20,Darryl Elliott Brown,Encyclopedia Volume 20 — A Gullah Geechee Biz publication.,,"REF000000,SOC002010,HIS036120",9.99,b032bccd.epub
KDP Draft — How to Navigate Life Transitions,Darryl Elliott Brown,KDP Draft — How to Navigate Life Transitions — A Gullah Geechee Biz publication.,,"BUS000000,SEL000000,SOC002010",3.99,b0432187.epub
Gullah Geechee Community Commerce,Darryl Elliott Brown,Gullah Geechee Community Commerce — A Gullah Geechee Biz publication.,,"BUS000000,SEL000000,SOC002010",3.99,b06f0cf5.epub
How to Create a Business Plan,Darryl Elliott Brown,How to Create a Business Plan — A Gullah Geechee Biz publication.,,"BUS000000,SEL000000,SOC002010",3.99,b08dd00c.epub
How to Price Your Products or Services,Darryl Elliott Brown,How to Price Your Products or Services — A Gullah Geechee Biz publication.,,"BUS000000,SEL000000,SOC002010",3.99,b0bcf7b6.epub
How to Create a Customer Journey Map,Darryl Elliott Brown,How to Create a Customer Journey Map — A Gullah Geechee Biz publication.,,"BUS000000,SEL000000,SOC002010",3.99,b17b4771.epub
How to Make Gullah Potato Salad,Darryl Elliott Brown,How to Make Gullah Potato Salad — A Gullah Geechee Biz publication.,,"BUS000000,SEL000000,SOC002010",3.99,b18e49f0.epub
How to Build Reflection,Darryl Elliott Brown,How to Build Reflection — A Gullah Geechee Biz publication.,,"BUS000000,SEL000000,SOC002010",3.99,b1a7d79a.epub
How to Create a Vision Board That Works,Darryl Elliott Brown,How to Create a Vision Board That Works — A Gullah Geechee Biz publication.,,"BUS000000,SEL000000,SOC002010",3.99,b23dc394.epub
How to Create a Referral Program,Darryl Elliott Brown,How to Create a Referral Program — A Gullah Geechee Biz publication.,,"BUS000000,SEL000000,SOC002010",3.99,b259163e.epub
KDP Draft — How to Practice Mindful Living,Darryl Elliott Brown,KDP Draft — How to Practice Mindful Living — A Gullah Geechee Biz publication.,,"BUS000000,SEL000000,SOC002010",3.99,b269a523.epub
How to Build a Digital Product Empire,Darryl Elliott Brown,How to Build a Digital Product Empire — A Gullah Geechee Biz publication.,,"BUS000000,SEL000000,SOC002010",3.99,b27a800f.epub
How to Build Resilience in Tough Times,Darryl Elliott Brown,How to Build Resilience in Tough Times — A Gullah Geechee Biz publication.,,"BUS000000,SEL000000,SOC002010",3.99,b29c5ad4.epub
How to Build Unshakeable Confidence,Darryl Elliott Brown,How to Build Unshakeable Confidence — A Gullah Geechee Biz publication.,,"BUS000000,SEL000000,SOC002010",3.99,b302ba32.epub
The Gullah Geechee Guide to Unity,Darryl Elliott Brown,The Gullah Geechee Guide to Unity — A Gullah Geechee Biz publication.,,"BUS000000,SEL000000,SOC002010",3.99,b4730e3c.epub
KDP Draft — How to Master Email Marketing,Darryl Elliott Brown,KDP Draft — How to Master Email Marketing — A Gullah Geechee Biz publication.,,"BUS000000,SEL000000,SOC002010",3.99,b4bd011a.epub
KDP Draft — How to Handle Criticism Gracefully,Darryl Elliott Brown,KDP Draft — How to Handle Criticism Gracefully — A Gullah Geechee Biz publication.,,"BUS000000,SEL000000,SOC002010",3.99,b4bf8c2b.epub
How to Cook Lowcountry Boil,Darryl Elliott Brown,How to Cook Lowcountry Boil — A Gullah Geechee Biz publication.,,"CKB000000,SOC002010,HIS036120",3.99,b5879eea.epub
How to Create a Business Plan,Darryl Elliott Brown,How to Create a Business Plan — A Gullah Geechee Biz publication.,,"BUS000000,SEL000000,SOC002010",3.99,b589a714.epub
Encyclopedia Volume 14,Darryl Elliott Brown,Encyclopedia Volume 14 — A Gullah Geechee Biz publication.,,"REF000000,SOC002010,HIS036120",9.99,b5c85e8c.epub
KDP Draft — How to Create a Referral Program,Darryl Elliott Brown,KDP Draft — How to Create a Referral Program — A Gullah Geechee Biz publication.,,"BUS000000,SEL000000,SOC002010",3.99,b5db9044.epub
How to Practice Self-Compassion,Darryl Elliott Brown,How to Practice Self-Compassion — A Gullah Geechee Biz publication.,,"BUS000000,SEL000000,SOC002010",3.99,b63b3cda.epub
KDP Draft — How to Build a Personal Brand,Darryl Elliott Brown,KDP Draft — How to Build a Personal Brand — A Gullah Geechee Biz publication.,,"BUS000000,SEL000000,SOC002010",3.99,b675b9a1.epub
How to Create a Personal Mission Statement,Darryl Elliott Brown,How to Create a Personal Mission Statement — A Gullah Geechee Biz publication.,,"BUS000000,SEL000000,SOC002010",3.99,b690e0af.epub
How to Cook with Seasonal Lowcountry Ingredients,Darryl Elliott Brown,How to Cook with Seasonal Lowcountry Ingredients — A Gullah Geechee Biz publication.,,"CKB000000,SOC002010,HIS036120",3.99,b694d8e0.epub
KDP Draft — How to Master Your Morning Routine,Darryl Elliott Brown,KDP Draft — How to Master Your Morning Routine — A Gullah Geechee Biz publication.,,"BUS000000,SEL000000,SOC002010",3.99,b6cb111c.epub
KDP Draft — How to Practice Radical Self-Care,Darryl Elliott Brown,KDP Draft — How to Practice Radical Self-Care — A Gullah Geechee Biz publication.,,"BUS000000,SEL000000,SOC002010",3.99,b6cb585c.epub
Encyclopedia Volume 37,Darryl Elliott Brown,Encyclopedia Volume 37 — A Gullah Geechee Biz publication.,,"REF000000,SOC002010,HIS036120",9.99,b7218969.epub
Lowcountry Tourism,Darryl Elliott Brown,Lowcountry Tourism — A Gullah Geechee Biz publication.,,"BUS000000,SEL000000,SOC002010",3.99,b72fe7b7.epub
How to Navigate Life Transitions,Darryl Elliott Brown,How to Navigate Life Transitions — A Gullah Geechee Biz publication.,,"BUS000000,SEL000000,SOC002010",3.99,b772e584.epub
How to Build a Remote Team,Darryl Elliott Brown,How to Build a Remote Team — A Gullah Geechee Biz publication.,,"BUS000000,SEL000000,SOC002010",3.99,b7c02604.epub
KDP Draft — How to Create a Product Launch Plan,Darryl Elliott Brown,KDP Draft — How to Create a Product Launch Plan — A Gullah Geechee Biz publication.,,"BUS000000,SEL000000,SOC002010",3.99,b81e5521.epub
How to Manage Business Finances,Darryl Elliott Brown,How to Manage Business Finances — A Gullah Geechee Biz publication.,,"BUS000000,SEL000000,SOC002010",3.99,b833793f.epub
How to Manage Anxiety Naturally,Darryl Elliott Brown,How to Manage Anxiety Naturally — A Gullah Geechee Biz publication.,,"BUS000000,SEL000000,SOC002010",3.99,b86329e0.epub
How to Build Abundance,Darryl Elliott Brown,How to Build Abundance — A Gullah Geechee Biz publication.,,"BUS000000,SEL000000,SOC002010",3.99,b88cba98.epub
How to Build a Remote Team,Darryl Elliott Brown,How to Build a Remote Team — A Gullah Geechee Biz publication.,,"BUS000000,SEL000000,SOC002010",3.99,b8d8ed64.epub
KDP Draft — How to Cook with Seasonal Lowcountry Ingredients,Darryl Elliott Brown,KDP Draft — How to Cook with Seasonal Lowcountry Ingredients — A Gullah Geechee Biz publication.,,"CKB000000,SOC002010,HIS036120",3.99,b9395cb0.epub
How to Cook Collard Greens the Right Way,Darryl Elliott Brown,How to Cook Collard Greens the Right Way — A Gullah Geechee Biz publication.,,"CKB000000,SOC002010,HIS036120",3.99,b9d0cd29.epub
How to Build a Subscription Business,Darryl Elliott Brown,How to Build a Subscription Business — A Gullah Geechee Biz publication.,,"BUS000000,SEL000000,SOC002010",3.99,ba3c7358.epub
KDP Draft — How to Make Gullah Soups and Stews,Darryl Elliott Brown,KDP Draft — How to Make Gullah Soups and Stews — A Gullah Geechee Biz publication.,,"BUS000000,SEL000000,SOC002010",3.99,ba59f70f.epub
KDP Draft — How to Build a Remote Team,Darryl Elliott Brown,KDP Draft — How to Build a Remote Team — A Gullah Geechee Biz publication.,,"BUS000000,SEL000000,SOC002010",3.99,ba60dcab.epub
KDP Draft — How to Make One-Pot Gullah Meals,Darryl Elliott Brown,KDP Draft — How to Make One-Pot Gullah Meals — A Gullah Geechee Biz publication.,,"BUS000000,SEL000000,SOC002010",3.99,ba63dbcd.epub
How to Develop Emotional Intelligence,Darryl Elliott Brown,How to Develop Emotional Intelligence — A Gullah Geechee Biz publication.,,"BUS000000,SEL000000,SOC002010",3.99,ba6418cf.epub
How to Build Healthy Relationships,Darryl Elliott Brown,How to Build Healthy Relationships — A Gullah Geechee Biz publication.,,"BUS000000,SEL000000,SOC002010",3.99,ba83edb0.epub
KDP Draft — How to Cook Gullah Vegetables,Darryl Elliott Brown,KDP Draft — How to Cook Gullah Vegetables — A Gullah Geechee Biz publication.,,"CKB000000,SOC002010,HIS036120",3.99,baa9e1d4.epub
How to Make Gullah Breakfast,Darryl Elliott Brown,How to Make Gullah Breakfast — A Gullah Geechee Biz publication.,,"BUS000000,SEL000000,SOC002010",3.99,bab07d76.epub
How to Cultivate Daily Gratitude,Darryl Elliott Brown,How to Cultivate Daily Gratitude — A Gullah Geechee Biz publication.,,"BUS000000,SEL000000,SOC002010",3.99,bae6170b.epub
Batch 001 How To Find Your Purpose,Gullah Geechee Biz,Batch 001 How To Find Your Purpose — A Gullah Geechee Biz publication.,,"BUS000000,SEL000000,SOC002010",3.99,
Batch 002 How To Build Unshakeable Confidence,Gullah Geechee Biz,Batch 002 How To Build Unshakeable Confidence — A Gullah Geechee Biz publication.,,"BUS000000,SEL000000,SOC002010",3.99,
Batch 003 How To Master Your Morning Routine,Gullah Geechee Biz,Batch 003 How To Master Your Morning Routine — A Gullah Geechee Biz publication.,,"BUS000000,SEL000000,SOC002010",3.99,
Batch 004 How To Overcome Imposter Syndrome,Gullah Geechee Biz,Batch 004 How To Overcome Imposter Syndrome — A Gullah Geechee Biz publication.,,"BUS000000,SEL000000,SOC002010",3.99,
Batch 005 How To Practice Radical Self Care,Gullah Geechee Biz,Batch 005 How To Practice Radical Self Care — A Gullah Geechee Biz publication.,,"BUS000000,SEL000000,SOC002010",3.99,
Batch 006 How To Set Boundaries That Stick,Gullah Geechee Biz,Batch 006 How To Set Boundaries That Stick — A Gullah Geechee Biz publication.,,"BUS000000,SEL000000,SOC002010",3.99,
Batch 007 How To Break Bad Habits Forever,Gullah Geechee Biz,Batch 007 How To Break Bad Habits Forever — A Gullah Geechee Biz publication.,,"BUS000000,SEL000000,SOC002010",3.99,
Batch 008 How To Cultivate Daily Gratitude,Gullah Geechee Biz,Batch 008 How To Cultivate Daily Gratitude — A Gullah Geechee Biz publication.,,"BUS000000,SEL000000,SOC002010",3.99,
Batch 009 How To Manage Anxiety Naturally,Gullah Geechee Biz,Batch 009 How To Manage Anxiety Naturally — A Gullah Geechee Biz publication.,,"BUS000000,SEL000000,SOC002010",3.99,
Batch 010 How To Develop Emotional Intelligence,Gullah Geechee Biz,Batch 010 How To Develop Emotional Intelligence — A Gullah Geechee Biz publication.,,"BUS000000,SEL000000,SOC002010",3.99,
Batch 011 How To Forgive Yourself And Move On,Gullah Geechee Biz,Batch 011 How To Forgive Yourself And Move On — A Gullah Geechee Biz publication.,,"BUS000000,SEL000000,SOC002010",3.99,
Batch 012 How To Stay Motivated Every Day,Gullah Geechee Biz,Batch 012 How To Stay Motivated Every Day — A Gullah Geechee Biz publication.,,"BUS000000,SEL000000,SOC002010",3.99,
Batch 013 How To Build Resilience In Tough Times,Gullah Geechee Biz,Batch 013 How To Build Resilience In Tough Times — A Gullah Geechee Biz publication.,,"BUS000000,SEL000000,SOC002010",3.99,
Batch 014 How To Practice Mindful Living,Gullah Geechee Biz,Batch 014 How To Practice Mindful Living — A Gullah Geechee Biz publication.,,"BUS000000,SEL000000,SOC002010",3.99,
Batch 015 How To Let Go Of Perfectionism,Gullah Geechee Biz,Batch 015 How To Let Go Of Perfectionism — A Gullah Geechee Biz publication.,,"BUS000000,SEL000000,SOC002010",3.99,
Batch 016 How To Create A Personal Mission Stateme,Gullah Geechee Biz,Batch 016 How To Create A Personal Mission Stateme — A Gullah Geechee Biz publication.,,"BUS000000,SEL000000,SOC002010",3.99,
Batch 017 How To Develop A Growth Mindset,Gullah Geechee Biz,Batch 017 How To Develop A Growth Mindset — A Gullah Geechee Biz publication.,,"BUS000000,SEL000000,SOC002010",3.99,
Batch 018 How To Handle Criticism Gracefully,Gullah Geechee Biz,Batch 018 How To Handle Criticism Gracefully — A Gullah Geechee Biz publication.,,"BUS000000,SEL000000,SOC002010",3.99,
Batch 019 How To Build Healthy Relationships,Gullah Geechee Biz,Batch 019 How To Build Healthy Relationships — A Gullah Geechee Biz publication.,,"BUS000000,SEL000000,SOC002010",3.99,
Batch 020 How To Find Inner Peace,Gullah Geechee Biz,Batch 020 How To Find Inner Peace — A Gullah Geechee Biz publication.,,"BUS000000,SEL000000,SOC002010",3.99,
Batch 021 How To Stop People Pleasing,Gullah Geechee Biz,Batch 021 How To Stop People Pleasing — A Gullah Geechee Biz publication.,,"BUS000000,SEL000000,SOC002010",3.99,
Batch 022 How To Embrace Your Authentic Self,Gullah Geechee Biz,Batch 022 How To Embrace Your Authentic Self — A Gullah Geechee Biz publication.,,"BUS000000,SEL000000,SOC002010",3.99,
Batch 023 How To Navigate Life Transitions,Gullah Geechee Biz,Batch 023 How To Navigate Life Transitions — A Gullah Geechee Biz publication.,,"BUS000000,SEL000000,SOC002010",3.99,
Batch 024 How To Practice Self Compassion,Gullah Geechee Biz,Batch 024 How To Practice Self Compassion — A Gullah Geechee Biz publication.,,"BUS000000,SEL000000,SOC002010",3.99,
Batch 025 How To Build Mental Toughness,Gullah Geechee Biz,Batch 025 How To Build Mental Toughness — A Gullah Geechee Biz publication.,,"BUS000000,SEL000000,SOC002010",3.99,
Batch 026 How To Create A Vision Board That Works,Gullah Geechee Biz,Batch 026 How To Create A Vision Board That Works — A Gullah Geechee Biz publication.,,"BUS000000,SEL000000,SOC002010",3.99,
Batch 027 How To Develop Daily Discipline,Gullah Geechee Biz,Batch 027 How To Develop Daily Discipline — A Gullah Geechee Biz publication.,,"BUS000000,SEL000000,SOC002010",3.99,
Batch 028 How To Overcome Fear Of Failure,Gullah Geechee Biz,Batch 028 How To Overcome Fear Of Failure — A Gullah Geechee Biz publication.,,"BUS000000,SEL000000,SOC002010",3.99,
Batch 029 How To Cultivate Patience,Gullah Geechee Biz,Batch 029 How To Cultivate Patience — A Gullah Geechee Biz publication.,,"BUS000000,SEL000000,SOC002010",3.99,
Batch 030 How To Live With Intention,Gullah Geechee Biz,Batch 030 How To Live With Intention — A Gullah Geechee Biz publication.,,"BUS000000,SEL000000,SOC002010",3.99,
Batch 031 How To Start A Side Hustle,Gullah Geechee Biz,Batch 031 How To Start A Side Hustle — A Gullah Geechee Biz publication.,,"BUS000000,SEL000000,SOC002010",3.99,
Batch 032 How To Build A Personal Brand,Gullah Geechee Biz,Batch 032 How To Build A Personal Brand — A Gullah Geechee Biz publication.,,"BUS000000,SEL000000,SOC002010",3.99,
Batch 033 How To Create A Business Plan,Gullah Geechee Biz,Batch 033 How To Create A Business Plan — A Gullah Geechee Biz publication.,,"BUS000000,SEL000000,SOC002010",3.99,
Batch 034 How To Master Social Media Marketing,Gullah Geechee Biz,Batch 034 How To Master Social Media Marketing — A Gullah Geechee Biz publication.,,"BUS000000,SEL000000,SOC002010",3.99,
Batch 035 How To Launch An Online Course,Gullah Geechee Biz,Batch 035 How To Launch An Online Course — A Gullah Geechee Biz publication.,,"BUS000000,SEL000000,SOC002010",3.99,
Batch 036 How To Write A Winning Grant Proposal,Gullah Geechee Biz,Batch 036 How To Write A Winning Grant Proposal — A Gullah Geechee Biz publication.,,"BUS000000,SEL000000,SOC002010",3.99,
Batch 037 How To Build An Email List From Scratch,Gullah Geechee Biz,Batch 037 How To Build An Email List From Scratch — A Gullah Geechee Biz publication.,,"BUS000000,SEL000000,SOC002010",3.99,
Batch 038 How To Price Your Products Or Services,Gullah Geechee Biz,Batch 038 How To Price Your Products Or Services — A Gullah Geechee Biz publication.,,"BUS000000,SEL000000,SOC002010",3.99,
Batch 039 How To Network Like A Pro,Gullah Geechee Biz,Batch 039 How To Network Like A Pro — A Gullah Geechee Biz publication.,,"BUS000000,SEL000000,SOC002010",3.99,
Batch 040 How To Manage Business Finances,Gullah Geechee Biz,Batch 040 How To Manage Business Finances — A Gullah Geechee Biz publication.,,"BUS000000,SEL000000,SOC002010",3.99,
Batch 041 How To Create A Content Strategy,Gullah Geechee Biz,Batch 041 How To Create A Content Strategy — A Gullah Geechee Biz publication.,,"BUS000000,SEL000000,SOC002010",3.99,
Batch 042 How To Build A Website On A Budget,Gullah Geechee Biz,Batch 042 How To Build A Website On A Budget — A Gullah Geechee Biz publication.,,"BUS000000,SEL000000,SOC002010",3.99,
Batch 043 How To Master Public Speaking,Gullah Geechee Biz,Batch 043 How To Master Public Speaking — A Gullah Geechee Biz publication.,,"BUS000000,SEL000000,SOC002010",3.99,
Batch 044 How To Negotiate Better Deals,Gullah Geechee Biz,Batch 044 How To Negotiate Better Deals — A Gullah Geechee Biz publication.,,"BUS000000,SEL000000,SOC002010",3.99,
Batch 045 How To Build A Remote Team,Gullah Geechee Biz,Batch 045 How To Build A Remote Team — A Gullah Geechee Biz publication.,,"BUS000000,SEL000000,SOC002010",3.99,
Batch 046 How To Scale Your Small Business,Gullah Geechee Biz,Batch 046 How To Scale Your Small Business — A Gullah Geechee Biz publication.,,"BUS000000,SEL000000,SOC002010",3.99,
Batch 047 How To Create A Marketing Funnel,Gullah Geechee Biz,Batch 047 How To Create A Marketing Funnel — A Gullah Geechee Biz publication.,,"BUS000000,SEL000000,SOC002010",3.99,
Batch 048 How To Use Ai In Your Business,Gullah Geechee Biz,Batch 048 How To Use Ai In Your Business — A Gullah Geechee Biz publication.,,"BUS000000,SEL000000,SOC002010",3.99,
Batch 049 How To Build Customer Loyalty,Gullah Geechee Biz,Batch 049 How To Build Customer Loyalty — A Gullah Geechee Biz publication.,,"BUS000000,SEL000000,SOC002010",3.99,
Batch 050 How To Manage Your Time Effectively,Gullah Geechee Biz,Batch 050 How To Manage Your Time Effectively — A Gullah Geechee Biz publication.,,"BUS000000,SEL000000,SOC002010",3.99,
Batch 051 How To Create A Sales Funnel,Gullah Geechee Biz,Batch 051 How To Create A Sales Funnel — A Gullah Geechee Biz publication.,,"BUS000000,SEL000000,SOC002010",3.99,
Batch 052 How To Build Strategic Partnerships,Gullah Geechee Biz,Batch 052 How To Build Strategic Partnerships — A Gullah Geechee Biz publication.,,"BUS000000,SEL000000,SOC002010",3.99,
Batch 053 How To Master Email Marketing,Gullah Geechee Biz,Batch 053 How To Master Email Marketing — A Gullah Geechee Biz publication.,,"BUS000000,SEL000000,SOC002010",3.99,
Batch 054 How To Create A Brand Style Guide,Gullah Geechee Biz,Batch 054 How To Create A Brand Style Guide — A Gullah Geechee Biz publication.,,"BUS000000,SEL000000,SOC002010",3.99,
Batch 055 How To Build A Freelance Career,Gullah Geechee Biz,Batch 055 How To Build A Freelance Career — A Gullah Geechee Biz publication.,,"BUS000000,SEL000000,SOC002010",3.99,
Batch 056 How To Write Copy That Sells,Gullah Geechee Biz,Batch 056 How To Write Copy That Sells — A Gullah Geechee Biz publication.,,"BUS000000,SEL000000,SOC002010",3.99,
Batch 057 How To Create A Product Launch Plan,Gullah Geechee Biz,Batch 057 How To Create A Product Launch Plan — A Gullah Geechee Biz publication.,,"BUS000000,SEL000000,SOC002010",3.99,
Batch 058 How To Build A Community Around Your Bra,Gullah Geechee Biz,Batch 058 How To Build A Community Around Your Bra — A Gullah Geechee Biz publication.,,"BUS000000,SEL000000,SOC002010",3.99,
Batch 059 How To Master Linkedin For Business,Gullah Geechee Biz,Batch 059 How To Master Linkedin For Business — A Gullah Geechee Biz publication.,,"BUS000000,SEL000000,SOC002010",3.99,
Batch 060 How To Create A Customer Journey Map,Gullah Geechee Biz,Batch 060 How To Create A Customer Journey Map — A Gullah Geechee Biz publication.,,"BUS000000,SEL000000,SOC002010",3.99,
Batch 061 How To Build A Subscription Business,Gullah Geechee Biz,Batch 061 How To Build A Subscription Business — A Gullah Geechee Biz publication.,,"BUS000000,SEL000000,SOC002010",3.99,
Batch 062 How To Create A Referral Program,Gullah Geechee Biz,Batch 062 How To Create A Referral Program — A Gullah Geechee Biz publication.,,"BUS000000,SEL000000,SOC002010",3.99,
Batch 063 How To Master Business Storytelling,Gullah Geechee Biz,Batch 063 How To Master Business Storytelling — A Gullah Geechee Biz publication.,,"BUS000000,SEL000000,SOC002010",3.99,
Batch 064 How To Build A Digital Product Empire,Gullah Geechee Biz,Batch 064 How To Build A Digital Product Empire — A Gullah Geechee Biz publication.,,"BUS000000,SEL000000,SOC002010",3.99,
Batch 065 How To Create A Business Exit Strategy,Gullah Geechee Biz,Batch 065 How To Create A Business Exit Strategy — A Gullah Geechee Biz publication.,,"BUS000000,SEL000000,SOC002010",3.99,
Batch 066 How To Cook Perfect Gullah Red Rice,Gullah Geechee Biz,Batch 066 How To Cook Perfect Gullah Red Rice — A Gullah Geechee Biz publication.,,"CKB000000,SOC002010,HIS036120",3.99,
Batch 067 How To Make Southern Cornbread From Scra,Gullah Geechee Biz,Batch 067 How To Make Southern Cornbread From Scra — A Gullah Geechee Biz publication.,,"BUS000000,SEL000000,SOC002010",3.99,
Batch 068 How To Fry The Perfect Fish,Gullah Geechee Biz,Batch 068 How To Fry The Perfect Fish — A Gullah Geechee Biz publication.,,"BUS000000,SEL000000,SOC002010",3.99,
Batch 069 How To Make Authentic Shrimp And Grits,Gullah Geechee Biz,Batch 069 How To Make Authentic Shrimp And Grits — A Gullah Geechee Biz publication.,,"BUS000000,SEL000000,SOC002010",3.99,
Batch 070 How To Bake Sweet Potato Pie,Gullah Geechee Biz,Batch 070 How To Bake Sweet Potato Pie — A Gullah Geechee Biz publication.,,"BUS000000,SEL000000,SOC002010",3.99,
Batch 071 How To Make Hoppin John For New Years,Gullah Geechee Biz,Batch 071 How To Make Hoppin John For New Years — A Gullah Geechee Biz publication.,,"BUS000000,SEL000000,SOC002010",3.99,
Batch 072 How To Cook Collard Greens The Right Way,Gullah Geechee Biz,Batch 072 How To Cook Collard Greens The Right Way — A Gullah Geechee Biz publication.,,"CKB000000,SOC002010,HIS036120",3.99,
Batch 073 How To Make Benne Wafers,Gullah Geechee Biz,Batch 073 How To Make Benne Wafers — A Gullah Geechee Biz publication.,,"BUS000000,SEL000000,SOC002010",3.99,
Batch 074 How To Prepare Okra And Tomatoes,Gullah Geechee Biz,Batch 074 How To Prepare Okra And Tomatoes — A Gullah Geechee Biz publication.,,"BUS000000,SEL000000,SOC002010",3.99,
Batch 075 How To Make Gullah Tea Cakes,Gullah Geechee Biz,Batch 075 How To Make Gullah Tea Cakes — A Gullah Geechee Biz publication.,,"BUS000000,SEL000000,SOC002010",3.99,
Batch 076 How To Cook Lowcountry Boil,Gullah Geechee Biz,Batch 076 How To Cook Lowcountry Boil — A Gullah Geechee Biz publication.,,"CKB000000,SOC002010,HIS036120",3.99,
Batch 077 How To Make Pickled Shrimp,Gullah Geechee Biz,Batch 077 How To Make Pickled Shrimp — A Gullah Geechee Biz publication.,,"BUS000000,SEL000000,SOC002010",3.99,
Batch 078 How To Bake Buttermilk Cornbread,Gullah Geechee Biz,Batch 078 How To Bake Buttermilk Cornbread — A Gullah Geechee Biz publication.,,"BUS000000,SEL000000,SOC002010",3.99,
Batch 079 How To Make Boiled Peanuts,Gullah Geechee Biz,Batch 079 How To Make Boiled Peanuts — A Gullah Geechee Biz publication.,,"BUS000000,SEL000000,SOC002010",3.99,
Batch 080 How To Cook Gullah Cabbage,Gullah Geechee Biz,Batch 080 How To Cook Gullah Cabbage — A Gullah Geechee Biz publication.,,"CKB000000,SOC002010,HIS036120",3.99,
Batch 081 How To Make Mac And Cheese The Southern ,Gullah Geechee Biz,Batch 081 How To Make Mac And Cheese The Southern  — A Gullah Geechee Biz publication.,,"BUS000000,SEL000000,SOC002010",3.99,
Batch 082 How To Prepare Gullah Chicken Soup,Gullah Geechee Biz,Batch 082 How To Prepare Gullah Chicken Soup — A Gullah Geechee Biz publication.,,"BUS000000,SEL000000,SOC002010",3.99,
Batch 083 How To Make Rice Pudding,Gullah Geechee Biz,Batch 083 How To Make Rice Pudding — A Gullah Geechee Biz publication.,,"BUS000000,SEL000000,SOC002010",3.99,
Batch 084 How To Cook Gullah Pork Chops,Gullah Geechee Biz,Batch 084 How To Cook Gullah Pork Chops — A Gullah Geechee Biz publication.,,"CKB000000,SOC002010,HIS036120",3.99,
Batch 085 How To Make Sweetgrass Lemonade,Gullah Geechee Biz,Batch 085 How To Make Sweetgrass Lemonade — A Gullah Geechee Biz publication.,,"BUS000000,SEL000000,SOC002010",3.99,
Batch 086 How To Make Gullah Potato Salad,Gullah Geechee Biz,Batch 086 How To Make Gullah Potato Salad — A Gullah Geechee Biz publication.,,"BUS000000,SEL000000,SOC002010",3.99,
Batch 087 How To Cook Benne Chicken,Gullah Geechee Biz,Batch 087 How To Cook Benne Chicken — A Gullah Geechee Biz publication.,,"CKB000000,SOC002010,HIS036120",3.99,
Batch 088 How To Make Gullah Breakfast,Gullah Geechee Biz,Batch 088 How To Make Gullah Breakfast — A Gullah Geechee Biz publication.,,"BUS000000,SEL000000,SOC002010",3.99,
Batch 089 How To Preserve Summer Vegetables,Gullah Geechee Biz,Batch 089 How To Preserve Summer Vegetables — A Gullah Geechee Biz publication.,,"BUS000000,SEL000000,SOC002010",3.99,
Batch 090 How To Master Cast Iron Cooking,Gullah Geechee Biz,Batch 090 How To Master Cast Iron Cooking — A Gullah Geechee Biz publication.,,"CKB000000,SOC002010,HIS036120",3.99,
Batch 091 How To Make One Pot Gullah Meals,Gullah Geechee Biz,Batch 091 How To Make One Pot Gullah Meals — A Gullah Geechee Biz publication.,,"BUS000000,SEL000000,SOC002010",3.99,
Batch 092 How To Cook With Seasonal Lowcountry Ing,Gullah Geechee Biz,Batch 092 How To Cook With Seasonal Lowcountry Ing — A Gullah Geechee Biz publication.,,"CKB000000,SOC002010,HIS036120",3.99,
Batch 093 How To Make Gullah Sauces And Seasonings,Gullah Geechee Biz,Batch 093 How To Make Gullah Sauces And Seasonings — A Gullah Geechee Biz publication.,,"BUS000000,SEL000000,SOC002010",3.99,
Batch 094 How To Bake Gullah Desserts,Gullah Geechee Biz,Batch 094 How To Bake Gullah Desserts — A Gullah Geechee Biz publication.,,"BUS000000,SEL000000,SOC002010",3.99,
Batch 095 How To Make Holiday Gullah Feasts,Gullah Geechee Biz,Batch 095 How To Make Holiday Gullah Feasts — A Gullah Geechee Biz publication.,,"BUS000000,SEL000000,SOC002010",3.99,
Batch 096 How To Cook Gullah Seafood,Gullah Geechee Biz,Batch 096 How To Cook Gullah Seafood — A Gullah Geechee Biz publication.,,"CKB000000,SOC002010,HIS036120",3.99,
Batch 097 How To Make Gullah Soups And Stews,Gullah Geechee Biz,Batch 097 How To Make Gullah Soups And Stews — A Gullah Geechee Biz publication.,,"BUS000000,SEL000000,SOC002010",3.99,
Batch 098 How To Prepare Gullah Side Dishes,Gullah Geechee Biz,Batch 098 How To Prepare Gullah Side Dishes — A Gullah Geechee Biz publication.,,"BUS000000,SEL000000,SOC002010",3.99,
Batch 099 How To Make Gullah Breads,Gullah Geechee Biz,Batch 099 How To Make Gullah Breads — A Gullah Geechee Biz publication.,,"BUS000000,SEL000000,SOC002010",3.99,
Batch 100 How To Cook Gullah Vegetables,Gullah Geechee Biz,Batch 100 How To Cook Gullah Vegetables — A Gullah Geechee Biz publication.,,"CKB000000,SOC002010,HIS036120",3.99,
KDP Draft — How to Build a Website on a Budget,Darryl Elliott Brown,KDP Draft — How to Build a Website on a Budget — A Gullah Geechee Biz publication.,,"BUS000000,SEL000000,SOC002010",3.99,bb20d2d3.epub
How to Master Social Media Marketing,Darryl Elliott Brown,How to Master Social Media Marketing — A Gullah Geechee Biz publication.,,"BUS000000,SEL000000,SOC002010",3.99,bb334b02.epub
KDP Draft — How to Make Hoppin' John for New Year's,Darryl Elliott Brown,KDP Draft — How to Make Hoppin' John for New Year's — A Gullah Geechee Biz publication.,,"BUS000000,SEL000000,SOC002010",3.99,bb55a8df.epub
Encyclopedia Volume 09,Darryl Elliott Brown,Encyclopedia Volume 09 — A Gullah Geechee Biz publication.,,"REF000000,SOC002010,HIS036120",9.99,bb57500f.epub
Encyclopedia Volume 30,Darryl Elliott Brown,Encyclopedia Volume 30 — A Gullah Geechee Biz publication.,,"REF000000,SOC002010,HIS036120",9.99,bb9b4592.epub
How to Cultivate Patience,Darryl Elliott Brown,How to Cultivate Patience — A Gullah Geechee Biz publication.,,"BUS000000,SEL000000,SOC002010",3.99,bbe9954c.epub
How to Make Mac and Cheese the Southern Way,Darryl Elliott Brown,How to Make Mac and Cheese the Southern Way — A Gullah Geechee Biz publication.,,"BUS000000,SEL000000,SOC002010",3.99,bbf54dae.epub
KDP Draft — How to Make Gullah Potato Salad,Darryl Elliott Brown,KDP Draft — How to Make Gullah Potato Salad — A Gullah Geechee Biz publication.,,"BUS000000,SEL000000,SOC002010",3.99,bbfc6e9d.epub
KDP Draft — How to Scale Your Small Business,Darryl Elliott Brown,KDP Draft — How to Scale Your Small Business — A Gullah Geechee Biz publication.,,"BUS000000,SEL000000,SOC002010",3.99,bc0bcb86.epub
The Gullah Geechee Guide to Determination,Darryl Elliott Brown,The Gullah Geechee Guide to Determination — A Gullah Geechee Biz publication.,,"BUS000000,SEL000000,SOC002010",3.99,bc23de1b.epub
Encyclopedia Volume 06,Darryl Elliott Brown,Encyclopedia Volume 06 — A Gullah Geechee Biz publication.,,"REF000000,SOC002010,HIS036120",9.99,bc2e3fb8.epub
KDP Draft — How to Master Business Storytelling,Darryl Elliott Brown,KDP Draft — How to Master Business Storytelling — A Gullah Geechee Biz publication.,,"BUS000000,SEL000000,SOC002010",3.99,bc5cf5bc.epub
How to Make Holiday Gullah Feasts,Darryl Elliott Brown,How to Make Holiday Gullah Feasts — A Gullah Geechee Biz publication.,,"BUS000000,SEL000000,SOC002010",3.99,bca593c2.epub
KDP Draft — How to Make Gullah Sauces and Seasonings,Darryl Elliott Brown,KDP Draft — How to Make Gullah Sauces and Seasonings — A Gullah Geechee Biz publication.,,"BUS000000,SEL000000,SOC002010",3.99,bca95701.epub
How to Master Public Speaking,Darryl Elliott Brown,How to Master Public Speaking — A Gullah Geechee Biz publication.,,"BUS000000,SEL000000,SOC002010",3.99,bcef917e.epub
Encyclopedia Volume 12,Darryl Elliott Brown,Encyclopedia Volume 12 — A Gullah Geechee Biz publication.,,"REF000000,SOC002010,HIS036120",9.99,bcf2da63.epub
How to Create a Marketing Funnel,Darryl Elliott Brown,How to Create a Marketing Funnel — A Gullah Geechee Biz publication.,,"BUS000000,SEL000000,SOC002010",3.99,bd12f6f7.epub
How to Overcome Imposter Syndrome,Darryl Elliott Brown,How to Overcome Imposter Syndrome — A Gullah Geechee Biz publication.,,"BUS000000,SEL000000,SOC002010",3.99,bd5dfa4e.epub
Encyclopedia Volume 05,Darryl Elliott Brown,Encyclopedia Volume 05 — A Gullah Geechee Biz publication.,,"REF000000,SOC002010,HIS036120",9.99,bdfbd2d6.epub
Encyclopedia Volume 29,Darryl Elliott Brown,Encyclopedia Volume 29 — A Gullah Geechee Biz publication.,,"REF000000,SOC002010,HIS036120",9.99,be50c86f.epub
How to Develop a Growth Mindset,Darryl Elliott Brown,How to Develop a Growth Mindset — A Gullah Geechee Biz publication.,,"BUS000000,SEL000000,SOC002010",3.99,be63f93f.epub
Encyclopedia Volume 44,Darryl Elliott Brown,Encyclopedia Volume 44 — A Gullah Geechee Biz publication.,,"REF000000,SOC002010,HIS036120",9.99,be8fcae7.epub
How to Build a Subscription Business,Darryl Elliott Brown,How to Build a Subscription Business — A Gullah Geechee Biz publication.,,"BUS000000,SEL000000,SOC002010",3.99,be954935.epub
How to Create a Content Strategy,Darryl Elliott Brown,How to Create a Content Strategy — A Gullah Geechee Biz publication.,,"BUS000000,SEL000000,SOC002010",3.99,be98f214.epub
How to Prepare Okra and Tomatoes,Darryl Elliott Brown,How to Prepare Okra and Tomatoes — A Gullah Geechee Biz publication.,,"BUS000000,SEL000000,SOC002010",3.99,bec4d2ae.epub
How to Navigate Life Transitions,Darryl Elliott Brown,How to Navigate Life Transitions — A Gullah Geechee Biz publication.,,"BUS000000,SEL000000,SOC002010",3.99,bee3eded.epub
KDP Draft — How to Make Southern Cornbread from Scratch,Darryl Elliott Brown,KDP Draft — How to Make Southern Cornbread from Scratch — A Gullah Geechee Biz publication.,,"BUS000000,SEL000000,SOC002010",3.99,bf8290e4.epub
KDP Draft — How to Manage Anxiety Naturally,Darryl Elliott Brown,KDP Draft — How to Manage Anxiety Naturally — A Gullah Geechee Biz publication.,,"BUS000000,SEL000000,SOC002010",3.99,bfa43ac7.epub
How to Master Your Morning Routine,Darryl Elliott Brown,How to Master Your Morning Routine — A Gullah Geechee Biz publication.,,"BUS000000,SEL000000,SOC002010",3.99,bfa98e66.epub
The Gullah Geechee Guide to Yearning,Darryl Elliott Brown,The Gullah Geechee Guide to Yearning — A Gullah Geechee Biz publication.,,"BUS000000,SEL000000,SOC002010",3.99,bfb05663.epub
KDP Draft — How to Make Gullah Breakfast,Darryl Elliott Brown,KDP Draft — How to Make Gullah Breakfast — A Gullah Geechee Biz publication.,,"BUS000000,SEL000000,SOC002010",3.99,bfca53b7.epub
How to Master Social Media Marketing,Darryl Elliott Brown,How to Master Social Media Marketing — A Gullah Geechee Biz publication.,,"BUS000000,SEL000000,SOC002010",3.99,bfdbcbb4.epub
The Gullah Geechee Guide to Discipline,Darryl Elliott Brown,The Gullah Geechee Guide to Discipline — A Gullah Geechee Biz publication.,,"BUS000000,SEL000000,SOC002010",3.99,bfe11817.epub
How to Build Abundance,Darryl Elliott Brown,How to Build Abundance — A Gullah Geechee Biz publication.,,"BUS000000,SEL000000,SOC002010",3.99,bfe3f639.epub
How to Build an Email List from Scratch,Darryl Elliott Brown,How to Build an Email List from Scratch — A Gullah Geechee Biz publication.,,"BUS000000,SEL000000,SOC002010",3.99,c00a2a51.epub
Encyclopedia Volume 28,Darryl Elliott Brown,Encyclopedia Volume 28 — A Gullah Geechee Biz publication.,,"REF000000,SOC002010,HIS036120",9.99,c054b14f.epub
KDP Draft — How to Create a Business Exit Strategy,Darryl Elliott Brown,KDP Draft — How to Create a Business Exit Strategy — A Gullah Geechee Biz publication.,,"BUS000000,SEL000000,SOC002010",3.99,c0a1649e.epub
KDP Draft — How to Make Sweetgrass Lemonade,Darryl Elliott Brown,KDP Draft — How to Make Sweetgrass Lemonade — A Gullah Geechee Biz publication.,,"BUS000000,SEL000000,SOC002010",3.99,c0aacd3e.epub
Encyclopedia Volume 02,Darryl Elliott Brown,Encyclopedia Volume 02 — A Gullah Geechee Biz publication.,,"REF000000,SOC002010,HIS036120",9.99,c0f37a25.epub
KDP Draft — How to Stay Motivated Every Day,Darryl Elliott Brown,KDP Draft — How to Stay Motivated Every Day — A Gullah Geechee Biz publication.,,"BUS000000,SEL000000,SOC002010",3.99,c14428d3.epub
KDP Draft — How to Live with Intention,Darryl Elliott Brown,KDP Draft — How to Live with Intention — A Gullah Geechee Biz publication.,,"BUS000000,SEL000000,SOC002010",3.99,c15817e6.epub
How to Build Customer Loyalty,Darryl Elliott Brown,How to Build Customer Loyalty — A Gullah Geechee Biz publication.,,"BUS000000,SEL000000,SOC002010",3.99,c15ef88e.epub
KDP Draft — Gullah Geechee Camp Cooking,Darryl Elliott Brown,KDP Draft — Gullah Geechee Camp Cooking — A Gullah Geechee Biz publication.,,"CKB000000,SOC002010,HIS036120",3.99,c1a22958.epub
KDP Draft — How to Write a Winning Grant Proposal,Darryl Elliott Brown,KDP Draft — How to Write a Winning Grant Proposal — A Gullah Geechee Biz publication.,,"BUS000000,SEL000000,SOC002010",3.99,c1d5d836.epub
How to Master Public Speaking,Darryl Elliott Brown,How to Master Public Speaking — A Gullah Geechee Biz publication.,,"BUS000000,SEL000000,SOC002010",3.99,c1d63140.epub
Gullah Geechee Meal Prep,Darryl Elliott Brown,Gullah Geechee Meal Prep — A Gullah Geechee Biz publication.,,"BUS000000,SEL000000,SOC002010",3.99,c1e939ad.epub
How to Develop Daily Discipline,Darryl Elliott Brown,How to Develop Daily Discipline — A Gullah Geechee Biz publication.,,"BUS000000,SEL000000,SOC002010",3.99,c20b53c0.epub
How to Break Bad Habits Forever,Darryl Elliott Brown,How to Break Bad Habits Forever — A Gullah Geechee Biz publication.,,"BUS000000,SEL000000,SOC002010",3.99,c2cdbfd2.epub
The Gullah Geechee Guide to Harmony,Darryl Elliott Brown,The Gullah Geechee Guide to Harmony — A Gullah Geechee Biz publication.,,"BUS000000,SEL000000,SOC002010",3.99,c2f5f536.epub
How to Cook Gullah Pork Chops,Darryl Elliott Brown,How to Cook Gullah Pork Chops — A Gullah Geechee Biz publication.,,"CKB000000,SOC002010,HIS036120",3.99,c30fa984.epub
KDP Draft — How to Build Healthy Relationships,Darryl Elliott Brown,KDP Draft — How to Build Healthy Relationships — A Gullah Geechee Biz publication.,,"BUS000000,SEL000000,SOC002010",3.99,c3d625ba.epub
How to Prepare Gullah Chicken Soup,Darryl Elliott Brown,How to Prepare Gullah Chicken Soup — A Gullah Geechee Biz publication.,,"BUS000000,SEL000000,SOC002010",3.99,c4130289.epub
KDP Draft — How to Make Rice Pudding,Darryl Elliott Brown,KDP Draft — How to Make Rice Pudding — A Gullah Geechee Biz publication.,,"BUS000000,SEL000000,SOC002010",3.99,c439f593.epub
How to Start a Side Hustle,Darryl Elliott Brown,How to Start a Side Hustle — A Gullah Geechee Biz publication.,,"BUS000000,SEL000000,SOC002010",3.99,c493ba10.epub
How to Create a Personal Mission Statement,Darryl Elliott Brown,How to Create a Personal Mission Statement — A Gullah Geechee Biz publication.,,"BUS000000,SEL000000,SOC002010",3.99,c49ecfaa.epub
KDP Draft — How to Cultivate Patience,Darryl Elliott Brown,KDP Draft — How to Cultivate Patience — A Gullah Geechee Biz publication.,,"BUS000000,SEL000000,SOC002010",3.99,c4bcc8d4.epub
How to Bake Gullah Desserts,Darryl Elliott Brown,How to Bake Gullah Desserts — A Gullah Geechee Biz publication.,,"BUS000000,SEL000000,SOC002010",3.99,c4cb9f24.epub
How to Master Cast Iron Cooking,Darryl Elliott Brown,How to Master Cast Iron Cooking — A Gullah Geechee Biz publication.,,"CKB000000,SOC002010,HIS036120",3.99,c5326dc1.epub
KDP Draft — How to Launch an Online Course,Darryl Elliott Brown,KDP Draft — How to Launch an Online Course — A Gullah Geechee Biz publication.,,"BUS000000,SEL000000,SOC002010",3.99,c5621309.epub
KDP Draft — The Gullah Geechee Guide to Unity,Darryl Elliott Brown,KDP Draft — The Gullah Geechee Guide to Unity — A Gullah Geechee Biz publication.,,"BUS000000,SEL000000,SOC002010",3.99,c5759519.epub
How to Build a Community Around Your Brand,Darryl Elliott Brown,How to Build a Community Around Your Brand — A Gullah Geechee Biz publication.,,"BUS000000,SEL000000,SOC002010",3.99,c5dd72b2.epub
Encyclopedia Volume 41,Darryl Elliott Brown,Encyclopedia Volume 41 — A Gullah Geechee Biz publication.,,"REF000000,SOC002010,HIS036120",9.99,c5fc4ecf.epub
How to Make Authentic Shrimp and Grits,Darryl Elliott Brown,How to Make Authentic Shrimp and Grits — A Gullah Geechee Biz publication.,,"BUS000000,SEL000000,SOC002010",3.99,c60b6314.epub
KDP Draft — How to Make Gullah Potato Salad,Darryl Elliott Brown,KDP Draft — How to Make Gullah Potato Salad — A Gullah Geechee Biz publication.,,"BUS000000,SEL000000,SOC002010",3.99,c610a3d4.epub
KDP Draft — How to Create a Product Launch Plan,Darryl Elliott Brown,KDP Draft — How to Create a Product Launch Plan — A Gullah Geechee Biz publication.,,"BUS000000,SEL000000,SOC002010",3.99,c651752c.epub
How to Make Gullah Tea Cakes,Darryl Elliott Brown,How to Make Gullah Tea Cakes — A Gullah Geechee Biz publication.,,"BUS000000,SEL000000,SOC002010",3.99,c655fc81.epub
How to Handle Criticism Gracefully,Darryl Elliott Brown,How to Handle Criticism Gracefully — A Gullah Geechee Biz publication.,,"BUS000000,SEL000000,SOC002010",3.99,c71034d0.epub
How to Build a Freelance Career,Darryl Elliott Brown,How to Build a Freelance Career — A Gullah Geechee Biz publication.,,"BUS000000,SEL000000,SOC002010",3.99,c7353f7c.epub
KDP Draft — How to Preserve Summer Vegetables,Darryl Elliott Brown,KDP Draft — How to Preserve Summer Vegetables — A Gullah Geechee Biz publication.,,"BUS000000,SEL000000,SOC002010",3.99,c7a841fd.epub
KDP Draft — How to Overcome Fear of Failure,Darryl Elliott Brown,KDP Draft — How to Overcome Fear of Failure — A Gullah Geechee Biz publication.,,"BUS000000,SEL000000,SOC002010",3.99,c8927cb9.epub
Lowcountry Tourism,Darryl Elliott Brown,Lowcountry Tourism — A Gullah Geechee Biz publication.,,"BUS000000,SEL000000,SOC002010",3.99,c89a10b5.epub
How to Manage Anxiety Naturally,Darryl Elliott Brown,How to Manage Anxiety Naturally — A Gullah Geechee Biz publication.,,"BUS000000,SEL000000,SOC002010",3.99,c8ea709c.epub
How to Prepare Okra and Tomatoes,Darryl Elliott Brown,How to Prepare Okra and Tomatoes — A Gullah Geechee Biz publication.,,"BUS000000,SEL000000,SOC002010",3.99,c9110ebc.epub
How to Price Your Products or Services,Darryl Elliott Brown,How to Price Your Products or Services — A Gullah Geechee Biz publication.,,"BUS000000,SEL000000,SOC002010",3.99,c996ed01.epub
KDP Draft — How to Master Business Storytelling,Darryl Elliott Brown,KDP Draft — How to Master Business Storytelling — A Gullah Geechee Biz publication.,,"BUS000000,SEL000000,SOC002010",3.99,c9e58e73.epub
How to Network Like a Pro,Darryl Elliott Brown,How to Network Like a Pro — A Gullah Geechee Biz publication.,,"BUS000000,SEL000000,SOC002010",3.99,ca2bce89.epub
How to Scale Your Small Business,Darryl Elliott Brown,How to Scale Your Small Business — A Gullah Geechee Biz publication.,,"BUS000000,SEL000000,SOC002010",3.99,ca6e375f.epub
How to Write Copy That Sells,Darryl Elliott Brown,How to Write Copy That Sells — A Gullah Geechee Biz publication.,,"BUS000000,SEL000000,SOC002010",3.99,ca801ee8.epub
Encyclopedia Volume 36,Darryl Elliott Brown,Encyclopedia Volume 36 — A Gullah Geechee Biz publication.,,"REF000000,SOC002010,HIS036120",9.99,ca98a7ae.epub
Gullah Geechee One-Pot Meals,Darryl Elliott Brown,Gullah Geechee One-Pot Meals — A Gullah Geechee Biz publication.,,"BUS000000,SEL000000,SOC002010",3.99,cad4c23c.epub
KDP Draft — How to Cultivate Daily Gratitude,Darryl Elliott Brown,KDP Draft — How to Cultivate Daily Gratitude — A Gullah Geechee Biz publication.,,"BUS000000,SEL000000,SOC002010",3.99,cb0d0823.epub
How to Fry the Perfect Fish,Darryl Elliott Brown,How to Fry the Perfect Fish — A Gullah Geechee Biz publication.,,"BUS000000,SEL000000,SOC002010",3.99,cb26962e.epub
How to Make Boiled Peanuts,Darryl Elliott Brown,How to Make Boiled Peanuts — A Gullah Geechee Biz publication.,,"BUS000000,SEL000000,SOC002010",3.99,cbf0fd0c.epub
KDP Draft — How to Make Hoppin' John for New Year's,Darryl Elliott Brown,KDP Draft — How to Make Hoppin' John for New Year's — A Gullah Geechee Biz publication.,,"BUS000000,SEL000000,SOC002010",3.99,cc30d6ed.epub
How to Make Hoppin' John for New Year's,Darryl Elliott Brown,How to Make Hoppin' John for New Year's — A Gullah Geechee Biz publication.,,"BUS000000,SEL000000,SOC002010",3.99,cc3a18d7.epub
How to Make Sweetgrass Lemonade,Darryl Elliott Brown,How to Make Sweetgrass Lemonade — A Gullah Geechee Biz publication.,,"BUS000000,SEL000000,SOC002010",3.99,cc7ce0c7.epub
KDP Draft — How to Preserve Summer Vegetables,Darryl Elliott Brown,KDP Draft — How to Preserve Summer Vegetables — A Gullah Geechee Biz publication.,,"BUS000000,SEL000000,SOC002010",3.99,cc85e572.epub
Encyclopedia Volume 16,Darryl Elliott Brown,Encyclopedia Volume 16 — A Gullah Geechee Biz publication.,,"REF000000,SOC002010,HIS036120",9.99,ccac331c.epub
KDP Draft — How to Make Gullah Breads,Darryl Elliott Brown,KDP Draft — How to Make Gullah Breads — A Gullah Geechee Biz publication.,,"BUS000000,SEL000000,SOC002010",3.99,ccda19da.epub
Gullah Geechee Job Creation,Darryl Elliott Brown,Gullah Geechee Job Creation — A Gullah Geechee Biz publication.,,"BUS000000,SEL000000,SOC002010",3.99,cd2611d5.epub
How to Master Email Marketing,Darryl Elliott Brown,How to Master Email Marketing — A Gullah Geechee Biz publication.,,"BUS000000,SEL000000,SOC002010",3.99,cd49bb9c.epub
How to Build Mental Toughness,Darryl Elliott Brown,How to Build Mental Toughness — A Gullah Geechee Biz publication.,,"BUS000000,SEL000000,SOC002010",3.99,cd7b22ec.epub
KDP Draft — How to Create a Customer Journey Map,Darryl Elliott Brown,KDP Draft — How to Create a Customer Journey Map — A Gullah Geechee Biz publication.,,"BUS000000,SEL000000,SOC002010",3.99,cde70daa.epub
Encyclopedia Volume 19,Darryl Elliott Brown,Encyclopedia Volume 19 — A Gullah Geechee Biz publication.,,"REF000000,SOC002010,HIS036120",9.99,ce2613c3.epub
How to Build a Personal Brand,Darryl Elliott Brown,How to Build a Personal Brand — A Gullah Geechee Biz publication.,,"BUS000000,SEL000000,SOC002010",3.99,ce78b1a4.epub
How to Scale Your Small Business,Darryl Elliott Brown,How to Scale Your Small Business — A Gullah Geechee Biz publication.,,"BUS000000,SEL000000,SOC002010",3.99,ce872a44.epub
Encyclopedia Volume 45,Darryl Elliott Brown,Encyclopedia Volume 45 — A Gullah Geechee Biz publication.,,"REF000000,SOC002010,HIS036120",9.99,ce9ea279.epub
How to Stay Motivated Every Day,Darryl Elliott Brown,How to Stay Motivated Every Day — A Gullah Geechee Biz publication.,,"BUS000000,SEL000000,SOC002010",3.99,cee6f41c.epub
KDP Draft — Gullah Geechee Microenterprise,Darryl Elliott Brown,KDP Draft — Gullah Geechee Microenterprise — A Gullah Geechee Biz publication.,,"BUS000000,SEL000000,SOC002010",3.99,cf2d69ea.epub
KDP Draft — How to Overcome Imposter Syndrome,Darryl Elliott Brown,KDP Draft — How to Overcome Imposter Syndrome — A Gullah Geechee Biz publication.,,"BUS000000,SEL000000,SOC002010",3.99,cf531799.epub
How to Create a Business Exit Strategy,Darryl Elliott Brown,How to Create a Business Exit Strategy — A Gullah Geechee Biz publication.,,"BUS000000,SEL000000,SOC002010",3.99,d03f282b.epub
KDP Draft — How to Create a Sales Funnel,Darryl Elliott Brown,KDP Draft — How to Create a Sales Funnel — A Gullah Geechee Biz publication.,,"BUS000000,SEL000000,SOC002010",3.99,d0c010c0.epub
How to Build Zeal,Darryl Elliott Brown,How to Build Zeal — A Gullah Geechee Biz publication.,,"BUS000000,SEL000000,SOC002010",3.99,d1119a1e.epub
KDP Draft — How to Bake Buttermilk Cornbread,Darryl Elliott Brown,KDP Draft — How to Bake Buttermilk Cornbread — A Gullah Geechee Biz publication.,,"BUS000000,SEL000000,SOC002010",3.99,d11ed9ad.epub
KDP Draft — How to Create a Brand Style Guide,Darryl Elliott Brown,KDP Draft — How to Create a Brand Style Guide — A Gullah Geechee Biz publication.,,"BUS000000,SEL000000,SOC002010",3.99,d15e2601.epub
KDP Draft — How to Handle Criticism Gracefully,Darryl Elliott Brown,KDP Draft — How to Handle Criticism Gracefully — A Gullah Geechee Biz publication.,,"BUS000000,SEL000000,SOC002010",3.99,d161ef31.epub
How to Build Resilience,Darryl Elliott Brown,How to Build Resilience — A Gullah Geechee Biz publication.,,"BUS000000,SEL000000,SOC002010",3.99,d1fad4a0.epub
Gullah Geechee Camp Cooking,Darryl Elliott Brown,Gullah Geechee Camp Cooking — A Gullah Geechee Biz publication.,,"CKB000000,SOC002010,HIS036120",3.99,d24a1f31.epub
How to Set Boundaries That Stick,Darryl Elliott Brown,How to Set Boundaries That Stick — A Gullah Geechee Biz publication.,,"BUS000000,SEL000000,SOC002010",3.99,d252c9a7.epub
KDP Draft — How to Let Go of Perfectionism,Darryl Elliott Brown,KDP Draft — How to Let Go of Perfectionism — A Gullah Geechee Biz publication.,,"BUS000000,SEL000000,SOC002010",3.99,d25a6557.epub
How to Master Your Morning Routine,Darryl Elliott Brown,How to Master Your Morning Routine — A Gullah Geechee Biz publication.,,"BUS000000,SEL000000,SOC002010",3.99,d25e29c2.epub
Sweetgrass Basket,Darryl Elliott Brown,Sweetgrass Basket — A Gullah Geechee Biz publication.,,"BUS000000,SEL000000,SOC002010",3.99,d2e03915.epub
KDP Draft — How to Build Mental Toughness,Darryl Elliott Brown,KDP Draft — How to Build Mental Toughness — A Gullah Geechee Biz publication.,,"BUS000000,SEL000000,SOC002010",3.99,d352c665.epub
How to Break Bad Habits Forever,Darryl Elliott Brown,How to Break Bad Habits Forever — A Gullah Geechee Biz publication.,,"BUS000000,SEL000000,SOC002010",3.99,d38f6d6a.epub
How to Build a Remote Team,Darryl Elliott Brown,How to Build a Remote Team — A Gullah Geechee Biz publication.,,"BUS000000,SEL000000,SOC002010",3.99,d397be9a.epub
How to Preserve Summer Vegetables,Darryl Elliott Brown,How to Preserve Summer Vegetables — A Gullah Geechee Biz publication.,,"BUS000000,SEL000000,SOC002010",3.99,d4050c5d.epub
Encyclopedia Volume 26,Darryl Elliott Brown,Encyclopedia Volume 26 — A Gullah Geechee Biz publication.,,"REF000000,SOC002010,HIS036120",9.99,d434ef17.epub
How to Master Business Storytelling,Darryl Elliott Brown,How to Master Business Storytelling — A Gullah Geechee Biz publication.,,"BUS000000,SEL000000,SOC002010",3.99,d436c510.epub
Encyclopedia Volume 12,Darryl Elliott Brown,Encyclopedia Volume 12 — A Gullah Geechee Biz publication.,,"REF000000,SOC002010,HIS036120",9.99,d4c491d3.epub
How to Master Email Marketing,Darryl Elliott Brown,How to Master Email Marketing — A Gullah Geechee Biz publication.,,"BUS000000,SEL000000,SOC002010",3.99,d4cd4f31.epub
How to Build a Community Around Your Brand,Darryl Elliott Brown,How to Build a Community Around Your Brand — A Gullah Geechee Biz publication.,,"BUS000000,SEL000000,SOC002010",3.99,d5298726.epub
How to Create a Referral Program,Darryl Elliott Brown,How to Create a Referral Program — A Gullah Geechee Biz publication.,,"BUS000000,SEL000000,SOC002010",3.99,d53a5dcd.epub
KDP Draft — How to Manage Anxiety Naturally,Darryl Elliott Brown,KDP Draft — How to Manage Anxiety Naturally — A Gullah Geechee Biz publication.,,"BUS000000,SEL000000,SOC002010",3.99,d5494f78.epub
KDP Draft — How to Cook Perfect Gullah Red Rice,Darryl Elliott Brown,KDP Draft — How to Cook Perfect Gullah Red Rice — A Gullah Geechee Biz publication.,,"CKB000000,SOC002010,HIS036120",3.99,d64c3b93.epub
How to Launch an Online Course,Darryl Elliott Brown,How to Launch an Online Course — A Gullah Geechee Biz publication.,,"BUS000000,SEL000000,SOC002010",3.99,d6af3c3f.epub
How to Practice Radical Self-Care,Darryl Elliott Brown,How to Practice Radical Self-Care — A Gullah Geechee Biz publication.,,"BUS000000,SEL000000,SOC002010",3.99,d6dea6cb.epub
How to Make Benne Wafers,Darryl Elliott Brown,How to Make Benne Wafers — A Gullah Geechee Biz publication.,,"BUS000000,SEL000000,SOC002010",3.99,d79ec397.epub
KDP Draft — How to Cook Collard Greens the Right Way,Darryl Elliott Brown,KDP Draft — How to Cook Collard Greens the Right Way — A Gullah Geechee Biz publication.,,"CKB000000,SOC002010,HIS036120",3.99,d815d834.epub
How to Create a Referral Program,Darryl Elliott Brown,How to Create a Referral Program — A Gullah Geechee Biz publication.,,"BUS000000,SEL000000,SOC002010",3.99,d8e00295.epub
KDP Draft — How to Manage Business Finances,Darryl Elliott Brown,KDP Draft — How to Manage Business Finances — A Gullah Geechee Biz publication.,,"BUS000000,SEL000000,SOC002010",3.99,d9708f7f.epub
How to Manage Business Finances,Darryl Elliott Brown,How to Manage Business Finances — A Gullah Geechee Biz publication.,,"BUS000000,SEL000000,SOC002010",3.99,d97c1cb9.epub
KDP Draft — How to Start a Side Hustle,Darryl Elliott Brown,KDP Draft — How to Start a Side Hustle — A Gullah Geechee Biz publication.,,"BUS000000,SEL000000,SOC002010",3.99,d99892d0.epub
How to Build Healthy Relationships,Darryl Elliott Brown,How to Build Healthy Relationships — A Gullah Geechee Biz publication.,,"BUS000000,SEL000000,SOC002010",3.99,d9b981ff.epub
KDP Draft — How to Cook Collard Greens the Right Way,Darryl Elliott Brown,KDP Draft — How to Cook Collard Greens the Right Way — A Gullah Geechee Biz publication.,,"CKB000000,SOC002010,HIS036120",3.99,d9ed5355.epub
How to Bake Sweet Potato Pie,Darryl Elliott Brown,How to Bake Sweet Potato Pie — A Gullah Geechee Biz publication.,,"BUS000000,SEL000000,SOC002010",3.99,d9ef5304.epub
KDP Draft — How to Bake Gullah Desserts,Darryl Elliott Brown,KDP Draft — How to Bake Gullah Desserts — A Gullah Geechee Biz publication.,,"BUS000000,SEL000000,SOC002010",3.99,d9f8eba6.epub
How to Develop Daily Discipline,Darryl Elliott Brown,How to Develop Daily Discipline — A Gullah Geechee Biz publication.,,"BUS000000,SEL000000,SOC002010",3.99,dab0350f.epub
How to Master Your Morning Routine,Darryl Elliott Brown,How to Master Your Morning Routine — A Gullah Geechee Biz publication.,,"BUS000000,SEL000000,SOC002010",3.99,dad70a0c.epub
How to Build a Freelance Career,Darryl Elliott Brown,How to Build a Freelance Career — A Gullah Geechee Biz publication.,,"BUS000000,SEL000000,SOC002010",3.99,db0bdab3.epub
The Gullah Geechee Guide to Wisdom,Darryl Elliott Brown,The Gullah Geechee Guide to Wisdom — A Gullah Geechee Biz publication.,,"BUS000000,SEL000000,SOC002010",3.99,db889e77.epub
How to Build a Subscription Business,Darryl Elliott Brown,How to Build a Subscription Business — A Gullah Geechee Biz publication.,,"BUS000000,SEL000000,SOC002010",3.99,dba19a4b.epub
Encyclopedia Volume 01,Darryl Elliott Brown,Encyclopedia Volume 01 — A Gullah Geechee Biz publication.,,"REF000000,SOC002010,HIS036120",9.99,dbed7008.epub
The Gullah Geechee Guide to Wisdom,Darryl Elliott Brown,The Gullah Geechee Guide to Wisdom — A Gullah Geechee Biz publication.,,"BUS000000,SEL000000,SOC002010",3.99,dc0aff2b.epub
Gullah Geechee Condiments,Darryl Elliott Brown,Gullah Geechee Condiments — A Gullah Geechee Biz publication.,,"BUS000000,SEL000000,SOC002010",3.99,dc15e72d.epub
How to Cook Gullah Pork Chops,Darryl Elliott Brown,How to Cook Gullah Pork Chops — A Gullah Geechee Biz publication.,,"CKB000000,SOC002010,HIS036120",3.99,dc2e7e53.epub
KDP Draft — How to Develop Emotional Intelligence,Darryl Elliott Brown,KDP Draft — How to Develop Emotional Intelligence — A Gullah Geechee Biz publication.,,"BUS000000,SEL000000,SOC002010",3.99,dc77beae.epub
How to Create a Personal Mission Statement,Darryl Elliott Brown,How to Create a Personal Mission Statement — A Gullah Geechee Biz publication.,,"BUS000000,SEL000000,SOC002010",3.99,dd004ab6.epub
Gullah Geechee Appetizers,Darryl Elliott Brown,Gullah Geechee Appetizers — A Gullah Geechee Biz publication.,,"BUS000000,SEL000000,SOC002010",3.99,dd830640.epub
How to Make Gullah Sauces and Seasonings,Darryl Elliott Brown,How to Make Gullah Sauces and Seasonings — A Gullah Geechee Biz publication.,,"BUS000000,SEL000000,SOC002010",3.99,ddaa1829.epub
KDP Draft — How to Write a Winning Grant Proposal,Darryl Elliott Brown,KDP Draft — How to Write a Winning Grant Proposal — A Gullah Geechee Biz publication.,,"BUS000000,SEL000000,SOC002010",3.99,ddc60181.epub
How to Make Pickled Shrimp,Darryl Elliott Brown,How to Make Pickled Shrimp — A Gullah Geechee Biz publication.,,"BUS000000,SEL000000,SOC002010",3.99,ddfb94e2.epub
How to Cultivate Daily Gratitude,Darryl Elliott Brown,How to Cultivate Daily Gratitude — A Gullah Geechee Biz publication.,,"BUS000000,SEL000000,SOC002010",3.99,de064dbd.epub
Encyclopedia Volume 01,Darryl Elliott Brown,Encyclopedia Volume 01 — A Gullah Geechee Biz publication.,,"REF000000,SOC002010,HIS036120",9.99,dea290cf.epub
How to Make Gullah Breads,Darryl Elliott Brown,How to Make Gullah Breads — A Gullah Geechee Biz publication.,,"BUS000000,SEL000000,SOC002010",3.99,deb9d495.epub
KDP Draft — Gullah Geechee Community Commerce,Darryl Elliott Brown,KDP Draft — Gullah Geechee Community Commerce — A Gullah Geechee Biz publication.,,"BUS000000,SEL000000,SOC002010",3.99,df0cda39.epub
How to Create a Marketing Funnel,Darryl Elliott Brown,How to Create a Marketing Funnel — A Gullah Geechee Biz publication.,,"BUS000000,SEL000000,SOC002010",3.99,df71da43.epub
KDP Draft — How to Cultivate Patience,Darryl Elliott Brown,KDP Draft — How to Cultivate Patience — A Gullah Geechee Biz publication.,,"BUS000000,SEL000000,SOC002010",3.99,df8624e1.epub
How to Cook Benne Chicken,Darryl Elliott Brown,How to Cook Benne Chicken — A Gullah Geechee Biz publication.,,"CKB000000,SOC002010,HIS036120",3.99,dfb382db.epub
KDP Draft — How to Make Mac and Cheese the Southern Way,Darryl Elliott Brown,KDP Draft — How to Make Mac and Cheese the Southern Way — A Gullah Geechee Biz publication.,,"BUS000000,SEL000000,SOC002010",3.99,dfe6e93d.epub
KDP Draft — How to Build Unshakeable Confidence,Darryl Elliott Brown,KDP Draft — How to Build Unshakeable Confidence — A Gullah Geechee Biz publication.,,"BUS000000,SEL000000,SOC002010",3.99,e07c90a2.epub
Gullah Geechee Microenterprise,Darryl Elliott Brown,Gullah Geechee Microenterprise — A Gullah Geechee Biz publication.,,"BUS000000,SEL000000,SOC002010",3.99,e0c57eee.epub
How to Overcome Fear of Failure,Darryl Elliott Brown,How to Overcome Fear of Failure — A Gullah Geechee Biz publication.,,"BUS000000,SEL000000,SOC002010",3.99,e10ac104.epub
KDP Draft — How to Embrace Your Authentic Self,Darryl Elliott Brown,KDP Draft — How to Embrace Your Authentic Self — A Gullah Geechee Biz publication.,,"BUS000000,SEL000000,SOC002010",3.99,e1700cac.epub
KDP Draft — Gullah Geechee Condiments,Darryl Elliott Brown,KDP Draft — Gullah Geechee Condiments — A Gullah Geechee Biz publication.,,"BUS000000,SEL000000,SOC002010",3.99,e1845c66.epub
Encyclopedia Volume 35,Darryl Elliott Brown,Encyclopedia Volume 35 — A Gullah Geechee Biz publication.,,"REF000000,SOC002010,HIS036120",9.99,e1846a52.epub
KDP Draft — How to Build a Freelance Career,Darryl Elliott Brown,KDP Draft — How to Build a Freelance Career — A Gullah Geechee Biz publication.,,"BUS000000,SEL000000,SOC002010",3.99,e1ccdb54.epub
Gullah Geechee Startup Guide,Darryl Elliott Brown,Gullah Geechee Startup Guide — A Gullah Geechee Biz publication.,,"BUS000000,SEL000000,SOC002010",3.99,e20c9084.epub
KDP Draft — How to Set Boundaries That Stick,Darryl Elliott Brown,KDP Draft — How to Set Boundaries That Stick — A Gullah Geechee Biz publication.,,"BUS000000,SEL000000,SOC002010",3.99,e2c4f527.epub
KDP Draft — How to Write Copy That Sells,Darryl Elliott Brown,KDP Draft — How to Write Copy That Sells — A Gullah Geechee Biz publication.,,"BUS000000,SEL000000,SOC002010",3.99,e2d49eb2.epub
How to Practice Radical Self-Care,Darryl Elliott Brown,How to Practice Radical Self-Care — A Gullah Geechee Biz publication.,,"BUS000000,SEL000000,SOC002010",3.99,e2ef3f88.epub
KDP Draft — How to Prepare Gullah Chicken Soup,Darryl Elliott Brown,KDP Draft — How to Prepare Gullah Chicken Soup — A Gullah Geechee Biz publication.,,"BUS000000,SEL000000,SOC002010",3.99,e3abb4e2.epub
How to Build a Website on a Budget,Darryl Elliott Brown,How to Build a Website on a Budget — A Gullah Geechee Biz publication.,,"BUS000000,SEL000000,SOC002010",3.99,e3c8f939.epub
Encyclopedia Volume 45,Darryl Elliott Brown,Encyclopedia Volume 45 — A Gullah Geechee Biz publication.,,"REF000000,SOC002010,HIS036120",9.99,e42aa5bd.epub
How to Stop People-Pleasing,Darryl Elliott Brown,How to Stop People-Pleasing — A Gullah Geechee Biz publication.,,"BUS000000,SEL000000,SOC002010",3.99,e4bf6762.epub
KDP Draft — How to Cook Benne Chicken,Darryl Elliott Brown,KDP Draft — How to Cook Benne Chicken — A Gullah Geechee Biz publication.,,"CKB000000,SOC002010,HIS036120",3.99,e5247472.epub
KDP Draft — How to Launch an Online Course,Darryl Elliott Brown,KDP Draft — How to Launch an Online Course — A Gullah Geechee Biz publication.,,"BUS000000,SEL000000,SOC002010",3.99,e53eca77.epub
Encyclopedia Volume 11,Darryl Elliott Brown,Encyclopedia Volume 11 — A Gullah Geechee Biz publication.,,"REF000000,SOC002010,HIS036120",9.99,e58f26fc.epub
How to Cook Gullah Vegetables,Darryl Elliott Brown,How to Cook Gullah Vegetables — A Gullah Geechee Biz publication.,,"CKB000000,SOC002010,HIS036120",3.99,e5ad23a1.epub
How to Write a Winning Grant Proposal,Darryl Elliott Brown,How to Write a Winning Grant Proposal — A Gullah Geechee Biz publication.,,"BUS000000,SEL000000,SOC002010",3.99,e5f9d045.epub
Encyclopedia Volume 18,Darryl Elliott Brown,Encyclopedia Volume 18 — A Gullah Geechee Biz publication.,,"REF000000,SOC002010,HIS036120",9.99,e63008ee.epub
How to Build an Email List from Scratch,Darryl Elliott Brown,How to Build an Email List from Scratch — A Gullah Geechee Biz publication.,,"BUS000000,SEL000000,SOC002010",3.99,e69bc2d3.epub
How to Create a Referral Program,Darryl Elliott Brown,How to Create a Referral Program — A Gullah Geechee Biz publication.,,"BUS000000,SEL000000,SOC002010",3.99,e6b0252c.epub
KDP Draft — How to Use AI in Your Business,Darryl Elliott Brown,KDP Draft — How to Use AI in Your Business — A Gullah Geechee Biz publication.,,"BUS000000,SEL000000,SOC002010",3.99,e6d94432.epub
How to Create a Marketing Funnel,Darryl Elliott Brown,How to Create a Marketing Funnel — A Gullah Geechee Biz publication.,,"BUS000000,SEL000000,SOC002010",3.99,e77ce26d.epub
How to Make Benne Wafers,Darryl Elliott Brown,How to Make Benne Wafers — A Gullah Geechee Biz publication.,,"BUS000000,SEL000000,SOC002010",3.99,e7da89c7.epub
KDP Draft — How to Master Email Marketing,Darryl Elliott Brown,KDP Draft — How to Master Email Marketing — A Gullah Geechee Biz publication.,,"BUS000000,SEL000000,SOC002010",3.99,e7ea9110.epub
Encyclopedia Volume 40,Darryl Elliott Brown,Encyclopedia Volume 40 — A Gullah Geechee Biz publication.,,"REF000000,SOC002010,HIS036120",9.99,e81afcac.epub
KDP Draft — How to Find Inner Peace,Darryl Elliott Brown,KDP Draft — How to Find Inner Peace — A Gullah Geechee Biz publication.,,"BUS000000,SEL000000,SOC002010",3.99,e8374ad6.epub
How to Make Holiday Gullah Feasts,Darryl Elliott Brown,How to Make Holiday Gullah Feasts — A Gullah Geechee Biz publication.,,"BUS000000,SEL000000,SOC002010",3.99,e84c2747.epub
KDP Draft — How to Develop a Growth Mindset,Darryl Elliott Brown,KDP Draft — How to Develop a Growth Mindset — A Gullah Geechee Biz publication.,,"BUS000000,SEL000000,SOC002010",3.99,e8bae49c.epub
KDP Draft — How to Make Gullah Potato Salad,Darryl Elliott Brown,KDP Draft — How to Make Gullah Potato Salad — A Gullah Geechee Biz publication.,,"BUS000000,SEL000000,SOC002010",3.99,e930df42.epub
KDP Draft — How to Find Your Purpose,Darryl Elliott Brown,KDP Draft — How to Find Your Purpose — A Gullah Geechee Biz publication.,,"BUS000000,SEL000000,SOC002010",3.99,e948762b.epub
KDP Draft — The Gullah Geechee Guide to Unity,Darryl Elliott Brown,KDP Draft — The Gullah Geechee Guide to Unity — A Gullah Geechee Biz publication.,,"BUS000000,SEL000000,SOC002010",3.99,e95e3004.epub
KDP Draft — How to Cook Benne Chicken,Darryl Elliott Brown,KDP Draft — How to Cook Benne Chicken — A Gullah Geechee Biz publication.,,"CKB000000,SOC002010,HIS036120",3.99,e99a3335.epub
KDP Draft — How to Make Rice Pudding,Darryl Elliott Brown,KDP Draft — How to Make Rice Pudding — A Gullah Geechee Biz publication.,,"BUS000000,SEL000000,SOC002010",3.99,e99bbdda.epub
KDP Draft — How to Build an Email List from Scratch,Darryl Elliott Brown,KDP Draft — How to Build an Email List from Scratch — A Gullah Geechee Biz publication.,,"BUS000000,SEL000000,SOC002010",3.99,e9fb422d.epub
KDP Draft — How to Write Copy That Sells,Darryl Elliott Brown,KDP Draft — How to Write Copy That Sells — A Gullah Geechee Biz publication.,,"BUS000000,SEL000000,SOC002010",3.99,ea0dca6c.epub
How to Make Rice Pudding,Darryl Elliott Brown,How to Make Rice Pudding — A Gullah Geechee Biz publication.,,"BUS000000,SEL000000,SOC002010",3.99,ea218c82.epub
Gullah Geechee Job Creation,Darryl Elliott Brown,Gullah Geechee Job Creation — A Gullah Geechee Biz publication.,,"BUS000000,SEL000000,SOC002010",3.99,ea9b318f.epub
How to Make Authentic Shrimp and Grits,Darryl Elliott Brown,How to Make Authentic Shrimp and Grits — A Gullah Geechee Biz publication.,,"BUS000000,SEL000000,SOC002010",3.99,eaa120ff.epub
KDP Draft — How to Cook Gullah Pork Chops,Darryl Elliott Brown,KDP Draft — How to Cook Gullah Pork Chops — A Gullah Geechee Biz publication.,,"CKB000000,SOC002010,HIS036120",3.99,eaa5e58f.epub
Encyclopedia Volume 48,Darryl Elliott Brown,Encyclopedia Volume 48 — A Gullah Geechee Biz publication.,,"REF000000,SOC002010,HIS036120",9.99,eac1f2b5.epub
How to Cook with Seasonal Lowcountry Ingredients,Darryl Elliott Brown,How to Cook with Seasonal Lowcountry Ingredients — A Gullah Geechee Biz publication.,,"CKB000000,SOC002010,HIS036120",3.99,eb64d714.epub
KDP Draft — How to Network Like a Pro,Darryl Elliott Brown,KDP Draft — How to Network Like a Pro — A Gullah Geechee Biz publication.,,"BUS000000,SEL000000,SOC002010",3.99,eb92bd62.epub
KDP Draft — How to Stop People-Pleasing,Darryl Elliott Brown,KDP Draft — How to Stop People-Pleasing — A Gullah Geechee Biz publication.,,"BUS000000,SEL000000,SOC002010",3.99,ec03293a.epub
How to Create a Business Exit Strategy,Darryl Elliott Brown,How to Create a Business Exit Strategy — A Gullah Geechee Biz publication.,,"BUS000000,SEL000000,SOC002010",3.99,ecac5857.epub
KDP Draft — How to Create a Personal Mission Statement,Darryl Elliott Brown,KDP Draft — How to Create a Personal Mission Statement — A Gullah Geechee Biz publication.,,"BUS000000,SEL000000,SOC002010",3.99,ecfca051.epub
Encyclopedia Volume 49,Darryl Elliott Brown,Encyclopedia Volume 49 — A Gullah Geechee Biz publication.,,"REF000000,SOC002010,HIS036120",9.99,ed8847d8.epub
How to Build Imagination,Darryl Elliott Brown,How to Build Imagination — A Gullah Geechee Biz publication.,,"BUS000000,SEL000000,SOC002010",3.99,ed939b4b.epub
KDP Draft — How to Build a Digital Product Empire,Darryl Elliott Brown,KDP Draft — How to Build a Digital Product Empire — A Gullah Geechee Biz publication.,,"BUS000000,SEL000000,SOC002010",3.99,edbc7909.epub
How to Prepare Gullah Chicken Soup,Darryl Elliott Brown,How to Prepare Gullah Chicken Soup — A Gullah Geechee Biz publication.,,"BUS000000,SEL000000,SOC002010",3.99,ee51415c.epub
KDP Draft — How to Build Mental Toughness,Darryl Elliott Brown,KDP Draft — How to Build Mental Toughness — A Gullah Geechee Biz publication.,,"BUS000000,SEL000000,SOC002010",3.99,ee9688c5.epub
Encyclopedia Volume 47,Darryl Elliott Brown,Encyclopedia Volume 47 — A Gullah Geechee Biz publication.,,"REF000000,SOC002010,HIS036120",9.99,efa72596.epub
Gullah Geechee One-Pot Meals,Darryl Elliott Brown,Gullah Geechee One-Pot Meals — A Gullah Geechee Biz publication.,,"BUS000000,SEL000000,SOC002010",3.99,efc55d5c.epub
How to Make Gullah Soups and Stews,Darryl Elliott Brown,How to Make Gullah Soups and Stews — A Gullah Geechee Biz publication.,,"BUS000000,SEL000000,SOC002010",3.99,eff7e63b.epub
Encyclopedia Vol 01,Gullah Geechee Biz,Encyclopedia Vol 01 — A Gullah Geechee Biz publication.,,"REF000000,SOC002010,HIS036120",9.99,encyclopedia.epub
Encyclopedia Vol 02,Gullah Geechee Biz,Encyclopedia Vol 02 — A Gullah Geechee Biz publication.,,"REF000000,SOC002010,HIS036120",9.99,encyclopedia.epub
Encyclopedia Vol 03,Gullah Geechee Biz,Encyclopedia Vol 03 — A Gullah Geechee Biz publication.,,"REF000000,SOC002010,HIS036120",9.99,encyclopedia.epub
Encyclopedia Vol 04,Gullah Geechee Biz,Encyclopedia Vol 04 — A Gullah Geechee Biz publication.,,"REF000000,SOC002010,HIS036120",9.99,encyclopedia.epub
Encyclopedia Vol 05,Gullah Geechee Biz,Encyclopedia Vol 05 — A Gullah Geechee Biz publication.,,"REF000000,SOC002010,HIS036120",9.99,encyclopedia.epub
Encyclopedia Vol 06,Gullah Geechee Biz,Encyclopedia Vol 06 — A Gullah Geechee Biz publication.,,"REF000000,SOC002010,HIS036120",9.99,encyclopedia.epub
Encyclopedia Vol 07,Gullah Geechee Biz,Encyclopedia Vol 07 — A Gullah Geechee Biz publication.,,"REF000000,SOC002010,HIS036120",9.99,encyclopedia.epub
Encyclopedia Vol 08,Gullah Geechee Biz,Encyclopedia Vol 08 — A Gullah Geechee Biz publication.,,"REF000000,SOC002010,HIS036120",9.99,encyclopedia.epub
Encyclopedia Vol 09,Gullah Geechee Biz,Encyclopedia Vol 09 — A Gullah Geechee Biz publication.,,"REF000000,SOC002010,HIS036120",9.99,encyclopedia.epub
Encyclopedia Vol 10,Gullah Geechee Biz,Encyclopedia Vol 10 — A Gullah Geechee Biz publication.,,"REF000000,SOC002010,HIS036120",9.99,encyclopedia.epub
Encyclopedia Vol 11,Gullah Geechee Biz,Encyclopedia Vol 11 — A Gullah Geechee Biz publication.,,"REF000000,SOC002010,HIS036120",9.99,encyclopedia.epub
Encyclopedia Vol 12,Gullah Geechee Biz,Encyclopedia Vol 12 — A Gullah Geechee Biz publication.,,"REF000000,SOC002010,HIS036120",9.99,encyclopedia.epub
Encyclopedia Vol 13,Gullah Geechee Biz,Encyclopedia Vol 13 — A Gullah Geechee Biz publication.,,"REF000000,SOC002010,HIS036120",9.99,encyclopedia.epub
Encyclopedia Vol 14,Gullah Geechee Biz,Encyclopedia Vol 14 — A Gullah Geechee Biz publication.,,"REF000000,SOC002010,HIS036120",9.99,encyclopedia.epub
