Handle,Title,Body (HTML),Vendor,Type,Tags,Published,Option1 Name,Option1 Value,Variant SKU,Variant Price,Variant Inventory Qty,Variant Inventory Policy,Variant Fulfillment Service,Image Src,Status
encyclopedia-volume-06,Encyclopedia Volume 06,<p>Encyclopedia Volume 06 — A Gullah Geechee publication by Darryl E. Brown</p>,Gullah Geechee Biz,Book,"Gullah Geechee, Book, Books",TRUE,Format,eBook,ggb-manifest-bc2e3fb,3.99,1,deny,manual,,active
encyclopedia-volume-07,Encyclopedia Volume 07,<p>Encyclopedia Volume 07 — A Gullah Geechee publication by Darryl E. Brown</p>,Gullah Geechee Biz,Book,"Gullah Geechee, Book, Books",TRUE,Format,eBook,ggb-manifest-fc14dc1,3.99,1,deny,manual,,active
encyclopedia-volume-08,Encyclopedia Volume 08,<p>Encyclopedia Volume 08 — A Gullah Geechee publication by Darryl E. Brown</p>,Gullah Geechee Biz,Book,"Gullah Geechee, Book, Books",TRUE,Format,eBook,ggb-manifest-6fd0cd3,3.99,1,deny,manual,,active
encyclopedia-volume-09,Encyclopedia Volume 09,<p>Encyclopedia Volume 09 — A Gullah Geechee publication by Darryl E. Brown</p>,Gullah Geechee Biz,Book,"Gullah Geechee, Book, Books",TRUE,Format,eBook,ggb-manifest-bb57500,3.99,1,deny,manual,,active
encyclopedia-volume-10,Encyclopedia Volume 10,<p>Encyclopedia Volume 10 — A Gullah Geechee publication by Darryl E. Brown</p>,Gullah Geechee Biz,Book,"Gullah Geechee, Book, Books",TRUE,Format,eBook,ggb-manifest-54c98f4,3.99,1,deny,manual,,active
encyclopedia-volume-11,Encyclopedia Volume 11,<p>Encyclopedia Volume 11 — A Gullah Geechee publication by Darryl E. Brown</p>,Gullah Geechee Biz,Book,"Gullah Geechee, Book, Books",TRUE,Format,eBook,ggb-manifest-e58f26f,3.99,1,deny,manual,,active
encyclopedia-volume-12,Encyclopedia Volume 12,<p>Encyclopedia Volume 12 — A Gullah Geechee publication by Darryl E. Brown</p>,Gullah Geechee Biz,Book,"Gullah Geechee, Book, Books",TRUE,Format,eBook,ggb-manifest-bcf2da6,3.99,1,deny,manual,,active
encyclopedia-volume-13,Encyclopedia Volume 13,<p>Encyclopedia Volume 13 — A Gullah Geechee publication by Darryl E. Brown</p>,Gullah Geechee Biz,Book,"Gullah Geechee, Book, Books",TRUE,Format,eBook,ggb-manifest-6823287,3.99,1,deny,manual,,active
encyclopedia-volume-14,Encyclopedia Volume 14,<p>Encyclopedia Volume 14 — A Gullah Geechee publication by Darryl E. Brown</p>,Gullah Geechee Biz,Book,"Gullah Geechee, Book, Books",TRUE,Format,eBook,ggb-manifest-45df32b,3.99,1,deny,manual,,active
encyclopedia-volume-15,Encyclopedia Volume 15,<p>Encyclopedia Volume 15 — A Gullah Geechee publication by Darryl E. Brown</p>,Gullah Geechee Biz,Book,"Gullah Geechee, Book, Books",TRUE,Format,eBook,ggb-manifest-27991ea,3.99,1,deny,manual,,active
encyclopedia-volume-16,Encyclopedia Volume 16,<p>Encyclopedia Volume 16 — A Gullah Geechee publication by Darryl E. Brown</p>,Gullah Geechee Biz,Book,"Gullah Geechee, Book, Books",TRUE,Format,eBook,ggb-manifest-ccac331,3.99,1,deny,manual,,active
encyclopedia-volume-17,Encyclopedia Volume 17,<p>Encyclopedia Volume 17 — A Gullah Geechee publication by Darryl E. Brown</p>,Gullah Geechee Biz,Book,"Gullah Geechee, Book, Books",TRUE,Format,eBook,ggb-manifest-23516ae,3.99,1,deny,manual,,active
encyclopedia-volume-18,Encyclopedia Volume 18,<p>Encyclopedia Volume 18 — A Gullah Geechee publication by Darryl E. Brown</p>,Gullah Geechee Biz,Book,"Gullah Geechee, Book, Books",TRUE,Format,eBook,ggb-manifest-e63008e,3.99,1,deny,manual,,active
encyclopedia-volume-19,Encyclopedia Volume 19,<p>Encyclopedia Volume 19 — A Gullah Geechee publication by Darryl E. Brown</p>,Gullah Geechee Biz,Book,"Gullah Geechee, Book, Books",TRUE,Format,eBook,ggb-manifest-252e904,3.99,1,deny,manual,,active
encyclopedia-volume-20,Encyclopedia Volume 20,<p>Encyclopedia Volume 20 — A Gullah Geechee publication by Darryl E. Brown</p>,Gullah Geechee Biz,Book,"Gullah Geechee, Book, Books",TRUE,Format,eBook,ggb-manifest-b032bcc,3.99,1,deny,manual,,active
encyclopedia-volume-21,Encyclopedia Volume 21,<p>Encyclopedia Volume 21 — A Gullah Geechee publication by Darryl E. Brown</p>,Gullah Geechee Biz,Book,"Gullah Geechee, Book, Books",TRUE,Format,eBook,ggb-manifest-42b54f9,3.99,1,deny,manual,,active
encyclopedia-volume-22,Encyclopedia Volume 22,<p>Encyclopedia Volume 22 — A Gullah Geechee publication by Darryl E. Brown</p>,Gullah Geechee Biz,Book,"Gullah Geechee, Book, Books",TRUE,Format,eBook,ggb-manifest-84e3b78,3.99,1,deny,manual,,active
encyclopedia-volume-23,Encyclopedia Volume 23,<p>Encyclopedia Volume 23 — A Gullah Geechee publication by Darryl E. Brown</p>,Gullah Geechee Biz,Book,"Gullah Geechee, Book, Books",TRUE,Format,eBook,ggb-manifest-33a9872,3.99,1,deny,manual,,active
encyclopedia-volume-24,Encyclopedia Volume 24,<p>Encyclopedia Volume 24 — A Gullah Geechee publication by Darryl E. Brown</p>,Gullah Geechee Biz,Book,"Gullah Geechee, Book, Books",TRUE,Format,eBook,ggb-manifest-47095be,3.99,1,deny,manual,,active
encyclopedia-volume-25,Encyclopedia Volume 25,<p>Encyclopedia Volume 25 — A Gullah Geechee publication by Darryl E. Brown</p>,Gullah Geechee Biz,Book,"Gullah Geechee, Book, Books",TRUE,Format,eBook,ggb-manifest-5144914,3.99,1,deny,manual,,active
encyclopedia-volume-26,Encyclopedia Volume 26,<p>Encyclopedia Volume 26 — A Gullah Geechee publication by Darryl E. Brown</p>,Gullah Geechee Biz,Book,"Gullah Geechee, Book, Books",TRUE,Format,eBook,ggb-manifest-d434ef1,3.99,1,deny,manual,,active
encyclopedia-volume-27,Encyclopedia Volume 27,<p>Encyclopedia Volume 27 — A Gullah Geechee publication by Darryl E. Brown</p>,Gullah Geechee Biz,Book,"Gullah Geechee, Book, Books",TRUE,Format,eBook,ggb-manifest-73abbae,3.99,1,deny,manual,,active
encyclopedia-volume-28,Encyclopedia Volume 28,<p>Encyclopedia Volume 28 — A Gullah Geechee publication by Darryl E. Brown</p>,Gullah Geechee Biz,Book,"Gullah Geechee, Book, Books",TRUE,Format,eBook,ggb-manifest-c054b14,3.99,1,deny,manual,,active
encyclopedia-volume-29,Encyclopedia Volume 29,<p>Encyclopedia Volume 29 — A Gullah Geechee publication by Darryl E. Brown</p>,Gullah Geechee Biz,Book,"Gullah Geechee, Book, Books",TRUE,Format,eBook,ggb-manifest-be50c86,3.99,1,deny,manual,,active
encyclopedia-volume-30,Encyclopedia Volume 30,<p>Encyclopedia Volume 30 — A Gullah Geechee publication by Darryl E. Brown</p>,Gullah Geechee Biz,Book,"Gullah Geechee, Book, Books",TRUE,Format,eBook,ggb-manifest-79e7628,3.99,1,deny,manual,,active
encyclopedia-volume-31,Encyclopedia Volume 31,<p>Encyclopedia Volume 31 — A Gullah Geechee publication by Darryl E. Brown</p>,Gullah Geechee Biz,Book,"Gullah Geechee, Book, Books",TRUE,Format,eBook,ggb-manifest-31719e2,3.99,1,deny,manual,,active
encyclopedia-volume-32,Encyclopedia Volume 32,<p>Encyclopedia Volume 32 — A Gullah Geechee publication by Darryl E. Brown</p>,Gullah Geechee Biz,Book,"Gullah Geechee, Book, Books",TRUE,Format,eBook,ggb-manifest-8b14fca,3.99,1,deny,manual,,active
encyclopedia-volume-33,Encyclopedia Volume 33,<p>Encyclopedia Volume 33 — A Gullah Geechee publication by Darryl E. Brown</p>,Gullah Geechee Biz,Book,"Gullah Geechee, Book, Books",TRUE,Format,eBook,ggb-manifest-6022074,3.99,1,deny,manual,,active
encyclopedia-volume-34,Encyclopedia Volume 34,<p>Encyclopedia Volume 34 — A Gullah Geechee publication by Darryl E. Brown</p>,Gullah Geechee Biz,Book,"Gullah Geechee, Book, Books",TRUE,Format,eBook,ggb-manifest-2f93c7e,3.99,1,deny,manual,,active
encyclopedia-volume-35,Encyclopedia Volume 35,<p>Encyclopedia Volume 35 — A Gullah Geechee publication by Darryl E. Brown</p>,Gullah Geechee Biz,Book,"Gullah Geechee, Book, Books",TRUE,Format,eBook,ggb-manifest-e1846a5,3.99,1,deny,manual,,active
encyclopedia-volume-36,Encyclopedia Volume 36,<p>Encyclopedia Volume 36 — A Gullah Geechee publication by Darryl E. Brown</p>,Gullah Geechee Biz,Book,"Gullah Geechee, Book, Books",TRUE,Format,eBook,ggb-manifest-ca98a7a,3.99,1,deny,manual,,active
encyclopedia-volume-37,Encyclopedia Volume 37,<p>Encyclopedia Volume 37 — A Gullah Geechee publication by Darryl E. Brown</p>,Gullah Geechee Biz,Book,"Gullah Geechee, Book, Books",TRUE,Format,eBook,ggb-manifest-b721896,3.99,1,deny,manual,,active
encyclopedia-volume-38,Encyclopedia Volume 38,<p>Encyclopedia Volume 38 — A Gullah Geechee publication by Darryl E. Brown</p>,Gullah Geechee Biz,Book,"Gullah Geechee, Book, Books",TRUE,Format,eBook,ggb-manifest-aff8af1,3.99,1,deny,manual,,active
encyclopedia-volume-39,Encyclopedia Volume 39,<p>Encyclopedia Volume 39 — A Gullah Geechee publication by Darryl E. Brown</p>,Gullah Geechee Biz,Book,"Gullah Geechee, Book, Books",TRUE,Format,eBook,ggb-manifest-64887ca,3.99,1,deny,manual,,active
encyclopedia-volume-40,Encyclopedia Volume 40,<p>Encyclopedia Volume 40 — A Gullah Geechee publication by Darryl E. Brown</p>,Gullah Geechee Biz,Book,"Gullah Geechee, Book, Books",TRUE,Format,eBook,ggb-manifest-e81afca,3.99,1,deny,manual,,active
encyclopedia-volume-41,Encyclopedia Volume 41,<p>Encyclopedia Volume 41 — A Gullah Geechee publication by Darryl E. Brown</p>,Gullah Geechee Biz,Book,"Gullah Geechee, Book, Books",TRUE,Format,eBook,ggb-manifest-70edb7b,3.99,1,deny,manual,,active
encyclopedia-volume-42,Encyclopedia Volume 42,<p>Encyclopedia Volume 42 — A Gullah Geechee publication by Darryl E. Brown</p>,Gullah Geechee Biz,Book,"Gullah Geechee, Book, Books",TRUE,Format,eBook,ggb-manifest-0ba5d46,3.99,1,deny,manual,,active
encyclopedia-volume-43,Encyclopedia Volume 43,<p>Encyclopedia Volume 43 — A Gullah Geechee publication by Darryl E. Brown</p>,Gullah Geechee Biz,Book,"Gullah Geechee, Book, Books",TRUE,Format,eBook,ggb-manifest-f305488,3.99,1,deny,manual,,active
encyclopedia-volume-44,Encyclopedia Volume 44,<p>Encyclopedia Volume 44 — A Gullah Geechee publication by Darryl E. Brown</p>,Gullah Geechee Biz,Book,"Gullah Geechee, Book, Books",TRUE,Format,eBook,ggb-manifest-be8fcae,3.99,1,deny,manual,,active
encyclopedia-volume-45,Encyclopedia Volume 45,<p>Encyclopedia Volume 45 — A Gullah Geechee publication by Darryl E. Brown</p>,Gullah Geechee Biz,Book,"Gullah Geechee, Book, Books",TRUE,Format,eBook,ggb-manifest-e42aa5b,3.99,1,deny,manual,,active
encyclopedia-volume-46,Encyclopedia Volume 46,<p>Encyclopedia Volume 46 — A Gullah Geechee publication by Darryl E. Brown</p>,Gullah Geechee Biz,Book,"Gullah Geechee, Book, Books",TRUE,Format,eBook,ggb-manifest-8f23dc1,3.99,1,deny,manual,,active
encyclopedia-volume-47,Encyclopedia Volume 47,<p>Encyclopedia Volume 47 — A Gullah Geechee publication by Darryl E. Brown</p>,Gullah Geechee Biz,Book,"Gullah Geechee, Book, Books",TRUE,Format,eBook,ggb-manifest-ada8621,3.99,1,deny,manual,,active
encyclopedia-volume-48,Encyclopedia Volume 48,<p>Encyclopedia Volume 48 — A Gullah Geechee publication by Darryl E. Brown</p>,Gullah Geechee Biz,Book,"Gullah Geechee, Book, Books",TRUE,Format,eBook,ggb-manifest-ff08230,3.99,1,deny,manual,,active
encyclopedia-volume-49,Encyclopedia Volume 49,<p>Encyclopedia Volume 49 — A Gullah Geechee publication by Darryl E. Brown</p>,Gullah Geechee Biz,Book,"Gullah Geechee, Book, Books",TRUE,Format,eBook,ggb-manifest-9fca0a8,3.99,1,deny,manual,,active
encyclopedia-volume-50,Encyclopedia Volume 50,<p>Encyclopedia Volume 50 — A Gullah Geechee publication by Darryl E. Brown</p>,Gullah Geechee Biz,Book,"Gullah Geechee, Book, Books",TRUE,Format,eBook,ggb-manifest-7750337,3.99,1,deny,manual,,active
encyclopedia-volume-01,Encyclopedia Volume 01,<p>Encyclopedia Volume 01 — A Gullah Geechee publication by Darryl E. Brown</p>,Gullah Geechee Biz,Book,"Gullah Geechee, Book, Books",TRUE,Format,eBook,ggb-manifest-8a9e1c5,3.99,1,deny,manual,,active
encyclopedia-volume-02,Encyclopedia Volume 02,<p>Encyclopedia Volume 02 — A Gullah Geechee publication by Darryl E. Brown</p>,Gullah Geechee Biz,Book,"Gullah Geechee, Book, Books",TRUE,Format,eBook,ggb-manifest-c0f37a2,3.99,1,deny,manual,,active
encyclopedia-volume-03,Encyclopedia Volume 03,<p>Encyclopedia Volume 03 — A Gullah Geechee publication by Darryl E. Brown</p>,Gullah Geechee Biz,Book,"Gullah Geechee, Book, Books",TRUE,Format,eBook,ggb-manifest-311cd94,3.99,1,deny,manual,,active
encyclopedia-volume-04,Encyclopedia Volume 04,<p>Encyclopedia Volume 04 — A Gullah Geechee publication by Darryl E. Brown</p>,Gullah Geechee Biz,Book,"Gullah Geechee, Book, Books",TRUE,Format,eBook,ggb-manifest-781f583,3.99,1,deny,manual,,active
encyclopedia-volume-05,Encyclopedia Volume 05,<p>Encyclopedia Volume 05 — A Gullah Geechee publication by Darryl E. Brown</p>,Gullah Geechee Biz,Book,"Gullah Geechee, Book, Books",TRUE,Format,eBook,ggb-manifest-bdfbd2d,3.99,1,deny,manual,,active
encyclopedia-volume-01,Encyclopedia Volume 01,<p>Encyclopedia Volume 01 — A Gullah Geechee publication by Darryl E. Brown</p>,Gullah Geechee Biz,Book,"Gullah Geechee, Book, Books",TRUE,Format,eBook,ggb-manifest-7ab76ed,3.99,1,deny,manual,,active
encyclopedia-volume-02,Encyclopedia Volume 02,<p>Encyclopedia Volume 02 — A Gullah Geechee publication by Darryl E. Brown</p>,Gullah Geechee Biz,Book,"Gullah Geechee, Book, Books",TRUE,Format,eBook,ggb-manifest-3e53c2a,3.99,1,deny,manual,,active
encyclopedia-volume-03,Encyclopedia Volume 03,<p>Encyclopedia Volume 03 — A Gullah Geechee publication by Darryl E. Brown</p>,Gullah Geechee Biz,Book,"Gullah Geechee, Book, Books",TRUE,Format,eBook,ggb-manifest-0159a5a,3.99,1,deny,manual,,active
encyclopedia-volume-04,Encyclopedia Volume 04,<p>Encyclopedia Volume 04 — A Gullah Geechee publication by Darryl E. Brown</p>,Gullah Geechee Biz,Book,"Gullah Geechee, Book, Books",TRUE,Format,eBook,ggb-manifest-305c07c,3.99,1,deny,manual,,active
encyclopedia-volume-05,Encyclopedia Volume 05,<p>Encyclopedia Volume 05 — A Gullah Geechee publication by Darryl E. Brown</p>,Gullah Geechee Biz,Book,"Gullah Geechee, Book, Books",TRUE,Format,eBook,ggb-manifest-511b5de,3.99,1,deny,manual,,active
encyclopedia-volume-06,Encyclopedia Volume 06,<p>Encyclopedia Volume 06 — A Gullah Geechee publication by Darryl E. Brown</p>,Gullah Geechee Biz,Book,"Gullah Geechee, Book, Books",TRUE,Format,eBook,ggb-manifest-fff68ca,3.99,1,deny,manual,,active
encyclopedia-volume-07,Encyclopedia Volume 07,<p>Encyclopedia Volume 07 — A Gullah Geechee publication by Darryl E. Brown</p>,Gullah Geechee Biz,Book,"Gullah Geechee, Book, Books",TRUE,Format,eBook,ggb-manifest-04be6dd,3.99,1,deny,manual,,active
encyclopedia-volume-08,Encyclopedia Volume 08,<p>Encyclopedia Volume 08 — A Gullah Geechee publication by Darryl E. Brown</p>,Gullah Geechee Biz,Book,"Gullah Geechee, Book, Books",TRUE,Format,eBook,ggb-manifest-77e8a24,3.99,1,deny,manual,,active
encyclopedia-volume-09,Encyclopedia Volume 09,<p>Encyclopedia Volume 09 — A Gullah Geechee publication by Darryl E. Brown</p>,Gullah Geechee Biz,Book,"Gullah Geechee, Book, Books",TRUE,Format,eBook,ggb-manifest-a50e91e,3.99,1,deny,manual,,active
encyclopedia-volume-10,Encyclopedia Volume 10,<p>Encyclopedia Volume 10 — A Gullah Geechee publication by Darryl E. Brown</p>,Gullah Geechee Biz,Book,"Gullah Geechee, Book, Books",TRUE,Format,eBook,ggb-manifest-6c7835c,3.99,1,deny,manual,,active
encyclopedia-volume-11,Encyclopedia Volume 11,<p>Encyclopedia Volume 11 — A Gullah Geechee publication by Darryl E. Brown</p>,Gullah Geechee Biz,Book,"Gullah Geechee, Book, Books",TRUE,Format,eBook,ggb-manifest-19fe0ca,3.99,1,deny,manual,,active
encyclopedia-volume-12,Encyclopedia Volume 12,<p>Encyclopedia Volume 12 — A Gullah Geechee publication by Darryl E. Brown</p>,Gullah Geechee Biz,Book,"Gullah Geechee, Book, Books",TRUE,Format,eBook,ggb-manifest-d4c491d,3.99,1,deny,manual,,active
encyclopedia-volume-13,Encyclopedia Volume 13,<p>Encyclopedia Volume 13 — A Gullah Geechee publication by Darryl E. Brown</p>,Gullah Geechee Biz,Book,"Gullah Geechee, Book, Books",TRUE,Format,eBook,ggb-manifest-f6c0e79,3.99,1,deny,manual,,active
encyclopedia-volume-14,Encyclopedia Volume 14,<p>Encyclopedia Volume 14 — A Gullah Geechee publication by Darryl E. Brown</p>,Gullah Geechee Biz,Book,"Gullah Geechee, Book, Books",TRUE,Format,eBook,ggb-manifest-b5c85e8,3.99,1,deny,manual,,active
encyclopedia-volume-15,Encyclopedia Volume 15,<p>Encyclopedia Volume 15 — A Gullah Geechee publication by Darryl E. Brown</p>,Gullah Geechee Biz,Book,"Gullah Geechee, Book, Books",TRUE,Format,eBook,ggb-manifest-7a82573,3.99,1,deny,manual,,active
encyclopedia-volume-16,Encyclopedia Volume 16,<p>Encyclopedia Volume 16 — A Gullah Geechee publication by Darryl E. Brown</p>,Gullah Geechee Biz,Book,"Gullah Geechee, Book, Books",TRUE,Format,eBook,ggb-manifest-206069c,3.99,1,deny,manual,,active
encyclopedia-volume-17,Encyclopedia Volume 17,<p>Encyclopedia Volume 17 — A Gullah Geechee publication by Darryl E. Brown</p>,Gullah Geechee Biz,Book,"Gullah Geechee, Book, Books",TRUE,Format,eBook,ggb-manifest-927459f,3.99,1,deny,manual,,active
encyclopedia-volume-18,Encyclopedia Volume 18,<p>Encyclopedia Volume 18 — A Gullah Geechee publication by Darryl E. Brown</p>,Gullah Geechee Biz,Book,"Gullah Geechee, Book, Books",TRUE,Format,eBook,ggb-manifest-703aa98,3.99,1,deny,manual,,active
encyclopedia-volume-19,Encyclopedia Volume 19,<p>Encyclopedia Volume 19 — A Gullah Geechee publication by Darryl E. Brown</p>,Gullah Geechee Biz,Book,"Gullah Geechee, Book, Books",TRUE,Format,eBook,ggb-manifest-ce2613c,3.99,1,deny,manual,,active
encyclopedia-volume-20,Encyclopedia Volume 20,<p>Encyclopedia Volume 20 — A Gullah Geechee publication by Darryl E. Brown</p>,Gullah Geechee Biz,Book,"Gullah Geechee, Book, Books",TRUE,Format,eBook,ggb-manifest-2937d17,3.99,1,deny,manual,,active
encyclopedia-volume-21,Encyclopedia Volume 21,<p>Encyclopedia Volume 21 — A Gullah Geechee publication by Darryl E. Brown</p>,Gullah Geechee Biz,Book,"Gullah Geechee, Book, Books",TRUE,Format,eBook,ggb-manifest-5059d5c,3.99,1,deny,manual,,active
encyclopedia-volume-22,Encyclopedia Volume 22,<p>Encyclopedia Volume 22 — A Gullah Geechee publication by Darryl E. Brown</p>,Gullah Geechee Biz,Book,"Gullah Geechee, Book, Books",TRUE,Format,eBook,ggb-manifest-1d2dbb4,3.99,1,deny,manual,,active
encyclopedia-volume-23,Encyclopedia Volume 23,<p>Encyclopedia Volume 23 — A Gullah Geechee publication by Darryl E. Brown</p>,Gullah Geechee Biz,Book,"Gullah Geechee, Book, Books",TRUE,Format,eBook,ggb-manifest-a9da134,3.99,1,deny,manual,,active
encyclopedia-volume-24,Encyclopedia Volume 24,<p>Encyclopedia Volume 24 — A Gullah Geechee publication by Darryl E. Brown</p>,Gullah Geechee Biz,Book,"Gullah Geechee, Book, Books",TRUE,Format,eBook,ggb-manifest-220f16a,3.99,1,deny,manual,,active
encyclopedia-volume-25,Encyclopedia Volume 25,<p>Encyclopedia Volume 25 — A Gullah Geechee publication by Darryl E. Brown</p>,Gullah Geechee Biz,Book,"Gullah Geechee, Book, Books",TRUE,Format,eBook,ggb-manifest-aa32049,3.99,1,deny,manual,,active
encyclopedia-volume-26,Encyclopedia Volume 26,<p>Encyclopedia Volume 26 — A Gullah Geechee publication by Darryl E. Brown</p>,Gullah Geechee Biz,Book,"Gullah Geechee, Book, Books",TRUE,Format,eBook,ggb-manifest-a34223c,3.99,1,deny,manual,,active
encyclopedia-volume-27,Encyclopedia Volume 27,<p>Encyclopedia Volume 27 — A Gullah Geechee publication by Darryl E. Brown</p>,Gullah Geechee Biz,Book,"Gullah Geechee, Book, Books",TRUE,Format,eBook,ggb-manifest-fddcfb0,3.99,1,deny,manual,,active
encyclopedia-volume-28,Encyclopedia Volume 28,<p>Encyclopedia Volume 28 — A Gullah Geechee publication by Darryl E. Brown</p>,Gullah Geechee Biz,Book,"Gullah Geechee, Book, Books",TRUE,Format,eBook,ggb-manifest-7560a0c,3.99,1,deny,manual,,active
encyclopedia-volume-29,Encyclopedia Volume 29,<p>Encyclopedia Volume 29 — A Gullah Geechee publication by Darryl E. Brown</p>,Gullah Geechee Biz,Book,"Gullah Geechee, Book, Books",TRUE,Format,eBook,ggb-manifest-9a53398,3.99,1,deny,manual,,active
encyclopedia-volume-30,Encyclopedia Volume 30,<p>Encyclopedia Volume 30 — A Gullah Geechee publication by Darryl E. Brown</p>,Gullah Geechee Biz,Book,"Gullah Geechee, Book, Books",TRUE,Format,eBook,ggb-manifest-bb9b459,3.99,1,deny,manual,,active
encyclopedia-volume-31,Encyclopedia Volume 31,<p>Encyclopedia Volume 31 — A Gullah Geechee publication by Darryl E. Brown</p>,Gullah Geechee Biz,Book,"Gullah Geechee, Book, Books",TRUE,Format,eBook,ggb-manifest-a8f4d1d,3.99,1,deny,manual,,active
encyclopedia-volume-32,Encyclopedia Volume 32,<p>Encyclopedia Volume 32 — A Gullah Geechee publication by Darryl E. Brown</p>,Gullah Geechee Biz,Book,"Gullah Geechee, Book, Books",TRUE,Format,eBook,ggb-manifest-48d3d6f,3.99,1,deny,manual,,active
encyclopedia-volume-33,Encyclopedia Volume 33,<p>Encyclopedia Volume 33 — A Gullah Geechee publication by Darryl E. Brown</p>,Gullah Geechee Biz,Book,"Gullah Geechee, Book, Books",TRUE,Format,eBook,ggb-manifest-112bf12,3.99,1,deny,manual,,active
encyclopedia-volume-34,Encyclopedia Volume 34,<p>Encyclopedia Volume 34 — A Gullah Geechee publication by Darryl E. Brown</p>,Gullah Geechee Biz,Book,"Gullah Geechee, Book, Books",TRUE,Format,eBook,ggb-manifest-4a4a9f9,3.99,1,deny,manual,,active
encyclopedia-volume-35,Encyclopedia Volume 35,<p>Encyclopedia Volume 35 — A Gullah Geechee publication by Darryl E. Brown</p>,Gullah Geechee Biz,Book,"Gullah Geechee, Book, Books",TRUE,Format,eBook,ggb-manifest-6b33730,3.99,1,deny,manual,,active
encyclopedia-volume-36,Encyclopedia Volume 36,<p>Encyclopedia Volume 36 — A Gullah Geechee publication by Darryl E. Brown</p>,Gullah Geechee Biz,Book,"Gullah Geechee, Book, Books",TRUE,Format,eBook,ggb-manifest-255f966,3.99,1,deny,manual,,active
encyclopedia-volume-37,Encyclopedia Volume 37,<p>Encyclopedia Volume 37 — A Gullah Geechee publication by Darryl E. Brown</p>,Gullah Geechee Biz,Book,"Gullah Geechee, Book, Books",TRUE,Format,eBook,ggb-manifest-90fdf3b,3.99,1,deny,manual,,active
encyclopedia-volume-38,Encyclopedia Volume 38,<p>Encyclopedia Volume 38 — A Gullah Geechee publication by Darryl E. Brown</p>,Gullah Geechee Biz,Book,"Gullah Geechee, Book, Books",TRUE,Format,eBook,ggb-manifest-32b209a,3.99,1,deny,manual,,active
encyclopedia-volume-39,Encyclopedia Volume 39,<p>Encyclopedia Volume 39 — A Gullah Geechee publication by Darryl E. Brown</p>,Gullah Geechee Biz,Book,"Gullah Geechee, Book, Books",TRUE,Format,eBook,ggb-manifest-0741331,3.99,1,deny,manual,,active
encyclopedia-volume-40,Encyclopedia Volume 40,<p>Encyclopedia Volume 40 — A Gullah Geechee publication by Darryl E. Brown</p>,Gullah Geechee Biz,Book,"Gullah Geechee, Book, Books",TRUE,Format,eBook,ggb-manifest-6e4badd,3.99,1,deny,manual,,active
encyclopedia-volume-41,Encyclopedia Volume 41,<p>Encyclopedia Volume 41 — A Gullah Geechee publication by Darryl E. Brown</p>,Gullah Geechee Biz,Book,"Gullah Geechee, Book, Books",TRUE,Format,eBook,ggb-manifest-c5fc4ec,3.99,1,deny,manual,,active
encyclopedia-volume-42,Encyclopedia Volume 42,<p>Encyclopedia Volume 42 — A Gullah Geechee publication by Darryl E. Brown</p>,Gullah Geechee Biz,Book,"Gullah Geechee, Book, Books",TRUE,Format,eBook,ggb-manifest-fda64e2,3.99,1,deny,manual,,active
encyclopedia-volume-43,Encyclopedia Volume 43,<p>Encyclopedia Volume 43 — A Gullah Geechee publication by Darryl E. Brown</p>,Gullah Geechee Biz,Book,"Gullah Geechee, Book, Books",TRUE,Format,eBook,ggb-manifest-ff89f8d,3.99,1,deny,manual,,active
encyclopedia-volume-44,Encyclopedia Volume 44,<p>Encyclopedia Volume 44 — A Gullah Geechee publication by Darryl E. Brown</p>,Gullah Geechee Biz,Book,"Gullah Geechee, Book, Books",TRUE,Format,eBook,ggb-manifest-3fc56e8,3.99,1,deny,manual,,active
encyclopedia-volume-45,Encyclopedia Volume 45,<p>Encyclopedia Volume 45 — A Gullah Geechee publication by Darryl E. Brown</p>,Gullah Geechee Biz,Book,"Gullah Geechee, Book, Books",TRUE,Format,eBook,ggb-manifest-ce9ea27,3.99,1,deny,manual,,active
encyclopedia-volume-46,Encyclopedia Volume 46,<p>Encyclopedia Volume 46 — A Gullah Geechee publication by Darryl E. Brown</p>,Gullah Geechee Biz,Book,"Gullah Geechee, Book, Books",TRUE,Format,eBook,ggb-manifest-196fba7,3.99,1,deny,manual,,active
encyclopedia-volume-47,Encyclopedia Volume 47,<p>Encyclopedia Volume 47 — A Gullah Geechee publication by Darryl E. Brown</p>,Gullah Geechee Biz,Book,"Gullah Geechee, Book, Books",TRUE,Format,eBook,ggb-manifest-efa7259,3.99,1,deny,manual,,active
encyclopedia-volume-48,Encyclopedia Volume 48,<p>Encyclopedia Volume 48 — A Gullah Geechee publication by Darryl E. Brown</p>,Gullah Geechee Biz,Book,"Gullah Geechee, Book, Books",TRUE,Format,eBook,ggb-manifest-eac1f2b,3.99,1,deny,manual,,active
encyclopedia-volume-49,Encyclopedia Volume 49,<p>Encyclopedia Volume 49 — A Gullah Geechee publication by Darryl E. Brown</p>,Gullah Geechee Biz,Book,"Gullah Geechee, Book, Books",TRUE,Format,eBook,ggb-manifest-ed8847d,3.99,1,deny,manual,,active
encyclopedia-volume-50,Encyclopedia Volume 50,<p>Encyclopedia Volume 50 — A Gullah Geechee publication by Darryl E. Brown</p>,Gullah Geechee Biz,Book,"Gullah Geechee, Book, Books",TRUE,Format,eBook,ggb-manifest-a266c2b,3.99,1,deny,manual,,active
how-to-find-your-purpose,How to Find Your Purpose,<p>How to Find Your Purpose — A Gullah Geechee publication by Darryl E. Brown</p>,Gullah Geechee Biz,Book,"Gullah Geechee, Book, Books",TRUE,Format,eBook,ggb-manifest-2d6bfd8,3.99,1,deny,manual,,active
how-to-build-unshakeable-confidence,How to Build Unshakeable Confidence,<p>How to Build Unshakeable Confidence — A Gullah Geechee publication by Darryl E. Brown</p>,Gullah Geechee Biz,Book,"Gullah Geechee, Book, Books",TRUE,Format,eBook,ggb-manifest-9ed9067,3.99,1,deny,manual,,active
how-to-master-your-morning-routine,How to Master Your Morning Routine,<p>How to Master Your Morning Routine — A Gullah Geechee publication by Darryl E. Brown</p>,Gullah Geechee Biz,Book,"Gullah Geechee, Book, Books",TRUE,Format,eBook,ggb-manifest-d25e29c,3.99,1,deny,manual,,active
how-to-overcome-imposter-syndrome,How to Overcome Imposter Syndrome,<p>How to Overcome Imposter Syndrome — A Gullah Geechee publication by Darryl E. Brown</p>,Gullah Geechee Biz,Book,"Gullah Geechee, Book, Books",TRUE,Format,eBook,ggb-manifest-bd5dfa4,3.99,1,deny,manual,,active
how-to-practice-radical-self-care,How to Practice Radical Self-Care,<p>How to Practice Radical Self-Care — A Gullah Geechee publication by Darryl E. Brown</p>,Gullah Geechee Biz,Book,"Gullah Geechee, Book, Books",TRUE,Format,eBook,ggb-manifest-13986b8,3.99,1,deny,manual,,active
how-to-set-boundaries-that-stick,How to Set Boundaries That Stick,<p>How to Set Boundaries That Stick — A Gullah Geechee publication by Darryl E. Brown</p>,Gullah Geechee Biz,Book,"Gullah Geechee, Book, Books",TRUE,Format,eBook,ggb-manifest-d252c9a,3.99,1,deny,manual,,active
how-to-break-bad-habits-forever,How to Break Bad Habits Forever,<p>How to Break Bad Habits Forever — A Gullah Geechee publication by Darryl E. Brown</p>,Gullah Geechee Biz,Book,"Gullah Geechee, Book, Books",TRUE,Format,eBook,ggb-manifest-70b7e94,3.99,1,deny,manual,,active
how-to-cultivate-daily-gratitude,How to Cultivate Daily Gratitude,<p>How to Cultivate Daily Gratitude — A Gullah Geechee publication by Darryl E. Brown</p>,Gullah Geechee Biz,Book,"Gullah Geechee, Book, Books",TRUE,Format,eBook,ggb-manifest-6f753c3,3.99,1,deny,manual,,active
how-to-manage-anxiety-naturally,How to Manage Anxiety Naturally,<p>How to Manage Anxiety Naturally — A Gullah Geechee publication by Darryl E. Brown</p>,Gullah Geechee Biz,Book,"Gullah Geechee, Book, Books",TRUE,Format,eBook,ggb-manifest-6993a90,3.99,1,deny,manual,,active
how-to-develop-emotional-intelligence,How to Develop Emotional Intelligence,<p>How to Develop Emotional Intelligence — A Gullah Geechee publication by Darryl E. Brown</p>,Gullah Geechee Biz,Book,"Gullah Geechee, Book, Books",TRUE,Format,eBook,ggb-manifest-6dec9a5,3.99,1,deny,manual,,active
how-to-forgive-yourself-and-move-on,How to Forgive Yourself and Move On,<p>How to Forgive Yourself and Move On — A Gullah Geechee publication by Darryl E. Brown</p>,Gullah Geechee Biz,Book,"Gullah Geechee, Book, Books",TRUE,Format,eBook,ggb-manifest-f4356ae,3.99,1,deny,manual,,active
how-to-stay-motivated-every-day,How to Stay Motivated Every Day,<p>How to Stay Motivated Every Day — A Gullah Geechee publication by Darryl E. Brown</p>,Gullah Geechee Biz,Book,"Gullah Geechee, Book, Books",TRUE,Format,eBook,ggb-manifest-1f00aa5,3.99,1,deny,manual,,active
how-to-build-resilience-in-tough-times,How to Build Resilience in Tough Times,<p>How to Build Resilience in Tough Times — A Gullah Geechee publication by Darryl E. Brown</p>,Gullah Geechee Biz,Book,"Gullah Geechee, Book, Books",TRUE,Format,eBook,ggb-manifest-b29c5ad,3.99,1,deny,manual,,active
how-to-practice-mindful-living,How to Practice Mindful Living,<p>How to Practice Mindful Living — A Gullah Geechee publication by Darryl E. Brown</p>,Gullah Geechee Biz,Book,"Gullah Geechee, Book, Books",TRUE,Format,eBook,ggb-manifest-f219a59,3.99,1,deny,manual,,active
how-to-let-go-of-perfectionism,How to Let Go of Perfectionism,<p>How to Let Go of Perfectionism — A Gullah Geechee publication by Darryl E. Brown</p>,Gullah Geechee Biz,Book,"Gullah Geechee, Book, Books",TRUE,Format,eBook,ggb-manifest-15a1394,3.99,1,deny,manual,,active
how-to-create-a-personal-mission-statement,How to Create a Personal Mission Statement,<p>How to Create a Personal Mission Statement — A Gullah Geechee publication by Darryl E. Brown</p>,Gullah Geechee Biz,Book,"Gullah Geechee, Book, Books",TRUE,Format,eBook,ggb-manifest-dd004ab,3.99,1,deny,manual,,active
how-to-develop-a-growth-mindset,How to Develop a Growth Mindset,<p>How to Develop a Growth Mindset — A Gullah Geechee publication by Darryl E. Brown</p>,Gullah Geechee Biz,Book,"Gullah Geechee, Book, Books",TRUE,Format,eBook,ggb-manifest-19c141a,3.99,1,deny,manual,,active
how-to-handle-criticism-gracefully,How to Handle Criticism Gracefully,<p>How to Handle Criticism Gracefully — A Gullah Geechee publication by Darryl E. Brown</p>,Gullah Geechee Biz,Book,"Gullah Geechee, Book, Books",TRUE,Format,eBook,ggb-manifest-4885e35,3.99,1,deny,manual,,active
how-to-build-healthy-relationships,How to Build Healthy Relationships,<p>How to Build Healthy Relationships — A Gullah Geechee publication by Darryl E. Brown</p>,Gullah Geechee Biz,Book,"Gullah Geechee, Book, Books",TRUE,Format,eBook,ggb-manifest-ba83edb,3.99,1,deny,manual,,active
how-to-find-inner-peace,How to Find Inner Peace,<p>How to Find Inner Peace — A Gullah Geechee publication by Darryl E. Brown</p>,Gullah Geechee Biz,Book,"Gullah Geechee, Book, Books",TRUE,Format,eBook,ggb-manifest-00c5937,3.99,1,deny,manual,,active
how-to-stop-people-pleasing,How to Stop People-Pleasing,<p>How to Stop People-Pleasing — A Gullah Geechee publication by Darryl E. Brown</p>,Gullah Geechee Biz,Book,"Gullah Geechee, Book, Books",TRUE,Format,eBook,ggb-manifest-e4bf676,3.99,1,deny,manual,,active
how-to-embrace-your-authentic-self,How to Embrace Your Authentic Self,<p>How to Embrace Your Authentic Self — A Gullah Geechee publication by Darryl E. Brown</p>,Gullah Geechee Biz,Book,"Gullah Geechee, Book, Books",TRUE,Format,eBook,ggb-manifest-3339a9f,3.99,1,deny,manual,,active
how-to-navigate-life-transitions,How to Navigate Life Transitions,<p>How to Navigate Life Transitions — A Gullah Geechee publication by Darryl E. Brown</p>,Gullah Geechee Biz,Book,"Gullah Geechee, Book, Books",TRUE,Format,eBook,ggb-manifest-a884bb4,3.99,1,deny,manual,,active
how-to-practice-self-compassion,How to Practice Self-Compassion,<p>How to Practice Self-Compassion — A Gullah Geechee publication by Darryl E. Brown</p>,Gullah Geechee Biz,Book,"Gullah Geechee, Book, Books",TRUE,Format,eBook,ggb-manifest-2a00fc1,3.99,1,deny,manual,,active
how-to-build-mental-toughness,How to Build Mental Toughness,<p>How to Build Mental Toughness — A Gullah Geechee publication by Darryl E. Brown</p>,Gullah Geechee Biz,Book,"Gullah Geechee, Book, Books",TRUE,Format,eBook,ggb-manifest-5cc9168,3.99,1,deny,manual,,active
how-to-create-a-vision-board-that-works,How to Create a Vision Board That Works,<p>How to Create a Vision Board That Works — A Gullah Geechee publication by Darryl E. Brown</p>,Gullah Geechee Biz,Book,"Gullah Geechee, Book, Books",TRUE,Format,eBook,ggb-manifest-fa03ebc,3.99,1,deny,manual,,active
how-to-develop-daily-discipline,How to Develop Daily Discipline,<p>How to Develop Daily Discipline — A Gullah Geechee publication by Darryl E. Brown</p>,Gullah Geechee Biz,Book,"Gullah Geechee, Book, Books",TRUE,Format,eBook,ggb-manifest-c20b53c,3.99,1,deny,manual,,active
how-to-overcome-fear-of-failure,How to Overcome Fear of Failure,<p>How to Overcome Fear of Failure — A Gullah Geechee publication by Darryl E. Brown</p>,Gullah Geechee Biz,Book,"Gullah Geechee, Book, Books",TRUE,Format,eBook,ggb-manifest-3a07da5,3.99,1,deny,manual,,active
how-to-cultivate-patience,How to Cultivate Patience,<p>How to Cultivate Patience — A Gullah Geechee publication by Darryl E. Brown</p>,Gullah Geechee Biz,Book,"Gullah Geechee, Book, Books",TRUE,Format,eBook,ggb-manifest-3e9fd68,3.99,1,deny,manual,,active
how-to-live-with-intention,How to Live with Intention,<p>How to Live with Intention — A Gullah Geechee publication by Darryl E. Brown</p>,Gullah Geechee Biz,Book,"Gullah Geechee, Book, Books",TRUE,Format,eBook,ggb-manifest-42bbeb1,3.99,1,deny,manual,,active
how-to-start-a-side-hustle,How to Start a Side Hustle,<p>How to Start a Side Hustle — A Gullah Geechee publication by Darryl E. Brown</p>,Gullah Geechee Biz,Book,"Gullah Geechee, Book, Books",TRUE,Format,eBook,ggb-manifest-f28d380,3.99,1,deny,manual,,active
how-to-build-a-personal-brand,How to Build a Personal Brand,<p>How to Build a Personal Brand — A Gullah Geechee publication by Darryl E. Brown</p>,Gullah Geechee Biz,Book,"Gullah Geechee, Book, Books",TRUE,Format,eBook,ggb-manifest-ce78b1a,3.99,1,deny,manual,,active
how-to-create-a-business-plan,How to Create a Business Plan,<p>How to Create a Business Plan — A Gullah Geechee publication by Darryl E. Brown</p>,Gullah Geechee Biz,Book,"Gullah Geechee, Book, Books",TRUE,Format,eBook,ggb-manifest-13c5d05,3.99,1,deny,manual,,active
how-to-master-social-media-marketing,How to Master Social Media Marketing,<p>How to Master Social Media Marketing — A Gullah Geechee publication by Darryl E. Brown</p>,Gullah Geechee Biz,Book,"Gullah Geechee, Book, Books",TRUE,Format,eBook,ggb-manifest-bb334b0,3.99,1,deny,manual,,active
how-to-launch-an-online-course,How to Launch an Online Course,<p>How to Launch an Online Course — A Gullah Geechee publication by Darryl E. Brown</p>,Gullah Geechee Biz,Book,"Gullah Geechee, Book, Books",TRUE,Format,eBook,ggb-manifest-d6af3c3,3.99,1,deny,manual,,active
how-to-write-a-winning-grant-proposal,How to Write a Winning Grant Proposal,<p>How to Write a Winning Grant Proposal — A Gullah Geechee publication by Darryl E. Brown</p>,Gullah Geechee Biz,Book,"Gullah Geechee, Book, Books",TRUE,Format,eBook,ggb-manifest-e5f9d04,3.99,1,deny,manual,,active
how-to-build-an-email-list-from-scratch,How to Build an Email List from Scratch,<p>How to Build an Email List from Scratch — A Gullah Geechee publication by Darryl E. Brown</p>,Gullah Geechee Biz,Book,"Gullah Geechee, Book, Books",TRUE,Format,eBook,ggb-manifest-e69bc2d,3.99,1,deny,manual,,active
how-to-price-your-products-or-services,How to Price Your Products or Services,<p>How to Price Your Products or Services — A Gullah Geechee publication by Darryl E. Brown</p>,Gullah Geechee Biz,Book,"Gullah Geechee, Book, Books",TRUE,Format,eBook,ggb-manifest-c996ed0,3.99,1,deny,manual,,active
how-to-network-like-a-pro,How to Network Like a Pro,<p>How to Network Like a Pro — A Gullah Geechee publication by Darryl E. Brown</p>,Gullah Geechee Biz,Book,"Gullah Geechee, Book, Books",TRUE,Format,eBook,ggb-manifest-02a636c,3.99,1,deny,manual,,active
how-to-manage-business-finances,How to Manage Business Finances,<p>How to Manage Business Finances — A Gullah Geechee publication by Darryl E. Brown</p>,Gullah Geechee Biz,Book,"Gullah Geechee, Book, Books",TRUE,Format,eBook,ggb-manifest-b833793,3.99,1,deny,manual,,active
how-to-create-a-content-strategy,How to Create a Content Strategy,<p>How to Create a Content Strategy — A Gullah Geechee publication by Darryl E. Brown</p>,Gullah Geechee Biz,Book,"Gullah Geechee, Book, Books",TRUE,Format,eBook,ggb-manifest-73db13c,3.99,1,deny,manual,,active
how-to-build-a-website-on-a-budget,How to Build a Website on a Budget,<p>How to Build a Website on a Budget — A Gullah Geechee publication by Darryl E. Brown</p>,Gullah Geechee Biz,Book,"Gullah Geechee, Book, Books",TRUE,Format,eBook,ggb-manifest-42aad03,3.99,1,deny,manual,,active
how-to-master-public-speaking,How to Master Public Speaking,<p>How to Master Public Speaking — A Gullah Geechee publication by Darryl E. Brown</p>,Gullah Geechee Biz,Book,"Gullah Geechee, Book, Books",TRUE,Format,eBook,ggb-manifest-bcef917,3.99,1,deny,manual,,active
how-to-negotiate-better-deals,How to Negotiate Better Deals,<p>How to Negotiate Better Deals — A Gullah Geechee publication by Darryl E. Brown</p>,Gullah Geechee Biz,Book,"Gullah Geechee, Book, Books",TRUE,Format,eBook,ggb-manifest-7542cf4,3.99,1,deny,manual,,active
how-to-build-a-remote-team,How to Build a Remote Team,<p>How to Build a Remote Team — A Gullah Geechee publication by Darryl E. Brown</p>,Gullah Geechee Biz,Book,"Gullah Geechee, Book, Books",TRUE,Format,eBook,ggb-manifest-d397be9,3.99,1,deny,manual,,active
how-to-scale-your-small-business,How to Scale Your Small Business,<p>How to Scale Your Small Business — A Gullah Geechee publication by Darryl E. Brown</p>,Gullah Geechee Biz,Book,"Gullah Geechee, Book, Books",TRUE,Format,eBook,ggb-manifest-5bd6f77,3.99,1,deny,manual,,active
how-to-create-a-marketing-funnel,How to Create a Marketing Funnel,<p>How to Create a Marketing Funnel — A Gullah Geechee publication by Darryl E. Brown</p>,Gullah Geechee Biz,Book,"Gullah Geechee, Book, Books",TRUE,Format,eBook,ggb-manifest-df71da4,3.99,1,deny,manual,,active
how-to-use-ai-in-your-business,How to Use AI in Your Business,<p>How to Use AI in Your Business — A Gullah Geechee publication by Darryl E. Brown</p>,Gullah Geechee Biz,Book,"Gullah Geechee, Book, Books",TRUE,Format,eBook,ggb-manifest-12e3df7,3.99,1,deny,manual,,active
how-to-build-customer-loyalty,How to Build Customer Loyalty,<p>How to Build Customer Loyalty — A Gullah Geechee publication by Darryl E. Brown</p>,Gullah Geechee Biz,Book,"Gullah Geechee, Book, Books",TRUE,Format,eBook,ggb-manifest-65fefcb,3.99,1,deny,manual,,active
how-to-manage-your-time-effectively,How to Manage Your Time Effectively,<p>How to Manage Your Time Effectively — A Gullah Geechee publication by Darryl E. Brown</p>,Gullah Geechee Biz,Book,"Gullah Geechee, Book, Books",TRUE,Format,eBook,ggb-manifest-9771f9f,3.99,1,deny,manual,,active
how-to-create-a-sales-funnel,How to Create a Sales Funnel,<p>How to Create a Sales Funnel — A Gullah Geechee publication by Darryl E. Brown</p>,Gullah Geechee Biz,Book,"Gullah Geechee, Book, Books",TRUE,Format,eBook,ggb-manifest-7abd029,3.99,1,deny,manual,,active
how-to-build-strategic-partnerships,How to Build Strategic Partnerships,<p>How to Build Strategic Partnerships — A Gullah Geechee publication by Darryl E. Brown</p>,Gullah Geechee Biz,Book,"Gullah Geechee, Book, Books",TRUE,Format,eBook,ggb-manifest-241e403,3.99,1,deny,manual,,active
how-to-master-email-marketing,How to Master Email Marketing,<p>How to Master Email Marketing — A Gullah Geechee publication by Darryl E. Brown</p>,Gullah Geechee Biz,Book,"Gullah Geechee, Book, Books",TRUE,Format,eBook,ggb-manifest-cd49bb9,3.99,1,deny,manual,,active
how-to-create-a-brand-style-guide,How to Create a Brand Style Guide,<p>How to Create a Brand Style Guide — A Gullah Geechee publication by Darryl E. Brown</p>,Gullah Geechee Biz,Book,"Gullah Geechee, Book, Books",TRUE,Format,eBook,ggb-manifest-0ae2f24,3.99,1,deny,manual,,active
how-to-build-a-freelance-career,How to Build a Freelance Career,<p>How to Build a Freelance Career — A Gullah Geechee publication by Darryl E. Brown</p>,Gullah Geechee Biz,Book,"Gullah Geechee, Book, Books",TRUE,Format,eBook,ggb-manifest-ae09d35,3.99,1,deny,manual,,active
how-to-write-copy-that-sells,How to Write Copy That Sells,<p>How to Write Copy That Sells — A Gullah Geechee publication by Darryl E. Brown</p>,Gullah Geechee Biz,Book,"Gullah Geechee, Book, Books",TRUE,Format,eBook,ggb-manifest-6754798,3.99,1,deny,manual,,active
how-to-create-a-product-launch-plan,How to Create a Product Launch Plan,<p>How to Create a Product Launch Plan — A Gullah Geechee publication by Darryl E. Brown</p>,Gullah Geechee Biz,Book,"Gullah Geechee, Book, Books",TRUE,Format,eBook,ggb-manifest-ad0a963,3.99,1,deny,manual,,active
how-to-build-a-community-around-your-brand,How to Build a Community Around Your Brand,<p>How to Build a Community Around Your Brand — A Gullah Geechee publication by Darryl E. Brown</p>,Gullah Geechee Biz,Book,"Gullah Geechee, Book, Books",TRUE,Format,eBook,ggb-manifest-d529872,3.99,1,deny,manual,,active
how-to-master-linkedin-for-business,How to Master LinkedIn for Business,<p>How to Master LinkedIn for Business — A Gullah Geechee publication by Darryl E. Brown</p>,Gullah Geechee Biz,Book,"Gullah Geechee, Book, Books",TRUE,Format,eBook,ggb-manifest-aeb8176,3.99,1,deny,manual,,active
how-to-create-a-customer-journey-map,How to Create a Customer Journey Map,<p>How to Create a Customer Journey Map — A Gullah Geechee publication by Darryl E. Brown</p>,Gullah Geechee Biz,Book,"Gullah Geechee, Book, Books",TRUE,Format,eBook,ggb-manifest-22b4aeb,3.99,1,deny,manual,,active
how-to-build-a-subscription-business,How to Build a Subscription Business,<p>How to Build a Subscription Business — A Gullah Geechee publication by Darryl E. Brown</p>,Gullah Geechee Biz,Book,"Gullah Geechee, Book, Books",TRUE,Format,eBook,ggb-manifest-3475f56,3.99,1,deny,manual,,active
how-to-create-a-referral-program,How to Create a Referral Program,<p>How to Create a Referral Program — A Gullah Geechee publication by Darryl E. Brown</p>,Gullah Geechee Biz,Book,"Gullah Geechee, Book, Books",TRUE,Format,eBook,ggb-manifest-b259163,3.99,1,deny,manual,,active
how-to-master-business-storytelling,How to Master Business Storytelling,<p>How to Master Business Storytelling — A Gullah Geechee publication by Darryl E. Brown</p>,Gullah Geechee Biz,Book,"Gullah Geechee, Book, Books",TRUE,Format,eBook,ggb-manifest-667ab62,3.99,1,deny,manual,,active
how-to-build-a-digital-product-empire,How to Build a Digital Product Empire,<p>How to Build a Digital Product Empire — A Gullah Geechee publication by Darryl E. Brown</p>,Gullah Geechee Biz,Book,"Gullah Geechee, Book, Books",TRUE,Format,eBook,ggb-manifest-a061389,3.99,1,deny,manual,,active
how-to-create-a-business-exit-strategy,How to Create a Business Exit Strategy,<p>How to Create a Business Exit Strategy — A Gullah Geechee publication by Darryl E. Brown</p>,Gullah Geechee Biz,Book,"Gullah Geechee, Book, Books",TRUE,Format,eBook,ggb-manifest-d03f282,3.99,1,deny,manual,,active
how-to-cook-perfect-gullah-red-rice,How to Cook Perfect Gullah Red Rice,<p>How to Cook Perfect Gullah Red Rice — A Gullah Geechee publication by Darryl E. Brown</p>,Gullah Geechee Biz,Book,"Gullah Geechee, Book, Books",TRUE,Format,eBook,ggb-manifest-f5fdba6,3.99,1,deny,manual,,active
how-to-make-southern-cornbread-from-scratch,How to Make Southern Cornbread from Scratch,<p>How to Make Southern Cornbread from Scratch — A Gullah Geechee publication by Darryl E. Brown</p>,Gullah Geechee Biz,Book,"Gullah Geechee, Book, Books",TRUE,Format,eBook,ggb-manifest-072ca56,3.99,1,deny,manual,,active
how-to-fry-the-perfect-fish,How to Fry the Perfect Fish,<p>How to Fry the Perfect Fish — A Gullah Geechee publication by Darryl E. Brown</p>,Gullah Geechee Biz,Book,"Gullah Geechee, Book, Books",TRUE,Format,eBook,ggb-manifest-cb26962,3.99,1,deny,manual,,active
how-to-make-authentic-shrimp-and-grits,How to Make Authentic Shrimp and Grits,<p>How to Make Authentic Shrimp and Grits — A Gullah Geechee publication by Darryl E. Brown</p>,Gullah Geechee Biz,Book,"Gullah Geechee, Book, Books",TRUE,Format,eBook,ggb-manifest-eaa120f,3.99,1,deny,manual,,active
how-to-bake-sweet-potato-pie,How to Bake Sweet Potato Pie,<p>How to Bake Sweet Potato Pie — A Gullah Geechee publication by Darryl E. Brown</p>,Gullah Geechee Biz,Book,"Gullah Geechee, Book, Books",TRUE,Format,eBook,ggb-manifest-1e52310,3.99,1,deny,manual,,active
how-to-make-hoppin-john-for-new-years,How to Make Hoppin' John for New Year's,<p>How to Make Hoppin' John for New Year's — A Gullah Geechee publication by Darryl E. Brown</p>,Gullah Geechee Biz,Book,"Gullah Geechee, Book, Books",TRUE,Format,eBook,ggb-manifest-92fabeb,3.99,1,deny,manual,,active
how-to-cook-collard-greens-the-right-way,How to Cook Collard Greens the Right Way,<p>How to Cook Collard Greens the Right Way — A Gullah Geechee publication by Darryl E. Brown</p>,Gullah Geechee Biz,Book,"Gullah Geechee, Book, Books",TRUE,Format,eBook,ggb-manifest-6db8ba7,3.99,1,deny,manual,,active
how-to-make-benne-wafers,How to Make Benne Wafers,<p>How to Make Benne Wafers — A Gullah Geechee publication by Darryl E. Brown</p>,Gullah Geechee Biz,Book,"Gullah Geechee, Book, Books",TRUE,Format,eBook,ggb-manifest-6b58360,3.99,1,deny,manual,,active
how-to-prepare-okra-and-tomatoes,How to Prepare Okra and Tomatoes,<p>How to Prepare Okra and Tomatoes — A Gullah Geechee publication by Darryl E. Brown</p>,Gullah Geechee Biz,Book,"Gullah Geechee, Book, Books",TRUE,Format,eBook,ggb-manifest-c9110eb,3.99,1,deny,manual,,active
how-to-make-gullah-tea-cakes,How to Make Gullah Tea Cakes,<p>How to Make Gullah Tea Cakes — A Gullah Geechee publication by Darryl E. Brown</p>,Gullah Geechee Biz,Book,"Gullah Geechee, Book, Books",TRUE,Format,eBook,ggb-manifest-c655fc8,3.99,1,deny,manual,,active
how-to-cook-lowcountry-boil,How to Cook Lowcountry Boil,<p>How to Cook Lowcountry Boil — A Gullah Geechee publication by Darryl E. Brown</p>,Gullah Geechee Biz,Book,"Gullah Geechee, Book, Books",TRUE,Format,eBook,ggb-manifest-9f9c66c,3.99,1,deny,manual,,active
how-to-make-pickled-shrimp,How to Make Pickled Shrimp,<p>How to Make Pickled Shrimp — A Gullah Geechee publication by Darryl E. Brown</p>,Gullah Geechee Biz,Book,"Gullah Geechee, Book, Books",TRUE,Format,eBook,ggb-manifest-7478330,3.99,1,deny,manual,,active
how-to-bake-buttermilk-cornbread,How to Bake Buttermilk Cornbread,<p>How to Bake Buttermilk Cornbread — A Gullah Geechee publication by Darryl E. Brown</p>,Gullah Geechee Biz,Book,"Gullah Geechee, Book, Books",TRUE,Format,eBook,ggb-manifest-915ac4f,3.99,1,deny,manual,,active
how-to-make-boiled-peanuts,How to Make Boiled Peanuts,<p>How to Make Boiled Peanuts — A Gullah Geechee publication by Darryl E. Brown</p>,Gullah Geechee Biz,Book,"Gullah Geechee, Book, Books",TRUE,Format,eBook,ggb-manifest-582c83e,3.99,1,deny,manual,,active
how-to-cook-gullah-cabbage,How to Cook Gullah Cabbage,<p>How to Cook Gullah Cabbage — A Gullah Geechee publication by Darryl E. Brown</p>,Gullah Geechee Biz,Book,"Gullah Geechee, Book, Books",TRUE,Format,eBook,ggb-manifest-5b9a762,3.99,1,deny,manual,,active
how-to-make-mac-and-cheese-the-southern-way,How to Make Mac and Cheese the Southern Way,<p>How to Make Mac and Cheese the Southern Way — A Gullah Geechee publication by Darryl E. Brown</p>,Gullah Geechee Biz,Book,"Gullah Geechee, Book, Books",TRUE,Format,eBook,ggb-manifest-a5ec4cb,3.99,1,deny,manual,,active
how-to-prepare-gullah-chicken-soup,How to Prepare Gullah Chicken Soup,<p>How to Prepare Gullah Chicken Soup — A Gullah Geechee publication by Darryl E. Brown</p>,Gullah Geechee Biz,Book,"Gullah Geechee, Book, Books",TRUE,Format,eBook,ggb-manifest-fac9c47,3.99,1,deny,manual,,active
how-to-make-rice-pudding,How to Make Rice Pudding,<p>How to Make Rice Pudding — A Gullah Geechee publication by Darryl E. Brown</p>,Gullah Geechee Biz,Book,"Gullah Geechee, Book, Books",TRUE,Format,eBook,ggb-manifest-ea218c8,3.99,1,deny,manual,,active
how-to-cook-gullah-pork-chops,How to Cook Gullah Pork Chops,<p>How to Cook Gullah Pork Chops — A Gullah Geechee publication by Darryl E. Brown</p>,Gullah Geechee Biz,Book,"Gullah Geechee, Book, Books",TRUE,Format,eBook,ggb-manifest-7533c4e,3.99,1,deny,manual,,active
how-to-make-sweetgrass-lemonade,How to Make Sweetgrass Lemonade,<p>How to Make Sweetgrass Lemonade — A Gullah Geechee publication by Darryl E. Brown</p>,Gullah Geechee Biz,Book,"Gullah Geechee, Book, Books",TRUE,Format,eBook,ggb-manifest-03c5ba0,3.99,1,deny,manual,,active
how-to-make-gullah-potato-salad,How to Make Gullah Potato Salad,<p>How to Make Gullah Potato Salad — A Gullah Geechee publication by Darryl E. Brown</p>,Gullah Geechee Biz,Book,"Gullah Geechee, Book, Books",TRUE,Format,eBook,ggb-manifest-b18e49f,3.99,1,deny,manual,,active
how-to-cook-benne-chicken,How to Cook Benne Chicken,<p>How to Cook Benne Chicken — A Gullah Geechee publication by Darryl E. Brown</p>,Gullah Geechee Biz,Book,"Gullah Geechee, Book, Books",TRUE,Format,eBook,ggb-manifest-af5b45e,3.99,1,deny,manual,,active
how-to-make-gullah-breakfast,How to Make Gullah Breakfast,<p>How to Make Gullah Breakfast — A Gullah Geechee publication by Darryl E. Brown</p>,Gullah Geechee Biz,Book,"Gullah Geechee, Book, Books",TRUE,Format,eBook,ggb-manifest-ad8aa77,3.99,1,deny,manual,,active
how-to-preserve-summer-vegetables,How to Preserve Summer Vegetables,<p>How to Preserve Summer Vegetables — A Gullah Geechee publication by Darryl E. Brown</p>,Gullah Geechee Biz,Book,"Gullah Geechee, Book, Books",TRUE,Format,eBook,ggb-manifest-38485b3,3.99,1,deny,manual,,active
how-to-master-cast-iron-cooking,How to Master Cast Iron Cooking,<p>How to Master Cast Iron Cooking — A Gullah Geechee publication by Darryl E. Brown</p>,Gullah Geechee Biz,Book,"Gullah Geechee, Book, Books",TRUE,Format,eBook,ggb-manifest-717b5e7,3.99,1,deny,manual,,active
how-to-make-one-pot-gullah-meals,How to Make One-Pot Gullah Meals,<p>How to Make One-Pot Gullah Meals — A Gullah Geechee publication by Darryl E. Brown</p>,Gullah Geechee Biz,Book,"Gullah Geechee, Book, Books",TRUE,Format,eBook,ggb-manifest-8dc90af,3.99,1,deny,manual,,active
how-to-cook-with-seasonal-lowcountry-ingredients,How to Cook with Seasonal Lowcountry Ingredients,<p>How to Cook with Seasonal Lowcountry Ingredients — A Gullah Geechee publication by Darryl E. Brown</p>,Gullah Geechee Biz,Book,"Gullah Geechee, Book, Books",TRUE,Format,eBook,ggb-manifest-49ba5b6,3.99,1,deny,manual,,active
how-to-make-gullah-sauces-and-seasonings,How to Make Gullah Sauces and Seasonings,<p>How to Make Gullah Sauces and Seasonings — A Gullah Geechee publication by Darryl E. Brown</p>,Gullah Geechee Biz,Book,"Gullah Geechee, Book, Books",TRUE,Format,eBook,ggb-manifest-37eca76,3.99,1,deny,manual,,active
how-to-bake-gullah-desserts,How to Bake Gullah Desserts,<p>How to Bake Gullah Desserts — A Gullah Geechee publication by Darryl E. Brown</p>,Gullah Geechee Biz,Book,"Gullah Geechee, Book, Books",TRUE,Format,eBook,ggb-manifest-812f715,3.99,1,deny,manual,,active
how-to-make-holiday-gullah-feasts,How to Make Holiday Gullah Feasts,<p>How to Make Holiday Gullah Feasts — A Gullah Geechee publication by Darryl E. Brown</p>,Gullah Geechee Biz,Book,"Gullah Geechee, Book, Books",TRUE,Format,eBook,ggb-manifest-bca593c,3.99,1,deny,manual,,active
how-to-cook-gullah-seafood,How to Cook Gullah Seafood,<p>How to Cook Gullah Seafood — A Gullah Geechee publication by Darryl E. Brown</p>,Gullah Geechee Biz,Book,"Gullah Geechee, Book, Books",TRUE,Format,eBook,ggb-manifest-5518daf,3.99,1,deny,manual,,active
how-to-make-gullah-soups-and-stews,How to Make Gullah Soups and Stews,<p>How to Make Gullah Soups and Stews — A Gullah Geechee publication by Darryl E. Brown</p>,Gullah Geechee Biz,Book,"Gullah Geechee, Book, Books",TRUE,Format,eBook,ggb-manifest-12bb996,3.99,1,deny,manual,,active
how-to-prepare-gullah-side-dishes,How to Prepare Gullah Side Dishes,<p>How to Prepare Gullah Side Dishes — A Gullah Geechee publication by Darryl E. Brown</p>,Gullah Geechee Biz,Book,"Gullah Geechee, Book, Books",TRUE,Format,eBook,ggb-manifest-891521c,3.99,1,deny,manual,,active
how-to-make-gullah-breads,How to Make Gullah Breads,<p>How to Make Gullah Breads — A Gullah Geechee publication by Darryl E. Brown</p>,Gullah Geechee Biz,Book,"Gullah Geechee, Book, Books",TRUE,Format,eBook,ggb-manifest-203b564,3.99,1,deny,manual,,active
how-to-cook-gullah-vegetables,How to Cook Gullah Vegetables,<p>How to Cook Gullah Vegetables — A Gullah Geechee publication by Darryl E. Brown</p>,Gullah Geechee Biz,Book,"Gullah Geechee, Book, Books",TRUE,Format,eBook,ggb-manifest-4dca89c,3.99,1,deny,manual,,active
kdp-draft-—-how-to-find-your-purpose,KDP Draft — How to Find Your Purpose,<p>KDP Draft — How to Find Your Purpose — A Gullah Geechee publication by Darryl E. Brown</p>,Gullah Geechee Biz,Book,"Gullah Geechee, Book, Books",TRUE,Format,eBook,ggb-manifest-e948762,3.99,1,deny,manual,,active
kdp-draft-—-how-to-build-unshakeable-confidence,KDP Draft — How to Build Unshakeable Confidence,<p>KDP Draft — How to Build Unshakeable Confidence — A Gullah Geechee publication by Darryl E. Brown</p>,Gullah Geechee Biz,Book,"Gullah Geechee, Book, Books",TRUE,Format,eBook,ggb-manifest-e07c90a,3.99,1,deny,manual,,active
kdp-draft-—-how-to-master-your-morning-routine,KDP Draft — How to Master Your Morning Routine,<p>KDP Draft — How to Master Your Morning Routine — A Gullah Geechee publication by Darryl E. Brown</p>,Gullah Geechee Biz,Book,"Gullah Geechee, Book, Books",TRUE,Format,eBook,ggb-manifest-415eaab,3.99,1,deny,manual,,active
kdp-draft-—-how-to-overcome-imposter-syndrome,KDP Draft — How to Overcome Imposter Syndrome,<p>KDP Draft — How to Overcome Imposter Syndrome — A Gullah Geechee publication by Darryl E. Brown</p>,Gullah Geechee Biz,Book,"Gullah Geechee, Book, Books",TRUE,Format,eBook,ggb-manifest-7b8b5bc,3.99,1,deny,manual,,active
kdp-draft-—-how-to-practice-radical-self-care,KDP Draft — How to Practice Radical Self-Care,<p>KDP Draft — How to Practice Radical Self-Care — A Gullah Geechee publication by Darryl E. Brown</p>,Gullah Geechee Biz,Book,"Gullah Geechee, Book, Books",TRUE,Format,eBook,ggb-manifest-b6cb585,3.99,1,deny,manual,,active
kdp-draft-—-how-to-set-boundaries-that-stick,KDP Draft — How to Set Boundaries That Stick,<p>KDP Draft — How to Set Boundaries That Stick — A Gullah Geechee publication by Darryl E. Brown</p>,Gullah Geechee Biz,Book,"Gullah Geechee, Book, Books",TRUE,Format,eBook,ggb-manifest-1d7f777,3.99,1,deny,manual,,active
kdp-draft-—-how-to-break-bad-habits-forever,KDP Draft — How to Break Bad Habits Forever,<p>KDP Draft — How to Break Bad Habits Forever — A Gullah Geechee publication by Darryl E. Brown</p>,Gullah Geechee Biz,Book,"Gullah Geechee, Book, Books",TRUE,Format,eBook,ggb-manifest-465672c,3.99,1,deny,manual,,active
kdp-draft-—-how-to-cultivate-daily-gratitude,KDP Draft — How to Cultivate Daily Gratitude,<p>KDP Draft — How to Cultivate Daily Gratitude — A Gullah Geechee publication by Darryl E. Brown</p>,Gullah Geechee Biz,Book,"Gullah Geechee, Book, Books",TRUE,Format,eBook,ggb-manifest-9bd6747,3.99,1,deny,manual,,active
kdp-draft-—-how-to-manage-anxiety-naturally,KDP Draft — How to Manage Anxiety Naturally,<p>KDP Draft — How to Manage Anxiety Naturally — A Gullah Geechee publication by Darryl E. Brown</p>,Gullah Geechee Biz,Book,"Gullah Geechee, Book, Books",TRUE,Format,eBook,ggb-manifest-bfa43ac,3.99,1,deny,manual,,active
kdp-draft-—-how-to-develop-emotional-intelligence,KDP Draft — How to Develop Emotional Intelligence,<p>KDP Draft — How to Develop Emotional Intelligence — A Gullah Geechee publication by Darryl E. Brown</p>,Gullah Geechee Biz,Book,"Gullah Geechee, Book, Books",TRUE,Format,eBook,ggb-manifest-301fc02,3.99,1,deny,manual,,active
kdp-draft-—-how-to-forgive-yourself-and-move-on,KDP Draft — How to Forgive Yourself and Move On,<p>KDP Draft — How to Forgive Yourself and Move On — A Gullah Geechee publication by Darryl E. Brown</p>,Gullah Geechee Biz,Book,"Gullah Geechee, Book, Books",TRUE,Format,eBook,ggb-manifest-8c5d3fe,3.99,1,deny,manual,,active
kdp-draft-—-how-to-stay-motivated-every-day,KDP Draft — How to Stay Motivated Every Day,<p>KDP Draft — How to Stay Motivated Every Day — A Gullah Geechee publication by Darryl E. Brown</p>,Gullah Geechee Biz,Book,"Gullah Geechee, Book, Books",TRUE,Format,eBook,ggb-manifest-7cad0b6,3.99,1,deny,manual,,active
kdp-draft-—-how-to-build-resilience-in-tough-times,KDP Draft — How to Build Resilience in Tough Times,<p>KDP Draft — How to Build Resilience in Tough Times — A Gullah Geechee publication by Darryl E. Brown</p>,Gullah Geechee Biz,Book,"Gullah Geechee, Book, Books",TRUE,Format,eBook,ggb-manifest-a163a89,3.99,1,deny,manual,,active
kdp-draft-—-how-to-practice-mindful-living,KDP Draft — How to Practice Mindful Living,<p>KDP Draft — How to Practice Mindful Living — A Gullah Geechee publication by Darryl E. Brown</p>,Gullah Geechee Biz,Book,"Gullah Geechee, Book, Books",TRUE,Format,eBook,ggb-manifest-87309eb,3.99,1,deny,manual,,active
kdp-draft-—-how-to-let-go-of-perfectionism,KDP Draft — How to Let Go of Perfectionism,<p>KDP Draft — How to Let Go of Perfectionism — A Gullah Geechee publication by Darryl E. Brown</p>,Gullah Geechee Biz,Book,"Gullah Geechee, Book, Books",TRUE,Format,eBook,ggb-manifest-2369a9d,3.99,1,deny,manual,,active
kdp-draft-—-how-to-create-a-personal-mission-statement,KDP Draft — How to Create a Personal Mission Statement,<p>KDP Draft — How to Create a Personal Mission Statement — A Gullah Geechee publication by Darryl E. Brown</p>,Gullah Geechee Biz,Book,"Gullah Geechee, Book, Books",TRUE,Format,eBook,ggb-manifest-ecfca05,3.99,1,deny,manual,,active
kdp-draft-—-how-to-develop-a-growth-mindset,KDP Draft — How to Develop a Growth Mindset,<p>KDP Draft — How to Develop a Growth Mindset — A Gullah Geechee publication by Darryl E. Brown</p>,Gullah Geechee Biz,Book,"Gullah Geechee, Book, Books",TRUE,Format,eBook,ggb-manifest-e8bae49,3.99,1,deny,manual,,active
kdp-draft-—-how-to-handle-criticism-gracefully,KDP Draft — How to Handle Criticism Gracefully,<p>KDP Draft — How to Handle Criticism Gracefully — A Gullah Geechee publication by Darryl E. Brown</p>,Gullah Geechee Biz,Book,"Gullah Geechee, Book, Books",TRUE,Format,eBook,ggb-manifest-d161ef3,3.99,1,deny,manual,,active
kdp-draft-—-how-to-build-healthy-relationships,KDP Draft — How to Build Healthy Relationships,<p>KDP Draft — How to Build Healthy Relationships — A Gullah Geechee publication by Darryl E. Brown</p>,Gullah Geechee Biz,Book,"Gullah Geechee, Book, Books",TRUE,Format,eBook,ggb-manifest-7bbcde5,3.99,1,deny,manual,,active
kdp-draft-—-how-to-find-inner-peace,KDP Draft — How to Find Inner Peace,<p>KDP Draft — How to Find Inner Peace — A Gullah Geechee publication by Darryl E. Brown</p>,Gullah Geechee Biz,Book,"Gullah Geechee, Book, Books",TRUE,Format,eBook,ggb-manifest-02a4a24,3.99,1,deny,manual,,active
kdp-draft-—-how-to-stop-people-pleasing,KDP Draft — How to Stop People-Pleasing,<p>KDP Draft — How to Stop People-Pleasing — A Gullah Geechee publication by Darryl E. Brown</p>,Gullah Geechee Biz,Book,"Gullah Geechee, Book, Books",TRUE,Format,eBook,ggb-manifest-2604b9e,3.99,1,deny,manual,,active
kdp-draft-—-how-to-embrace-your-authentic-self,KDP Draft — How to Embrace Your Authentic Self,<p>KDP Draft — How to Embrace Your Authentic Self — A Gullah Geechee publication by Darryl E. Brown</p>,Gullah Geechee Biz,Book,"Gullah Geechee, Book, Books",TRUE,Format,eBook,ggb-manifest-7601e87,3.99,1,deny,manual,,active
kdp-draft-—-how-to-navigate-life-transitions,KDP Draft — How to Navigate Life Transitions,<p>KDP Draft — How to Navigate Life Transitions — A Gullah Geechee publication by Darryl E. Brown</p>,Gullah Geechee Biz,Book,"Gullah Geechee, Book, Books",TRUE,Format,eBook,ggb-manifest-497efec,3.99,1,deny,manual,,active
kdp-draft-—-how-to-practice-self-compassion,KDP Draft — How to Practice Self-Compassion,<p>KDP Draft — How to Practice Self-Compassion — A Gullah Geechee publication by Darryl E. Brown</p>,Gullah Geechee Biz,Book,"Gullah Geechee, Book, Books",TRUE,Format,eBook,ggb-manifest-566ef15,3.99,1,deny,manual,,active
kdp-draft-—-how-to-build-mental-toughness,KDP Draft — How to Build Mental Toughness,<p>KDP Draft — How to Build Mental Toughness — A Gullah Geechee publication by Darryl E. Brown</p>,Gullah Geechee Biz,Book,"Gullah Geechee, Book, Books",TRUE,Format,eBook,ggb-manifest-454b1b4,3.99,1,deny,manual,,active
kdp-draft-—-how-to-create-a-vision-board-that-works,KDP Draft — How to Create a Vision Board That Works,<p>KDP Draft — How to Create a Vision Board That Works — A Gullah Geechee publication by Darryl E. Brown</p>,Gullah Geechee Biz,Book,"Gullah Geechee, Book, Books",TRUE,Format,eBook,ggb-manifest-75ea0f6,3.99,1,deny,manual,,active
kdp-draft-—-how-to-develop-daily-discipline,KDP Draft — How to Develop Daily Discipline,<p>KDP Draft — How to Develop Daily Discipline — A Gullah Geechee publication by Darryl E. Brown</p>,Gullah Geechee Biz,Book,"Gullah Geechee, Book, Books",TRUE,Format,eBook,ggb-manifest-15dffee,3.99,1,deny,manual,,active
kdp-draft-—-how-to-overcome-fear-of-failure,KDP Draft — How to Overcome Fear of Failure,<p>KDP Draft — How to Overcome Fear of Failure — A Gullah Geechee publication by Darryl E. Brown</p>,Gullah Geechee Biz,Book,"Gullah Geechee, Book, Books",TRUE,Format,eBook,ggb-manifest-6c9a37f,3.99,1,deny,manual,,active
kdp-draft-—-how-to-cultivate-patience,KDP Draft — How to Cultivate Patience,<p>KDP Draft — How to Cultivate Patience — A Gullah Geechee publication by Darryl E. Brown</p>,Gullah Geechee Biz,Book,"Gullah Geechee, Book, Books",TRUE,Format,eBook,ggb-manifest-c4bcc8d,3.99,1,deny,manual,,active
kdp-draft-—-how-to-live-with-intention,KDP Draft — How to Live with Intention,<p>KDP Draft — How to Live with Intention — A Gullah Geechee publication by Darryl E. Brown</p>,Gullah Geechee Biz,Book,"Gullah Geechee, Book, Books",TRUE,Format,eBook,ggb-manifest-045761e,3.99,1,deny,manual,,active
kdp-draft-—-how-to-start-a-side-hustle,KDP Draft — How to Start a Side Hustle,<p>KDP Draft — How to Start a Side Hustle — A Gullah Geechee publication by Darryl E. Brown</p>,Gullah Geechee Biz,Book,"Gullah Geechee, Book, Books",TRUE,Format,eBook,ggb-manifest-d99892d,3.99,1,deny,manual,,active
kdp-draft-—-how-to-build-a-personal-brand,KDP Draft — How to Build a Personal Brand,<p>KDP Draft — How to Build a Personal Brand — A Gullah Geechee publication by Darryl E. Brown</p>,Gullah Geechee Biz,Book,"Gullah Geechee, Book, Books",TRUE,Format,eBook,ggb-manifest-ffdd520,3.99,1,deny,manual,,active
kdp-draft-—-how-to-create-a-business-plan,KDP Draft — How to Create a Business Plan,<p>KDP Draft — How to Create a Business Plan — A Gullah Geechee publication by Darryl E. Brown</p>,Gullah Geechee Biz,Book,"Gullah Geechee, Book, Books",TRUE,Format,eBook,ggb-manifest-5f8efc5,3.99,1,deny,manual,,active
kdp-draft-—-how-to-master-social-media-marketing,KDP Draft — How to Master Social Media Marketing,<p>KDP Draft — How to Master Social Media Marketing — A Gullah Geechee publication by Darryl E. Brown</p>,Gullah Geechee Biz,Book,"Gullah Geechee, Book, Books",TRUE,Format,eBook,ggb-manifest-8a19487,3.99,1,deny,manual,,active
kdp-draft-—-how-to-launch-an-online-course,KDP Draft — How to Launch an Online Course,<p>KDP Draft — How to Launch an Online Course — A Gullah Geechee publication by Darryl E. Brown</p>,Gullah Geechee Biz,Book,"Gullah Geechee, Book, Books",TRUE,Format,eBook,ggb-manifest-e53eca7,3.99,1,deny,manual,,active
kdp-draft-—-how-to-write-a-winning-grant-proposal,KDP Draft — How to Write a Winning Grant Proposal,<p>KDP Draft — How to Write a Winning Grant Proposal — A Gullah Geechee publication by Darryl E. Brown</p>,Gullah Geechee Biz,Book,"Gullah Geechee, Book, Books",TRUE,Format,eBook,ggb-manifest-04eeabd,3.99,1,deny,manual,,active
kdp-draft-—-how-to-build-an-email-list-from-scratch,KDP Draft — How to Build an Email List from Scratch,<p>KDP Draft — How to Build an Email List from Scratch — A Gullah Geechee publication by Darryl E. Brown</p>,Gullah Geechee Biz,Book,"Gullah Geechee, Book, Books",TRUE,Format,eBook,ggb-manifest-fd180f0,3.99,1,deny,manual,,active
kdp-draft-—-how-to-price-your-products-or-services,KDP Draft — How to Price Your Products or Services,<p>KDP Draft — How to Price Your Products or Services — A Gullah Geechee publication by Darryl E. Brown</p>,Gullah Geechee Biz,Book,"Gullah Geechee, Book, Books",TRUE,Format,eBook,ggb-manifest-35fe8c9,3.99,1,deny,manual,,active
kdp-draft-—-how-to-network-like-a-pro,KDP Draft — How to Network Like a Pro,<p>KDP Draft — How to Network Like a Pro — A Gullah Geechee publication by Darryl E. Brown</p>,Gullah Geechee Biz,Book,"Gullah Geechee, Book, Books",TRUE,Format,eBook,ggb-manifest-f88ae6a,3.99,1,deny,manual,,active
kdp-draft-—-how-to-manage-business-finances,KDP Draft — How to Manage Business Finances,<p>KDP Draft — How to Manage Business Finances — A Gullah Geechee publication by Darryl E. Brown</p>,Gullah Geechee Biz,Book,"Gullah Geechee, Book, Books",TRUE,Format,eBook,ggb-manifest-085d3f1,3.99,1,deny,manual,,active
kdp-draft-—-how-to-create-a-content-strategy,KDP Draft — How to Create a Content Strategy,<p>KDP Draft — How to Create a Content Strategy — A Gullah Geechee publication by Darryl E. Brown</p>,Gullah Geechee Biz,Book,"Gullah Geechee, Book, Books",TRUE,Format,eBook,ggb-manifest-370cd1a,3.99,1,deny,manual,,active
kdp-draft-—-how-to-build-a-website-on-a-budget,KDP Draft — How to Build a Website on a Budget,<p>KDP Draft — How to Build a Website on a Budget — A Gullah Geechee publication by Darryl E. Brown</p>,Gullah Geechee Biz,Book,"Gullah Geechee, Book, Books",TRUE,Format,eBook,ggb-manifest-09dd94f,3.99,1,deny,manual,,active
kdp-draft-—-how-to-master-public-speaking,KDP Draft — How to Master Public Speaking,<p>KDP Draft — How to Master Public Speaking — A Gullah Geechee publication by Darryl E. Brown</p>,Gullah Geechee Biz,Book,"Gullah Geechee, Book, Books",TRUE,Format,eBook,ggb-manifest-23a2bd1,3.99,1,deny,manual,,active
kdp-draft-—-how-to-negotiate-better-deals,KDP Draft — How to Negotiate Better Deals,<p>KDP Draft — How to Negotiate Better Deals — A Gullah Geechee publication by Darryl E. Brown</p>,Gullah Geechee Biz,Book,"Gullah Geechee, Book, Books",TRUE,Format,eBook,ggb-manifest-aec96cd,3.99,1,deny,manual,,active
kdp-draft-—-how-to-build-a-remote-team,KDP Draft — How to Build a Remote Team,<p>KDP Draft — How to Build a Remote Team — A Gullah Geechee publication by Darryl E. Brown</p>,Gullah Geechee Biz,Book,"Gullah Geechee, Book, Books",TRUE,Format,eBook,ggb-manifest-a1073bc,3.99,1,deny,manual,,active
kdp-draft-—-how-to-scale-your-small-business,KDP Draft — How to Scale Your Small Business,<p>KDP Draft — How to Scale Your Small Business — A Gullah Geechee publication by Darryl E. Brown</p>,Gullah Geechee Biz,Book,"Gullah Geechee, Book, Books",TRUE,Format,eBook,ggb-manifest-1827c8f,3.99,1,deny,manual,,active
kdp-draft-—-how-to-create-a-marketing-funnel,KDP Draft — How to Create a Marketing Funnel,<p>KDP Draft — How to Create a Marketing Funnel — A Gullah Geechee publication by Darryl E. Brown</p>,Gullah Geechee Biz,Book,"Gullah Geechee, Book, Books",TRUE,Format,eBook,ggb-manifest-a28b043,3.99,1,deny,manual,,active
kdp-draft-—-how-to-use-ai-in-your-business,KDP Draft — How to Use AI in Your Business,<p>KDP Draft — How to Use AI in Your Business — A Gullah Geechee publication by Darryl E. Brown</p>,Gullah Geechee Biz,Book,"Gullah Geechee, Book, Books",TRUE,Format,eBook,ggb-manifest-e6d9443,3.99,1,deny,manual,,active
kdp-draft-—-how-to-build-customer-loyalty,KDP Draft — How to Build Customer Loyalty,<p>KDP Draft — How to Build Customer Loyalty — A Gullah Geechee publication by Darryl E. Brown</p>,Gullah Geechee Biz,Book,"Gullah Geechee, Book, Books",TRUE,Format,eBook,ggb-manifest-1837cdf,3.99,1,deny,manual,,active
kdp-draft-—-how-to-manage-your-time-effectively,KDP Draft — How to Manage Your Time Effectively,<p>KDP Draft — How to Manage Your Time Effectively — A Gullah Geechee publication by Darryl E. Brown</p>,Gullah Geechee Biz,Book,"Gullah Geechee, Book, Books",TRUE,Format,eBook,ggb-manifest-aa7f036,3.99,1,deny,manual,,active
kdp-draft-—-how-to-create-a-sales-funnel,KDP Draft — How to Create a Sales Funnel,<p>KDP Draft — How to Create a Sales Funnel — A Gullah Geechee publication by Darryl E. Brown</p>,Gullah Geechee Biz,Book,"Gullah Geechee, Book, Books",TRUE,Format,eBook,ggb-manifest-5b0baa9,3.99,1,deny,manual,,active
kdp-draft-—-how-to-build-strategic-partnerships,KDP Draft — How to Build Strategic Partnerships,<p>KDP Draft — How to Build Strategic Partnerships — A Gullah Geechee publication by Darryl E. Brown</p>,Gullah Geechee Biz,Book,"Gullah Geechee, Book, Books",TRUE,Format,eBook,ggb-manifest-319181c,3.99,1,deny,manual,,active
kdp-draft-—-how-to-master-email-marketing,KDP Draft — How to Master Email Marketing,<p>KDP Draft — How to Master Email Marketing — A Gullah Geechee publication by Darryl E. Brown</p>,Gullah Geechee Biz,Book,"Gullah Geechee, Book, Books",TRUE,Format,eBook,ggb-manifest-e7ea911,3.99,1,deny,manual,,active
kdp-draft-—-how-to-create-a-brand-style-guide,KDP Draft — How to Create a Brand Style Guide,<p>KDP Draft — How to Create a Brand Style Guide — A Gullah Geechee publication by Darryl E. Brown</p>,Gullah Geechee Biz,Book,"Gullah Geechee, Book, Books",TRUE,Format,eBook,ggb-manifest-f6c3a1f,3.99,1,deny,manual,,active
kdp-draft-—-how-to-build-a-freelance-career,KDP Draft — How to Build a Freelance Career,<p>KDP Draft — How to Build a Freelance Career — A Gullah Geechee publication by Darryl E. Brown</p>,Gullah Geechee Biz,Book,"Gullah Geechee, Book, Books",TRUE,Format,eBook,ggb-manifest-029d6d6,3.99,1,deny,manual,,active
kdp-draft-—-how-to-write-copy-that-sells,KDP Draft — How to Write Copy That Sells,<p>KDP Draft — How to Write Copy That Sells — A Gullah Geechee publication by Darryl E. Brown</p>,Gullah Geechee Biz,Book,"Gullah Geechee, Book, Books",TRUE,Format,eBook,ggb-manifest-4a657cc,3.99,1,deny,manual,,active
kdp-draft-—-how-to-create-a-product-launch-plan,KDP Draft — How to Create a Product Launch Plan,<p>KDP Draft — How to Create a Product Launch Plan — A Gullah Geechee publication by Darryl E. Brown</p>,Gullah Geechee Biz,Book,"Gullah Geechee, Book, Books",TRUE,Format,eBook,ggb-manifest-b81e552,3.99,1,deny,manual,,active
kdp-draft-—-how-to-build-a-community-around-your-brand,KDP Draft — How to Build a Community Around Your Brand,<p>KDP Draft — How to Build a Community Around Your Brand — A Gullah Geechee publication by Darryl E. Brown</p>,Gullah Geechee Biz,Book,"Gullah Geechee, Book, Books",TRUE,Format,eBook,ggb-manifest-30b50c8,3.99,1,deny,manual,,active
kdp-draft-—-how-to-master-linkedin-for-business,KDP Draft — How to Master LinkedIn for Business,<p>KDP Draft — How to Master LinkedIn for Business — A Gullah Geechee publication by Darryl E. Brown</p>,Gullah Geechee Biz,Book,"Gullah Geechee, Book, Books",TRUE,Format,eBook,ggb-manifest-7528f7c,3.99,1,deny,manual,,active
kdp-draft-—-how-to-create-a-customer-journey-map,KDP Draft — How to Create a Customer Journey Map,<p>KDP Draft — How to Create a Customer Journey Map — A Gullah Geechee publication by Darryl E. Brown</p>,Gullah Geechee Biz,Book,"Gullah Geechee, Book, Books",TRUE,Format,eBook,ggb-manifest-956bcd3,3.99,1,deny,manual,,active
kdp-draft-—-how-to-build-a-subscription-business,KDP Draft — How to Build a Subscription Business,<p>KDP Draft — How to Build a Subscription Business — A Gullah Geechee publication by Darryl E. Brown</p>,Gullah Geechee Biz,Book,"Gullah Geechee, Book, Books",TRUE,Format,eBook,ggb-manifest-926a2f0,3.99,1,deny,manual,,active
kdp-draft-—-how-to-create-a-referral-program,KDP Draft — How to Create a Referral Program,<p>KDP Draft — How to Create a Referral Program — A Gullah Geechee publication by Darryl E. Brown</p>,Gullah Geechee Biz,Book,"Gullah Geechee, Book, Books",TRUE,Format,eBook,ggb-manifest-b5db904,3.99,1,deny,manual,,active
kdp-draft-—-how-to-master-business-storytelling,KDP Draft — How to Master Business Storytelling,<p>KDP Draft — How to Master Business Storytelling — A Gullah Geechee publication by Darryl E. Brown</p>,Gullah Geechee Biz,Book,"Gullah Geechee, Book, Books",TRUE,Format,eBook,ggb-manifest-bc5cf5b,3.99,1,deny,manual,,active
kdp-draft-—-how-to-build-a-digital-product-empire,KDP Draft — How to Build a Digital Product Empire,<p>KDP Draft — How to Build a Digital Product Empire — A Gullah Geechee publication by Darryl E. Brown</p>,Gullah Geechee Biz,Book,"Gullah Geechee, Book, Books",TRUE,Format,eBook,ggb-manifest-9f5e1e6,3.99,1,deny,manual,,active
kdp-draft-—-how-to-create-a-business-exit-strategy,KDP Draft — How to Create a Business Exit Strategy,<p>KDP Draft — How to Create a Business Exit Strategy — A Gullah Geechee publication by Darryl E. Brown</p>,Gullah Geechee Biz,Book,"Gullah Geechee, Book, Books",TRUE,Format,eBook,ggb-manifest-7615ca7,3.99,1,deny,manual,,active
kdp-draft-—-how-to-cook-perfect-gullah-red-rice,KDP Draft — How to Cook Perfect Gullah Red Rice,<p>KDP Draft — How to Cook Perfect Gullah Red Rice — A Gullah Geechee publication by Darryl E. Brown</p>,Gullah Geechee Biz,Book,"Gullah Geechee, Book, Books",TRUE,Format,eBook,ggb-manifest-82c655b,3.99,1,deny,manual,,active
kdp-draft-—-how-to-make-southern-cornbread-from-scratch,KDP Draft — How to Make Southern Cornbread from Scratch,<p>KDP Draft — How to Make Southern Cornbread from Scratch — A Gullah Geechee publication by Darryl E. Brown</p>,Gullah Geechee Biz,Book,"Gullah Geechee, Book, Books",TRUE,Format,eBook,ggb-manifest-06e58ad,3.99,1,deny,manual,,active
kdp-draft-—-how-to-fry-the-perfect-fish,KDP Draft — How to Fry the Perfect Fish,<p>KDP Draft — How to Fry the Perfect Fish — A Gullah Geechee publication by Darryl E. Brown</p>,Gullah Geechee Biz,Book,"Gullah Geechee, Book, Books",TRUE,Format,eBook,ggb-manifest-405e4d8,3.99,1,deny,manual,,active
kdp-draft-—-how-to-make-authentic-shrimp-and-grits,KDP Draft — How to Make Authentic Shrimp and Grits,<p>KDP Draft — How to Make Authentic Shrimp and Grits — A Gullah Geechee publication by Darryl E. Brown</p>,Gullah Geechee Biz,Book,"Gullah Geechee, Book, Books",TRUE,Format,eBook,ggb-manifest-3eca6cb,3.99,1,deny,manual,,active
kdp-draft-—-how-to-bake-sweet-potato-pie,KDP Draft — How to Bake Sweet Potato Pie,<p>KDP Draft — How to Bake Sweet Potato Pie — A Gullah Geechee publication by Darryl E. Brown</p>,Gullah Geechee Biz,Book,"Gullah Geechee, Book, Books",TRUE,Format,eBook,ggb-manifest-01ac530,3.99,1,deny,manual,,active
kdp-draft-—-how-to-make-hoppin-john-for-new-years,KDP Draft — How to Make Hoppin' John for New Year's,<p>KDP Draft — How to Make Hoppin' John for New Year's — A Gullah Geechee publication by Darryl E. Brown</p>,Gullah Geechee Biz,Book,"Gullah Geechee, Book, Books",TRUE,Format,eBook,ggb-manifest-f5e3532,3.99,1,deny,manual,,active
kdp-draft-—-how-to-cook-collard-greens-the-right-way,KDP Draft — How to Cook Collard Greens the Right Way,<p>KDP Draft — How to Cook Collard Greens the Right Way — A Gullah Geechee publication by Darryl E. Brown</p>,Gullah Geechee Biz,Book,"Gullah Geechee, Book, Books",TRUE,Format,eBook,ggb-manifest-d9ed535,3.99,1,deny,manual,,active
kdp-draft-—-how-to-make-benne-wafers,KDP Draft — How to Make Benne Wafers,<p>KDP Draft — How to Make Benne Wafers — A Gullah Geechee publication by Darryl E. Brown</p>,Gullah Geechee Biz,Book,"Gullah Geechee, Book, Books",TRUE,Format,eBook,ggb-manifest-5c5dcb7,3.99,1,deny,manual,,active
kdp-draft-—-how-to-prepare-okra-and-tomatoes,KDP Draft — How to Prepare Okra and Tomatoes,<p>KDP Draft — How to Prepare Okra and Tomatoes — A Gullah Geechee publication by Darryl E. Brown</p>,Gullah Geechee Biz,Book,"Gullah Geechee, Book, Books",TRUE,Format,eBook,ggb-manifest-67f6599,3.99,1,deny,manual,,active
kdp-draft-—-how-to-make-gullah-tea-cakes,KDP Draft — How to Make Gullah Tea Cakes,<p>KDP Draft — How to Make Gullah Tea Cakes — A Gullah Geechee publication by Darryl E. Brown</p>,Gullah Geechee Biz,Book,"Gullah Geechee, Book, Books",TRUE,Format,eBook,ggb-manifest-8b8a5b6,3.99,1,deny,manual,,active
kdp-draft-—-how-to-cook-lowcountry-boil,KDP Draft — How to Cook Lowcountry Boil,<p>KDP Draft — How to Cook Lowcountry Boil — A Gullah Geechee publication by Darryl E. Brown</p>,Gullah Geechee Biz,Book,"Gullah Geechee, Book, Books",TRUE,Format,eBook,ggb-manifest-2420bfa,3.99,1,deny,manual,,active
kdp-draft-—-how-to-make-pickled-shrimp,KDP Draft — How to Make Pickled Shrimp,<p>KDP Draft — How to Make Pickled Shrimp — A Gullah Geechee publication by Darryl E. Brown</p>,Gullah Geechee Biz,Book,"Gullah Geechee, Book, Books",TRUE,Format,eBook,ggb-manifest-25573c5,3.99,1,deny,manual,,active
kdp-draft-—-how-to-bake-buttermilk-cornbread,KDP Draft — How to Bake Buttermilk Cornbread,<p>KDP Draft — How to Bake Buttermilk Cornbread — A Gullah Geechee publication by Darryl E. Brown</p>,Gullah Geechee Biz,Book,"Gullah Geechee, Book, Books",TRUE,Format,eBook,ggb-manifest-092f0a5,3.99,1,deny,manual,,active
kdp-draft-—-how-to-make-boiled-peanuts,KDP Draft — How to Make Boiled Peanuts,<p>KDP Draft — How to Make Boiled Peanuts — A Gullah Geechee publication by Darryl E. Brown</p>,Gullah Geechee Biz,Book,"Gullah Geechee, Book, Books",TRUE,Format,eBook,ggb-manifest-677f5b4,3.99,1,deny,manual,,active
kdp-draft-—-how-to-cook-gullah-cabbage,KDP Draft — How to Cook Gullah Cabbage,<p>KDP Draft — How to Cook Gullah Cabbage — A Gullah Geechee publication by Darryl E. Brown</p>,Gullah Geechee Biz,Book,"Gullah Geechee, Book, Books",TRUE,Format,eBook,ggb-manifest-4088732,3.99,1,deny,manual,,active
kdp-draft-—-how-to-make-mac-and-cheese-the-southern-way,KDP Draft — How to Make Mac and Cheese the Southern Way,<p>KDP Draft — How to Make Mac and Cheese the Southern Way — A Gullah Geechee publication by Darryl E. Brown</p>,Gullah Geechee Biz,Book,"Gullah Geechee, Book, Books",TRUE,Format,eBook,ggb-manifest-f4b06af,3.99,1,deny,manual,,active
kdp-draft-—-how-to-prepare-gullah-chicken-soup,KDP Draft — How to Prepare Gullah Chicken Soup,<p>KDP Draft — How to Prepare Gullah Chicken Soup — A Gullah Geechee publication by Darryl E. Brown</p>,Gullah Geechee Biz,Book,"Gullah Geechee, Book, Books",TRUE,Format,eBook,ggb-manifest-e3abb4e,3.99,1,deny,manual,,active
kdp-draft-—-how-to-make-rice-pudding,KDP Draft — How to Make Rice Pudding,<p>KDP Draft — How to Make Rice Pudding — A Gullah Geechee publication by Darryl E. Brown</p>,Gullah Geechee Biz,Book,"Gullah Geechee, Book, Books",TRUE,Format,eBook,ggb-manifest-c439f59,3.99,1,deny,manual,,active
kdp-draft-—-how-to-cook-gullah-pork-chops,KDP Draft — How to Cook Gullah Pork Chops,<p>KDP Draft — How to Cook Gullah Pork Chops — A Gullah Geechee publication by Darryl E. Brown</p>,Gullah Geechee Biz,Book,"Gullah Geechee, Book, Books",TRUE,Format,eBook,ggb-manifest-6fb5c8c,3.99,1,deny,manual,,active
kdp-draft-—-how-to-make-sweetgrass-lemonade,KDP Draft — How to Make Sweetgrass Lemonade,<p>KDP Draft — How to Make Sweetgrass Lemonade — A Gullah Geechee publication by Darryl E. Brown</p>,Gullah Geechee Biz,Book,"Gullah Geechee, Book, Books",TRUE,Format,eBook,ggb-manifest-c0aacd3,3.99,1,deny,manual,,active
kdp-draft-—-how-to-make-gullah-potato-salad,KDP Draft — How to Make Gullah Potato Salad,<p>KDP Draft — How to Make Gullah Potato Salad — A Gullah Geechee publication by Darryl E. Brown</p>,Gullah Geechee Biz,Book,"Gullah Geechee, Book, Books",TRUE,Format,eBook,ggb-manifest-e930df4,3.99,1,deny,manual,,active
kdp-draft-—-how-to-cook-benne-chicken,KDP Draft — How to Cook Benne Chicken,<p>KDP Draft — How to Cook Benne Chicken — A Gullah Geechee publication by Darryl E. Brown</p>,Gullah Geechee Biz,Book,"Gullah Geechee, Book, Books",TRUE,Format,eBook,ggb-manifest-e524747,3.99,1,deny,manual,,active
kdp-draft-—-how-to-make-gullah-breakfast,KDP Draft — How to Make Gullah Breakfast,<p>KDP Draft — How to Make Gullah Breakfast — A Gullah Geechee publication by Darryl E. Brown</p>,Gullah Geechee Biz,Book,"Gullah Geechee, Book, Books",TRUE,Format,eBook,ggb-manifest-2f7f73d,3.99,1,deny,manual,,active
kdp-draft-—-how-to-preserve-summer-vegetables,KDP Draft — How to Preserve Summer Vegetables,<p>KDP Draft — How to Preserve Summer Vegetables — A Gullah Geechee publication by Darryl E. Brown</p>,Gullah Geechee Biz,Book,"Gullah Geechee, Book, Books",TRUE,Format,eBook,ggb-manifest-c7a841f,3.99,1,deny,manual,,active
kdp-draft-—-how-to-master-cast-iron-cooking,KDP Draft — How to Master Cast Iron Cooking,<p>KDP Draft — How to Master Cast Iron Cooking — A Gullah Geechee publication by Darryl E. Brown</p>,Gullah Geechee Biz,Book,"Gullah Geechee, Book, Books",TRUE,Format,eBook,ggb-manifest-2b04597,3.99,1,deny,manual,,active
kdp-draft-—-how-to-make-one-pot-gullah-meals,KDP Draft — How to Make One-Pot Gullah Meals,<p>KDP Draft — How to Make One-Pot Gullah Meals — A Gullah Geechee publication by Darryl E. Brown</p>,Gullah Geechee Biz,Book,"Gullah Geechee, Book, Books",TRUE,Format,eBook,ggb-manifest-8901036,3.99,1,deny,manual,,active
kdp-draft-—-how-to-cook-with-seasonal-lowcountry-ingredients,KDP Draft — How to Cook with Seasonal Lowcountry Ingredients,<p>KDP Draft — How to Cook with Seasonal Lowcountry Ingredients — A Gullah Geechee publication by Darryl E. Brown</p>,Gullah Geechee Biz,Book,"Gullah Geechee, Book, Books",TRUE,Format,eBook,ggb-manifest-b9395cb,3.99,1,deny,manual,,active
kdp-draft-—-how-to-make-gullah-sauces-and-seasonings,KDP Draft — How to Make Gullah Sauces and Seasonings,<p>KDP Draft — How to Make Gullah Sauces and Seasonings — A Gullah Geechee publication by Darryl E. Brown</p>,Gullah Geechee Biz,Book,"Gullah Geechee, Book, Books",TRUE,Format,eBook,ggb-manifest-0e743b0,3.99,1,deny,manual,,active
kdp-draft-—-how-to-bake-gullah-desserts,KDP Draft — How to Bake Gullah Desserts,<p>KDP Draft — How to Bake Gullah Desserts — A Gullah Geechee publication by Darryl E. Brown</p>,Gullah Geechee Biz,Book,"Gullah Geechee, Book, Books",TRUE,Format,eBook,ggb-manifest-176081e,3.99,1,deny,manual,,active
kdp-draft-—-how-to-make-holiday-gullah-feasts,KDP Draft — How to Make Holiday Gullah Feasts,<p>KDP Draft — How to Make Holiday Gullah Feasts — A Gullah Geechee publication by Darryl E. Brown</p>,Gullah Geechee Biz,Book,"Gullah Geechee, Book, Books",TRUE,Format,eBook,ggb-manifest-7f8bba1,3.99,1,deny,manual,,active
kdp-draft-—-how-to-cook-gullah-seafood,KDP Draft — How to Cook Gullah Seafood,<p>KDP Draft — How to Cook Gullah Seafood — A Gullah Geechee publication by Darryl E. Brown</p>,Gullah Geechee Biz,Book,"Gullah Geechee, Book, Books",TRUE,Format,eBook,ggb-manifest-390945e,3.99,1,deny,manual,,active
kdp-draft-—-how-to-make-gullah-soups-and-stews,KDP Draft — How to Make Gullah Soups and Stews,<p>KDP Draft — How to Make Gullah Soups and Stews — A Gullah Geechee publication by Darryl E. Brown</p>,Gullah Geechee Biz,Book,"Gullah Geechee, Book, Books",TRUE,Format,eBook,ggb-manifest-2bd1ce1,3.99,1,deny,manual,,active
kdp-draft-—-how-to-prepare-gullah-side-dishes,KDP Draft — How to Prepare Gullah Side Dishes,<p>KDP Draft — How to Prepare Gullah Side Dishes — A Gullah Geechee publication by Darryl E. Brown</p>,Gullah Geechee Biz,Book,"Gullah Geechee, Book, Books",TRUE,Format,eBook,ggb-manifest-ad3242e,3.99,1,deny,manual,,active
kdp-draft-—-how-to-make-gullah-breads,KDP Draft — How to Make Gullah Breads,<p>KDP Draft — How to Make Gullah Breads — A Gullah Geechee publication by Darryl E. Brown</p>,Gullah Geechee Biz,Book,"Gullah Geechee, Book, Books",TRUE,Format,eBook,ggb-manifest-ccda19d,3.99,1,deny,manual,,active
kdp-draft-—-how-to-cook-gullah-vegetables,KDP Draft — How to Cook Gullah Vegetables,<p>KDP Draft — How to Cook Gullah Vegetables — A Gullah Geechee publication by Darryl E. Brown</p>,Gullah Geechee Biz,Book,"Gullah Geechee, Book, Books",TRUE,Format,eBook,ggb-manifest-a513a3f,3.99,1,deny,manual,,active
kdp-draft-—-gullah-geechee-business-planning,KDP Draft — Gullah Geechee Business Planning,<p>KDP Draft — Gullah Geechee Business Planning — A Gullah Geechee publication by Darryl E. Brown</p>,Gullah Geechee Biz,Book,"Gullah Geechee, Book, Books",TRUE,Format,eBook,ggb-manifest-a45d5bc,3.99,1,deny,manual,,active
kdp-draft-—-gullah-geechee-camp-cooking,KDP Draft — Gullah Geechee Camp Cooking,<p>KDP Draft — Gullah Geechee Camp Cooking — A Gullah Geechee publication by Darryl E. Brown</p>,Gullah Geechee Biz,Book,"Gullah Geechee, Book, Books",TRUE,Format,eBook,ggb-manifest-75dd441,3.99,1,deny,manual,,active
kdp-draft-—-gullah-geechee-community-commerce,KDP Draft — Gullah Geechee Community Commerce,<p>KDP Draft — Gullah Geechee Community Commerce — A Gullah Geechee publication by Darryl E. Brown</p>,Gullah Geechee Biz,Book,"Gullah Geechee, Book, Books",TRUE,Format,eBook,ggb-manifest-df0cda3,3.99,1,deny,manual,,active
kdp-draft-—-gullah-geechee-condiments,KDP Draft — Gullah Geechee Condiments,<p>KDP Draft — Gullah Geechee Condiments — A Gullah Geechee publication by Darryl E. Brown</p>,Gullah Geechee Biz,Book,"Gullah Geechee, Book, Books",TRUE,Format,eBook,ggb-manifest-3d01272,3.99,1,deny,manual,,active
kdp-draft-—-gullah-geechee-microenterprise,KDP Draft — Gullah Geechee Microenterprise,<p>KDP Draft — Gullah Geechee Microenterprise — A Gullah Geechee publication by Darryl E. Brown</p>,Gullah Geechee Biz,Book,"Gullah Geechee, Book, Books",TRUE,Format,eBook,ggb-manifest-f463b46,3.99,1,deny,manual,,active
kdp-draft-—-gullah-geechee-one-pot-meals,KDP Draft — Gullah Geechee One-Pot Meals,<p>KDP Draft — Gullah Geechee One-Pot Meals — A Gullah Geechee publication by Darryl E. Brown</p>,Gullah Geechee Biz,Book,"Gullah Geechee, Book, Books",TRUE,Format,eBook,ggb-manifest-f0ef5b3,3.99,1,deny,manual,,active
how-to-build-abundance,How to Build Abundance,<p>How to Build Abundance — A Gullah Geechee publication by Darryl E. Brown</p>,Gullah Geechee Biz,Book,"Gullah Geechee, Book, Books",TRUE,Format,eBook,ggb-manifest-857c726,3.99,1,deny,manual,,active
how-to-build-balance,How to Build Balance,<p>How to Build Balance — A Gullah Geechee publication by Darryl E. Brown</p>,Gullah Geechee Biz,Book,"Gullah Geechee, Book, Books",TRUE,Format,eBook,ggb-manifest-a501636,3.99,1,deny,manual,,active
how-to-build-connection,How to Build Connection,<p>How to Build Connection — A Gullah Geechee publication by Darryl E. Brown</p>,Gullah Geechee Biz,Book,"Gullah Geechee, Book, Books",TRUE,Format,eBook,ggb-manifest-9d99a35,3.99,1,deny,manual,,active
how-to-build-imagination,How to Build Imagination,<p>How to Build Imagination — A Gullah Geechee publication by Darryl E. Brown</p>,Gullah Geechee Biz,Book,"Gullah Geechee, Book, Books",TRUE,Format,eBook,ggb-manifest-99da459,3.99,1,deny,manual,,active
how-to-build-simplicity,How to Build Simplicity,<p>How to Build Simplicity — A Gullah Geechee publication by Darryl E. Brown</p>,Gullah Geechee Biz,Book,"Gullah Geechee, Book, Books",TRUE,Format,eBook,ggb-manifest-247f7e4,3.99,1,deny,manual,,active
how-to-build-surrender,How to Build Surrender,<p>How to Build Surrender — A Gullah Geechee publication by Darryl E. Brown</p>,Gullah Geechee Biz,Book,"Gullah Geechee, Book, Books",TRUE,Format,eBook,ggb-manifest-68fcf20,3.99,1,deny,manual,,active
how-to-build-vision,How to Build Vision,<p>How to Build Vision — A Gullah Geechee publication by Darryl E. Brown</p>,Gullah Geechee Biz,Book,"Gullah Geechee, Book, Books",TRUE,Format,eBook,ggb-manifest-66182a3,3.99,1,deny,manual,,active
how-to-build-vulnerability,How to Build Vulnerability,<p>How to Build Vulnerability — A Gullah Geechee publication by Darryl E. Brown</p>,Gullah Geechee Biz,Book,"Gullah Geechee, Book, Books",TRUE,Format,eBook,ggb-manifest-155562e,3.99,1,deny,manual,,active
how-to-build-zeal,How to Build Zeal,<p>How to Build Zeal — A Gullah Geechee publication by Darryl E. Brown</p>,Gullah Geechee Biz,Book,"Gullah Geechee, Book, Books",TRUE,Format,eBook,ggb-manifest-51bfff0,3.99,1,deny,manual,,active
kdp-draft-—-the-gullah-geechee-guide-to-discipline,KDP Draft — The Gullah Geechee Guide to Discipline,<p>KDP Draft — The Gullah Geechee Guide to Discipline — A Gullah Geechee publication by Darryl E. Brown</p>,Gullah Geechee Biz,Book,"Gullah Geechee, Book, Books",TRUE,Format,eBook,ggb-manifest-a93c211,3.99,1,deny,manual,,active
kdp-draft-—-the-gullah-geechee-guide-to-unity,KDP Draft — The Gullah Geechee Guide to Unity,<p>KDP Draft — The Gullah Geechee Guide to Unity — A Gullah Geechee publication by Darryl E. Brown</p>,Gullah Geechee Biz,Book,"Gullah Geechee, Book, Books",TRUE,Format,eBook,ggb-manifest-e95e300,3.99,1,deny,manual,,active
kdp-draft-—-the-gullah-geechee-guide-to-yearning,KDP Draft — The Gullah Geechee Guide to Yearning,<p>KDP Draft — The Gullah Geechee Guide to Yearning — A Gullah Geechee publication by Darryl E. Brown</p>,Gullah Geechee Biz,Book,"Gullah Geechee, Book, Books",TRUE,Format,eBook,ggb-manifest-3dd6372,3.99,1,deny,manual,,active
lowcountry-tourism,Lowcountry Tourism,<p>Lowcountry Tourism — A Gullah Geechee publication by Darryl E. Brown</p>,Gullah Geechee Biz,Book,"Gullah Geechee, Book, Books",TRUE,Format,eBook,ggb-manifest-b72fe7b,3.99,1,deny,manual,,active
gullah-geechee-biz-tv-spot,Gullah Geechee Biz TV Spot,<p>Gullah Geechee Biz TV Spot — A Gullah Geechee publication by Darryl E. Brown</p>,Gullah Geechee Biz,Book,"Gullah Geechee, Book, Books",TRUE,Format,eBook,ggb-manifest-785d29c,3.99,1,deny,manual,,active
kdp-draft-—-how-to-negotiate-better-deals,KDP Draft — How to Negotiate Better Deals,<p>KDP Draft — How to Negotiate Better Deals — A Gullah Geechee publication by Darryl E. Brown</p>,Gullah Geechee Biz,Book,"Gullah Geechee, Book, Books",TRUE,Format,eBook,ggb-manifest-5b6772d,3.99,1,deny,manual,,active
sweetgrass-basket,Sweetgrass Basket,<p>Sweetgrass Basket — A Gullah Geechee publication by Darryl E. Brown</p>,Gullah Geechee Biz,Book,"Gullah Geechee, Book, Books",TRUE,Format,eBook,ggb-manifest-d2e0391,3.99,1,deny,manual,,active
gullah-geechee-appetizers,Gullah Geechee Appetizers,<p>Gullah Geechee Appetizers — A Gullah Geechee publication by Darryl E. Brown</p>,Gullah Geechee Biz,Book,"Gullah Geechee, Book, Books",TRUE,Format,eBook,ggb-manifest-1c0d10a,3.99,1,deny,manual,,active
gullah-geechee-business-planning,Gullah Geechee Business Planning,<p>Gullah Geechee Business Planning — A Gullah Geechee publication by Darryl E. Brown</p>,Gullah Geechee Biz,Book,"Gullah Geechee, Book, Books",TRUE,Format,eBook,ggb-manifest-6442277,3.99,1,deny,manual,,active
gullah-geechee-camp-cooking,Gullah Geechee Camp Cooking,<p>Gullah Geechee Camp Cooking — A Gullah Geechee publication by Darryl E. Brown</p>,Gullah Geechee Biz,Book,"Gullah Geechee, Book, Books",TRUE,Format,eBook,ggb-manifest-d24a1f3,3.99,1,deny,manual,,active
gullah-geechee-community-commerce,Gullah Geechee Community Commerce,<p>Gullah Geechee Community Commerce — A Gullah Geechee publication by Darryl E. Brown</p>,Gullah Geechee Biz,Book,"Gullah Geechee, Book, Books",TRUE,Format,eBook,ggb-manifest-35de774,3.99,1,deny,manual,,active
gullah-geechee-condiments,Gullah Geechee Condiments,<p>Gullah Geechee Condiments — A Gullah Geechee publication by Darryl E. Brown</p>,Gullah Geechee Biz,Book,"Gullah Geechee, Book, Books",TRUE,Format,eBook,ggb-manifest-dc15e72,3.99,1,deny,manual,,active
gullah-geechee-digital-marketing,Gullah Geechee Digital Marketing,<p>Gullah Geechee Digital Marketing — A Gullah Geechee publication by Darryl E. Brown</p>,Gullah Geechee Biz,Book,"Gullah Geechee, Book, Books",TRUE,Format,eBook,ggb-manifest-65d5b80,3.99,1,deny,manual,,active
gullah-geechee-financial-literacy,Gullah Geechee Financial Literacy,<p>Gullah Geechee Financial Literacy — A Gullah Geechee publication by Darryl E. Brown</p>,Gullah Geechee Biz,Book,"Gullah Geechee, Book, Books",TRUE,Format,eBook,ggb-manifest-8ac55ec,3.99,1,deny,manual,,active
gullah-geechee-job-creation,Gullah Geechee Job Creation,<p>Gullah Geechee Job Creation — A Gullah Geechee publication by Darryl E. Brown</p>,Gullah Geechee Biz,Book,"Gullah Geechee, Book, Books",TRUE,Format,eBook,ggb-manifest-cd2611d,3.99,1,deny,manual,,active
gullah-geechee-meal-prep,Gullah Geechee Meal Prep,<p>Gullah Geechee Meal Prep — A Gullah Geechee publication by Darryl E. Brown</p>,Gullah Geechee Biz,Book,"Gullah Geechee, Book, Books",TRUE,Format,eBook,ggb-manifest-c1e939a,3.99,1,deny,manual,,active
gullah-geechee-microenterprise,Gullah Geechee Microenterprise,<p>Gullah Geechee Microenterprise — A Gullah Geechee publication by Darryl E. Brown</p>,Gullah Geechee Biz,Book,"Gullah Geechee, Book, Books",TRUE,Format,eBook,ggb-manifest-f23d551,3.99,1,deny,manual,,active
gullah-geechee-one-pot-meals,Gullah Geechee One-Pot Meals,<p>Gullah Geechee One-Pot Meals — A Gullah Geechee publication by Darryl E. Brown</p>,Gullah Geechee Biz,Book,"Gullah Geechee, Book, Books",TRUE,Format,eBook,ggb-manifest-efc55d5,3.99,1,deny,manual,,active
gullah-geechee-smoothies,Gullah Geechee Smoothies,<p>Gullah Geechee Smoothies — A Gullah Geechee publication by Darryl E. Brown</p>,Gullah Geechee Biz,Book,"Gullah Geechee, Book, Books",TRUE,Format,eBook,ggb-manifest-3c75f45,3.99,1,deny,manual,,active
the-gullah-geechee-guide-to-determination,The Gullah Geechee Guide to Determination,<p>The Gullah Geechee Guide to Determination — A Gullah Geechee publication by Darryl E. Brown</p>,Gullah Geechee Biz,Book,"Gullah Geechee, Book, Books",TRUE,Format,eBook,ggb-manifest-f216ba0,3.99,1,deny,manual,,active
the-gullah-geechee-guide-to-discipline,The Gullah Geechee Guide to Discipline,<p>The Gullah Geechee Guide to Discipline — A Gullah Geechee publication by Darryl E. Brown</p>,Gullah Geechee Biz,Book,"Gullah Geechee, Book, Books",TRUE,Format,eBook,ggb-manifest-bfe1181,3.99,1,deny,manual,,active
the-gullah-geechee-guide-to-harmony,The Gullah Geechee Guide to Harmony,<p>The Gullah Geechee Guide to Harmony — A Gullah Geechee publication by Darryl E. Brown</p>,Gullah Geechee Biz,Book,"Gullah Geechee, Book, Books",TRUE,Format,eBook,ggb-manifest-030d7d2,3.99,1,deny,manual,,active
the-gullah-geechee-guide-to-unity,The Gullah Geechee Guide to Unity,<p>The Gullah Geechee Guide to Unity — A Gullah Geechee publication by Darryl E. Brown</p>,Gullah Geechee Biz,Book,"Gullah Geechee, Book, Books",TRUE,Format,eBook,ggb-manifest-16fb768,3.99,1,deny,manual,,active
the-gullah-geechee-guide-to-wisdom,The Gullah Geechee Guide to Wisdom,<p>The Gullah Geechee Guide to Wisdom — A Gullah Geechee publication by Darryl E. Brown</p>,Gullah Geechee Biz,Book,"Gullah Geechee, Book, Books",TRUE,Format,eBook,ggb-manifest-dc0aff2,3.99,1,deny,manual,,active
the-gullah-geechee-guide-to-yearning,The Gullah Geechee Guide to Yearning,<p>The Gullah Geechee Guide to Yearning — A Gullah Geechee publication by Darryl E. Brown</p>,Gullah Geechee Biz,Book,"Gullah Geechee, Book, Books",TRUE,Format,eBook,ggb-manifest-bfb0566,3.99,1,deny,manual,,active
how-to-build-faith,How to Build Faith,<p>How to Build Faith — A Gullah Geechee publication by Darryl E. Brown</p>,Gullah Geechee Biz,Book,"Gullah Geechee, Book, Books",TRUE,Format,eBook,ggb-manifest-07f80fc,3.99,1,deny,manual,,active
how-to-build-joy,How to Build Joy,<p>How to Build Joy — A Gullah Geechee publication by Darryl E. Brown</p>,Gullah Geechee Biz,Book,"Gullah Geechee, Book, Books",TRUE,Format,eBook,ggb-manifest-4b5b44c,3.99,1,deny,manual,,active
how-to-build-reflection,How to Build Reflection,<p>How to Build Reflection — A Gullah Geechee publication by Darryl E. Brown</p>,Gullah Geechee Biz,Book,"Gullah Geechee, Book, Books",TRUE,Format,eBook,ggb-manifest-b1a7d79,3.99,1,deny,manual,,active
gullah-geechee-beverages,Gullah Geechee Beverages,<p>Gullah Geechee Beverages — A Gullah Geechee publication by Darryl E. Brown</p>,Gullah Geechee Biz,Book,"Gullah Geechee, Book, Books",TRUE,Format,eBook,ggb-manifest-a359264,3.99,1,deny,manual,,active
gullah-geechee-startup-guide,Gullah Geechee Startup Guide,<p>Gullah Geechee Startup Guide — A Gullah Geechee publication by Darryl E. Brown</p>,Gullah Geechee Biz,Book,"Gullah Geechee, Book, Books",TRUE,Format,eBook,ggb-manifest-e20c908,3.99,1,deny,manual,,active
the-gullah-geechee-guide-to-adaptability,The Gullah Geechee Guide to Adaptability,<p>The Gullah Geechee Guide to Adaptability — A Gullah Geechee publication by Darryl E. Brown</p>,Gullah Geechee Biz,Book,"Gullah Geechee, Book, Books",TRUE,Format,eBook,ggb-manifest-9a57fea,3.99,1,deny,manual,,active
kdp-draft-—-how-to-negotiate-better-deals,KDP Draft — How to Negotiate Better Deals,<p>KDP Draft — How to Negotiate Better Deals — A Gullah Geechee publication by Darryl E. Brown</p>,Gullah Geechee Biz,Book,"Gullah Geechee, Book, Books",TRUE,Format,eBook,ggb-manifest-7ba3bca,3.99,1,deny,manual,,active
encyclopedia-volume-04,Encyclopedia Volume 04,<p>Encyclopedia Volume 04 — A Gullah Geechee publication by Darryl E. Brown</p>,Gullah Geechee Biz,Book,"Gullah Geechee, Book, Books",TRUE,Format,eBook,ggb-manifest-77a2c06,3.99,1,deny,manual,,active
kdp-draft-—-how-to-build-customer-loyalty,KDP Draft — How to Build Customer Loyalty,<p>KDP Draft — How to Build Customer Loyalty — A Gullah Geechee publication by Darryl E. Brown</p>,Gullah Geechee Biz,Book,"Gullah Geechee, Book, Books",TRUE,Format,eBook,ggb-manifest-73a68d0,3.99,1,deny,manual,,active
kdp-draft-—-how-to-let-go-of-perfectionism,KDP Draft — How to Let Go of Perfectionism,<p>KDP Draft — How to Let Go of Perfectionism — A Gullah Geechee publication by Darryl E. Brown</p>,Gullah Geechee Biz,Book,"Gullah Geechee, Book, Books",TRUE,Format,eBook,ggb-manifest-d25a655,3.99,1,deny,manual,,active
how-to-build-mental-toughness,How to Build Mental Toughness,<p>How to Build Mental Toughness — A Gullah Geechee publication by Darryl E. Brown</p>,Gullah Geechee Biz,Book,"Gullah Geechee, Book, Books",TRUE,Format,eBook,ggb-manifest-aa83d69,3.99,1,deny,manual,,active
how-to-make-southern-cornbread-from-scratch,How to Make Southern Cornbread from Scratch,<p>How to Make Southern Cornbread from Scratch — A Gullah Geechee publication by Darryl E. Brown</p>,Gullah Geechee Biz,Book,"Gullah Geechee, Book, Books",TRUE,Format,eBook,ggb-manifest-609dd8b,3.99,1,deny,manual,,active
how-to-make-boiled-peanuts,How to Make Boiled Peanuts,<p>How to Make Boiled Peanuts — A Gullah Geechee publication by Darryl E. Brown</p>,Gullah Geechee Biz,Book,"Gullah Geechee, Book, Books",TRUE,Format,eBook,ggb-manifest-430f237,3.99,1,deny,manual,,active
gullah-geechee-appetizers,Gullah Geechee Appetizers,<p>Gullah Geechee Appetizers — A Gullah Geechee publication by Darryl E. Brown</p>,Gullah Geechee Biz,Book,"Gullah Geechee, Book, Books",TRUE,Format,eBook,ggb-manifest-201c548,3.99,1,deny,manual,,active
kdp-draft-—-how-to-make-gullah-tea-cakes,KDP Draft — How to Make Gullah Tea Cakes,<p>KDP Draft — How to Make Gullah Tea Cakes — A Gullah Geechee publication by Darryl E. Brown</p>,Gullah Geechee Biz,Book,"Gullah Geechee, Book, Books",TRUE,Format,eBook,ggb-manifest-181127f,3.99,1,deny,manual,,active
how-to-create-a-sales-funnel,How to Create a Sales Funnel,<p>How to Create a Sales Funnel — A Gullah Geechee publication by Darryl E. Brown</p>,Gullah Geechee Biz,Book,"Gullah Geechee, Book, Books",TRUE,Format,eBook,ggb-manifest-9e5b150,3.99,1,deny,manual,,active
how-to-make-hoppin-john-for-new-years,How to Make Hoppin' John for New Year's,<p>How to Make Hoppin' John for New Year's — A Gullah Geechee publication by Darryl E. Brown</p>,Gullah Geechee Biz,Book,"Gullah Geechee, Book, Books",TRUE,Format,eBook,ggb-manifest-2f18525,3.99,1,deny,manual,,active
how-to-create-a-business-plan,How to Create a Business Plan,<p>How to Create a Business Plan — A Gullah Geechee publication by Darryl E. Brown</p>,Gullah Geechee Biz,Book,"Gullah Geechee, Book, Books",TRUE,Format,eBook,ggb-manifest-b589a71,3.99,1,deny,manual,,active
gullah-geechee-networking,Gullah Geechee Networking,<p>Gullah Geechee Networking — A Gullah Geechee publication by Darryl E. Brown</p>,Gullah Geechee Biz,Book,"Gullah Geechee, Book, Books",TRUE,Format,eBook,ggb-manifest-8bdbb75,3.99,1,deny,manual,,active
how-to-cook-with-seasonal-lowcountry-ingredients,How to Cook with Seasonal Lowcountry Ingredients,<p>How to Cook with Seasonal Lowcountry Ingredients — A Gullah Geechee publication by Darryl E. Brown</p>,Gullah Geechee Biz,Book,"Gullah Geechee, Book, Books",TRUE,Format,eBook,ggb-manifest-a249a89,3.99,1,deny,manual,,active
how-to-cook-perfect-gullah-red-rice,How to Cook Perfect Gullah Red Rice,<p>How to Cook Perfect Gullah Red Rice — A Gullah Geechee publication by Darryl E. Brown</p>,Gullah Geechee Biz,Book,"Gullah Geechee, Book, Books",TRUE,Format,eBook,ggb-manifest-520905c,3.99,1,deny,manual,,active
the-gullah-geechee-guide-to-dignity,The Gullah Geechee Guide to Dignity,<p>The Gullah Geechee Guide to Dignity — A Gullah Geechee publication by Darryl E. Brown</p>,Gullah Geechee Biz,Book,"Gullah Geechee, Book, Books",TRUE,Format,eBook,ggb-manifest-6249802,3.99,1,deny,manual,,active
how-to-practice-mindful-living,How to Practice Mindful Living,<p>How to Practice Mindful Living — A Gullah Geechee publication by Darryl E. Brown</p>,Gullah Geechee Biz,Book,"Gullah Geechee, Book, Books",TRUE,Format,eBook,ggb-manifest-1eaed27,3.99,1,deny,manual,,active
kdp-draft-—-how-to-forgive-yourself-and-move-on,KDP Draft — How to Forgive Yourself and Move On,<p>KDP Draft — How to Forgive Yourself and Move On — A Gullah Geechee publication by Darryl E. Brown</p>,Gullah Geechee Biz,Book,"Gullah Geechee, Book, Books",TRUE,Format,eBook,ggb-manifest-255d56c,3.99,1,deny,manual,,active
kdp-draft-—-how-to-cultivate-patience,KDP Draft — How to Cultivate Patience,<p>KDP Draft — How to Cultivate Patience — A Gullah Geechee publication by Darryl E. Brown</p>,Gullah Geechee Biz,Book,"Gullah Geechee, Book, Books",TRUE,Format,eBook,ggb-manifest-99290db,3.99,1,deny,manual,,active
how-to-master-social-media-marketing,How to Master Social Media Marketing,<p>How to Master Social Media Marketing — A Gullah Geechee publication by Darryl E. Brown</p>,Gullah Geechee Biz,Book,"Gullah Geechee, Book, Books",TRUE,Format,eBook,ggb-manifest-38e3c95,3.99,1,deny,manual,,active
kdp-draft-—-how-to-create-a-vision-board-that-works,KDP Draft — How to Create a Vision Board That Works,<p>KDP Draft — How to Create a Vision Board That Works — A Gullah Geechee publication by Darryl E. Brown</p>,Gullah Geechee Biz,Book,"Gullah Geechee, Book, Books",TRUE,Format,eBook,ggb-manifest-5519eba,3.99,1,deny,manual,,active
how-to-build-zeal,How to Build Zeal,<p>How to Build Zeal — A Gullah Geechee publication by Darryl E. Brown</p>,Gullah Geechee Biz,Book,"Gullah Geechee, Book, Books",TRUE,Format,eBook,ggb-manifest-d1119a1,3.99,1,deny,manual,,active
how-to-practice-radical-self-care,How to Practice Radical Self-Care,<p>How to Practice Radical Self-Care — A Gullah Geechee publication by Darryl E. Brown</p>,Gullah Geechee Biz,Book,"Gullah Geechee, Book, Books",TRUE,Format,eBook,ggb-manifest-d6dea6c,3.99,1,deny,manual,,active
how-to-break-bad-habits-forever,How to Break Bad Habits Forever,<p>How to Break Bad Habits Forever — A Gullah Geechee publication by Darryl E. Brown</p>,Gullah Geechee Biz,Book,"Gullah Geechee, Book, Books",TRUE,Format,eBook,ggb-manifest-d38f6d6,3.99,1,deny,manual,,active
kdp-draft-—-how-to-make-mac-and-cheese-the-southern-way,KDP Draft — How to Make Mac and Cheese the Southern Way,<p>KDP Draft — How to Make Mac and Cheese the Southern Way — A Gullah Geechee publication by Darryl E. Brown</p>,Gullah Geechee Biz,Book,"Gullah Geechee, Book, Books",TRUE,Format,eBook,ggb-manifest-dfe6e93,3.99,1,deny,manual,,active
how-to-make-southern-cornbread-from-scratch,How to Make Southern Cornbread from Scratch,<p>How to Make Southern Cornbread from Scratch — A Gullah Geechee publication by Darryl E. Brown</p>,Gullah Geechee Biz,Book,"Gullah Geechee, Book, Books",TRUE,Format,eBook,ggb-manifest-0542581,3.99,1,deny,manual,,active
kdp-draft-—-how-to-create-a-business-plan,KDP Draft — How to Create a Business Plan,<p>KDP Draft — How to Create a Business Plan — A Gullah Geechee publication by Darryl E. Brown</p>,Gullah Geechee Biz,Book,"Gullah Geechee, Book, Books",TRUE,Format,eBook,ggb-manifest-12fca62,3.99,1,deny,manual,,active
kdp-draft-—-how-to-create-a-business-exit-strategy,KDP Draft — How to Create a Business Exit Strategy,<p>KDP Draft — How to Create a Business Exit Strategy — A Gullah Geechee publication by Darryl E. Brown</p>,Gullah Geechee Biz,Book,"Gullah Geechee, Book, Books",TRUE,Format,eBook,ggb-manifest-c0a1649,3.99,1,deny,manual,,active
how-to-master-cast-iron-cooking,How to Master Cast Iron Cooking,<p>How to Master Cast Iron Cooking — A Gullah Geechee publication by Darryl E. Brown</p>,Gullah Geechee Biz,Book,"Gullah Geechee, Book, Books",TRUE,Format,eBook,ggb-manifest-31d97fe,3.99,1,deny,manual,,active
kdp-draft-—-how-to-develop-emotional-intelligence,KDP Draft — How to Develop Emotional Intelligence,<p>KDP Draft — How to Develop Emotional Intelligence — A Gullah Geechee publication by Darryl E. Brown</p>,Gullah Geechee Biz,Book,"Gullah Geechee, Book, Books",TRUE,Format,eBook,ggb-manifest-996fc44,3.99,1,deny,manual,,active
how-to-make-gullah-potato-salad,How to Make Gullah Potato Salad,<p>How to Make Gullah Potato Salad — A Gullah Geechee publication by Darryl E. Brown</p>,Gullah Geechee Biz,Book,"Gullah Geechee, Book, Books",TRUE,Format,eBook,ggb-manifest-a22648b,3.99,1,deny,manual,,active
gullah-geechee-microenterprise,Gullah Geechee Microenterprise,<p>Gullah Geechee Microenterprise — A Gullah Geechee publication by Darryl E. Brown</p>,Gullah Geechee Biz,Book,"Gullah Geechee, Book, Books",TRUE,Format,eBook,ggb-manifest-e0c57ee,3.99,1,deny,manual,,active
kdp-draft-—-how-to-bake-buttermilk-cornbread,KDP Draft — How to Bake Buttermilk Cornbread,<p>KDP Draft — How to Bake Buttermilk Cornbread — A Gullah Geechee publication by Darryl E. Brown</p>,Gullah Geechee Biz,Book,"Gullah Geechee, Book, Books",TRUE,Format,eBook,ggb-manifest-73abd63,3.99,1,deny,manual,,active
how-to-price-your-products-or-services,How to Price Your Products or Services,<p>How to Price Your Products or Services — A Gullah Geechee publication by Darryl E. Brown</p>,Gullah Geechee Biz,Book,"Gullah Geechee, Book, Books",TRUE,Format,eBook,ggb-manifest-b0bcf7b,3.99,1,deny,manual,,active
gullah-geechee-business-planning,Gullah Geechee Business Planning,<p>Gullah Geechee Business Planning — A Gullah Geechee publication by Darryl E. Brown</p>,Gullah Geechee Biz,Book,"Gullah Geechee, Book, Books",TRUE,Format,eBook,ggb-manifest-2fbf288,3.99,1,deny,manual,,active
the-gullah-geechee-guide-to-determination,The Gullah Geechee Guide to Determination,<p>The Gullah Geechee Guide to Determination — A Gullah Geechee publication by Darryl E. Brown</p>,Gullah Geechee Biz,Book,"Gullah Geechee, Book, Books",TRUE,Format,eBook,ggb-manifest-0edd1ed,3.99,1,deny,manual,,active
kdp-draft-—-how-to-cultivate-patience,KDP Draft — How to Cultivate Patience,<p>KDP Draft — How to Cultivate Patience — A Gullah Geechee publication by Darryl E. Brown</p>,Gullah Geechee Biz,Book,"Gullah Geechee, Book, Books",TRUE,Format,eBook,ggb-manifest-df8624e,3.99,1,deny,manual,,active
kdp-draft-—-how-to-build-a-freelance-career,KDP Draft — How to Build a Freelance Career,<p>KDP Draft — How to Build a Freelance Career — A Gullah Geechee publication by Darryl E. Brown</p>,Gullah Geechee Biz,Book,"Gullah Geechee, Book, Books",TRUE,Format,eBook,ggb-manifest-34f08a2,3.99,1,deny,manual,,active
kdp-draft-—-gullah-geechee-microenterprise,KDP Draft — Gullah Geechee Microenterprise,<p>KDP Draft — Gullah Geechee Microenterprise — A Gullah Geechee publication by Darryl E. Brown</p>,Gullah Geechee Biz,Book,"Gullah Geechee, Book, Books",TRUE,Format,eBook,ggb-manifest-cf2d69e,3.99,1,deny,manual,,active
gullah-geechee-community-commerce,Gullah Geechee Community Commerce,<p>Gullah Geechee Community Commerce — A Gullah Geechee publication by Darryl E. Brown</p>,Gullah Geechee Biz,Book,"Gullah Geechee, Book, Books",TRUE,Format,eBook,ggb-manifest-b06f0cf,3.99,1,deny,manual,,active
kdp-draft-—-how-to-embrace-your-authentic-self,KDP Draft — How to Embrace Your Authentic Self,<p>KDP Draft — How to Embrace Your Authentic Self — A Gullah Geechee publication by Darryl E. Brown</p>,Gullah Geechee Biz,Book,"Gullah Geechee, Book, Books",TRUE,Format,eBook,ggb-manifest-e1700ca,3.99,1,deny,manual,,active
how-to-cook-lowcountry-boil,How to Cook Lowcountry Boil,<p>How to Cook Lowcountry Boil — A Gullah Geechee publication by Darryl E. Brown</p>,Gullah Geechee Biz,Book,"Gullah Geechee, Book, Books",TRUE,Format,eBook,ggb-manifest-942dace,3.99,1,deny,manual,,active
how-to-make-gullah-breakfast,How to Make Gullah Breakfast,<p>How to Make Gullah Breakfast — A Gullah Geechee publication by Darryl E. Brown</p>,Gullah Geechee Biz,Book,"Gullah Geechee, Book, Books",TRUE,Format,eBook,ggb-manifest-bab07d7,3.99,1,deny,manual,,active
how-to-cook-collard-greens-the-right-way,How to Cook Collard Greens the Right Way,<p>How to Cook Collard Greens the Right Way — A Gullah Geechee publication by Darryl E. Brown</p>,Gullah Geechee Biz,Book,"Gullah Geechee, Book, Books",TRUE,Format,eBook,ggb-manifest-b9d0cd2,3.99,1,deny,manual,,active
how-to-write-copy-that-sells,How to Write Copy That Sells,<p>How to Write Copy That Sells — A Gullah Geechee publication by Darryl E. Brown</p>,Gullah Geechee Biz,Book,"Gullah Geechee, Book, Books",TRUE,Format,eBook,ggb-manifest-2f8e807,3.99,1,deny,manual,,active
how-to-master-your-morning-routine,How to Master Your Morning Routine,<p>How to Master Your Morning Routine — A Gullah Geechee publication by Darryl E. Brown</p>,Gullah Geechee Biz,Book,"Gullah Geechee, Book, Books",TRUE,Format,eBook,ggb-manifest-ad975aa,3.99,1,deny,manual,,active
how-to-break-bad-habits-forever,How to Break Bad Habits Forever,<p>How to Break Bad Habits Forever — A Gullah Geechee publication by Darryl E. Brown</p>,Gullah Geechee Biz,Book,"Gullah Geechee, Book, Books",TRUE,Format,eBook,ggb-manifest-2017d0c,3.99,1,deny,manual,,active
kdp-draft-—-how-to-develop-daily-discipline,KDP Draft — How to Develop Daily Discipline,<p>KDP Draft — How to Develop Daily Discipline — A Gullah Geechee publication by Darryl E. Brown</p>,Gullah Geechee Biz,Book,"Gullah Geechee, Book, Books",TRUE,Format,eBook,ggb-manifest-5204ece,3.99,1,deny,manual,,active
how-to-cultivate-daily-gratitude,How to Cultivate Daily Gratitude,<p>How to Cultivate Daily Gratitude — A Gullah Geechee publication by Darryl E. Brown</p>,Gullah Geechee Biz,Book,"Gullah Geechee, Book, Books",TRUE,Format,eBook,ggb-manifest-bae6170,3.99,1,deny,manual,,active
sweetgrass-basket,Sweetgrass Basket,<p>Sweetgrass Basket — A Gullah Geechee publication by Darryl E. Brown</p>,Gullah Geechee Biz,Book,"Gullah Geechee, Book, Books",TRUE,Format,eBook,ggb-manifest-2afec44,3.99,1,deny,manual,,active
how-to-find-your-purpose,How to Find Your Purpose,<p>How to Find Your Purpose — A Gullah Geechee publication by Darryl E. Brown</p>,Gullah Geechee Biz,Book,"Gullah Geechee, Book, Books",TRUE,Format,eBook,ggb-manifest-7169b53,3.99,1,deny,manual,,active
how-to-make-gullah-tea-cakes,How to Make Gullah Tea Cakes,<p>How to Make Gullah Tea Cakes — A Gullah Geechee publication by Darryl E. Brown</p>,Gullah Geechee Biz,Book,"Gullah Geechee, Book, Books",TRUE,Format,eBook,ggb-manifest-a958d34,3.99,1,deny,manual,,active
how-to-build-a-subscription-business,How to Build a Subscription Business,<p>How to Build a Subscription Business — A Gullah Geechee publication by Darryl E. Brown</p>,Gullah Geechee Biz,Book,"Gullah Geechee, Book, Books",TRUE,Format,eBook,ggb-manifest-be95493,3.99,1,deny,manual,,active
how-to-create-a-marketing-funnel,How to Create a Marketing Funnel,<p>How to Create a Marketing Funnel — A Gullah Geechee publication by Darryl E. Brown</p>,Gullah Geechee Biz,Book,"Gullah Geechee, Book, Books",TRUE,Format,eBook,ggb-manifest-e77ce26,3.99,1,deny,manual,,active
how-to-create-a-brand-style-guide,How to Create a Brand Style Guide,<p>How to Create a Brand Style Guide — A Gullah Geechee publication by Darryl E. Brown</p>,Gullah Geechee Biz,Book,"Gullah Geechee, Book, Books",TRUE,Format,eBook,ggb-manifest-70c5317,3.99,1,deny,manual,,active
how-to-start-a-side-hustle,How to Start a Side Hustle,<p>How to Start a Side Hustle — A Gullah Geechee publication by Darryl E. Brown</p>,Gullah Geechee Biz,Book,"Gullah Geechee, Book, Books",TRUE,Format,eBook,ggb-manifest-2591aad,3.99,1,deny,manual,,active
how-to-build-abundance,How to Build Abundance,<p>How to Build Abundance — A Gullah Geechee publication by Darryl E. Brown</p>,Gullah Geechee Biz,Book,"Gullah Geechee, Book, Books",TRUE,Format,eBook,ggb-manifest-bfe3f63,3.99,1,deny,manual,,active
how-to-let-go-of-perfectionism,How to Let Go of Perfectionism,<p>How to Let Go of Perfectionism — A Gullah Geechee publication by Darryl E. Brown</p>,Gullah Geechee Biz,Book,"Gullah Geechee, Book, Books",TRUE,Format,eBook,ggb-manifest-77dae6b,3.99,1,deny,manual,,active
gullah-geechee-appetizers,Gullah Geechee Appetizers,<p>Gullah Geechee Appetizers — A Gullah Geechee publication by Darryl E. Brown</p>,Gullah Geechee Biz,Book,"Gullah Geechee, Book, Books",TRUE,Format,eBook,ggb-manifest-dd83064,3.99,1,deny,manual,,active
kdp-draft-—-how-to-create-a-brand-style-guide,KDP Draft — How to Create a Brand Style Guide,<p>KDP Draft — How to Create a Brand Style Guide — A Gullah Geechee publication by Darryl E. Brown</p>,Gullah Geechee Biz,Book,"Gullah Geechee, Book, Books",TRUE,Format,eBook,ggb-manifest-d15e260,3.99,1,deny,manual,,active
kdp-draft-—-how-to-create-a-vision-board-that-works,KDP Draft — How to Create a Vision Board That Works,<p>KDP Draft — How to Create a Vision Board That Works — A Gullah Geechee publication by Darryl E. Brown</p>,Gullah Geechee Biz,Book,"Gullah Geechee, Book, Books",TRUE,Format,eBook,ggb-manifest-165c3eb,3.99,1,deny,manual,,active
how-to-launch-an-online-course,How to Launch an Online Course,<p>How to Launch an Online Course — A Gullah Geechee publication by Darryl E. Brown</p>,Gullah Geechee Biz,Book,"Gullah Geechee, Book, Books",TRUE,Format,eBook,ggb-manifest-5e4b3cc,3.99,1,deny,manual,,active
kdp-draft-—-how-to-write-copy-that-sells,KDP Draft — How to Write Copy That Sells,<p>KDP Draft — How to Write Copy That Sells — A Gullah Geechee publication by Darryl E. Brown</p>,Gullah Geechee Biz,Book,"Gullah Geechee, Book, Books",TRUE,Format,eBook,ggb-manifest-e2d49eb,3.99,1,deny,manual,,active
how-to-build-a-personal-brand,How to Build a Personal Brand,<p>How to Build a Personal Brand — A Gullah Geechee publication by Darryl E. Brown</p>,Gullah Geechee Biz,Book,"Gullah Geechee, Book, Books",TRUE,Format,eBook,ggb-manifest-21671d7,3.99,1,deny,manual,,active
how-to-stop-people-pleasing,How to Stop People-Pleasing,<p>How to Stop People-Pleasing — A Gullah Geechee publication by Darryl E. Brown</p>,Gullah Geechee Biz,Book,"Gullah Geechee, Book, Books",TRUE,Format,eBook,ggb-manifest-60a37ea,3.99,1,deny,manual,,active
how-to-manage-your-time-effectively,How to Manage Your Time Effectively,<p>How to Manage Your Time Effectively — A Gullah Geechee publication by Darryl E. Brown</p>,Gullah Geechee Biz,Book,"Gullah Geechee, Book, Books",TRUE,Format,eBook,ggb-manifest-1372aa1,3.99,1,deny,manual,,active
how-to-cook-gullah-pork-chops,How to Cook Gullah Pork Chops,<p>How to Cook Gullah Pork Chops — A Gullah Geechee publication by Darryl E. Brown</p>,Gullah Geechee Biz,Book,"Gullah Geechee, Book, Books",TRUE,Format,eBook,ggb-manifest-dc2e7e5,3.99,1,deny,manual,,active
gullah-geechee-digital-marketing,Gullah Geechee Digital Marketing,<p>Gullah Geechee Digital Marketing — A Gullah Geechee publication by Darryl E. Brown</p>,Gullah Geechee Biz,Book,"Gullah Geechee, Book, Books",TRUE,Format,eBook,ggb-manifest-6046cca,3.99,1,deny,manual,,active
how-to-create-a-content-strategy,How to Create a Content Strategy,<p>How to Create a Content Strategy — A Gullah Geechee publication by Darryl E. Brown</p>,Gullah Geechee Biz,Book,"Gullah Geechee, Book, Books",TRUE,Format,eBook,ggb-manifest-3243f80,3.99,1,deny,manual,,active
how-to-navigate-life-transitions,How to Navigate Life Transitions,<p>How to Navigate Life Transitions — A Gullah Geechee publication by Darryl E. Brown</p>,Gullah Geechee Biz,Book,"Gullah Geechee, Book, Books",TRUE,Format,eBook,ggb-manifest-bee3ede,3.99,1,deny,manual,,active
how-to-build-abundance,How to Build Abundance,<p>How to Build Abundance — A Gullah Geechee publication by Darryl E. Brown</p>,Gullah Geechee Biz,Book,"Gullah Geechee, Book, Books",TRUE,Format,eBook,ggb-manifest-b88cba9,3.99,1,deny,manual,,active
kdp-draft-—-how-to-make-gullah-breakfast,KDP Draft — How to Make Gullah Breakfast,<p>KDP Draft — How to Make Gullah Breakfast — A Gullah Geechee publication by Darryl E. Brown</p>,Gullah Geechee Biz,Book,"Gullah Geechee, Book, Books",TRUE,Format,eBook,ggb-manifest-bfca53b,3.99,1,deny,manual,,active
how-to-prepare-gullah-side-dishes,How to Prepare Gullah Side Dishes,<p>How to Prepare Gullah Side Dishes — A Gullah Geechee publication by Darryl E. Brown</p>,Gullah Geechee Biz,Book,"Gullah Geechee, Book, Books",TRUE,Format,eBook,ggb-manifest-f0dbac9,3.99,1,deny,manual,,active
how-to-prepare-gullah-chicken-soup,How to Prepare Gullah Chicken Soup,<p>How to Prepare Gullah Chicken Soup — A Gullah Geechee publication by Darryl E. Brown</p>,Gullah Geechee Biz,Book,"Gullah Geechee, Book, Books",TRUE,Format,eBook,ggb-manifest-a246cf5,3.99,1,deny,manual,,active
how-to-build-zeal,How to Build Zeal,<p>How to Build Zeal — A Gullah Geechee publication by Darryl E. Brown</p>,Gullah Geechee Biz,Book,"Gullah Geechee, Book, Books",TRUE,Format,eBook,ggb-manifest-9aebc15,3.99,1,deny,manual,,active
kdp-draft-—-how-to-build-a-community-around-your-brand,KDP Draft — How to Build a Community Around Your Brand,<p>KDP Draft — How to Build a Community Around Your Brand — A Gullah Geechee publication by Darryl E. Brown</p>,Gullah Geechee Biz,Book,"Gullah Geechee, Book, Books",TRUE,Format,eBook,ggb-manifest-9e6a2f7,3.99,1,deny,manual,,active
kdp-draft-—-how-to-stay-motivated-every-day,KDP Draft — How to Stay Motivated Every Day,<p>KDP Draft — How to Stay Motivated Every Day — A Gullah Geechee publication by Darryl E. Brown</p>,Gullah Geechee Biz,Book,"Gullah Geechee, Book, Books",TRUE,Format,eBook,ggb-manifest-c14428d,3.99,1,deny,manual,,active
how-to-overcome-imposter-syndrome,How to Overcome Imposter Syndrome,<p>How to Overcome Imposter Syndrome — A Gullah Geechee publication by Darryl E. Brown</p>,Gullah Geechee Biz,Book,"Gullah Geechee, Book, Books",TRUE,Format,eBook,ggb-manifest-786271c,3.99,1,deny,manual,,active
how-to-create-a-sales-funnel,How to Create a Sales Funnel,<p>How to Create a Sales Funnel — A Gullah Geechee publication by Darryl E. Brown</p>,Gullah Geechee Biz,Book,"Gullah Geechee, Book, Books",TRUE,Format,eBook,ggb-manifest-8c8f034,3.99,1,deny,manual,,active
kdp-draft-—-how-to-build-an-email-list-from-scratch,KDP Draft — How to Build an Email List from Scratch,<p>KDP Draft — How to Build an Email List from Scratch — A Gullah Geechee publication by Darryl E. Brown</p>,Gullah Geechee Biz,Book,"Gullah Geechee, Book, Books",TRUE,Format,eBook,ggb-manifest-e9fb422,3.99,1,deny,manual,,active
kdp-draft-—-how-to-develop-emotional-intelligence,KDP Draft — How to Develop Emotional Intelligence,<p>KDP Draft — How to Develop Emotional Intelligence — A Gullah Geechee publication by Darryl E. Brown</p>,Gullah Geechee Biz,Book,"Gullah Geechee, Book, Books",TRUE,Format,eBook,ggb-manifest-dc77bea,3.99,1,deny,manual,,active
kdp-draft-—-how-to-create-a-sales-funnel,KDP Draft — How to Create a Sales Funnel,<p>KDP Draft — How to Create a Sales Funnel — A Gullah Geechee publication by Darryl E. Brown</p>,Gullah Geechee Biz,Book,"Gullah Geechee, Book, Books",TRUE,Format,eBook,ggb-manifest-d0c010c,3.99,1,deny,manual,,active
gullah-geechee-condiments,Gullah Geechee Condiments,<p>Gullah Geechee Condiments — A Gullah Geechee publication by Darryl E. Brown</p>,Gullah Geechee Biz,Book,"Gullah Geechee, Book, Books",TRUE,Format,eBook,ggb-manifest-46961e9,3.99,1,deny,manual,,active
sweetgrass-basket,Sweetgrass Basket,<p>Sweetgrass Basket — A Gullah Geechee publication by Darryl E. Brown</p>,Gullah Geechee Biz,Book,"Gullah Geechee, Book, Books",TRUE,Format,eBook,ggb-manifest-1435915,3.99,1,deny,manual,,active
how-to-practice-self-compassion,How to Practice Self-Compassion,<p>How to Practice Self-Compassion — A Gullah Geechee publication by Darryl E. Brown</p>,Gullah Geechee Biz,Book,"Gullah Geechee, Book, Books",TRUE,Format,eBook,ggb-manifest-b63b3cd,3.99,1,deny,manual,,active
kdp-draft-—-how-to-make-hoppin-john-for-new-years,KDP Draft — How to Make Hoppin' John for New Year's,<p>KDP Draft — How to Make Hoppin' John for New Year's — A Gullah Geechee publication by Darryl E. Brown</p>,Gullah Geechee Biz,Book,"Gullah Geechee, Book, Books",TRUE,Format,eBook,ggb-manifest-cc30d6e,3.99,1,deny,manual,,active
kdp-draft-—-how-to-create-a-marketing-funnel,KDP Draft — How to Create a Marketing Funnel,<p>KDP Draft — How to Create a Marketing Funnel — A Gullah Geechee publication by Darryl E. Brown</p>,Gullah Geechee Biz,Book,"Gullah Geechee, Book, Books",TRUE,Format,eBook,ggb-manifest-5fdb2a2,3.99,1,deny,manual,,active
kdp-draft-—-the-gullah-geechee-guide-to-yearning,KDP Draft — The Gullah Geechee Guide to Yearning,<p>KDP Draft — The Gullah Geechee Guide to Yearning — A Gullah Geechee publication by Darryl E. Brown</p>,Gullah Geechee Biz,Book,"Gullah Geechee, Book, Books",TRUE,Format,eBook,ggb-manifest-1aef4fa,3.99,1,deny,manual,,active
how-to-make-authentic-shrimp-and-grits,How to Make Authentic Shrimp and Grits,<p>How to Make Authentic Shrimp and Grits — A Gullah Geechee publication by Darryl E. Brown</p>,Gullah Geechee Biz,Book,"Gullah Geechee, Book, Books",TRUE,Format,eBook,ggb-manifest-c60b631,3.99,1,deny,manual,,active
the-gullah-geechee-guide-to-unity,The Gullah Geechee Guide to Unity,<p>The Gullah Geechee Guide to Unity — A Gullah Geechee publication by Darryl E. Brown</p>,Gullah Geechee Biz,Book,"Gullah Geechee, Book, Books",TRUE,Format,eBook,ggb-manifest-b4730e3,3.99,1,deny,manual,,active
lowcountry-tourism,Lowcountry Tourism,<p>Lowcountry Tourism — A Gullah Geechee publication by Darryl E. Brown</p>,Gullah Geechee Biz,Book,"Gullah Geechee, Book, Books",TRUE,Format,eBook,ggb-manifest-c89a10b,3.99,1,deny,manual,,active
kdp-draft-—-how-to-build-a-personal-brand,KDP Draft — How to Build a Personal Brand,<p>KDP Draft — How to Build a Personal Brand — A Gullah Geechee publication by Darryl E. Brown</p>,Gullah Geechee Biz,Book,"Gullah Geechee, Book, Books",TRUE,Format,eBook,ggb-manifest-b675b9a,3.99,1,deny,manual,,active
kdp-draft-—-gullah-geechee-microenterprise,KDP Draft — Gullah Geechee Microenterprise,<p>KDP Draft — Gullah Geechee Microenterprise — A Gullah Geechee publication by Darryl E. Brown</p>,Gullah Geechee Biz,Book,"Gullah Geechee, Book, Books",TRUE,Format,eBook,ggb-manifest-63ec873,3.99,1,deny,manual,,active
kdp-draft-—-how-to-cook-gullah-cabbage,KDP Draft — How to Cook Gullah Cabbage,<p>KDP Draft — How to Cook Gullah Cabbage — A Gullah Geechee publication by Darryl E. Brown</p>,Gullah Geechee Biz,Book,"Gullah Geechee, Book, Books",TRUE,Format,eBook,ggb-manifest-30016c6,3.99,1,deny,manual,,active
how-to-make-gullah-potato-salad,How to Make Gullah Potato Salad,<p>How to Make Gullah Potato Salad — A Gullah Geechee publication by Darryl E. Brown</p>,Gullah Geechee Biz,Book,"Gullah Geechee, Book, Books",TRUE,Format,eBook,ggb-manifest-9a1c0eb,3.99,1,deny,manual,,active
how-to-master-your-morning-routine,How to Master Your Morning Routine,<p>How to Master Your Morning Routine — A Gullah Geechee publication by Darryl E. Brown</p>,Gullah Geechee Biz,Book,"Gullah Geechee, Book, Books",TRUE,Format,eBook,ggb-manifest-dad70a0,3.99,1,deny,manual,,active
how-to-master-cast-iron-cooking,How to Master Cast Iron Cooking,<p>How to Master Cast Iron Cooking — A Gullah Geechee publication by Darryl E. Brown</p>,Gullah Geechee Biz,Book,"Gullah Geechee, Book, Books",TRUE,Format,eBook,ggb-manifest-8326a39,3.99,1,deny,manual,,active
how-to-create-a-customer-journey-map,How to Create a Customer Journey Map,<p>How to Create a Customer Journey Map — A Gullah Geechee publication by Darryl E. Brown</p>,Gullah Geechee Biz,Book,"Gullah Geechee, Book, Books",TRUE,Format,eBook,ggb-manifest-4c3055f,3.99,1,deny,manual,,active
how-to-stay-motivated-every-day,How to Stay Motivated Every Day,<p>How to Stay Motivated Every Day — A Gullah Geechee publication by Darryl E. Brown</p>,Gullah Geechee Biz,Book,"Gullah Geechee, Book, Books",TRUE,Format,eBook,ggb-manifest-cee6f41,3.99,1,deny,manual,,active
kdp-draft-—-how-to-cook-with-seasonal-lowcountry-ingredients,KDP Draft — How to Cook with Seasonal Lowcountry Ingredients,<p>KDP Draft — How to Cook with Seasonal Lowcountry Ingredients — A Gullah Geechee publication by Darryl E. Brown</p>,Gullah Geechee Biz,Book,"Gullah Geechee, Book, Books",TRUE,Format,eBook,ggb-manifest-989e285,3.99,1,deny,manual,,active
how-to-manage-business-finances,How to Manage Business Finances,<p>How to Manage Business Finances — A Gullah Geechee publication by Darryl E. Brown</p>,Gullah Geechee Biz,Book,"Gullah Geechee, Book, Books",TRUE,Format,eBook,ggb-manifest-d97c1cb,3.99,1,deny,manual,,active
how-to-handle-criticism-gracefully,How to Handle Criticism Gracefully,<p>How to Handle Criticism Gracefully — A Gullah Geechee publication by Darryl E. Brown</p>,Gullah Geechee Biz,Book,"Gullah Geechee, Book, Books",TRUE,Format,eBook,ggb-manifest-c71034d,3.99,1,deny,manual,,active
how-to-build-unshakeable-confidence,How to Build Unshakeable Confidence,<p>How to Build Unshakeable Confidence — A Gullah Geechee publication by Darryl E. Brown</p>,Gullah Geechee Biz,Book,"Gullah Geechee, Book, Books",TRUE,Format,eBook,ggb-manifest-b302ba3,3.99,1,deny,manual,,active
gullah-geechee-one-pot-meals,Gullah Geechee One-Pot Meals,<p>Gullah Geechee One-Pot Meals — A Gullah Geechee publication by Darryl E. Brown</p>,Gullah Geechee Biz,Book,"Gullah Geechee, Book, Books",TRUE,Format,eBook,ggb-manifest-aada741,3.99,1,deny,manual,,active
how-to-make-gullah-tea-cakes,How to Make Gullah Tea Cakes,<p>How to Make Gullah Tea Cakes — A Gullah Geechee publication by Darryl E. Brown</p>,Gullah Geechee Biz,Book,"Gullah Geechee, Book, Books",TRUE,Format,eBook,ggb-manifest-59d4fcc,3.99,1,deny,manual,,active
kdp-draft-—-how-to-scale-your-small-business,KDP Draft — How to Scale Your Small Business,<p>KDP Draft — How to Scale Your Small Business — A Gullah Geechee publication by Darryl E. Brown</p>,Gullah Geechee Biz,Book,"Gullah Geechee, Book, Books",TRUE,Format,eBook,ggb-manifest-bc0bcb8,3.99,1,deny,manual,,active
how-to-build-an-email-list-from-scratch,How to Build an Email List from Scratch,<p>How to Build an Email List from Scratch — A Gullah Geechee publication by Darryl E. Brown</p>,Gullah Geechee Biz,Book,"Gullah Geechee, Book, Books",TRUE,Format,eBook,ggb-manifest-2ab82ce,3.99,1,deny,manual,,active
kdp-draft-—-how-to-network-like-a-pro,KDP Draft — How to Network Like a Pro,<p>KDP Draft — How to Network Like a Pro — A Gullah Geechee publication by Darryl E. Brown</p>,Gullah Geechee Biz,Book,"Gullah Geechee, Book, Books",TRUE,Format,eBook,ggb-manifest-33c0d17,3.99,1,deny,manual,,active
how-to-negotiate-better-deals,How to Negotiate Better Deals,<p>How to Negotiate Better Deals — A Gullah Geechee publication by Darryl E. Brown</p>,Gullah Geechee Biz,Book,"Gullah Geechee, Book, Books",TRUE,Format,eBook,ggb-manifest-974072f,3.99,1,deny,manual,,active
how-to-create-a-referral-program,How to Create a Referral Program,<p>How to Create a Referral Program — A Gullah Geechee publication by Darryl E. Brown</p>,Gullah Geechee Biz,Book,"Gullah Geechee, Book, Books",TRUE,Format,eBook,ggb-manifest-d53a5dc,3.99,1,deny,manual,,active
how-to-create-a-content-strategy,How to Create a Content Strategy,<p>How to Create a Content Strategy — A Gullah Geechee publication by Darryl E. Brown</p>,Gullah Geechee Biz,Book,"Gullah Geechee, Book, Books",TRUE,Format,eBook,ggb-manifest-be98f21,3.99,1,deny,manual,,active
how-to-build-unshakeable-confidence,How to Build Unshakeable Confidence,<p>How to Build Unshakeable Confidence — A Gullah Geechee publication by Darryl E. Brown</p>,Gullah Geechee Biz,Book,"Gullah Geechee, Book, Books",TRUE,Format,eBook,ggb-manifest-46c387d,3.99,1,deny,manual,,active
how-to-prepare-gullah-side-dishes,How to Prepare Gullah Side Dishes,<p>How to Prepare Gullah Side Dishes — A Gullah Geechee publication by Darryl E. Brown</p>,Gullah Geechee Biz,Book,"Gullah Geechee, Book, Books",TRUE,Format,eBook,ggb-manifest-088cffa,3.99,1,deny,manual,,active
how-to-build-a-remote-team,How to Build a Remote Team,<p>How to Build a Remote Team — A Gullah Geechee publication by Darryl E. Brown</p>,Gullah Geechee Biz,Book,"Gullah Geechee, Book, Books",TRUE,Format,eBook,ggb-manifest-b8d8ed6,3.99,1,deny,manual,,active
kdp-draft-—-how-to-scale-your-small-business,KDP Draft — How to Scale Your Small Business,<p>KDP Draft — How to Scale Your Small Business — A Gullah Geechee publication by Darryl E. Brown</p>,Gullah Geechee Biz,Book,"Gullah Geechee, Book, Books",TRUE,Format,eBook,ggb-manifest-33c9a86,3.99,1,deny,manual,,active
how-to-manage-anxiety-naturally,How to Manage Anxiety Naturally,<p>How to Manage Anxiety Naturally — A Gullah Geechee publication by Darryl E. Brown</p>,Gullah Geechee Biz,Book,"Gullah Geechee, Book, Books",TRUE,Format,eBook,ggb-manifest-b86329e,3.99,1,deny,manual,,active
how-to-build-a-subscription-business,How to Build a Subscription Business,<p>How to Build a Subscription Business — A Gullah Geechee publication by Darryl E. Brown</p>,Gullah Geechee Biz,Book,"Gullah Geechee, Book, Books",TRUE,Format,eBook,ggb-manifest-ba3c735,3.99,1,deny,manual,,active
kdp-draft-—-how-to-break-bad-habits-forever,KDP Draft — How to Break Bad Habits Forever,<p>KDP Draft — How to Break Bad Habits Forever — A Gullah Geechee publication by Darryl E. Brown</p>,Gullah Geechee Biz,Book,"Gullah Geechee, Book, Books",TRUE,Format,eBook,ggb-manifest-8502778,3.99,1,deny,manual,,active
how-to-build-an-email-list-from-scratch,How to Build an Email List from Scratch,<p>How to Build an Email List from Scratch — A Gullah Geechee publication by Darryl E. Brown</p>,Gullah Geechee Biz,Book,"Gullah Geechee, Book, Books",TRUE,Format,eBook,ggb-manifest-288d257,3.99,1,deny,manual,,active
kdp-draft-—-how-to-build-healthy-relationships,KDP Draft — How to Build Healthy Relationships,<p>KDP Draft — How to Build Healthy Relationships — A Gullah Geechee publication by Darryl E. Brown</p>,Gullah Geechee Biz,Book,"Gullah Geechee, Book, Books",TRUE,Format,eBook,ggb-manifest-722f748,3.99,1,deny,manual,,active
how-to-set-boundaries-that-stick,How to Set Boundaries That Stick,<p>How to Set Boundaries That Stick — A Gullah Geechee publication by Darryl E. Brown</p>,Gullah Geechee Biz,Book,"Gullah Geechee, Book, Books",TRUE,Format,eBook,ggb-manifest-9b8d8de,3.99,1,deny,manual,,active
kdp-draft-—-how-to-negotiate-better-deals,KDP Draft — How to Negotiate Better Deals,<p>KDP Draft — How to Negotiate Better Deals — A Gullah Geechee publication by Darryl E. Brown</p>,Gullah Geechee Biz,Book,"Gullah Geechee, Book, Books",TRUE,Format,eBook,ggb-manifest-a91cc50,3.99,1,deny,manual,,active
how-to-build-imagination,How to Build Imagination,<p>How to Build Imagination — A Gullah Geechee publication by Darryl E. Brown</p>,Gullah Geechee Biz,Book,"Gullah Geechee, Book, Books",TRUE,Format,eBook,ggb-manifest-065dbf8,3.99,1,deny,manual,,active
kdp-draft-—-how-to-find-inner-peace,KDP Draft — How to Find Inner Peace,<p>KDP Draft — How to Find Inner Peace — A Gullah Geechee publication by Darryl E. Brown</p>,Gullah Geechee Biz,Book,"Gullah Geechee, Book, Books",TRUE,Format,eBook,ggb-manifest-3050685,3.99,1,deny,manual,,active
how-to-master-email-marketing,How to Master Email Marketing,<p>How to Master Email Marketing — A Gullah Geechee publication by Darryl E. Brown</p>,Gullah Geechee Biz,Book,"Gullah Geechee, Book, Books",TRUE,Format,eBook,ggb-manifest-63356a4,3.99,1,deny,manual,,active
how-to-build-a-remote-team,How to Build a Remote Team,<p>How to Build a Remote Team — A Gullah Geechee publication by Darryl E. Brown</p>,Gullah Geechee Biz,Book,"Gullah Geechee, Book, Books",TRUE,Format,eBook,ggb-manifest-b7c0260,3.99,1,deny,manual,,active
kdp-draft-—-how-to-create-a-business-plan,KDP Draft — How to Create a Business Plan,<p>KDP Draft — How to Create a Business Plan — A Gullah Geechee publication by Darryl E. Brown</p>,Gullah Geechee Biz,Book,"Gullah Geechee, Book, Books",TRUE,Format,eBook,ggb-manifest-7c9cd70,3.99,1,deny,manual,,active
how-to-create-a-customer-journey-map,How to Create a Customer Journey Map,<p>How to Create a Customer Journey Map — A Gullah Geechee publication by Darryl E. Brown</p>,Gullah Geechee Biz,Book,"Gullah Geechee, Book, Books",TRUE,Format,eBook,ggb-manifest-40f9508,3.99,1,deny,manual,,active
how-to-make-gullah-breakfast,How to Make Gullah Breakfast,<p>How to Make Gullah Breakfast — A Gullah Geechee publication by Darryl E. Brown</p>,Gullah Geechee Biz,Book,"Gullah Geechee, Book, Books",TRUE,Format,eBook,ggb-manifest-a944cf7,3.99,1,deny,manual,,active
how-to-make-gullah-soups-and-stews,How to Make Gullah Soups and Stews,<p>How to Make Gullah Soups and Stews — A Gullah Geechee publication by Darryl E. Brown</p>,Gullah Geechee Biz,Book,"Gullah Geechee, Book, Books",TRUE,Format,eBook,ggb-manifest-5595f38,3.99,1,deny,manual,,active
how-to-embrace-your-authentic-self,How to Embrace Your Authentic Self,<p>How to Embrace Your Authentic Self — A Gullah Geechee publication by Darryl E. Brown</p>,Gullah Geechee Biz,Book,"Gullah Geechee, Book, Books",TRUE,Format,eBook,ggb-manifest-8bc2bc4,3.99,1,deny,manual,,active
kdp-draft-—-how-to-master-email-marketing,KDP Draft — How to Master Email Marketing,<p>KDP Draft — How to Master Email Marketing — A Gullah Geechee publication by Darryl E. Brown</p>,Gullah Geechee Biz,Book,"Gullah Geechee, Book, Books",TRUE,Format,eBook,ggb-manifest-b4bd011,3.99,1,deny,manual,,active
kdp-draft-—-how-to-cook-lowcountry-boil,KDP Draft — How to Cook Lowcountry Boil,<p>KDP Draft — How to Cook Lowcountry Boil — A Gullah Geechee publication by Darryl E. Brown</p>,Gullah Geechee Biz,Book,"Gullah Geechee, Book, Books",TRUE,Format,eBook,ggb-manifest-12a1ef0,3.99,1,deny,manual,,active
how-to-bake-gullah-desserts,How to Bake Gullah Desserts,<p>How to Bake Gullah Desserts — A Gullah Geechee publication by Darryl E. Brown</p>,Gullah Geechee Biz,Book,"Gullah Geechee, Book, Books",TRUE,Format,eBook,ggb-manifest-15f9c7d,3.99,1,deny,manual,,active
how-to-build-healthy-relationships,How to Build Healthy Relationships,<p>How to Build Healthy Relationships — A Gullah Geechee publication by Darryl E. Brown</p>,Gullah Geechee Biz,Book,"Gullah Geechee, Book, Books",TRUE,Format,eBook,ggb-manifest-51cee6e,3.99,1,deny,manual,,active
kdp-draft-—-how-to-make-hoppin-john-for-new-years,KDP Draft — How to Make Hoppin' John for New Year's,<p>KDP Draft — How to Make Hoppin' John for New Year's — A Gullah Geechee publication by Darryl E. Brown</p>,Gullah Geechee Biz,Book,"Gullah Geechee, Book, Books",TRUE,Format,eBook,ggb-manifest-bb55a8d,3.99,1,deny,manual,,active
how-to-fry-the-perfect-fish,How to Fry the Perfect Fish,<p>How to Fry the Perfect Fish — A Gullah Geechee publication by Darryl E. Brown</p>,Gullah Geechee Biz,Book,"Gullah Geechee, Book, Books",TRUE,Format,eBook,ggb-manifest-2ee8d08,3.99,1,deny,manual,,active
kdp-draft-—-how-to-prepare-okra-and-tomatoes,KDP Draft — How to Prepare Okra and Tomatoes,<p>KDP Draft — How to Prepare Okra and Tomatoes — A Gullah Geechee publication by Darryl E. Brown</p>,Gullah Geechee Biz,Book,"Gullah Geechee, Book, Books",TRUE,Format,eBook,ggb-manifest-6a7a95a,3.99,1,deny,manual,,active
kdp-draft-—-gullah-geechee-business-planning,KDP Draft — Gullah Geechee Business Planning,<p>KDP Draft — Gullah Geechee Business Planning — A Gullah Geechee publication by Darryl E. Brown</p>,Gullah Geechee Biz,Book,"Gullah Geechee, Book, Books",TRUE,Format,eBook,ggb-manifest-f077203,3.99,1,deny,manual,,active
how-to-set-boundaries-that-stick,How to Set Boundaries That Stick,<p>How to Set Boundaries That Stick — A Gullah Geechee publication by Darryl E. Brown</p>,Gullah Geechee Biz,Book,"Gullah Geechee, Book, Books",TRUE,Format,eBook,ggb-manifest-3d96345,3.99,1,deny,manual,,active
how-to-build-vulnerability,How to Build Vulnerability,<p>How to Build Vulnerability — A Gullah Geechee publication by Darryl E. Brown</p>,Gullah Geechee Biz,Book,"Gullah Geechee, Book, Books",TRUE,Format,eBook,ggb-manifest-652396c,3.99,1,deny,manual,,active
how-to-bake-gullah-desserts,How to Bake Gullah Desserts,<p>How to Bake Gullah Desserts — A Gullah Geechee publication by Darryl E. Brown</p>,Gullah Geechee Biz,Book,"Gullah Geechee, Book, Books",TRUE,Format,eBook,ggb-manifest-fad2188,3.99,1,deny,manual,,active
kdp-draft-—-how-to-stop-people-pleasing,KDP Draft — How to Stop People-Pleasing,<p>KDP Draft — How to Stop People-Pleasing — A Gullah Geechee publication by Darryl E. Brown</p>,Gullah Geechee Biz,Book,"Gullah Geechee, Book, Books",TRUE,Format,eBook,ggb-manifest-4af424d,3.99,1,deny,manual,,active
how-to-make-pickled-shrimp,How to Make Pickled Shrimp,<p>How to Make Pickled Shrimp — A Gullah Geechee publication by Darryl E. Brown</p>,Gullah Geechee Biz,Book,"Gullah Geechee, Book, Books",TRUE,Format,eBook,ggb-manifest-676ca68,3.99,1,deny,manual,,active
kdp-draft-—-how-to-build-a-freelance-career,KDP Draft — How to Build a Freelance Career,<p>KDP Draft — How to Build a Freelance Career — A Gullah Geechee publication by Darryl E. Brown</p>,Gullah Geechee Biz,Book,"Gullah Geechee, Book, Books",TRUE,Format,eBook,ggb-manifest-e1ccdb5,3.99,1,deny,manual,,active
kdp-draft-—-how-to-prepare-gullah-chicken-soup,KDP Draft — How to Prepare Gullah Chicken Soup,<p>KDP Draft — How to Prepare Gullah Chicken Soup — A Gullah Geechee publication by Darryl E. Brown</p>,Gullah Geechee Biz,Book,"Gullah Geechee, Book, Books",TRUE,Format,eBook,ggb-manifest-a0ba1a8,3.99,1,deny,manual,,active
how-to-overcome-imposter-syndrome,How to Overcome Imposter Syndrome,<p>How to Overcome Imposter Syndrome — A Gullah Geechee publication by Darryl E. Brown</p>,Gullah Geechee Biz,Book,"Gullah Geechee, Book, Books",TRUE,Format,eBook,ggb-manifest-9b6a904,3.99,1,deny,manual,,active
the-gullah-geechee-guide-to-discipline,The Gullah Geechee Guide to Discipline,<p>The Gullah Geechee Guide to Discipline — A Gullah Geechee publication by Darryl E. Brown</p>,Gullah Geechee Biz,Book,"Gullah Geechee, Book, Books",TRUE,Format,eBook,ggb-manifest-4c1424d,3.99,1,deny,manual,,active
kdp-draft-—-how-to-cook-gullah-pork-chops,KDP Draft — How to Cook Gullah Pork Chops,<p>KDP Draft — How to Cook Gullah Pork Chops — A Gullah Geechee publication by Darryl E. Brown</p>,Gullah Geechee Biz,Book,"Gullah Geechee, Book, Books",TRUE,Format,eBook,ggb-manifest-3087a89,3.99,1,deny,manual,,active
how-to-create-a-business-exit-strategy,How to Create a Business Exit Strategy,<p>How to Create a Business Exit Strategy — A Gullah Geechee publication by Darryl E. Brown</p>,Gullah Geechee Biz,Book,"Gullah Geechee, Book, Books",TRUE,Format,eBook,ggb-manifest-40ce2bf,3.99,1,deny,manual,,active
gullah-geechee-one-pot-meals,Gullah Geechee One-Pot Meals,<p>Gullah Geechee One-Pot Meals — A Gullah Geechee publication by Darryl E. Brown</p>,Gullah Geechee Biz,Book,"Gullah Geechee, Book, Books",TRUE,Format,eBook,ggb-manifest-cad4c23,3.99,1,deny,manual,,active
how-to-create-a-personal-mission-statement,How to Create a Personal Mission Statement,<p>How to Create a Personal Mission Statement — A Gullah Geechee publication by Darryl E. Brown</p>,Gullah Geechee Biz,Book,"Gullah Geechee, Book, Books",TRUE,Format,eBook,ggb-manifest-c49ecfa,3.99,1,deny,manual,,active
how-to-master-cast-iron-cooking,How to Master Cast Iron Cooking,<p>How to Master Cast Iron Cooking — A Gullah Geechee publication by Darryl E. Brown</p>,Gullah Geechee Biz,Book,"Gullah Geechee, Book, Books",TRUE,Format,eBook,ggb-manifest-c5326dc,3.99,1,deny,manual,,active
how-to-develop-daily-discipline,How to Develop Daily Discipline,<p>How to Develop Daily Discipline — A Gullah Geechee publication by Darryl E. Brown</p>,Gullah Geechee Biz,Book,"Gullah Geechee, Book, Books",TRUE,Format,eBook,ggb-manifest-97f9d9b,3.99,1,deny,manual,,active
kdp-draft-—-how-to-make-gullah-soups-and-stews,KDP Draft — How to Make Gullah Soups and Stews,<p>KDP Draft — How to Make Gullah Soups and Stews — A Gullah Geechee publication by Darryl E. Brown</p>,Gullah Geechee Biz,Book,"Gullah Geechee, Book, Books",TRUE,Format,eBook,ggb-manifest-4edc78c,3.99,1,deny,manual,,active
kdp-draft-—-gullah-geechee-business-planning,KDP Draft — Gullah Geechee Business Planning,<p>KDP Draft — Gullah Geechee Business Planning — A Gullah Geechee publication by Darryl E. Brown</p>,Gullah Geechee Biz,Book,"Gullah Geechee, Book, Books",TRUE,Format,eBook,ggb-manifest-164a767,3.99,1,deny,manual,,active
kdp-draft-—-how-to-create-a-referral-program,KDP Draft — How to Create a Referral Program,<p>KDP Draft — How to Create a Referral Program — A Gullah Geechee publication by Darryl E. Brown</p>,Gullah Geechee Biz,Book,"Gullah Geechee, Book, Books",TRUE,Format,eBook,ggb-manifest-0d4e216,3.99,1,deny,manual,,active
kdp-draft-—-how-to-cultivate-daily-gratitude,KDP Draft — How to Cultivate Daily Gratitude,<p>KDP Draft — How to Cultivate Daily Gratitude — A Gullah Geechee publication by Darryl E. Brown</p>,Gullah Geechee Biz,Book,"Gullah Geechee, Book, Books",TRUE,Format,eBook,ggb-manifest-4dc2263,3.99,1,deny,manual,,active
how-to-launch-an-online-course,How to Launch an Online Course,<p>How to Launch an Online Course — A Gullah Geechee publication by Darryl E. Brown</p>,Gullah Geechee Biz,Book,"Gullah Geechee, Book, Books",TRUE,Format,eBook,ggb-manifest-70d3959,3.99,1,deny,manual,,active
kdp-draft-—-how-to-practice-self-compassion,KDP Draft — How to Practice Self-Compassion,<p>KDP Draft — How to Practice Self-Compassion — A Gullah Geechee publication by Darryl E. Brown</p>,Gullah Geechee Biz,Book,"Gullah Geechee, Book, Books",TRUE,Format,eBook,ggb-manifest-2f5da15,3.99,1,deny,manual,,active
how-to-create-a-vision-board-that-works,How to Create a Vision Board That Works,<p>How to Create a Vision Board That Works — A Gullah Geechee publication by Darryl E. Brown</p>,Gullah Geechee Biz,Book,"Gullah Geechee, Book, Books",TRUE,Format,eBook,ggb-manifest-b23dc39,3.99,1,deny,manual,,active
how-to-develop-emotional-intelligence,How to Develop Emotional Intelligence,<p>How to Develop Emotional Intelligence — A Gullah Geechee publication by Darryl E. Brown</p>,Gullah Geechee Biz,Book,"Gullah Geechee, Book, Books",TRUE,Format,eBook,ggb-manifest-ba6418c,3.99,1,deny,manual,,active
kdp-draft-—-how-to-manage-your-time-effectively,KDP Draft — How to Manage Your Time Effectively,<p>KDP Draft — How to Manage Your Time Effectively — A Gullah Geechee publication by Darryl E. Brown</p>,Gullah Geechee Biz,Book,"Gullah Geechee, Book, Books",TRUE,Format,eBook,ggb-manifest-7c848bd,3.99,1,deny,manual,,active
how-to-create-a-sales-funnel,How to Create a Sales Funnel,<p>How to Create a Sales Funnel — A Gullah Geechee publication by Darryl E. Brown</p>,Gullah Geechee Biz,Book,"Gullah Geechee, Book, Books",TRUE,Format,eBook,ggb-manifest-a8ca083,3.99,1,deny,manual,,active
kdp-draft-—-how-to-make-benne-wafers,KDP Draft — How to Make Benne Wafers,<p>KDP Draft — How to Make Benne Wafers — A Gullah Geechee publication by Darryl E. Brown</p>,Gullah Geechee Biz,Book,"Gullah Geechee, Book, Books",TRUE,Format,eBook,ggb-manifest-696838c,3.99,1,deny,manual,,active
how-to-build-strategic-partnerships,How to Build Strategic Partnerships,<p>How to Build Strategic Partnerships — A Gullah Geechee publication by Darryl E. Brown</p>,Gullah Geechee Biz,Book,"Gullah Geechee, Book, Books",TRUE,Format,eBook,ggb-manifest-493170e,3.99,1,deny,manual,,active
how-to-stay-motivated-every-day,How to Stay Motivated Every Day,<p>How to Stay Motivated Every Day — A Gullah Geechee publication by Darryl E. Brown</p>,Gullah Geechee Biz,Book,"Gullah Geechee, Book, Books",TRUE,Format,eBook,ggb-manifest-80d5f78,3.99,1,deny,manual,,active
how-to-develop-a-growth-mindset,How to Develop a Growth Mindset,<p>How to Develop a Growth Mindset — A Gullah Geechee publication by Darryl E. Brown</p>,Gullah Geechee Biz,Book,"Gullah Geechee, Book, Books",TRUE,Format,eBook,ggb-manifest-8467a96,3.99,1,deny,manual,,active
kdp-draft-—-how-to-make-gullah-sauces-and-seasonings,KDP Draft — How to Make Gullah Sauces and Seasonings,<p>KDP Draft — How to Make Gullah Sauces and Seasonings — A Gullah Geechee publication by Darryl E. Brown</p>,Gullah Geechee Biz,Book,"Gullah Geechee, Book, Books",TRUE,Format,eBook,ggb-manifest-a94ee65,3.99,1,deny,manual,,active
kdp-draft-—-gullah-geechee-one-pot-meals,KDP Draft — Gullah Geechee One-Pot Meals,<p>KDP Draft — Gullah Geechee One-Pot Meals — A Gullah Geechee publication by Darryl E. Brown</p>,Gullah Geechee Biz,Book,"Gullah Geechee, Book, Books",TRUE,Format,eBook,ggb-manifest-4fcfecf,3.99,1,deny,manual,,active
how-to-create-a-product-launch-plan,How to Create a Product Launch Plan,<p>How to Create a Product Launch Plan — A Gullah Geechee publication by Darryl E. Brown</p>,Gullah Geechee Biz,Book,"Gullah Geechee, Book, Books",TRUE,Format,eBook,ggb-manifest-63e13b0,3.99,1,deny,manual,,active
how-to-build-connection,How to Build Connection,<p>How to Build Connection — A Gullah Geechee publication by Darryl E. Brown</p>,Gullah Geechee Biz,Book,"Gullah Geechee, Book, Books",TRUE,Format,eBook,ggb-manifest-478c10b,3.99,1,deny,manual,,active
kdp-draft-—-how-to-bake-buttermilk-cornbread,KDP Draft — How to Bake Buttermilk Cornbread,<p>KDP Draft — How to Bake Buttermilk Cornbread — A Gullah Geechee publication by Darryl E. Brown</p>,Gullah Geechee Biz,Book,"Gullah Geechee, Book, Books",TRUE,Format,eBook,ggb-manifest-d11ed9a,3.99,1,deny,manual,,active
kdp-draft-—-how-to-build-resilience-in-tough-times,KDP Draft — How to Build Resilience in Tough Times,<p>KDP Draft — How to Build Resilience in Tough Times — A Gullah Geechee publication by Darryl E. Brown</p>,Gullah Geechee Biz,Book,"Gullah Geechee, Book, Books",TRUE,Format,eBook,ggb-manifest-35a2b48,3.99,1,deny,manual,,active
how-to-cook-gullah-seafood,How to Cook Gullah Seafood,<p>How to Cook Gullah Seafood — A Gullah Geechee publication by Darryl E. Brown</p>,Gullah Geechee Biz,Book,"Gullah Geechee, Book, Books",TRUE,Format,eBook,ggb-manifest-647efa0,3.99,1,deny,manual,,active
how-to-bake-gullah-desserts,How to Bake Gullah Desserts,<p>How to Bake Gullah Desserts — A Gullah Geechee publication by Darryl E. Brown</p>,Gullah Geechee Biz,Book,"Gullah Geechee, Book, Books",TRUE,Format,eBook,ggb-manifest-c4cb9f2,3.99,1,deny,manual,,active
how-to-make-gullah-sauces-and-seasonings,How to Make Gullah Sauces and Seasonings,<p>How to Make Gullah Sauces and Seasonings — A Gullah Geechee publication by Darryl E. Brown</p>,Gullah Geechee Biz,Book,"Gullah Geechee, Book, Books",TRUE,Format,eBook,ggb-manifest-36a18e8,3.99,1,deny,manual,,active
kdp-draft-—-how-to-make-southern-cornbread-from-scratch,KDP Draft — How to Make Southern Cornbread from Scratch,<p>KDP Draft — How to Make Southern Cornbread from Scratch — A Gullah Geechee publication by Darryl E. Brown</p>,Gullah Geechee Biz,Book,"Gullah Geechee, Book, Books",TRUE,Format,eBook,ggb-manifest-bf8290e,3.99,1,deny,manual,,active
gullah-geechee-condiments,Gullah Geechee Condiments,<p>Gullah Geechee Condiments — A Gullah Geechee publication by Darryl E. Brown</p>,Gullah Geechee Biz,Book,"Gullah Geechee, Book, Books",TRUE,Format,eBook,ggb-manifest-80d4a0c,3.99,1,deny,manual,,active
kdp-draft-—-how-to-make-benne-wafers,KDP Draft — How to Make Benne Wafers,<p>KDP Draft — How to Make Benne Wafers — A Gullah Geechee publication by Darryl E. Brown</p>,Gullah Geechee Biz,Book,"Gullah Geechee, Book, Books",TRUE,Format,eBook,ggb-manifest-27fca9b,3.99,1,deny,manual,,active
how-to-make-benne-wafers,How to Make Benne Wafers,<p>How to Make Benne Wafers — A Gullah Geechee publication by Darryl E. Brown</p>,Gullah Geechee Biz,Book,"Gullah Geechee, Book, Books",TRUE,Format,eBook,ggb-manifest-e7da89c,3.99,1,deny,manual,,active
how-to-create-a-brand-style-guide,How to Create a Brand Style Guide,<p>How to Create a Brand Style Guide — A Gullah Geechee publication by Darryl E. Brown</p>,Gullah Geechee Biz,Book,"Gullah Geechee, Book, Books",TRUE,Format,eBook,ggb-manifest-57b061f,3.99,1,deny,manual,,active
how-to-scale-your-small-business,How to Scale Your Small Business,<p>How to Scale Your Small Business — A Gullah Geechee publication by Darryl E. Brown</p>,Gullah Geechee Biz,Book,"Gullah Geechee, Book, Books",TRUE,Format,eBook,ggb-manifest-3c81a9c,3.99,1,deny,manual,,active
kdp-draft-—-how-to-find-your-purpose,KDP Draft — How to Find Your Purpose,<p>KDP Draft — How to Find Your Purpose — A Gullah Geechee publication by Darryl E. Brown</p>,Gullah Geechee Biz,Book,"Gullah Geechee, Book, Books",TRUE,Format,eBook,ggb-manifest-90eda93,3.99,1,deny,manual,,active
how-to-build-balance,How to Build Balance,<p>How to Build Balance — A Gullah Geechee publication by Darryl E. Brown</p>,Gullah Geechee Biz,Book,"Gullah Geechee, Book, Books",TRUE,Format,eBook,ggb-manifest-541d82c,3.99,1,deny,manual,,active
kdp-draft-—-how-to-create-a-product-launch-plan,KDP Draft — How to Create a Product Launch Plan,<p>KDP Draft — How to Create a Product Launch Plan — A Gullah Geechee publication by Darryl E. Brown</p>,Gullah Geechee Biz,Book,"Gullah Geechee, Book, Books",TRUE,Format,eBook,ggb-manifest-1c2cd71,3.99,1,deny,manual,,active
kdp-draft-—-how-to-master-business-storytelling,KDP Draft — How to Master Business Storytelling,<p>KDP Draft — How to Master Business Storytelling — A Gullah Geechee publication by Darryl E. Brown</p>,Gullah Geechee Biz,Book,"Gullah Geechee, Book, Books",TRUE,Format,eBook,ggb-manifest-3bcde09,3.99,1,deny,manual,,active
how-to-cultivate-patience,How to Cultivate Patience,<p>How to Cultivate Patience — A Gullah Geechee publication by Darryl E. Brown</p>,Gullah Geechee Biz,Book,"Gullah Geechee, Book, Books",TRUE,Format,eBook,ggb-manifest-bbe9954,3.99,1,deny,manual,,active
how-to-find-your-purpose,How to Find Your Purpose,<p>How to Find Your Purpose — A Gullah Geechee publication by Darryl E. Brown</p>,Gullah Geechee Biz,Book,"Gullah Geechee, Book, Books",TRUE,Format,eBook,ggb-manifest-310cb04,3.99,1,deny,manual,,active
kdp-draft-—-how-to-create-a-content-strategy,KDP Draft — How to Create a Content Strategy,<p>KDP Draft — How to Create a Content Strategy — A Gullah Geechee publication by Darryl E. Brown</p>,Gullah Geechee Biz,Book,"Gullah Geechee, Book, Books",TRUE,Format,eBook,ggb-manifest-6c2925c,3.99,1,deny,manual,,active
how-to-bake-sweet-potato-pie,How to Bake Sweet Potato Pie,<p>How to Bake Sweet Potato Pie — A Gullah Geechee publication by Darryl E. Brown</p>,Gullah Geechee Biz,Book,"Gullah Geechee, Book, Books",TRUE,Format,eBook,ggb-manifest-62c1bea,3.99,1,deny,manual,,active
how-to-make-gullah-soups-and-stews,How to Make Gullah Soups and Stews,<p>How to Make Gullah Soups and Stews — A Gullah Geechee publication by Darryl E. Brown</p>,Gullah Geechee Biz,Book,"Gullah Geechee, Book, Books",TRUE,Format,eBook,ggb-manifest-6f20ddb,3.99,1,deny,manual,,active
how-to-make-boiled-peanuts,How to Make Boiled Peanuts,<p>How to Make Boiled Peanuts — A Gullah Geechee publication by Darryl E. Brown</p>,Gullah Geechee Biz,Book,"Gullah Geechee, Book, Books",TRUE,Format,eBook,ggb-manifest-cbf0fd0,3.99,1,deny,manual,,active
how-to-build-unshakeable-confidence,How to Build Unshakeable Confidence,<p>How to Build Unshakeable Confidence — A Gullah Geechee publication by Darryl E. Brown</p>,Gullah Geechee Biz,Book,"Gullah Geechee, Book, Books",TRUE,Format,eBook,ggb-manifest-12b86d0,3.99,1,deny,manual,,active
kdp-draft-—-how-to-start-a-side-hustle,KDP Draft — How to Start a Side Hustle,<p>KDP Draft — How to Start a Side Hustle — A Gullah Geechee publication by Darryl E. Brown</p>,Gullah Geechee Biz,Book,"Gullah Geechee, Book, Books",TRUE,Format,eBook,ggb-manifest-0243d0e,3.99,1,deny,manual,,active
how-to-overcome-fear-of-failure,How to Overcome Fear of Failure,<p>How to Overcome Fear of Failure — A Gullah Geechee publication by Darryl E. Brown</p>,Gullah Geechee Biz,Book,"Gullah Geechee, Book, Books",TRUE,Format,eBook,ggb-manifest-e10ac10,3.99,1,deny,manual,,active
gullah-geechee-financial-literacy,Gullah Geechee Financial Literacy,<p>Gullah Geechee Financial Literacy — A Gullah Geechee publication by Darryl E. Brown</p>,Gullah Geechee Biz,Book,"Gullah Geechee, Book, Books",TRUE,Format,eBook,ggb-manifest-a61c5fd,3.99,1,deny,manual,,active
kdp-draft-—-how-to-develop-a-growth-mindset,KDP Draft — How to Develop a Growth Mindset,<p>KDP Draft — How to Develop a Growth Mindset — A Gullah Geechee publication by Darryl E. Brown</p>,Gullah Geechee Biz,Book,"Gullah Geechee, Book, Books",TRUE,Format,eBook,ggb-manifest-add8689,3.99,1,deny,manual,,active
kdp-draft-—-how-to-cook-gullah-vegetables,KDP Draft — How to Cook Gullah Vegetables,<p>KDP Draft — How to Cook Gullah Vegetables — A Gullah Geechee publication by Darryl E. Brown</p>,Gullah Geechee Biz,Book,"Gullah Geechee, Book, Books",TRUE,Format,eBook,ggb-manifest-9273b00,3.99,1,deny,manual,,active
how-to-find-your-purpose,How to Find Your Purpose,<p>How to Find Your Purpose — A Gullah Geechee publication by Darryl E. Brown</p>,Gullah Geechee Biz,Book,"Gullah Geechee, Book, Books",TRUE,Format,eBook,ggb-manifest-18b3603,3.99,1,deny,manual,,active
how-to-cook-with-seasonal-lowcountry-ingredients,How to Cook with Seasonal Lowcountry Ingredients,<p>How to Cook with Seasonal Lowcountry Ingredients — A Gullah Geechee publication by Darryl E. Brown</p>,Gullah Geechee Biz,Book,"Gullah Geechee, Book, Books",TRUE,Format,eBook,ggb-manifest-b694d8e,3.99,1,deny,manual,,active
how-to-make-hoppin-john-for-new-years,How to Make Hoppin' John for New Year's,<p>How to Make Hoppin' John for New Year's — A Gullah Geechee publication by Darryl E. Brown</p>,Gullah Geechee Biz,Book,"Gullah Geechee, Book, Books",TRUE,Format,eBook,ggb-manifest-9bf4e30,3.99,1,deny,manual,,active
kdp-draft-—-how-to-build-strategic-partnerships,KDP Draft — How to Build Strategic Partnerships,<p>KDP Draft — How to Build Strategic Partnerships — A Gullah Geechee publication by Darryl E. Brown</p>,Gullah Geechee Biz,Book,"Gullah Geechee, Book, Books",TRUE,Format,eBook,ggb-manifest-a16c318,3.99,1,deny,manual,,active
how-to-make-gullah-breads,How to Make Gullah Breads,<p>How to Make Gullah Breads — A Gullah Geechee publication by Darryl E. Brown</p>,Gullah Geechee Biz,Book,"Gullah Geechee, Book, Books",TRUE,Format,eBook,ggb-manifest-93293cf,3.99,1,deny,manual,,active
how-to-write-a-winning-grant-proposal,How to Write a Winning Grant Proposal,<p>How to Write a Winning Grant Proposal — A Gullah Geechee publication by Darryl E. Brown</p>,Gullah Geechee Biz,Book,"Gullah Geechee, Book, Books",TRUE,Format,eBook,ggb-manifest-7d17d61,3.99,1,deny,manual,,active
how-to-build-a-subscription-business,How to Build a Subscription Business,<p>How to Build a Subscription Business — A Gullah Geechee publication by Darryl E. Brown</p>,Gullah Geechee Biz,Book,"Gullah Geechee, Book, Books",TRUE,Format,eBook,ggb-manifest-dba19a4,3.99,1,deny,manual,,active
gullah-geechee-biz-tv-spot,Gullah Geechee Biz TV Spot,<p>Gullah Geechee Biz TV Spot — A Gullah Geechee publication by Darryl E. Brown</p>,Gullah Geechee Biz,Book,"Gullah Geechee, Book, Books",TRUE,Format,eBook,ggb-manifest-3e67b6a,3.99,1,deny,manual,,active
how-to-bake-sweet-potato-pie,How to Bake Sweet Potato Pie,<p>How to Bake Sweet Potato Pie — A Gullah Geechee publication by Darryl E. Brown</p>,Gullah Geechee Biz,Book,"Gullah Geechee, Book, Books",TRUE,Format,eBook,ggb-manifest-d9ef530,3.99,1,deny,manual,,active
encyclopedia-volume-02,Encyclopedia Volume 02,<p>Encyclopedia Volume 02 — A Gullah Geechee publication by Darryl E. Brown</p>,Gullah Geechee Biz,Book,"Gullah Geechee, Book, Books",TRUE,Format,eBook,ggb-manifest-4a09e21,3.99,1,deny,manual,,active
how-to-negotiate-better-deals,How to Negotiate Better Deals,<p>How to Negotiate Better Deals — A Gullah Geechee publication by Darryl E. Brown</p>,Gullah Geechee Biz,Book,"Gullah Geechee, Book, Books",TRUE,Format,eBook,ggb-manifest-f2e2532,3.99,1,deny,manual,,active
kdp-draft-—-how-to-bake-sweet-potato-pie,KDP Draft — How to Bake Sweet Potato Pie,<p>KDP Draft — How to Bake Sweet Potato Pie — A Gullah Geechee publication by Darryl E. Brown</p>,Gullah Geechee Biz,Book,"Gullah Geechee, Book, Books",TRUE,Format,eBook,ggb-manifest-09bbac7,3.99,1,deny,manual,,active
kdp-draft-—-how-to-live-with-intention,KDP Draft — How to Live with Intention,<p>KDP Draft — How to Live with Intention — A Gullah Geechee publication by Darryl E. Brown</p>,Gullah Geechee Biz,Book,"Gullah Geechee, Book, Books",TRUE,Format,eBook,ggb-manifest-c15817e,3.99,1,deny,manual,,active
how-to-navigate-life-transitions,How to Navigate Life Transitions,<p>How to Navigate Life Transitions — A Gullah Geechee publication by Darryl E. Brown</p>,Gullah Geechee Biz,Book,"Gullah Geechee, Book, Books",TRUE,Format,eBook,ggb-manifest-9cac427,3.99,1,deny,manual,,active
kdp-draft-—-the-gullah-geechee-guide-to-unity,KDP Draft — The Gullah Geechee Guide to Unity,<p>KDP Draft — The Gullah Geechee Guide to Unity — A Gullah Geechee publication by Darryl E. Brown</p>,Gullah Geechee Biz,Book,"Gullah Geechee, Book, Books",TRUE,Format,eBook,ggb-manifest-c575951,3.99,1,deny,manual,,active
kdp-draft-—-how-to-overcome-imposter-syndrome,KDP Draft — How to Overcome Imposter Syndrome,<p>KDP Draft — How to Overcome Imposter Syndrome — A Gullah Geechee publication by Darryl E. Brown</p>,Gullah Geechee Biz,Book,"Gullah Geechee, Book, Books",TRUE,Format,eBook,ggb-manifest-f830678,3.99,1,deny,manual,,active
kdp-draft-—-how-to-use-ai-in-your-business,KDP Draft — How to Use AI in Your Business,<p>KDP Draft — How to Use AI in Your Business — A Gullah Geechee publication by Darryl E. Brown</p>,Gullah Geechee Biz,Book,"Gullah Geechee, Book, Books",TRUE,Format,eBook,ggb-manifest-711c396,3.99,1,deny,manual,,active
kdp-draft-—-how-to-build-a-subscription-business,KDP Draft — How to Build a Subscription Business,<p>KDP Draft — How to Build a Subscription Business — A Gullah Geechee publication by Darryl E. Brown</p>,Gullah Geechee Biz,Book,"Gullah Geechee, Book, Books",TRUE,Format,eBook,ggb-manifest-64b076a,3.99,1,deny,manual,,active
how-to-forgive-yourself-and-move-on,How to Forgive Yourself and Move On,<p>How to Forgive Yourself and Move On — A Gullah Geechee publication by Darryl E. Brown</p>,Gullah Geechee Biz,Book,"Gullah Geechee, Book, Books",TRUE,Format,eBook,ggb-manifest-87fdf7c,3.99,1,deny,manual,,active
how-to-make-sweetgrass-lemonade,How to Make Sweetgrass Lemonade,<p>How to Make Sweetgrass Lemonade — A Gullah Geechee publication by Darryl E. Brown</p>,Gullah Geechee Biz,Book,"Gullah Geechee, Book, Books",TRUE,Format,eBook,ggb-manifest-8388f9c,3.99,1,deny,manual,,active
how-to-make-authentic-shrimp-and-grits,How to Make Authentic Shrimp and Grits,<p>How to Make Authentic Shrimp and Grits — A Gullah Geechee publication by Darryl E. Brown</p>,Gullah Geechee Biz,Book,"Gullah Geechee, Book, Books",TRUE,Format,eBook,ggb-manifest-01cb71b,3.99,1,deny,manual,,active
how-to-master-linkedin-for-business,How to Master LinkedIn for Business,<p>How to Master LinkedIn for Business — A Gullah Geechee publication by Darryl E. Brown</p>,Gullah Geechee Biz,Book,"Gullah Geechee, Book, Books",TRUE,Format,eBook,ggb-manifest-856d106,3.99,1,deny,manual,,active
how-to-make-rice-pudding,How to Make Rice Pudding,<p>How to Make Rice Pudding — A Gullah Geechee publication by Darryl E. Brown</p>,Gullah Geechee Biz,Book,"Gullah Geechee, Book, Books",TRUE,Format,eBook,ggb-manifest-8e936b0,3.99,1,deny,manual,,active
how-to-embrace-your-authentic-self,How to Embrace Your Authentic Self,<p>How to Embrace Your Authentic Self — A Gullah Geechee publication by Darryl E. Brown</p>,Gullah Geechee Biz,Book,"Gullah Geechee, Book, Books",TRUE,Format,eBook,ggb-manifest-0012d08,3.99,1,deny,manual,,active
kdp-draft-—-how-to-create-a-personal-mission-statement,KDP Draft — How to Create a Personal Mission Statement,<p>KDP Draft — How to Create a Personal Mission Statement — A Gullah Geechee publication by Darryl E. Brown</p>,Gullah Geechee Biz,Book,"Gullah Geechee, Book, Books",TRUE,Format,eBook,ggb-manifest-95950fe,3.99,1,deny,manual,,active
kdp-draft-—-how-to-find-your-purpose,KDP Draft — How to Find Your Purpose,<p>KDP Draft — How to Find Your Purpose — A Gullah Geechee publication by Darryl E. Brown</p>,Gullah Geechee Biz,Book,"Gullah Geechee, Book, Books",TRUE,Format,eBook,ggb-manifest-ac32d82,3.99,1,deny,manual,,active
how-to-cook-gullah-pork-chops,How to Cook Gullah Pork Chops,<p>How to Cook Gullah Pork Chops — A Gullah Geechee publication by Darryl E. Brown</p>,Gullah Geechee Biz,Book,"Gullah Geechee, Book, Books",TRUE,Format,eBook,ggb-manifest-c30fa98,3.99,1,deny,manual,,active
kdp-draft-—-how-to-cook-perfect-gullah-red-rice,KDP Draft — How to Cook Perfect Gullah Red Rice,<p>KDP Draft — How to Cook Perfect Gullah Red Rice — A Gullah Geechee publication by Darryl E. Brown</p>,Gullah Geechee Biz,Book,"Gullah Geechee, Book, Books",TRUE,Format,eBook,ggb-manifest-676a1c7,3.99,1,deny,manual,,active
how-to-manage-business-finances,How to Manage Business Finances,<p>How to Manage Business Finances — A Gullah Geechee publication by Darryl E. Brown</p>,Gullah Geechee Biz,Book,"Gullah Geechee, Book, Books",TRUE,Format,eBook,ggb-manifest-0bacf9a,3.99,1,deny,manual,,active
how-to-build-a-community-around-your-brand,How to Build a Community Around Your Brand,<p>How to Build a Community Around Your Brand — A Gullah Geechee publication by Darryl E. Brown</p>,Gullah Geechee Biz,Book,"Gullah Geechee, Book, Books",TRUE,Format,eBook,ggb-manifest-0008985,3.99,1,deny,manual,,active
kdp-draft-—-how-to-create-a-personal-mission-statement,KDP Draft — How to Create a Personal Mission Statement,<p>KDP Draft — How to Create a Personal Mission Statement — A Gullah Geechee publication by Darryl E. Brown</p>,Gullah Geechee Biz,Book,"Gullah Geechee, Book, Books",TRUE,Format,eBook,ggb-manifest-1cf8a8d,3.99,1,deny,manual,,active
kdp-draft-—-how-to-write-a-winning-grant-proposal,KDP Draft — How to Write a Winning Grant Proposal,<p>KDP Draft — How to Write a Winning Grant Proposal — A Gullah Geechee publication by Darryl E. Brown</p>,Gullah Geechee Biz,Book,"Gullah Geechee, Book, Books",TRUE,Format,eBook,ggb-manifest-ddc6018,3.99,1,deny,manual,,active
how-to-cook-gullah-pork-chops,How to Cook Gullah Pork Chops,<p>How to Cook Gullah Pork Chops — A Gullah Geechee publication by Darryl E. Brown</p>,Gullah Geechee Biz,Book,"Gullah Geechee, Book, Books",TRUE,Format,eBook,ggb-manifest-1ee5041,3.99,1,deny,manual,,active
kdp-draft-—-how-to-master-business-storytelling,KDP Draft — How to Master Business Storytelling,<p>KDP Draft — How to Master Business Storytelling — A Gullah Geechee publication by Darryl E. Brown</p>,Gullah Geechee Biz,Book,"Gullah Geechee, Book, Books",TRUE,Format,eBook,ggb-manifest-c9e58e7,3.99,1,deny,manual,,active
how-to-cook-gullah-vegetables,How to Cook Gullah Vegetables,<p>How to Cook Gullah Vegetables — A Gullah Geechee publication by Darryl E. Brown</p>,Gullah Geechee Biz,Book,"Gullah Geechee, Book, Books",TRUE,Format,eBook,ggb-manifest-3c91400,3.99,1,deny,manual,,active
how-to-build-a-remote-team,How to Build a Remote Team,<p>How to Build a Remote Team — A Gullah Geechee publication by Darryl E. Brown</p>,Gullah Geechee Biz,Book,"Gullah Geechee, Book, Books",TRUE,Format,eBook,ggb-manifest-2a9cc68,3.99,1,deny,manual,,active
how-to-let-go-of-perfectionism,How to Let Go of Perfectionism,<p>How to Let Go of Perfectionism — A Gullah Geechee publication by Darryl E. Brown</p>,Gullah Geechee Biz,Book,"Gullah Geechee, Book, Books",TRUE,Format,eBook,ggb-manifest-4dac2da,3.99,1,deny,manual,,active
kdp-draft-—-how-to-develop-a-growth-mindset,KDP Draft — How to Develop a Growth Mindset,<p>KDP Draft — How to Develop a Growth Mindset — A Gullah Geechee publication by Darryl E. Brown</p>,Gullah Geechee Biz,Book,"Gullah Geechee, Book, Books",TRUE,Format,eBook,ggb-manifest-2b0cead,3.99,1,deny,manual,,active
kdp-draft-—-how-to-create-a-content-strategy,KDP Draft — How to Create a Content Strategy,<p>KDP Draft — How to Create a Content Strategy — A Gullah Geechee publication by Darryl E. Brown</p>,Gullah Geechee Biz,Book,"Gullah Geechee, Book, Books",TRUE,Format,eBook,ggb-manifest-057c5fc,3.99,1,deny,manual,,active
kdp-draft-—-how-to-make-authentic-shrimp-and-grits,KDP Draft — How to Make Authentic Shrimp and Grits,<p>KDP Draft — How to Make Authentic Shrimp and Grits — A Gullah Geechee publication by Darryl E. Brown</p>,Gullah Geechee Biz,Book,"Gullah Geechee, Book, Books",TRUE,Format,eBook,ggb-manifest-1956ff8,3.99,1,deny,manual,,active
how-to-create-a-customer-journey-map,How to Create a Customer Journey Map,<p>How to Create a Customer Journey Map — A Gullah Geechee publication by Darryl E. Brown</p>,Gullah Geechee Biz,Book,"Gullah Geechee, Book, Books",TRUE,Format,eBook,ggb-manifest-b17b477,3.99,1,deny,manual,,active
how-to-manage-your-time-effectively,How to Manage Your Time Effectively,<p>How to Manage Your Time Effectively — A Gullah Geechee publication by Darryl E. Brown</p>,Gullah Geechee Biz,Book,"Gullah Geechee, Book, Books",TRUE,Format,eBook,ggb-manifest-795ef43,3.99,1,deny,manual,,active
how-to-prepare-gullah-side-dishes,How to Prepare Gullah Side Dishes,<p>How to Prepare Gullah Side Dishes — A Gullah Geechee publication by Darryl E. Brown</p>,Gullah Geechee Biz,Book,"Gullah Geechee, Book, Books",TRUE,Format,eBook,ggb-manifest-8df320c,3.99,1,deny,manual,,active
how-to-create-a-business-exit-strategy,How to Create a Business Exit Strategy,<p>How to Create a Business Exit Strategy — A Gullah Geechee publication by Darryl E. Brown</p>,Gullah Geechee Biz,Book,"Gullah Geechee, Book, Books",TRUE,Format,eBook,ggb-manifest-ecac585,3.99,1,deny,manual,,active
kdp-draft-—-the-gullah-geechee-guide-to-discipline,KDP Draft — The Gullah Geechee Guide to Discipline,<p>KDP Draft — The Gullah Geechee Guide to Discipline — A Gullah Geechee publication by Darryl E. Brown</p>,Gullah Geechee Biz,Book,"Gullah Geechee, Book, Books",TRUE,Format,eBook,ggb-manifest-6bfea76,3.99,1,deny,manual,,active
kdp-draft-—-how-to-build-a-website-on-a-budget,KDP Draft — How to Build a Website on a Budget,<p>KDP Draft — How to Build a Website on a Budget — A Gullah Geechee publication by Darryl E. Brown</p>,Gullah Geechee Biz,Book,"Gullah Geechee, Book, Books",TRUE,Format,eBook,ggb-manifest-3159128,3.99,1,deny,manual,,active
how-to-scale-your-small-business,How to Scale Your Small Business,<p>How to Scale Your Small Business — A Gullah Geechee publication by Darryl E. Brown</p>,Gullah Geechee Biz,Book,"Gullah Geechee, Book, Books",TRUE,Format,eBook,ggb-manifest-ce872a4,3.99,1,deny,manual,,active
how-to-master-linkedin-for-business,How to Master LinkedIn for Business,<p>How to Master LinkedIn for Business — A Gullah Geechee publication by Darryl E. Brown</p>,Gullah Geechee Biz,Book,"Gullah Geechee, Book, Books",TRUE,Format,eBook,ggb-manifest-4a0403a,3.99,1,deny,manual,,active
kdp-draft-—-how-to-practice-mindful-living,KDP Draft — How to Practice Mindful Living,<p>KDP Draft — How to Practice Mindful Living — A Gullah Geechee publication by Darryl E. Brown</p>,Gullah Geechee Biz,Book,"Gullah Geechee, Book, Books",TRUE,Format,eBook,ggb-manifest-b269a52,3.99,1,deny,manual,,active
how-to-use-ai-in-your-business,How to Use AI in Your Business,<p>How to Use AI in Your Business — A Gullah Geechee publication by Darryl E. Brown</p>,Gullah Geechee Biz,Book,"Gullah Geechee, Book, Books",TRUE,Format,eBook,ggb-manifest-1fb870d,3.99,1,deny,manual,,active
kdp-draft-—-how-to-build-a-community-around-your-brand,KDP Draft — How to Build a Community Around Your Brand,<p>KDP Draft — How to Build a Community Around Your Brand — A Gullah Geechee publication by Darryl E. Brown</p>,Gullah Geechee Biz,Book,"Gullah Geechee, Book, Books",TRUE,Format,eBook,ggb-manifest-35d60aa,3.99,1,deny,manual,,active
how-to-forgive-yourself-and-move-on,How to Forgive Yourself and Move On,<p>How to Forgive Yourself and Move On — A Gullah Geechee publication by Darryl E. Brown</p>,Gullah Geechee Biz,Book,"Gullah Geechee, Book, Books",TRUE,Format,eBook,ggb-manifest-21151ea,3.99,1,deny,manual,,active
how-to-break-bad-habits-forever,How to Break Bad Habits Forever,<p>How to Break Bad Habits Forever — A Gullah Geechee publication by Darryl E. Brown</p>,Gullah Geechee Biz,Book,"Gullah Geechee, Book, Books",TRUE,Format,eBook,ggb-manifest-c2cdbfd,3.99,1,deny,manual,,active
how-to-build-a-digital-product-empire,How to Build a Digital Product Empire,<p>How to Build a Digital Product Empire — A Gullah Geechee publication by Darryl E. Brown</p>,Gullah Geechee Biz,Book,"Gullah Geechee, Book, Books",TRUE,Format,eBook,ggb-manifest-b27a800,3.99,1,deny,manual,,active
how-to-make-sweetgrass-lemonade,How to Make Sweetgrass Lemonade,<p>How to Make Sweetgrass Lemonade — A Gullah Geechee publication by Darryl E. Brown</p>,Gullah Geechee Biz,Book,"Gullah Geechee, Book, Books",TRUE,Format,eBook,ggb-manifest-5ade7aa,3.99,1,deny,manual,,active
kdp-draft-—-how-to-make-authentic-shrimp-and-grits,KDP Draft — How to Make Authentic Shrimp and Grits,<p>KDP Draft — How to Make Authentic Shrimp and Grits — A Gullah Geechee publication by Darryl E. Brown</p>,Gullah Geechee Biz,Book,"Gullah Geechee, Book, Books",TRUE,Format,eBook,ggb-manifest-2b9b82c,3.99,1,deny,manual,,active
how-to-build-connection,How to Build Connection,<p>How to Build Connection — A Gullah Geechee publication by Darryl E. Brown</p>,Gullah Geechee Biz,Book,"Gullah Geechee, Book, Books",TRUE,Format,eBook,ggb-manifest-0a48ee4,3.99,1,deny,manual,,active
how-to-fry-the-perfect-fish,How to Fry the Perfect Fish,<p>How to Fry the Perfect Fish — A Gullah Geechee publication by Darryl E. Brown</p>,Gullah Geechee Biz,Book,"Gullah Geechee, Book, Books",TRUE,Format,eBook,ggb-manifest-7b736b6,3.99,1,deny,manual,,active
kdp-draft-—-how-to-practice-radical-self-care,KDP Draft — How to Practice Radical Self-Care,<p>KDP Draft — How to Practice Radical Self-Care — A Gullah Geechee publication by Darryl E. Brown</p>,Gullah Geechee Biz,Book,"Gullah Geechee, Book, Books",TRUE,Format,eBook,ggb-manifest-8bbbfb5,3.99,1,deny,manual,,active
how-to-create-a-personal-mission-statement,How to Create a Personal Mission Statement,<p>How to Create a Personal Mission Statement — A Gullah Geechee publication by Darryl E. Brown</p>,Gullah Geechee Biz,Book,"Gullah Geechee, Book, Books",TRUE,Format,eBook,ggb-manifest-b690e0a,3.99,1,deny,manual,,active
kdp-draft-—-how-to-bake-gullah-desserts,KDP Draft — How to Bake Gullah Desserts,<p>KDP Draft — How to Bake Gullah Desserts — A Gullah Geechee publication by Darryl E. Brown</p>,Gullah Geechee Biz,Book,"Gullah Geechee, Book, Books",TRUE,Format,eBook,ggb-manifest-ff0d303,3.99,1,deny,manual,,active
how-to-build-strategic-partnerships,How to Build Strategic Partnerships,<p>How to Build Strategic Partnerships — A Gullah Geechee publication by Darryl E. Brown</p>,Gullah Geechee Biz,Book,"Gullah Geechee, Book, Books",TRUE,Format,eBook,ggb-manifest-53320b4,3.99,1,deny,manual,,active
kdp-draft-—-how-to-make-holiday-gullah-feasts,KDP Draft — How to Make Holiday Gullah Feasts,<p>KDP Draft — How to Make Holiday Gullah Feasts — A Gullah Geechee publication by Darryl E. Brown</p>,Gullah Geechee Biz,Book,"Gullah Geechee, Book, Books",TRUE,Format,eBook,ggb-manifest-062ab5f,3.99,1,deny,manual,,active
kdp-draft-—-how-to-cook-perfect-gullah-red-rice,KDP Draft — How to Cook Perfect Gullah Red Rice,<p>KDP Draft — How to Cook Perfect Gullah Red Rice — A Gullah Geechee publication by Darryl E. Brown</p>,Gullah Geechee Biz,Book,"Gullah Geechee, Book, Books",TRUE,Format,eBook,ggb-manifest-d64c3b9,3.99,1,deny,manual,,active
how-to-make-mac-and-cheese-the-southern-way,How to Make Mac and Cheese the Southern Way,<p>How to Make Mac and Cheese the Southern Way — A Gullah Geechee publication by Darryl E. Brown</p>,Gullah Geechee Biz,Book,"Gullah Geechee, Book, Books",TRUE,Format,eBook,ggb-manifest-4102ad1,3.99,1,deny,manual,,active
kdp-draft-—-how-to-overcome-imposter-syndrome,KDP Draft — How to Overcome Imposter Syndrome,<p>KDP Draft — How to Overcome Imposter Syndrome — A Gullah Geechee publication by Darryl E. Brown</p>,Gullah Geechee Biz,Book,"Gullah Geechee, Book, Books",TRUE,Format,eBook,ggb-manifest-cf53179,3.99,1,deny,manual,,active
how-to-build-a-freelance-career,How to Build a Freelance Career,<p>How to Build a Freelance Career — A Gullah Geechee publication by Darryl E. Brown</p>,Gullah Geechee Biz,Book,"Gullah Geechee, Book, Books",TRUE,Format,eBook,ggb-manifest-5dc47f5,3.99,1,deny,manual,,active
how-to-start-a-side-hustle,How to Start a Side Hustle,<p>How to Start a Side Hustle — A Gullah Geechee publication by Darryl E. Brown</p>,Gullah Geechee Biz,Book,"Gullah Geechee, Book, Books",TRUE,Format,eBook,ggb-manifest-c493ba1,3.99,1,deny,manual,,active
kdp-draft-—-how-to-build-a-digital-product-empire,KDP Draft — How to Build a Digital Product Empire,<p>KDP Draft — How to Build a Digital Product Empire — A Gullah Geechee publication by Darryl E. Brown</p>,Gullah Geechee Biz,Book,"Gullah Geechee, Book, Books",TRUE,Format,eBook,ggb-manifest-edbc790,3.99,1,deny,manual,,active
how-to-build-resilience,How to Build Resilience,<p>How to Build Resilience — A Gullah Geechee publication by Darryl E. Brown</p>,Gullah Geechee Biz,Book,"Gullah Geechee, Book, Books",TRUE,Format,eBook,ggb-manifest-d1fad4a,3.99,1,deny,manual,,active
how-to-embrace-your-authentic-self,How to Embrace Your Authentic Self,<p>How to Embrace Your Authentic Self — A Gullah Geechee publication by Darryl E. Brown</p>,Gullah Geechee Biz,Book,"Gullah Geechee, Book, Books",TRUE,Format,eBook,ggb-manifest-aca9e31,3.99,1,deny,manual,,active
how-to-live-with-intention,How to Live with Intention,<p>How to Live with Intention — A Gullah Geechee publication by Darryl E. Brown</p>,Gullah Geechee Biz,Book,"Gullah Geechee, Book, Books",TRUE,Format,eBook,ggb-manifest-aa32804,3.99,1,deny,manual,,active
how-to-write-copy-that-sells,How to Write Copy That Sells,<p>How to Write Copy That Sells — A Gullah Geechee publication by Darryl E. Brown</p>,Gullah Geechee Biz,Book,"Gullah Geechee, Book, Books",TRUE,Format,eBook,ggb-manifest-9fa5f61,3.99,1,deny,manual,,active
the-gullah-geechee-guide-to-yearning,The Gullah Geechee Guide to Yearning,<p>The Gullah Geechee Guide to Yearning — A Gullah Geechee publication by Darryl E. Brown</p>,Gullah Geechee Biz,Book,"Gullah Geechee, Book, Books",TRUE,Format,eBook,ggb-manifest-a1777ba,3.99,1,deny,manual,,active
kdp-draft-—-how-to-price-your-products-or-services,KDP Draft — How to Price Your Products or Services,<p>KDP Draft — How to Price Your Products or Services — A Gullah Geechee publication by Darryl E. Brown</p>,Gullah Geechee Biz,Book,"Gullah Geechee, Book, Books",TRUE,Format,eBook,ggb-manifest-167e622,3.99,1,deny,manual,,active
how-to-make-one-pot-gullah-meals,How to Make One-Pot Gullah Meals,<p>How to Make One-Pot Gullah Meals — A Gullah Geechee publication by Darryl E. Brown</p>,Gullah Geechee Biz,Book,"Gullah Geechee, Book, Books",TRUE,Format,eBook,ggb-manifest-5c2dd08,3.99,1,deny,manual,,active
kdp-draft-—-the-gullah-geechee-guide-to-yearning,KDP Draft — The Gullah Geechee Guide to Yearning,<p>KDP Draft — The Gullah Geechee Guide to Yearning — A Gullah Geechee publication by Darryl E. Brown</p>,Gullah Geechee Biz,Book,"Gullah Geechee, Book, Books",TRUE,Format,eBook,ggb-manifest-33f9440,3.99,1,deny,manual,,active
gullah-geechee-job-creation,Gullah Geechee Job Creation,<p>Gullah Geechee Job Creation — A Gullah Geechee publication by Darryl E. Brown</p>,Gullah Geechee Biz,Book,"Gullah Geechee, Book, Books",TRUE,Format,eBook,ggb-manifest-ea9b318,3.99,1,deny,manual,,active
how-to-make-gullah-sauces-and-seasonings,How to Make Gullah Sauces and Seasonings,<p>How to Make Gullah Sauces and Seasonings — A Gullah Geechee publication by Darryl E. Brown</p>,Gullah Geechee Biz,Book,"Gullah Geechee, Book, Books",TRUE,Format,eBook,ggb-manifest-ddaa182,3.99,1,deny,manual,,active
kdp-draft-—-how-to-make-gullah-soups-and-stews,KDP Draft — How to Make Gullah Soups and Stews,<p>KDP Draft — How to Make Gullah Soups and Stews — A Gullah Geechee publication by Darryl E. Brown</p>,Gullah Geechee Biz,Book,"Gullah Geechee, Book, Books",TRUE,Format,eBook,ggb-manifest-ba59f70,3.99,1,deny,manual,,active
kdp-draft-—-how-to-make-one-pot-gullah-meals,KDP Draft — How to Make One-Pot Gullah Meals,<p>KDP Draft — How to Make One-Pot Gullah Meals — A Gullah Geechee publication by Darryl E. Brown</p>,Gullah Geechee Biz,Book,"Gullah Geechee, Book, Books",TRUE,Format,eBook,ggb-manifest-fe67524,3.99,1,deny,manual,,active
kdp-draft-—-how-to-set-boundaries-that-stick,KDP Draft — How to Set Boundaries That Stick,<p>KDP Draft — How to Set Boundaries That Stick — A Gullah Geechee publication by Darryl E. Brown</p>,Gullah Geechee Biz,Book,"Gullah Geechee, Book, Books",TRUE,Format,eBook,ggb-manifest-e2c4f52,3.99,1,deny,manual,,active
how-to-network-like-a-pro,How to Network Like a Pro,<p>How to Network Like a Pro — A Gullah Geechee publication by Darryl E. Brown</p>,Gullah Geechee Biz,Book,"Gullah Geechee, Book, Books",TRUE,Format,eBook,ggb-manifest-ca2bce8,3.99,1,deny,manual,,active
how-to-write-a-winning-grant-proposal,How to Write a Winning Grant Proposal,<p>How to Write a Winning Grant Proposal — A Gullah Geechee publication by Darryl E. Brown</p>,Gullah Geechee Biz,Book,"Gullah Geechee, Book, Books",TRUE,Format,eBook,ggb-manifest-593c29f,3.99,1,deny,manual,,active
kdp-draft-—-how-to-bake-sweet-potato-pie,KDP Draft — How to Bake Sweet Potato Pie,<p>KDP Draft — How to Bake Sweet Potato Pie — A Gullah Geechee publication by Darryl E. Brown</p>,Gullah Geechee Biz,Book,"Gullah Geechee, Book, Books",TRUE,Format,eBook,ggb-manifest-63b5165,3.99,1,deny,manual,,active
kdp-draft-—-how-to-make-gullah-tea-cakes,KDP Draft — How to Make Gullah Tea Cakes,<p>KDP Draft — How to Make Gullah Tea Cakes — A Gullah Geechee publication by Darryl E. Brown</p>,Gullah Geechee Biz,Book,"Gullah Geechee, Book, Books",TRUE,Format,eBook,ggb-manifest-06db9d7,3.99,1,deny,manual,,active
how-to-live-with-intention,How to Live with Intention,<p>How to Live with Intention — A Gullah Geechee publication by Darryl E. Brown</p>,Gullah Geechee Biz,Book,"Gullah Geechee, Book, Books",TRUE,Format,eBook,ggb-manifest-999f53b,3.99,1,deny,manual,,active
kdp-draft-—-how-to-master-public-speaking,KDP Draft — How to Master Public Speaking,<p>KDP Draft — How to Master Public Speaking — A Gullah Geechee publication by Darryl E. Brown</p>,Gullah Geechee Biz,Book,"Gullah Geechee, Book, Books",TRUE,Format,eBook,ggb-manifest-76ec3f6,3.99,1,deny,manual,,active
how-to-scale-your-small-business,How to Scale Your Small Business,<p>How to Scale Your Small Business — A Gullah Geechee publication by Darryl E. Brown</p>,Gullah Geechee Biz,Book,"Gullah Geechee, Book, Books",TRUE,Format,eBook,ggb-manifest-ca6e375,3.99,1,deny,manual,,active
how-to-make-gullah-breakfast,How to Make Gullah Breakfast,<p>How to Make Gullah Breakfast — A Gullah Geechee publication by Darryl E. Brown</p>,Gullah Geechee Biz,Book,"Gullah Geechee, Book, Books",TRUE,Format,eBook,ggb-manifest-3e1d1ca,3.99,1,deny,manual,,active
kdp-draft-—-how-to-make-boiled-peanuts,KDP Draft — How to Make Boiled Peanuts,<p>KDP Draft — How to Make Boiled Peanuts — A Gullah Geechee publication by Darryl E. Brown</p>,Gullah Geechee Biz,Book,"Gullah Geechee, Book, Books",TRUE,Format,eBook,ggb-manifest-8781eec,3.99,1,deny,manual,,active
kdp-draft-—-how-to-cook-gullah-pork-chops,KDP Draft — How to Cook Gullah Pork Chops,<p>KDP Draft — How to Cook Gullah Pork Chops — A Gullah Geechee publication by Darryl E. Brown</p>,Gullah Geechee Biz,Book,"Gullah Geechee, Book, Books",TRUE,Format,eBook,ggb-manifest-eaa5e58,3.99,1,deny,manual,,active
kdp-draft-—-how-to-cultivate-daily-gratitude,KDP Draft — How to Cultivate Daily Gratitude,<p>KDP Draft — How to Cultivate Daily Gratitude — A Gullah Geechee publication by Darryl E. Brown</p>,Gullah Geechee Biz,Book,"Gullah Geechee, Book, Books",TRUE,Format,eBook,ggb-manifest-cb0d082,3.99,1,deny,manual,,active
kdp-draft-—-how-to-forgive-yourself-and-move-on,KDP Draft — How to Forgive Yourself and Move On,<p>KDP Draft — How to Forgive Yourself and Move On — A Gullah Geechee publication by Darryl E. Brown</p>,Gullah Geechee Biz,Book,"Gullah Geechee, Book, Books",TRUE,Format,eBook,ggb-manifest-3199f3b,3.99,1,deny,manual,,active
how-to-master-business-storytelling,How to Master Business Storytelling,<p>How to Master Business Storytelling — A Gullah Geechee publication by Darryl E. Brown</p>,Gullah Geechee Biz,Book,"Gullah Geechee, Book, Books",TRUE,Format,eBook,ggb-manifest-1144be8,3.99,1,deny,manual,,active
how-to-forgive-yourself-and-move-on,How to Forgive Yourself and Move On,<p>How to Forgive Yourself and Move On — A Gullah Geechee publication by Darryl E. Brown</p>,Gullah Geechee Biz,Book,"Gullah Geechee, Book, Books",TRUE,Format,eBook,ggb-manifest-196e287,3.99,1,deny,manual,,active
kdp-draft-—-how-to-let-go-of-perfectionism,KDP Draft — How to Let Go of Perfectionism,<p>KDP Draft — How to Let Go of Perfectionism — A Gullah Geechee publication by Darryl E. Brown</p>,Gullah Geechee Biz,Book,"Gullah Geechee, Book, Books",TRUE,Format,eBook,ggb-manifest-5364447,3.99,1,deny,manual,,active
how-to-make-benne-wafers,How to Make Benne Wafers,<p>How to Make Benne Wafers — A Gullah Geechee publication by Darryl E. Brown</p>,Gullah Geechee Biz,Book,"Gullah Geechee, Book, Books",TRUE,Format,eBook,ggb-manifest-60edbaf,3.99,1,deny,manual,,active
kdp-draft-—-gullah-geechee-one-pot-meals,KDP Draft — Gullah Geechee One-Pot Meals,<p>KDP Draft — Gullah Geechee One-Pot Meals — A Gullah Geechee publication by Darryl E. Brown</p>,Gullah Geechee Biz,Book,"Gullah Geechee, Book, Books",TRUE,Format,eBook,ggb-manifest-7b50389,3.99,1,deny,manual,,active
how-to-build-a-freelance-career,How to Build a Freelance Career,<p>How to Build a Freelance Career — A Gullah Geechee publication by Darryl E. Brown</p>,Gullah Geechee Biz,Book,"Gullah Geechee, Book, Books",TRUE,Format,eBook,ggb-manifest-c7353f7,3.99,1,deny,manual,,active
how-to-build-vision,How to Build Vision,<p>How to Build Vision — A Gullah Geechee publication by Darryl E. Brown</p>,Gullah Geechee Biz,Book,"Gullah Geechee, Book, Books",TRUE,Format,eBook,ggb-manifest-787e16d,3.99,1,deny,manual,,active
kdp-draft-—-how-to-preserve-summer-vegetables,KDP Draft — How to Preserve Summer Vegetables,<p>KDP Draft — How to Preserve Summer Vegetables — A Gullah Geechee publication by Darryl E. Brown</p>,Gullah Geechee Biz,Book,"Gullah Geechee, Book, Books",TRUE,Format,eBook,ggb-manifest-cc85e57,3.99,1,deny,manual,,active
how-to-build-resilience-in-tough-times,How to Build Resilience in Tough Times,<p>How to Build Resilience in Tough Times — A Gullah Geechee publication by Darryl E. Brown</p>,Gullah Geechee Biz,Book,"Gullah Geechee, Book, Books",TRUE,Format,eBook,ggb-manifest-f7a051d,3.99,1,deny,manual,,active
kdp-draft-—-how-to-cook-gullah-cabbage,KDP Draft — How to Cook Gullah Cabbage,<p>KDP Draft — How to Cook Gullah Cabbage — A Gullah Geechee publication by Darryl E. Brown</p>,Gullah Geechee Biz,Book,"Gullah Geechee, Book, Books",TRUE,Format,eBook,ggb-manifest-98821c4,3.99,1,deny,manual,,active
how-to-master-public-speaking,How to Master Public Speaking,<p>How to Master Public Speaking — A Gullah Geechee publication by Darryl E. Brown</p>,Gullah Geechee Biz,Book,"Gullah Geechee, Book, Books",TRUE,Format,eBook,ggb-manifest-c1d6314,3.99,1,deny,manual,,active
gullah-geechee-business-planning,Gullah Geechee Business Planning,<p>Gullah Geechee Business Planning — A Gullah Geechee publication by Darryl E. Brown</p>,Gullah Geechee Biz,Book,"Gullah Geechee, Book, Books",TRUE,Format,eBook,ggb-manifest-7a9b183,3.99,1,deny,manual,,active
how-to-cultivate-patience,How to Cultivate Patience,<p>How to Cultivate Patience — A Gullah Geechee publication by Darryl E. Brown</p>,Gullah Geechee Biz,Book,"Gullah Geechee, Book, Books",TRUE,Format,eBook,ggb-manifest-1d134a2,3.99,1,deny,manual,,active
kdp-draft-—-how-to-master-email-marketing,KDP Draft — How to Master Email Marketing,<p>KDP Draft — How to Master Email Marketing — A Gullah Geechee publication by Darryl E. Brown</p>,Gullah Geechee Biz,Book,"Gullah Geechee, Book, Books",TRUE,Format,eBook,ggb-manifest-921a82f,3.99,1,deny,manual,,active
how-to-develop-daily-discipline,How to Develop Daily Discipline,<p>How to Develop Daily Discipline — A Gullah Geechee publication by Darryl E. Brown</p>,Gullah Geechee Biz,Book,"Gullah Geechee, Book, Books",TRUE,Format,eBook,ggb-manifest-0d2c94c,3.99,1,deny,manual,,active
kdp-draft-—-how-to-overcome-fear-of-failure,KDP Draft — How to Overcome Fear of Failure,<p>KDP Draft — How to Overcome Fear of Failure — A Gullah Geechee publication by Darryl E. Brown</p>,Gullah Geechee Biz,Book,"Gullah Geechee, Book, Books",TRUE,Format,eBook,ggb-manifest-99aa0fb,3.99,1,deny,manual,,active
how-to-build-mental-toughness,How to Build Mental Toughness,<p>How to Build Mental Toughness — A Gullah Geechee publication by Darryl E. Brown</p>,Gullah Geechee Biz,Book,"Gullah Geechee, Book, Books",TRUE,Format,eBook,ggb-manifest-4cbbde9,3.99,1,deny,manual,,active
kdp-draft-—-how-to-make-sweetgrass-lemonade,KDP Draft — How to Make Sweetgrass Lemonade,<p>KDP Draft — How to Make Sweetgrass Lemonade — A Gullah Geechee publication by Darryl E. Brown</p>,Gullah Geechee Biz,Book,"Gullah Geechee, Book, Books",TRUE,Format,eBook,ggb-manifest-4c1b10a,3.99,1,deny,manual,,active
kdp-draft-—-how-to-make-one-pot-gullah-meals,KDP Draft — How to Make One-Pot Gullah Meals,<p>KDP Draft — How to Make One-Pot Gullah Meals — A Gullah Geechee publication by Darryl E. Brown</p>,Gullah Geechee Biz,Book,"Gullah Geechee, Book, Books",TRUE,Format,eBook,ggb-manifest-ba63dbc,3.99,1,deny,manual,,active
how-to-preserve-summer-vegetables,How to Preserve Summer Vegetables,<p>How to Preserve Summer Vegetables — A Gullah Geechee publication by Darryl E. Brown</p>,Gullah Geechee Biz,Book,"Gullah Geechee, Book, Books",TRUE,Format,eBook,ggb-manifest-392fb3d,3.99,1,deny,manual,,active
how-to-manage-anxiety-naturally,How to Manage Anxiety Naturally,<p>How to Manage Anxiety Naturally — A Gullah Geechee publication by Darryl E. Brown</p>,Gullah Geechee Biz,Book,"Gullah Geechee, Book, Books",TRUE,Format,eBook,ggb-manifest-c8ea709,3.99,1,deny,manual,,active
how-to-create-a-business-plan,How to Create a Business Plan,<p>How to Create a Business Plan — A Gullah Geechee publication by Darryl E. Brown</p>,Gullah Geechee Biz,Book,"Gullah Geechee, Book, Books",TRUE,Format,eBook,ggb-manifest-66db9a1,3.99,1,deny,manual,,active
kdp-draft-—-how-to-practice-mindful-living,KDP Draft — How to Practice Mindful Living,<p>KDP Draft — How to Practice Mindful Living — A Gullah Geechee publication by Darryl E. Brown</p>,Gullah Geechee Biz,Book,"Gullah Geechee, Book, Books",TRUE,Format,eBook,ggb-manifest-87ca0c4,3.99,1,deny,manual,,active
kdp-draft-—-how-to-fry-the-perfect-fish,KDP Draft — How to Fry the Perfect Fish,<p>KDP Draft — How to Fry the Perfect Fish — A Gullah Geechee publication by Darryl E. Brown</p>,Gullah Geechee Biz,Book,"Gullah Geechee, Book, Books",TRUE,Format,eBook,ggb-manifest-073749e,3.99,1,deny,manual,,active
gullah-geechee-financial-literacy,Gullah Geechee Financial Literacy,<p>Gullah Geechee Financial Literacy — A Gullah Geechee publication by Darryl E. Brown</p>,Gullah Geechee Biz,Book,"Gullah Geechee, Book, Books",TRUE,Format,eBook,ggb-manifest-a3464fb,3.99,1,deny,manual,,active
how-to-make-holiday-gullah-feasts,How to Make Holiday Gullah Feasts,<p>How to Make Holiday Gullah Feasts — A Gullah Geechee publication by Darryl E. Brown</p>,Gullah Geechee Biz,Book,"Gullah Geechee, Book, Books",TRUE,Format,eBook,ggb-manifest-08e430d,3.99,1,deny,manual,,active
how-to-start-a-side-hustle,How to Start a Side Hustle,<p>How to Start a Side Hustle — A Gullah Geechee publication by Darryl E. Brown</p>,Gullah Geechee Biz,Book,"Gullah Geechee, Book, Books",TRUE,Format,eBook,ggb-manifest-10accbe,3.99,1,deny,manual,,active
how-to-prepare-okra-and-tomatoes,How to Prepare Okra and Tomatoes,<p>How to Prepare Okra and Tomatoes — A Gullah Geechee publication by Darryl E. Brown</p>,Gullah Geechee Biz,Book,"Gullah Geechee, Book, Books",TRUE,Format,eBook,ggb-manifest-bec4d2a,3.99,1,deny,manual,,active
how-to-develop-daily-discipline,How to Develop Daily Discipline,<p>How to Develop Daily Discipline — A Gullah Geechee publication by Darryl E. Brown</p>,Gullah Geechee Biz,Book,"Gullah Geechee, Book, Books",TRUE,Format,eBook,ggb-manifest-dab0350,3.99,1,deny,manual,,active
how-to-make-rice-pudding,How to Make Rice Pudding,<p>How to Make Rice Pudding — A Gullah Geechee publication by Darryl E. Brown</p>,Gullah Geechee Biz,Book,"Gullah Geechee, Book, Books",TRUE,Format,eBook,ggb-manifest-1a2b57f,3.99,1,deny,manual,,active
how-to-build-a-community-around-your-brand,How to Build a Community Around Your Brand,<p>How to Build a Community Around Your Brand — A Gullah Geechee publication by Darryl E. Brown</p>,Gullah Geechee Biz,Book,"Gullah Geechee, Book, Books",TRUE,Format,eBook,ggb-manifest-c5dd72b,3.99,1,deny,manual,,active
how-to-live-with-intention,How to Live with Intention,<p>How to Live with Intention — A Gullah Geechee publication by Darryl E. Brown</p>,Gullah Geechee Biz,Book,"Gullah Geechee, Book, Books",TRUE,Format,eBook,ggb-manifest-3c30b1b,3.99,1,deny,manual,,active
kdp-draft-—-how-to-stop-people-pleasing,KDP Draft — How to Stop People-Pleasing,<p>KDP Draft — How to Stop People-Pleasing — A Gullah Geechee publication by Darryl E. Brown</p>,Gullah Geechee Biz,Book,"Gullah Geechee, Book, Books",TRUE,Format,eBook,ggb-manifest-ec03293,3.99,1,deny,manual,,active
how-to-cook-lowcountry-boil,How to Cook Lowcountry Boil,<p>How to Cook Lowcountry Boil — A Gullah Geechee publication by Darryl E. Brown</p>,Gullah Geechee Biz,Book,"Gullah Geechee, Book, Books",TRUE,Format,eBook,ggb-manifest-b5879ee,3.99,1,deny,manual,,active
how-to-master-social-media-marketing,How to Master Social Media Marketing,<p>How to Master Social Media Marketing — A Gullah Geechee publication by Darryl E. Brown</p>,Gullah Geechee Biz,Book,"Gullah Geechee, Book, Books",TRUE,Format,eBook,ggb-manifest-bfdbcbb,3.99,1,deny,manual,,active
how-to-stay-motivated-every-day,How to Stay Motivated Every Day,<p>How to Stay Motivated Every Day — A Gullah Geechee publication by Darryl E. Brown</p>,Gullah Geechee Biz,Book,"Gullah Geechee, Book, Books",TRUE,Format,eBook,ggb-manifest-f16b952,3.99,1,deny,manual,,active
how-to-use-ai-in-your-business,How to Use AI in Your Business,<p>How to Use AI in Your Business — A Gullah Geechee publication by Darryl E. Brown</p>,Gullah Geechee Biz,Book,"Gullah Geechee, Book, Books",TRUE,Format,eBook,ggb-manifest-54110f9,3.99,1,deny,manual,,active
how-to-master-business-storytelling,How to Master Business Storytelling,<p>How to Master Business Storytelling — A Gullah Geechee publication by Darryl E. Brown</p>,Gullah Geechee Biz,Book,"Gullah Geechee, Book, Books",TRUE,Format,eBook,ggb-manifest-d436c51,3.99,1,deny,manual,,active
kdp-draft-—-how-to-build-unshakeable-confidence,KDP Draft — How to Build Unshakeable Confidence,<p>KDP Draft — How to Build Unshakeable Confidence — A Gullah Geechee publication by Darryl E. Brown</p>,Gullah Geechee Biz,Book,"Gullah Geechee, Book, Books",TRUE,Format,eBook,ggb-manifest-329a14f,3.99,1,deny,manual,,active
how-to-master-your-morning-routine,How to Master Your Morning Routine,<p>How to Master Your Morning Routine — A Gullah Geechee publication by Darryl E. Brown</p>,Gullah Geechee Biz,Book,"Gullah Geechee, Book, Books",TRUE,Format,eBook,ggb-manifest-bfa98e6,3.99,1,deny,manual,,active
kdp-draft-—-how-to-create-a-business-exit-strategy,KDP Draft — How to Create a Business Exit Strategy,<p>KDP Draft — How to Create a Business Exit Strategy — A Gullah Geechee publication by Darryl E. Brown</p>,Gullah Geechee Biz,Book,"Gullah Geechee, Book, Books",TRUE,Format,eBook,ggb-manifest-5a21e6b,3.99,1,deny,manual,,active
kdp-draft-—-how-to-handle-criticism-gracefully,KDP Draft — How to Handle Criticism Gracefully,<p>KDP Draft — How to Handle Criticism Gracefully — A Gullah Geechee publication by Darryl E. Brown</p>,Gullah Geechee Biz,Book,"Gullah Geechee, Book, Books",TRUE,Format,eBook,ggb-manifest-b4bf8c2,3.99,1,deny,manual,,active
how-to-find-inner-peace,How to Find Inner Peace,<p>How to Find Inner Peace — A Gullah Geechee publication by Darryl E. Brown</p>,Gullah Geechee Biz,Book,"Gullah Geechee, Book, Books",TRUE,Format,eBook,ggb-manifest-2d1971b,3.99,1,deny,manual,,active
kdp-draft-—-how-to-master-social-media-marketing,KDP Draft — How to Master Social Media Marketing,<p>KDP Draft — How to Master Social Media Marketing — A Gullah Geechee publication by Darryl E. Brown</p>,Gullah Geechee Biz,Book,"Gullah Geechee, Book, Books",TRUE,Format,eBook,ggb-manifest-58ad42d,3.99,1,deny,manual,,active
gullah-geechee-community-commerce,Gullah Geechee Community Commerce,<p>Gullah Geechee Community Commerce — A Gullah Geechee publication by Darryl E. Brown</p>,Gullah Geechee Biz,Book,"Gullah Geechee, Book, Books",TRUE,Format,eBook,ggb-manifest-72cb41f,3.99,1,deny,manual,,active
how-to-build-healthy-relationships,How to Build Healthy Relationships,<p>How to Build Healthy Relationships — A Gullah Geechee publication by Darryl E. Brown</p>,Gullah Geechee Biz,Book,"Gullah Geechee, Book, Books",TRUE,Format,eBook,ggb-manifest-d9b981f,3.99,1,deny,manual,,active
how-to-bake-buttermilk-cornbread,How to Bake Buttermilk Cornbread,<p>How to Bake Buttermilk Cornbread — A Gullah Geechee publication by Darryl E. Brown</p>,Gullah Geechee Biz,Book,"Gullah Geechee, Book, Books",TRUE,Format,eBook,ggb-manifest-74a830c,3.99,1,deny,manual,,active
how-to-use-ai-in-your-business,How to Use AI in Your Business,<p>How to Use AI in Your Business — A Gullah Geechee publication by Darryl E. Brown</p>,Gullah Geechee Biz,Book,"Gullah Geechee, Book, Books",TRUE,Format,eBook,ggb-manifest-9de70b0,3.99,1,deny,manual,,active
gullah-geechee-comfort-food,Gullah Geechee Comfort Food,<p>Gullah Geechee Comfort Food — A Gullah Geechee publication by Darryl E. Brown</p>,Gullah Geechee Biz,Book,"Gullah Geechee, Book, Books",TRUE,Format,eBook,ggb-manifest-8a5ab55,3.99,1,deny,manual,,active
how-to-build-a-digital-product-empire,How to Build a Digital Product Empire,<p>How to Build a Digital Product Empire — A Gullah Geechee publication by Darryl E. Brown</p>,Gullah Geechee Biz,Book,"Gullah Geechee, Book, Books",TRUE,Format,eBook,ggb-manifest-2c57a1d,3.99,1,deny,manual,,active
kdp-draft-—-how-to-prepare-gullah-chicken-soup,KDP Draft — How to Prepare Gullah Chicken Soup,<p>KDP Draft — How to Prepare Gullah Chicken Soup — A Gullah Geechee publication by Darryl E. Brown</p>,Gullah Geechee Biz,Book,"Gullah Geechee, Book, Books",TRUE,Format,eBook,ggb-manifest-9528ac4,3.99,1,deny,manual,,active
gullah-geechee-job-creation,Gullah Geechee Job Creation,<p>Gullah Geechee Job Creation — A Gullah Geechee publication by Darryl E. Brown</p>,Gullah Geechee Biz,Book,"Gullah Geechee, Book, Books",TRUE,Format,eBook,ggb-manifest-7a590d6,3.99,1,deny,manual,,active
how-to-develop-emotional-intelligence,How to Develop Emotional Intelligence,<p>How to Develop Emotional Intelligence — A Gullah Geechee publication by Darryl E. Brown</p>,Gullah Geechee Biz,Book,"Gullah Geechee, Book, Books",TRUE,Format,eBook,ggb-manifest-8e6244f,3.99,1,deny,manual,,active
kdp-draft-—-how-to-develop-daily-discipline,KDP Draft — How to Develop Daily Discipline,<p>KDP Draft — How to Develop Daily Discipline — A Gullah Geechee publication by Darryl E. Brown</p>,Gullah Geechee Biz,Book,"Gullah Geechee, Book, Books",TRUE,Format,eBook,ggb-manifest-f3cbe75,3.99,1,deny,manual,,active
how-to-create-a-personal-mission-statement,How to Create a Personal Mission Statement,<p>How to Create a Personal Mission Statement — A Gullah Geechee publication by Darryl E. Brown</p>,Gullah Geechee Biz,Book,"Gullah Geechee, Book, Books",TRUE,Format,eBook,ggb-manifest-4e19dd9,3.99,1,deny,manual,,active
how-to-bake-buttermilk-cornbread,How to Bake Buttermilk Cornbread,<p>How to Bake Buttermilk Cornbread — A Gullah Geechee publication by Darryl E. Brown</p>,Gullah Geechee Biz,Book,"Gullah Geechee, Book, Books",TRUE,Format,eBook,ggb-manifest-3a491e0,3.99,1,deny,manual,,active
how-to-cook-perfect-gullah-red-rice,How to Cook Perfect Gullah Red Rice,<p>How to Cook Perfect Gullah Red Rice — A Gullah Geechee publication by Darryl E. Brown</p>,Gullah Geechee Biz,Book,"Gullah Geechee, Book, Books",TRUE,Format,eBook,ggb-manifest-8bb7603,3.99,1,deny,manual,,active
kdp-draft-—-how-to-create-a-sales-funnel,KDP Draft — How to Create a Sales Funnel,<p>KDP Draft — How to Create a Sales Funnel — A Gullah Geechee publication by Darryl E. Brown</p>,Gullah Geechee Biz,Book,"Gullah Geechee, Book, Books",TRUE,Format,eBook,ggb-manifest-94ef33d,3.99,1,deny,manual,,active
kdp-draft-—-how-to-network-like-a-pro,KDP Draft — How to Network Like a Pro,<p>KDP Draft — How to Network Like a Pro — A Gullah Geechee publication by Darryl E. Brown</p>,Gullah Geechee Biz,Book,"Gullah Geechee, Book, Books",TRUE,Format,eBook,ggb-manifest-eb92bd6,3.99,1,deny,manual,,active
how-to-prepare-okra-and-tomatoes,How to Prepare Okra and Tomatoes,<p>How to Prepare Okra and Tomatoes — A Gullah Geechee publication by Darryl E. Brown</p>,Gullah Geechee Biz,Book,"Gullah Geechee, Book, Books",TRUE,Format,eBook,ggb-manifest-168e676,3.99,1,deny,manual,,active
kdp-draft-—-how-to-create-a-referral-program,KDP Draft — How to Create a Referral Program,<p>KDP Draft — How to Create a Referral Program — A Gullah Geechee publication by Darryl E. Brown</p>,Gullah Geechee Biz,Book,"Gullah Geechee, Book, Books",TRUE,Format,eBook,ggb-manifest-5063b5e,3.99,1,deny,manual,,active
kdp-draft-—-how-to-make-rice-pudding,KDP Draft — How to Make Rice Pudding,<p>KDP Draft — How to Make Rice Pudding — A Gullah Geechee publication by Darryl E. Brown</p>,Gullah Geechee Biz,Book,"Gullah Geechee, Book, Books",TRUE,Format,eBook,ggb-manifest-e99bbdd,3.99,1,deny,manual,,active
how-to-build-a-community-around-your-brand,How to Build a Community Around Your Brand,<p>How to Build a Community Around Your Brand — A Gullah Geechee publication by Darryl E. Brown</p>,Gullah Geechee Biz,Book,"Gullah Geechee, Book, Books",TRUE,Format,eBook,ggb-manifest-635dad5,3.99,1,deny,manual,,active
how-to-make-rice-pudding,How to Make Rice Pudding,<p>How to Make Rice Pudding — A Gullah Geechee publication by Darryl E. Brown</p>,Gullah Geechee Biz,Book,"Gullah Geechee, Book, Books",TRUE,Format,eBook,ggb-manifest-7de24b2,3.99,1,deny,manual,,active
kdp-draft-—-how-to-cook-benne-chicken,KDP Draft — How to Cook Benne Chicken,<p>KDP Draft — How to Cook Benne Chicken — A Gullah Geechee publication by Darryl E. Brown</p>,Gullah Geechee Biz,Book,"Gullah Geechee, Book, Books",TRUE,Format,eBook,ggb-manifest-e99a333,3.99,1,deny,manual,,active
kdp-draft-—-how-to-create-a-customer-journey-map,KDP Draft — How to Create a Customer Journey Map,<p>KDP Draft — How to Create a Customer Journey Map — A Gullah Geechee publication by Darryl E. Brown</p>,Gullah Geechee Biz,Book,"Gullah Geechee, Book, Books",TRUE,Format,eBook,ggb-manifest-cde70da,3.99,1,deny,manual,,active
how-to-make-gullah-tea-cakes,How to Make Gullah Tea Cakes,<p>How to Make Gullah Tea Cakes — A Gullah Geechee publication by Darryl E. Brown</p>,Gullah Geechee Biz,Book,"Gullah Geechee, Book, Books",TRUE,Format,eBook,ggb-manifest-a88abc5,3.99,1,deny,manual,,active
how-to-practice-self-compassion,How to Practice Self-Compassion,<p>How to Practice Self-Compassion — A Gullah Geechee publication by Darryl E. Brown</p>,Gullah Geechee Biz,Book,"Gullah Geechee, Book, Books",TRUE,Format,eBook,ggb-manifest-f77255f,3.99,1,deny,manual,,active
how-to-overcome-fear-of-failure,How to Overcome Fear of Failure,<p>How to Overcome Fear of Failure — A Gullah Geechee publication by Darryl E. Brown</p>,Gullah Geechee Biz,Book,"Gullah Geechee, Book, Books",TRUE,Format,eBook,ggb-manifest-292732e,3.99,1,deny,manual,,active
how-to-make-pickled-shrimp,How to Make Pickled Shrimp,<p>How to Make Pickled Shrimp — A Gullah Geechee publication by Darryl E. Brown</p>,Gullah Geechee Biz,Book,"Gullah Geechee, Book, Books",TRUE,Format,eBook,ggb-manifest-ddfb94e,3.99,1,deny,manual,,active
how-to-cook-gullah-vegetables,How to Cook Gullah Vegetables,<p>How to Cook Gullah Vegetables — A Gullah Geechee publication by Darryl E. Brown</p>,Gullah Geechee Biz,Book,"Gullah Geechee, Book, Books",TRUE,Format,eBook,ggb-manifest-321aa73,3.99,1,deny,manual,,active
kdp-draft-—-gullah-geechee-camp-cooking,KDP Draft — Gullah Geechee Camp Cooking,<p>KDP Draft — Gullah Geechee Camp Cooking — A Gullah Geechee publication by Darryl E. Brown</p>,Gullah Geechee Biz,Book,"Gullah Geechee, Book, Books",TRUE,Format,eBook,ggb-manifest-c1a2295,3.99,1,deny,manual,,active
how-to-make-holiday-gullah-feasts,How to Make Holiday Gullah Feasts,<p>How to Make Holiday Gullah Feasts — A Gullah Geechee publication by Darryl E. Brown</p>,Gullah Geechee Biz,Book,"Gullah Geechee, Book, Books",TRUE,Format,eBook,ggb-manifest-622da65,3.99,1,deny,manual,,active
kdp-draft-—-how-to-make-sweetgrass-lemonade,KDP Draft — How to Make Sweetgrass Lemonade,<p>KDP Draft — How to Make Sweetgrass Lemonade — A Gullah Geechee publication by Darryl E. Brown</p>,Gullah Geechee Biz,Book,"Gullah Geechee, Book, Books",TRUE,Format,eBook,ggb-manifest-78aab67,3.99,1,deny,manual,,active
kdp-draft-—-how-to-handle-criticism-gracefully,KDP Draft — How to Handle Criticism Gracefully,<p>KDP Draft — How to Handle Criticism Gracefully — A Gullah Geechee publication by Darryl E. Brown</p>,Gullah Geechee Biz,Book,"Gullah Geechee, Book, Books",TRUE,Format,eBook,ggb-manifest-0efd6ab,3.99,1,deny,manual,,active
kdp-draft-—-how-to-master-your-morning-routine,KDP Draft — How to Master Your Morning Routine,<p>KDP Draft — How to Master Your Morning Routine — A Gullah Geechee publication by Darryl E. Brown</p>,Gullah Geechee Biz,Book,"Gullah Geechee, Book, Books",TRUE,Format,eBook,ggb-manifest-b6cb111,3.99,1,deny,manual,,active
how-to-make-pickled-shrimp,How to Make Pickled Shrimp,<p>How to Make Pickled Shrimp — A Gullah Geechee publication by Darryl E. Brown</p>,Gullah Geechee Biz,Book,"Gullah Geechee, Book, Books",TRUE,Format,eBook,ggb-manifest-4a3905e,3.99,1,deny,manual,,active
how-to-build-imagination,How to Build Imagination,<p>How to Build Imagination — A Gullah Geechee publication by Darryl E. Brown</p>,Gullah Geechee Biz,Book,"Gullah Geechee, Book, Books",TRUE,Format,eBook,ggb-manifest-ed939b4,3.99,1,deny,manual,,active
kdp-draft-—-gullah-geechee-community-commerce,KDP Draft — Gullah Geechee Community Commerce,<p>KDP Draft — Gullah Geechee Community Commerce — A Gullah Geechee publication by Darryl E. Brown</p>,Gullah Geechee Biz,Book,"Gullah Geechee, Book, Books",TRUE,Format,eBook,ggb-manifest-8f472a7,3.99,1,deny,manual,,active
encyclopedia-volume-03,Encyclopedia Volume 03,<p>Encyclopedia Volume 03 — A Gullah Geechee publication by Darryl E. Brown</p>,Gullah Geechee Biz,Book,"Gullah Geechee, Book, Books",TRUE,Format,eBook,ggb-manifest-37e40ad,3.99,1,deny,manual,,active
how-to-cook-gullah-seafood,How to Cook Gullah Seafood,<p>How to Cook Gullah Seafood — A Gullah Geechee publication by Darryl E. Brown</p>,Gullah Geechee Biz,Book,"Gullah Geechee, Book, Books",TRUE,Format,eBook,ggb-manifest-6d060e4,3.99,1,deny,manual,,active
kdp-draft-—-how-to-master-public-speaking,KDP Draft — How to Master Public Speaking,<p>KDP Draft — How to Master Public Speaking — A Gullah Geechee publication by Darryl E. Brown</p>,Gullah Geechee Biz,Book,"Gullah Geechee, Book, Books",TRUE,Format,eBook,ggb-manifest-65214a6,3.99,1,deny,manual,,active
kdp-draft-—-how-to-launch-an-online-course,KDP Draft — How to Launch an Online Course,<p>KDP Draft — How to Launch an Online Course — A Gullah Geechee publication by Darryl E. Brown</p>,Gullah Geechee Biz,Book,"Gullah Geechee, Book, Books",TRUE,Format,eBook,ggb-manifest-c562130,3.99,1,deny,manual,,active
how-to-master-business-storytelling,How to Master Business Storytelling,<p>How to Master Business Storytelling — A Gullah Geechee publication by Darryl E. Brown</p>,Gullah Geechee Biz,Book,"Gullah Geechee, Book, Books",TRUE,Format,eBook,ggb-manifest-320689b,3.99,1,deny,manual,,active
how-to-make-sweetgrass-lemonade,How to Make Sweetgrass Lemonade,<p>How to Make Sweetgrass Lemonade — A Gullah Geechee publication by Darryl E. Brown</p>,Gullah Geechee Biz,Book,"Gullah Geechee, Book, Books",TRUE,Format,eBook,ggb-manifest-cc7ce0c,3.99,1,deny,manual,,active
how-to-prepare-gullah-chicken-soup,How to Prepare Gullah Chicken Soup,<p>How to Prepare Gullah Chicken Soup — A Gullah Geechee publication by Darryl E. Brown</p>,Gullah Geechee Biz,Book,"Gullah Geechee, Book, Books",TRUE,Format,eBook,ggb-manifest-ee51415,3.99,1,deny,manual,,active
kdp-draft-—-how-to-create-a-product-launch-plan,KDP Draft — How to Create a Product Launch Plan,<p>KDP Draft — How to Create a Product Launch Plan — A Gullah Geechee publication by Darryl E. Brown</p>,Gullah Geechee Biz,Book,"Gullah Geechee, Book, Books",TRUE,Format,eBook,ggb-manifest-c651752,3.99,1,deny,manual,,active
how-to-cultivate-patience,How to Cultivate Patience,<p>How to Cultivate Patience — A Gullah Geechee publication by Darryl E. Brown</p>,Gullah Geechee Biz,Book,"Gullah Geechee, Book, Books",TRUE,Format,eBook,ggb-manifest-f12c2a7,3.99,1,deny,manual,,active
kdp-draft-—-how-to-master-social-media-marketing,KDP Draft — How to Master Social Media Marketing,<p>KDP Draft — How to Master Social Media Marketing — A Gullah Geechee publication by Darryl E. Brown</p>,Gullah Geechee Biz,Book,"Gullah Geechee, Book, Books",TRUE,Format,eBook,ggb-manifest-3c0b994,3.99,1,deny,manual,,active
kdp-draft-—-how-to-overcome-fear-of-failure,KDP Draft — How to Overcome Fear of Failure,<p>KDP Draft — How to Overcome Fear of Failure — A Gullah Geechee publication by Darryl E. Brown</p>,Gullah Geechee Biz,Book,"Gullah Geechee, Book, Books",TRUE,Format,eBook,ggb-manifest-c8927cb,3.99,1,deny,manual,,active
kdp-draft-—-how-to-make-holiday-gullah-feasts,KDP Draft — How to Make Holiday Gullah Feasts,<p>KDP Draft — How to Make Holiday Gullah Feasts — A Gullah Geechee publication by Darryl E. Brown</p>,Gullah Geechee Biz,Book,"Gullah Geechee, Book, Books",TRUE,Format,eBook,ggb-manifest-8620af1,3.99,1,deny,manual,,active
kdp-draft-—-how-to-master-cast-iron-cooking,KDP Draft — How to Master Cast Iron Cooking,<p>KDP Draft — How to Master Cast Iron Cooking — A Gullah Geechee publication by Darryl E. Brown</p>,Gullah Geechee Biz,Book,"Gullah Geechee, Book, Books",TRUE,Format,eBook,ggb-manifest-20ac212,3.99,1,deny,manual,,active
how-to-make-one-pot-gullah-meals,How to Make One-Pot Gullah Meals,<p>How to Make One-Pot Gullah Meals — A Gullah Geechee publication by Darryl E. Brown</p>,Gullah Geechee Biz,Book,"Gullah Geechee, Book, Books",TRUE,Format,eBook,ggb-manifest-9e711b9,3.99,1,deny,manual,,active
how-to-practice-self-compassion,How to Practice Self-Compassion,<p>How to Practice Self-Compassion — A Gullah Geechee publication by Darryl E. Brown</p>,Gullah Geechee Biz,Book,"Gullah Geechee, Book, Books",TRUE,Format,eBook,ggb-manifest-8a42116,3.99,1,deny,manual,,active
how-to-prepare-okra-and-tomatoes,How to Prepare Okra and Tomatoes,<p>How to Prepare Okra and Tomatoes — A Gullah Geechee publication by Darryl E. Brown</p>,Gullah Geechee Biz,Book,"Gullah Geechee, Book, Books",TRUE,Format,eBook,ggb-manifest-6418c18,3.99,1,deny,manual,,active
how-to-master-social-media-marketing,How to Master Social Media Marketing,<p>How to Master Social Media Marketing — A Gullah Geechee publication by Darryl E. Brown</p>,Gullah Geechee Biz,Book,"Gullah Geechee, Book, Books",TRUE,Format,eBook,ggb-manifest-8e303d1,3.99,1,deny,manual,,active
how-to-create-a-vision-board-that-works,How to Create a Vision Board That Works,<p>How to Create a Vision Board That Works — A Gullah Geechee publication by Darryl E. Brown</p>,Gullah Geechee Biz,Book,"Gullah Geechee, Book, Books",TRUE,Format,eBook,ggb-manifest-a586ee5,3.99,1,deny,manual,,active
how-to-make-authentic-shrimp-and-grits,How to Make Authentic Shrimp and Grits,<p>How to Make Authentic Shrimp and Grits — A Gullah Geechee publication by Darryl E. Brown</p>,Gullah Geechee Biz,Book,"Gullah Geechee, Book, Books",TRUE,Format,eBook,ggb-manifest-a1ed6f2,3.99,1,deny,manual,,active
kdp-draft-—-how-to-cook-gullah-seafood,KDP Draft — How to Cook Gullah Seafood,<p>KDP Draft — How to Cook Gullah Seafood — A Gullah Geechee publication by Darryl E. Brown</p>,Gullah Geechee Biz,Book,"Gullah Geechee, Book, Books",TRUE,Format,eBook,ggb-manifest-8f40a98,3.99,1,deny,manual,,active
the-gullah-geechee-guide-to-discipline,The Gullah Geechee Guide to Discipline,<p>The Gullah Geechee Guide to Discipline — A Gullah Geechee publication by Darryl E. Brown</p>,Gullah Geechee Biz,Book,"Gullah Geechee, Book, Books",TRUE,Format,eBook,ggb-manifest-9df00f7,3.99,1,deny,manual,,active
how-to-build-a-digital-product-empire,How to Build a Digital Product Empire,<p>How to Build a Digital Product Empire — A Gullah Geechee publication by Darryl E. Brown</p>,Gullah Geechee Biz,Book,"Gullah Geechee, Book, Books",TRUE,Format,eBook,ggb-manifest-945e1b4,3.99,1,deny,manual,,active
how-to-practice-mindful-living,How to Practice Mindful Living,<p>How to Practice Mindful Living — A Gullah Geechee publication by Darryl E. Brown</p>,Gullah Geechee Biz,Book,"Gullah Geechee, Book, Books",TRUE,Format,eBook,ggb-manifest-03420fe,3.99,1,deny,manual,,active
gullah-geechee-smoothies,Gullah Geechee Smoothies,<p>Gullah Geechee Smoothies — A Gullah Geechee publication by Darryl E. Brown</p>,Gullah Geechee Biz,Book,"Gullah Geechee, Book, Books",TRUE,Format,eBook,ggb-manifest-7821df4,3.99,1,deny,manual,,active
how-to-build-surrender,How to Build Surrender,<p>How to Build Surrender — A Gullah Geechee publication by Darryl E. Brown</p>,Gullah Geechee Biz,Book,"Gullah Geechee, Book, Books",TRUE,Format,eBook,ggb-manifest-8283db2,3.99,1,deny,manual,,active
how-to-create-a-business-exit-strategy,How to Create a Business Exit Strategy,<p>How to Create a Business Exit Strategy — A Gullah Geechee publication by Darryl E. Brown</p>,Gullah Geechee Biz,Book,"Gullah Geechee, Book, Books",TRUE,Format,eBook,ggb-manifest-fcb1678,3.99,1,deny,manual,,active
the-gullah-geechee-guide-to-determination,The Gullah Geechee Guide to Determination,<p>The Gullah Geechee Guide to Determination — A Gullah Geechee publication by Darryl E. Brown</p>,Gullah Geechee Biz,Book,"Gullah Geechee, Book, Books",TRUE,Format,eBook,ggb-manifest-bc23de1,3.99,1,deny,manual,,active
kdp-draft-—-how-to-cook-lowcountry-boil,KDP Draft — How to Cook Lowcountry Boil,<p>KDP Draft — How to Cook Lowcountry Boil — A Gullah Geechee publication by Darryl E. Brown</p>,Gullah Geechee Biz,Book,"Gullah Geechee, Book, Books",TRUE,Format,eBook,ggb-manifest-1bd669c,3.99,1,deny,manual,,active
kdp-draft-—-how-to-build-a-subscription-business,KDP Draft — How to Build a Subscription Business,<p>KDP Draft — How to Build a Subscription Business — A Gullah Geechee publication by Darryl E. Brown</p>,Gullah Geechee Biz,Book,"Gullah Geechee, Book, Books",TRUE,Format,eBook,ggb-manifest-0d5357e,3.99,1,deny,manual,,active
how-to-make-one-pot-gullah-meals,How to Make One-Pot Gullah Meals,<p>How to Make One-Pot Gullah Meals — A Gullah Geechee publication by Darryl E. Brown</p>,Gullah Geechee Biz,Book,"Gullah Geechee, Book, Books",TRUE,Format,eBook,ggb-manifest-0ca3177,3.99,1,deny,manual,,active
kdp-draft-—-how-to-build-a-digital-product-empire,KDP Draft — How to Build a Digital Product Empire,<p>KDP Draft — How to Build a Digital Product Empire — A Gullah Geechee publication by Darryl E. Brown</p>,Gullah Geechee Biz,Book,"Gullah Geechee, Book, Books",TRUE,Format,eBook,ggb-manifest-26b26c4,3.99,1,deny,manual,,active
how-to-build-customer-loyalty,How to Build Customer Loyalty,<p>How to Build Customer Loyalty — A Gullah Geechee publication by Darryl E. Brown</p>,Gullah Geechee Biz,Book,"Gullah Geechee, Book, Books",TRUE,Format,eBook,ggb-manifest-4729cfb,3.99,1,deny,manual,,active
kdp-draft-—-how-to-make-southern-cornbread-from-scratch,KDP Draft — How to Make Southern Cornbread from Scratch,<p>KDP Draft — How to Make Southern Cornbread from Scratch — A Gullah Geechee publication by Darryl E. Brown</p>,Gullah Geechee Biz,Book,"Gullah Geechee, Book, Books",TRUE,Format,eBook,ggb-manifest-6e8169f,3.99,1,deny,manual,,active
how-to-bake-buttermilk-cornbread,How to Bake Buttermilk Cornbread,<p>How to Bake Buttermilk Cornbread — A Gullah Geechee publication by Darryl E. Brown</p>,Gullah Geechee Biz,Book,"Gullah Geechee, Book, Books",TRUE,Format,eBook,ggb-manifest-30b48bd,3.99,1,deny,manual,,active
how-to-cook-collard-greens-the-right-way,How to Cook Collard Greens the Right Way,<p>How to Cook Collard Greens the Right Way — A Gullah Geechee publication by Darryl E. Brown</p>,Gullah Geechee Biz,Book,"Gullah Geechee, Book, Books",TRUE,Format,eBook,ggb-manifest-74f9c83,3.99,1,deny,manual,,active
how-to-find-inner-peace,How to Find Inner Peace,<p>How to Find Inner Peace — A Gullah Geechee publication by Darryl E. Brown</p>,Gullah Geechee Biz,Book,"Gullah Geechee, Book, Books",TRUE,Format,eBook,ggb-manifest-9a71f5a,3.99,1,deny,manual,,active
how-to-make-gullah-soups-and-stews,How to Make Gullah Soups and Stews,<p>How to Make Gullah Soups and Stews — A Gullah Geechee publication by Darryl E. Brown</p>,Gullah Geechee Biz,Book,"Gullah Geechee, Book, Books",TRUE,Format,eBook,ggb-manifest-eff7e63,3.99,1,deny,manual,,active
how-to-build-vision,How to Build Vision,<p>How to Build Vision — A Gullah Geechee publication by Darryl E. Brown</p>,Gullah Geechee Biz,Book,"Gullah Geechee, Book, Books",TRUE,Format,eBook,ggb-manifest-49e2ba7,3.99,1,deny,manual,,active
how-to-cook-benne-chicken,How to Cook Benne Chicken,<p>How to Cook Benne Chicken — A Gullah Geechee publication by Darryl E. Brown</p>,Gullah Geechee Biz,Book,"Gullah Geechee, Book, Books",TRUE,Format,eBook,ggb-manifest-a2e93f8,3.99,1,deny,manual,,active
how-to-build-a-freelance-career,How to Build a Freelance Career,<p>How to Build a Freelance Career — A Gullah Geechee publication by Darryl E. Brown</p>,Gullah Geechee Biz,Book,"Gullah Geechee, Book, Books",TRUE,Format,eBook,ggb-manifest-db0bdab,3.99,1,deny,manual,,active
kdp-draft-—-the-gullah-geechee-guide-to-unity,KDP Draft — The Gullah Geechee Guide to Unity,<p>KDP Draft — The Gullah Geechee Guide to Unity — A Gullah Geechee publication by Darryl E. Brown</p>,Gullah Geechee Biz,Book,"Gullah Geechee, Book, Books",TRUE,Format,eBook,ggb-manifest-9e50ceb,3.99,1,deny,manual,,active
how-to-make-gullah-sauces-and-seasonings,How to Make Gullah Sauces and Seasonings,<p>How to Make Gullah Sauces and Seasonings — A Gullah Geechee publication by Darryl E. Brown</p>,Gullah Geechee Biz,Book,"Gullah Geechee, Book, Books",TRUE,Format,eBook,ggb-manifest-491a2ce,3.99,1,deny,manual,,active
how-to-network-like-a-pro,How to Network Like a Pro,<p>How to Network Like a Pro — A Gullah Geechee publication by Darryl E. Brown</p>,Gullah Geechee Biz,Book,"Gullah Geechee, Book, Books",TRUE,Format,eBook,ggb-manifest-1065266,3.99,1,deny,manual,,active
kdp-draft-—-how-to-write-copy-that-sells,KDP Draft — How to Write Copy That Sells,<p>KDP Draft — How to Write Copy That Sells — A Gullah Geechee publication by Darryl E. Brown</p>,Gullah Geechee Biz,Book,"Gullah Geechee, Book, Books",TRUE,Format,eBook,ggb-manifest-ea0dca6,3.99,1,deny,manual,,active
kdp-draft-—-how-to-preserve-summer-vegetables,KDP Draft — How to Preserve Summer Vegetables,<p>KDP Draft — How to Preserve Summer Vegetables — A Gullah Geechee publication by Darryl E. Brown</p>,Gullah Geechee Biz,Book,"Gullah Geechee, Book, Books",TRUE,Format,eBook,ggb-manifest-61ff31b,3.99,1,deny,manual,,active
how-to-preserve-summer-vegetables,How to Preserve Summer Vegetables,<p>How to Preserve Summer Vegetables — A Gullah Geechee publication by Darryl E. Brown</p>,Gullah Geechee Biz,Book,"Gullah Geechee, Book, Books",TRUE,Format,eBook,ggb-manifest-d4050c5,3.99,1,deny,manual,,active
how-to-make-gullah-breads,How to Make Gullah Breads,<p>How to Make Gullah Breads — A Gullah Geechee publication by Darryl E. Brown</p>,Gullah Geechee Biz,Book,"Gullah Geechee, Book, Books",TRUE,Format,eBook,ggb-manifest-7ac7547,3.99,1,deny,manual,,active
kdp-draft-—-gullah-geechee-community-commerce,KDP Draft — Gullah Geechee Community Commerce,<p>KDP Draft — Gullah Geechee Community Commerce — A Gullah Geechee publication by Darryl E. Brown</p>,Gullah Geechee Biz,Book,"Gullah Geechee, Book, Books",TRUE,Format,eBook,ggb-manifest-4651942,3.99,1,deny,manual,,active
kdp-draft-—-how-to-cook-collard-greens-the-right-way,KDP Draft — How to Cook Collard Greens the Right Way,<p>KDP Draft — How to Cook Collard Greens the Right Way — A Gullah Geechee publication by Darryl E. Brown</p>,Gullah Geechee Biz,Book,"Gullah Geechee, Book, Books",TRUE,Format,eBook,ggb-manifest-1ac2ac9,3.99,1,deny,manual,,active
how-to-build-a-website-on-a-budget,How to Build a Website on a Budget,<p>How to Build a Website on a Budget — A Gullah Geechee publication by Darryl E. Brown</p>,Gullah Geechee Biz,Book,"Gullah Geechee, Book, Books",TRUE,Format,eBook,ggb-manifest-2757aea,3.99,1,deny,manual,,active
kdp-draft-—-how-to-make-gullah-sauces-and-seasonings,KDP Draft — How to Make Gullah Sauces and Seasonings,<p>KDP Draft — How to Make Gullah Sauces and Seasonings — A Gullah Geechee publication by Darryl E. Brown</p>,Gullah Geechee Biz,Book,"Gullah Geechee, Book, Books",TRUE,Format,eBook,ggb-manifest-bca9570,3.99,1,deny,manual,,active
how-to-develop-a-growth-mindset,How to Develop a Growth Mindset,<p>How to Develop a Growth Mindset — A Gullah Geechee publication by Darryl E. Brown</p>,Gullah Geechee Biz,Book,"Gullah Geechee, Book, Books",TRUE,Format,eBook,ggb-manifest-be63f93,3.99,1,deny,manual,,active
the-gullah-geechee-guide-to-unity,The Gullah Geechee Guide to Unity,<p>The Gullah Geechee Guide to Unity — A Gullah Geechee publication by Darryl E. Brown</p>,Gullah Geechee Biz,Book,"Gullah Geechee, Book, Books",TRUE,Format,eBook,ggb-manifest-7e3f060,3.99,1,deny,manual,,active
how-to-set-boundaries-that-stick,How to Set Boundaries That Stick,<p>How to Set Boundaries That Stick — A Gullah Geechee publication by Darryl E. Brown</p>,Gullah Geechee Biz,Book,"Gullah Geechee, Book, Books",TRUE,Format,eBook,ggb-manifest-ac20322,3.99,1,deny,manual,,active
how-to-create-a-business-plan,How to Create a Business Plan,<p>How to Create a Business Plan — A Gullah Geechee publication by Darryl E. Brown</p>,Gullah Geechee Biz,Book,"Gullah Geechee, Book, Books",TRUE,Format,eBook,ggb-manifest-b08dd00,3.99,1,deny,manual,,active
how-to-build-a-website-on-a-budget,How to Build a Website on a Budget,<p>How to Build a Website on a Budget — A Gullah Geechee publication by Darryl E. Brown</p>,Gullah Geechee Biz,Book,"Gullah Geechee, Book, Books",TRUE,Format,eBook,ggb-manifest-fdf7784,3.99,1,deny,manual,,active
how-to-price-your-products-or-services,How to Price Your Products or Services,<p>How to Price Your Products or Services — A Gullah Geechee publication by Darryl E. Brown</p>,Gullah Geechee Biz,Book,"Gullah Geechee, Book, Books",TRUE,Format,eBook,ggb-manifest-692ac24,3.99,1,deny,manual,,active
how-to-make-mac-and-cheese-the-southern-way,How to Make Mac and Cheese the Southern Way,<p>How to Make Mac and Cheese the Southern Way — A Gullah Geechee publication by Darryl E. Brown</p>,Gullah Geechee Biz,Book,"Gullah Geechee, Book, Books",TRUE,Format,eBook,ggb-manifest-f2467e1,3.99,1,deny,manual,,active
how-to-build-resilience-in-tough-times,How to Build Resilience in Tough Times,<p>How to Build Resilience in Tough Times — A Gullah Geechee publication by Darryl E. Brown</p>,Gullah Geechee Biz,Book,"Gullah Geechee, Book, Books",TRUE,Format,eBook,ggb-manifest-5cee8c2,3.99,1,deny,manual,,active
how-to-cultivate-daily-gratitude,How to Cultivate Daily Gratitude,<p>How to Cultivate Daily Gratitude — A Gullah Geechee publication by Darryl E. Brown</p>,Gullah Geechee Biz,Book,"Gullah Geechee, Book, Books",TRUE,Format,eBook,ggb-manifest-de064db,3.99,1,deny,manual,,active
how-to-practice-mindful-living,How to Practice Mindful Living,<p>How to Practice Mindful Living — A Gullah Geechee publication by Darryl E. Brown</p>,Gullah Geechee Biz,Book,"Gullah Geechee, Book, Books",TRUE,Format,eBook,ggb-manifest-7b684b9,3.99,1,deny,manual,,active
how-to-stop-people-pleasing,How to Stop People-Pleasing,<p>How to Stop People-Pleasing — A Gullah Geechee publication by Darryl E. Brown</p>,Gullah Geechee Biz,Book,"Gullah Geechee, Book, Books",TRUE,Format,eBook,ggb-manifest-fc47d97,3.99,1,deny,manual,,active
kdp-draft-—-how-to-master-your-morning-routine,KDP Draft — How to Master Your Morning Routine,<p>KDP Draft — How to Master Your Morning Routine — A Gullah Geechee publication by Darryl E. Brown</p>,Gullah Geechee Biz,Book,"Gullah Geechee, Book, Books",TRUE,Format,eBook,ggb-manifest-79cd0d6,3.99,1,deny,manual,,active
the-gullah-geechee-guide-to-harmony,The Gullah Geechee Guide to Harmony,<p>The Gullah Geechee Guide to Harmony — A Gullah Geechee publication by Darryl E. Brown</p>,Gullah Geechee Biz,Book,"Gullah Geechee, Book, Books",TRUE,Format,eBook,ggb-manifest-c2f5f53,3.99,1,deny,manual,,active
kdp-draft-—-gullah-geechee-condiments,KDP Draft — Gullah Geechee Condiments,<p>KDP Draft — Gullah Geechee Condiments — A Gullah Geechee publication by Darryl E. Brown</p>,Gullah Geechee Biz,Book,"Gullah Geechee, Book, Books",TRUE,Format,eBook,ggb-manifest-29392b9,3.99,1,deny,manual,,active
how-to-build-simplicity,How to Build Simplicity,<p>How to Build Simplicity — A Gullah Geechee publication by Darryl E. Brown</p>,Gullah Geechee Biz,Book,"Gullah Geechee, Book, Books",TRUE,Format,eBook,ggb-manifest-f591d24,3.99,1,deny,manual,,active
how-to-network-like-a-pro,How to Network Like a Pro,<p>How to Network Like a Pro — A Gullah Geechee publication by Darryl E. Brown</p>,Gullah Geechee Biz,Book,"Gullah Geechee, Book, Books",TRUE,Format,eBook,ggb-manifest-6cdcbeb,3.99,1,deny,manual,,active
kdp-draft-—-how-to-make-rice-pudding,KDP Draft — How to Make Rice Pudding,<p>KDP Draft — How to Make Rice Pudding — A Gullah Geechee publication by Darryl E. Brown</p>,Gullah Geechee Biz,Book,"Gullah Geechee, Book, Books",TRUE,Format,eBook,ggb-manifest-3055cb3,3.99,1,deny,manual,,active
how-to-build-customer-loyalty,How to Build Customer Loyalty,<p>How to Build Customer Loyalty — A Gullah Geechee publication by Darryl E. Brown</p>,Gullah Geechee Biz,Book,"Gullah Geechee, Book, Books",TRUE,Format,eBook,ggb-manifest-9966c9f,3.99,1,deny,manual,,active
how-to-build-resilience-in-tough-times,How to Build Resilience in Tough Times,<p>How to Build Resilience in Tough Times — A Gullah Geechee publication by Darryl E. Brown</p>,Gullah Geechee Biz,Book,"Gullah Geechee, Book, Books",TRUE,Format,eBook,ggb-manifest-90bee1c,3.99,1,deny,manual,,active
how-to-master-linkedin-for-business,How to Master LinkedIn for Business,<p>How to Master LinkedIn for Business — A Gullah Geechee publication by Darryl E. Brown</p>,Gullah Geechee Biz,Book,"Gullah Geechee, Book, Books",TRUE,Format,eBook,ggb-manifest-0e188f7,3.99,1,deny,manual,,active
kdp-draft-—-how-to-practice-self-compassion,KDP Draft — How to Practice Self-Compassion,<p>KDP Draft — How to Practice Self-Compassion — A Gullah Geechee publication by Darryl E. Brown</p>,Gullah Geechee Biz,Book,"Gullah Geechee, Book, Books",TRUE,Format,eBook,ggb-manifest-f060edd,3.99,1,deny,manual,,active
how-to-cook-gullah-vegetables,How to Cook Gullah Vegetables,<p>How to Cook Gullah Vegetables — A Gullah Geechee publication by Darryl E. Brown</p>,Gullah Geechee Biz,Book,"Gullah Geechee, Book, Books",TRUE,Format,eBook,ggb-manifest-e5ad23a,3.99,1,deny,manual,,active
how-to-make-benne-wafers,How to Make Benne Wafers,<p>How to Make Benne Wafers — A Gullah Geechee publication by Darryl E. Brown</p>,Gullah Geechee Biz,Book,"Gullah Geechee, Book, Books",TRUE,Format,eBook,ggb-manifest-d79ec39,3.99,1,deny,manual,,active
how-to-make-boiled-peanuts,How to Make Boiled Peanuts,<p>How to Make Boiled Peanuts — A Gullah Geechee publication by Darryl E. Brown</p>,Gullah Geechee Biz,Book,"Gullah Geechee, Book, Books",TRUE,Format,eBook,ggb-manifest-a48f771,3.99,1,deny,manual,,active
how-to-create-a-brand-style-guide,How to Create a Brand Style Guide,<p>How to Create a Brand Style Guide — A Gullah Geechee publication by Darryl E. Brown</p>,Gullah Geechee Biz,Book,"Gullah Geechee, Book, Books",TRUE,Format,eBook,ggb-manifest-0f5d5ad,3.99,1,deny,manual,,active
how-to-overcome-imposter-syndrome,How to Overcome Imposter Syndrome,<p>How to Overcome Imposter Syndrome — A Gullah Geechee publication by Darryl E. Brown</p>,Gullah Geechee Biz,Book,"Gullah Geechee, Book, Books",TRUE,Format,eBook,ggb-manifest-480f583,3.99,1,deny,manual,,active
kdp-draft-—-how-to-build-a-personal-brand,KDP Draft — How to Build a Personal Brand,<p>KDP Draft — How to Build a Personal Brand — A Gullah Geechee publication by Darryl E. Brown</p>,Gullah Geechee Biz,Book,"Gullah Geechee, Book, Books",TRUE,Format,eBook,ggb-manifest-383a25a,3.99,1,deny,manual,,active
kdp-draft-—-how-to-make-pickled-shrimp,KDP Draft — How to Make Pickled Shrimp,<p>KDP Draft — How to Make Pickled Shrimp — A Gullah Geechee publication by Darryl E. Brown</p>,Gullah Geechee Biz,Book,"Gullah Geechee, Book, Books",TRUE,Format,eBook,ggb-manifest-a7fce59,3.99,1,deny,manual,,active
kdp-draft-—-how-to-fry-the-perfect-fish,KDP Draft — How to Fry the Perfect Fish,<p>KDP Draft — How to Fry the Perfect Fish — A Gullah Geechee publication by Darryl E. Brown</p>,Gullah Geechee Biz,Book,"Gullah Geechee, Book, Books",TRUE,Format,eBook,ggb-manifest-9e9ffa7,3.99,1,deny,manual,,active
kdp-draft-—-how-to-manage-business-finances,KDP Draft — How to Manage Business Finances,<p>KDP Draft — How to Manage Business Finances — A Gullah Geechee publication by Darryl E. Brown</p>,Gullah Geechee Biz,Book,"Gullah Geechee, Book, Books",TRUE,Format,eBook,ggb-manifest-2cf86a7,3.99,1,deny,manual,,active
how-to-manage-anxiety-naturally,How to Manage Anxiety Naturally,<p>How to Manage Anxiety Naturally — A Gullah Geechee publication by Darryl E. Brown</p>,Gullah Geechee Biz,Book,"Gullah Geechee, Book, Books",TRUE,Format,eBook,ggb-manifest-627ad61,3.99,1,deny,manual,,active
kdp-draft-—-how-to-prepare-gullah-side-dishes,KDP Draft — How to Prepare Gullah Side Dishes,<p>KDP Draft — How to Prepare Gullah Side Dishes — A Gullah Geechee publication by Darryl E. Brown</p>,Gullah Geechee Biz,Book,"Gullah Geechee, Book, Books",TRUE,Format,eBook,ggb-manifest-8fa9ff7,3.99,1,deny,manual,,active
kdp-draft-—-how-to-make-gullah-breads,KDP Draft — How to Make Gullah Breads,<p>KDP Draft — How to Make Gullah Breads — A Gullah Geechee publication by Darryl E. Brown</p>,Gullah Geechee Biz,Book,"Gullah Geechee, Book, Books",TRUE,Format,eBook,ggb-manifest-8b66563,3.99,1,deny,manual,,active
how-to-cook-benne-chicken,How to Cook Benne Chicken,<p>How to Cook Benne Chicken — A Gullah Geechee publication by Darryl E. Brown</p>,Gullah Geechee Biz,Book,"Gullah Geechee, Book, Books",TRUE,Format,eBook,ggb-manifest-102fc1a,3.99,1,deny,manual,,active
how-to-build-customer-loyalty,How to Build Customer Loyalty,<p>How to Build Customer Loyalty — A Gullah Geechee publication by Darryl E. Brown</p>,Gullah Geechee Biz,Book,"Gullah Geechee, Book, Books",TRUE,Format,eBook,ggb-manifest-c15ef88,3.99,1,deny,manual,,active
how-to-cook-gullah-seafood,How to Cook Gullah Seafood,<p>How to Cook Gullah Seafood — A Gullah Geechee publication by Darryl E. Brown</p>,Gullah Geechee Biz,Book,"Gullah Geechee, Book, Books",TRUE,Format,eBook,ggb-manifest-6d3a2a4,3.99,1,deny,manual,,active
how-to-build-a-personal-brand,How to Build a Personal Brand,<p>How to Build a Personal Brand — A Gullah Geechee publication by Darryl E. Brown</p>,Gullah Geechee Biz,Book,"Gullah Geechee, Book, Books",TRUE,Format,eBook,ggb-manifest-6d5306a,3.99,1,deny,manual,,active
how-to-cultivate-daily-gratitude,How to Cultivate Daily Gratitude,<p>How to Cultivate Daily Gratitude — A Gullah Geechee publication by Darryl E. Brown</p>,Gullah Geechee Biz,Book,"Gullah Geechee, Book, Books",TRUE,Format,eBook,ggb-manifest-3de2765,3.99,1,deny,manual,,active
kdp-draft-—-how-to-build-a-website-on-a-budget,KDP Draft — How to Build a Website on a Budget,<p>KDP Draft — How to Build a Website on a Budget — A Gullah Geechee publication by Darryl E. Brown</p>,Gullah Geechee Biz,Book,"Gullah Geechee, Book, Books",TRUE,Format,eBook,ggb-manifest-bb20d2d,3.99,1,deny,manual,,active
kdp-draft-—-how-to-find-inner-peace,KDP Draft — How to Find Inner Peace,<p>KDP Draft — How to Find Inner Peace — A Gullah Geechee publication by Darryl E. Brown</p>,Gullah Geechee Biz,Book,"Gullah Geechee, Book, Books",TRUE,Format,eBook,ggb-manifest-e8374ad,3.99,1,deny,manual,,active
kdp-draft-—-gullah-geechee-condiments,KDP Draft — Gullah Geechee Condiments,<p>KDP Draft — Gullah Geechee Condiments — A Gullah Geechee publication by Darryl E. Brown</p>,Gullah Geechee Biz,Book,"Gullah Geechee, Book, Books",TRUE,Format,eBook,ggb-manifest-e1845c6,3.99,1,deny,manual,,active
kdp-draft-—-how-to-negotiate-better-deals,KDP Draft — How to Negotiate Better Deals,<p>KDP Draft — How to Negotiate Better Deals — A Gullah Geechee publication by Darryl E. Brown</p>,Gullah Geechee Biz,Book,"Gullah Geechee, Book, Books",TRUE,Format,eBook,ggb-manifest-5128f17,3.99,1,deny,manual,,active
kdp-draft-—-how-to-cook-with-seasonal-lowcountry-ingredients,KDP Draft — How to Cook with Seasonal Lowcountry Ingredients,<p>KDP Draft — How to Cook with Seasonal Lowcountry Ingredients — A Gullah Geechee publication by Darryl E. Brown</p>,Gullah Geechee Biz,Book,"Gullah Geechee, Book, Books",TRUE,Format,eBook,ggb-manifest-2a26cb6,3.99,1,deny,manual,,active
kdp-draft-—-how-to-build-a-remote-team,KDP Draft — How to Build a Remote Team,<p>KDP Draft — How to Build a Remote Team — A Gullah Geechee publication by Darryl E. Brown</p>,Gullah Geechee Biz,Book,"Gullah Geechee, Book, Books",TRUE,Format,eBook,ggb-manifest-ba60dca,3.99,1,deny,manual,,active
kdp-draft-—-how-to-make-pickled-shrimp,KDP Draft — How to Make Pickled Shrimp,<p>KDP Draft — How to Make Pickled Shrimp — A Gullah Geechee publication by Darryl E. Brown</p>,Gullah Geechee Biz,Book,"Gullah Geechee, Book, Books",TRUE,Format,eBook,ggb-manifest-088a28f,3.99,1,deny,manual,,active
kdp-draft-—-how-to-make-gullah-potato-salad,KDP Draft — How to Make Gullah Potato Salad,<p>KDP Draft — How to Make Gullah Potato Salad — A Gullah Geechee publication by Darryl E. Brown</p>,Gullah Geechee Biz,Book,"Gullah Geechee, Book, Books",TRUE,Format,eBook,ggb-manifest-bbfc6e9,3.99,1,deny,manual,,active
how-to-cook-gullah-cabbage,How to Cook Gullah Cabbage,<p>How to Cook Gullah Cabbage — A Gullah Geechee publication by Darryl E. Brown</p>,Gullah Geechee Biz,Book,"Gullah Geechee, Book, Books",TRUE,Format,eBook,ggb-manifest-2a83538,3.99,1,deny,manual,,active
how-to-cook-benne-chicken,How to Cook Benne Chicken,<p>How to Cook Benne Chicken — A Gullah Geechee publication by Darryl E. Brown</p>,Gullah Geechee Biz,Book,"Gullah Geechee, Book, Books",TRUE,Format,eBook,ggb-manifest-dfb382d,3.99,1,deny,manual,,active
the-gullah-geechee-guide-to-harmony,The Gullah Geechee Guide to Harmony,<p>The Gullah Geechee Guide to Harmony — A Gullah Geechee publication by Darryl E. Brown</p>,Gullah Geechee Biz,Book,"Gullah Geechee, Book, Books",TRUE,Format,eBook,ggb-manifest-3cf4a95,3.99,1,deny,manual,,active
how-to-stop-people-pleasing,How to Stop People-Pleasing,<p>How to Stop People-Pleasing — A Gullah Geechee publication by Darryl E. Brown</p>,Gullah Geechee Biz,Book,"Gullah Geechee, Book, Books",TRUE,Format,eBook,ggb-manifest-709f130,3.99,1,deny,manual,,active
kdp-draft-—-how-to-build-strategic-partnerships,KDP Draft — How to Build Strategic Partnerships,<p>KDP Draft — How to Build Strategic Partnerships — A Gullah Geechee publication by Darryl E. Brown</p>,Gullah Geechee Biz,Book,"Gullah Geechee, Book, Books",TRUE,Format,eBook,ggb-manifest-80fb28b,3.99,1,deny,manual,,active
kdp-draft-—-how-to-bake-gullah-desserts,KDP Draft — How to Bake Gullah Desserts,<p>KDP Draft — How to Bake Gullah Desserts — A Gullah Geechee publication by Darryl E. Brown</p>,Gullah Geechee Biz,Book,"Gullah Geechee, Book, Books",TRUE,Format,eBook,ggb-manifest-d9f8eba,3.99,1,deny,manual,,active
kdp-draft-—-gullah-geechee-camp-cooking,KDP Draft — Gullah Geechee Camp Cooking,<p>KDP Draft — Gullah Geechee Camp Cooking — A Gullah Geechee publication by Darryl E. Brown</p>,Gullah Geechee Biz,Book,"Gullah Geechee, Book, Books",TRUE,Format,eBook,ggb-manifest-06ef66c,3.99,1,deny,manual,,active
how-to-make-hoppin-john-for-new-years,How to Make Hoppin' John for New Year's,<p>How to Make Hoppin' John for New Year's — A Gullah Geechee publication by Darryl E. Brown</p>,Gullah Geechee Biz,Book,"Gullah Geechee, Book, Books",TRUE,Format,eBook,ggb-manifest-cc3a18d,3.99,1,deny,manual,,active
kdp-draft-—-how-to-create-a-marketing-funnel,KDP Draft — How to Create a Marketing Funnel,<p>KDP Draft — How to Create a Marketing Funnel — A Gullah Geechee publication by Darryl E. Brown</p>,Gullah Geechee Biz,Book,"Gullah Geechee, Book, Books",TRUE,Format,eBook,ggb-manifest-2cf12fd,3.99,1,deny,manual,,active
kdp-draft-—-how-to-price-your-products-or-services,KDP Draft — How to Price Your Products or Services,<p>KDP Draft — How to Price Your Products or Services — A Gullah Geechee publication by Darryl E. Brown</p>,Gullah Geechee Biz,Book,"Gullah Geechee, Book, Books",TRUE,Format,eBook,ggb-manifest-2a8bf0b,3.99,1,deny,manual,,active
kdp-draft-—-how-to-use-ai-in-your-business,KDP Draft — How to Use AI in Your Business,<p>KDP Draft — How to Use AI in Your Business — A Gullah Geechee publication by Darryl E. Brown</p>,Gullah Geechee Biz,Book,"Gullah Geechee, Book, Books",TRUE,Format,eBook,ggb-manifest-af61f32,3.99,1,deny,manual,,active
how-to-write-copy-that-sells,How to Write Copy That Sells,<p>How to Write Copy That Sells — A Gullah Geechee publication by Darryl E. Brown</p>,Gullah Geechee Biz,Book,"Gullah Geechee, Book, Books",TRUE,Format,eBook,ggb-manifest-ca801ee,3.99,1,deny,manual,,active
kdp-draft-—-how-to-cook-gullah-seafood,KDP Draft — How to Cook Gullah Seafood,<p>KDP Draft — How to Cook Gullah Seafood — A Gullah Geechee publication by Darryl E. Brown</p>,Gullah Geechee Biz,Book,"Gullah Geechee, Book, Books",TRUE,Format,eBook,ggb-manifest-46fd2a8,3.99,1,deny,manual,,active
how-to-master-email-marketing,How to Master Email Marketing,<p>How to Master Email Marketing — A Gullah Geechee publication by Darryl E. Brown</p>,Gullah Geechee Biz,Book,"Gullah Geechee, Book, Books",TRUE,Format,eBook,ggb-manifest-979a115,3.99,1,deny,manual,,active
kdp-draft-—-how-to-live-with-intention,KDP Draft — How to Live with Intention,<p>KDP Draft — How to Live with Intention — A Gullah Geechee publication by Darryl E. Brown</p>,Gullah Geechee Biz,Book,"Gullah Geechee, Book, Books",TRUE,Format,eBook,ggb-manifest-21dc072,3.99,1,deny,manual,,active
kdp-draft-—-how-to-embrace-your-authentic-self,KDP Draft — How to Embrace Your Authentic Self,<p>KDP Draft — How to Embrace Your Authentic Self — A Gullah Geechee publication by Darryl E. Brown</p>,Gullah Geechee Biz,Book,"Gullah Geechee, Book, Books",TRUE,Format,eBook,ggb-manifest-078e666,3.99,1,deny,manual,,active
gullah-geechee-camp-cooking,Gullah Geechee Camp Cooking,<p>Gullah Geechee Camp Cooking — A Gullah Geechee publication by Darryl E. Brown</p>,Gullah Geechee Biz,Book,"Gullah Geechee, Book, Books",TRUE,Format,eBook,ggb-manifest-9f0e5b7,3.99,1,deny,manual,,active
gullah-geechee-biz-tv-spot,Gullah Geechee Biz TV Spot,<p>Gullah Geechee Biz TV Spot — A Gullah Geechee publication by Darryl E. Brown</p>,Gullah Geechee Biz,Book,"Gullah Geechee, Book, Books",TRUE,Format,eBook,ggb-manifest-408f67a,3.99,1,deny,manual,,active
how-to-create-a-referral-program,How to Create a Referral Program,<p>How to Create a Referral Program — A Gullah Geechee publication by Darryl E. Brown</p>,Gullah Geechee Biz,Book,"Gullah Geechee, Book, Books",TRUE,Format,eBook,ggb-manifest-e6b0252,3.99,1,deny,manual,,active
kdp-draft-—-how-to-build-healthy-relationships,KDP Draft — How to Build Healthy Relationships,<p>KDP Draft — How to Build Healthy Relationships — A Gullah Geechee publication by Darryl E. Brown</p>,Gullah Geechee Biz,Book,"Gullah Geechee, Book, Books",TRUE,Format,eBook,ggb-manifest-c3d625b,3.99,1,deny,manual,,active
how-to-overcome-fear-of-failure,How to Overcome Fear of Failure,<p>How to Overcome Fear of Failure — A Gullah Geechee publication by Darryl E. Brown</p>,Gullah Geechee Biz,Book,"Gullah Geechee, Book, Books",TRUE,Format,eBook,ggb-manifest-3225af5,3.99,1,deny,manual,,active
how-to-practice-radical-self-care,How to Practice Radical Self-Care,<p>How to Practice Radical Self-Care — A Gullah Geechee publication by Darryl E. Brown</p>,Gullah Geechee Biz,Book,"Gullah Geechee, Book, Books",TRUE,Format,eBook,ggb-manifest-b0217e9,3.99,1,deny,manual,,active
kdp-draft-—-how-to-cook-gullah-vegetables,KDP Draft — How to Cook Gullah Vegetables,<p>KDP Draft — How to Cook Gullah Vegetables — A Gullah Geechee publication by Darryl E. Brown</p>,Gullah Geechee Biz,Book,"Gullah Geechee, Book, Books",TRUE,Format,eBook,ggb-manifest-baa9e1d,3.99,1,deny,manual,,active
kdp-draft-—-how-to-navigate-life-transitions,KDP Draft — How to Navigate Life Transitions,<p>KDP Draft — How to Navigate Life Transitions — A Gullah Geechee publication by Darryl E. Brown</p>,Gullah Geechee Biz,Book,"Gullah Geechee, Book, Books",TRUE,Format,eBook,ggb-manifest-b043218,3.99,1,deny,manual,,active
how-to-master-public-speaking,How to Master Public Speaking,<p>How to Master Public Speaking — A Gullah Geechee publication by Darryl E. Brown</p>,Gullah Geechee Biz,Book,"Gullah Geechee, Book, Books",TRUE,Format,eBook,ggb-manifest-71bc8ee,3.99,1,deny,manual,,active
gullah-geechee-camp-cooking,Gullah Geechee Camp Cooking,<p>Gullah Geechee Camp Cooking — A Gullah Geechee publication by Darryl E. Brown</p>,Gullah Geechee Biz,Book,"Gullah Geechee, Book, Books",TRUE,Format,eBook,ggb-manifest-93d3212,3.99,1,deny,manual,,active
how-to-cook-collard-greens-the-right-way,How to Cook Collard Greens the Right Way,<p>How to Cook Collard Greens the Right Way — A Gullah Geechee publication by Darryl E. Brown</p>,Gullah Geechee Biz,Book,"Gullah Geechee, Book, Books",TRUE,Format,eBook,ggb-manifest-2d11575,3.99,1,deny,manual,,active
kdp-draft-—-how-to-write-a-winning-grant-proposal,KDP Draft — How to Write a Winning Grant Proposal,<p>KDP Draft — How to Write a Winning Grant Proposal — A Gullah Geechee publication by Darryl E. Brown</p>,Gullah Geechee Biz,Book,"Gullah Geechee, Book, Books",TRUE,Format,eBook,ggb-manifest-c1d5d83,3.99,1,deny,manual,,active
how-to-make-gullah-potato-salad,How to Make Gullah Potato Salad,<p>How to Make Gullah Potato Salad — A Gullah Geechee publication by Darryl E. Brown</p>,Gullah Geechee Biz,Book,"Gullah Geechee, Book, Books",TRUE,Format,eBook,ggb-manifest-2bbb48b,3.99,1,deny,manual,,active
how-to-manage-business-finances,How to Manage Business Finances,<p>How to Manage Business Finances — A Gullah Geechee publication by Darryl E. Brown</p>,Gullah Geechee Biz,Book,"Gullah Geechee, Book, Books",TRUE,Format,eBook,ggb-manifest-54fb1d1,3.99,1,deny,manual,,active
kdp-draft-—-how-to-create-a-brand-style-guide,KDP Draft — How to Create a Brand Style Guide,<p>KDP Draft — How to Create a Brand Style Guide — A Gullah Geechee publication by Darryl E. Brown</p>,Gullah Geechee Biz,Book,"Gullah Geechee, Book, Books",TRUE,Format,eBook,ggb-manifest-0c1545c,3.99,1,deny,manual,,active
kdp-draft-—-how-to-cook-benne-chicken,KDP Draft — How to Cook Benne Chicken,<p>KDP Draft — How to Cook Benne Chicken — A Gullah Geechee publication by Darryl E. Brown</p>,Gullah Geechee Biz,Book,"Gullah Geechee, Book, Books",TRUE,Format,eBook,ggb-manifest-2281de6,3.99,1,deny,manual,,active
kdp-draft-—-how-to-prepare-gullah-side-dishes,KDP Draft — How to Prepare Gullah Side Dishes,<p>KDP Draft — How to Prepare Gullah Side Dishes — A Gullah Geechee publication by Darryl E. Brown</p>,Gullah Geechee Biz,Book,"Gullah Geechee, Book, Books",TRUE,Format,eBook,ggb-manifest-f9368d5,3.99,1,deny,manual,,active
how-to-make-gullah-breads,How to Make Gullah Breads,<p>How to Make Gullah Breads — A Gullah Geechee publication by Darryl E. Brown</p>,Gullah Geechee Biz,Book,"Gullah Geechee, Book, Books",TRUE,Format,eBook,ggb-manifest-deb9d49,3.99,1,deny,manual,,active
kdp-draft-—-how-to-master-cast-iron-cooking,KDP Draft — How to Master Cast Iron Cooking,<p>KDP Draft — How to Master Cast Iron Cooking — A Gullah Geechee publication by Darryl E. Brown</p>,Gullah Geechee Biz,Book,"Gullah Geechee, Book, Books",TRUE,Format,eBook,ggb-manifest-1947810,3.99,1,deny,manual,,active
kdp-draft-—-how-to-manage-business-finances,KDP Draft — How to Manage Business Finances,<p>KDP Draft — How to Manage Business Finances — A Gullah Geechee publication by Darryl E. Brown</p>,Gullah Geechee Biz,Book,"Gullah Geechee, Book, Books",TRUE,Format,eBook,ggb-manifest-d9708f7,3.99,1,deny,manual,,active
how-to-build-mental-toughness,How to Build Mental Toughness,<p>How to Build Mental Toughness — A Gullah Geechee publication by Darryl E. Brown</p>,Gullah Geechee Biz,Book,"Gullah Geechee, Book, Books",TRUE,Format,eBook,ggb-manifest-cd7b22e,3.99,1,deny,manual,,active
how-to-practice-radical-self-care,How to Practice Radical Self-Care,<p>How to Practice Radical Self-Care — A Gullah Geechee publication by Darryl E. Brown</p>,Gullah Geechee Biz,Book,"Gullah Geechee, Book, Books",TRUE,Format,eBook,ggb-manifest-e2ef3f8,3.99,1,deny,manual,,active
kdp-draft-—-how-to-make-mac-and-cheese-the-southern-way,KDP Draft — How to Make Mac and Cheese the Southern Way,<p>KDP Draft — How to Make Mac and Cheese the Southern Way — A Gullah Geechee publication by Darryl E. Brown</p>,Gullah Geechee Biz,Book,"Gullah Geechee, Book, Books",TRUE,Format,eBook,ggb-manifest-3ff83d2,3.99,1,deny,manual,,active
the-gullah-geechee-guide-to-yearning,The Gullah Geechee Guide to Yearning,<p>The Gullah Geechee Guide to Yearning — A Gullah Geechee publication by Darryl E. Brown</p>,Gullah Geechee Biz,Book,"Gullah Geechee, Book, Books",TRUE,Format,eBook,ggb-manifest-59269f4,3.99,1,deny,manual,,active
how-to-create-a-product-launch-plan,How to Create a Product Launch Plan,<p>How to Create a Product Launch Plan — A Gullah Geechee publication by Darryl E. Brown</p>,Gullah Geechee Biz,Book,"Gullah Geechee, Book, Books",TRUE,Format,eBook,ggb-manifest-2a55f3e,3.99,1,deny,manual,,active
how-to-build-a-website-on-a-budget,How to Build a Website on a Budget,<p>How to Build a Website on a Budget — A Gullah Geechee publication by Darryl E. Brown</p>,Gullah Geechee Biz,Book,"Gullah Geechee, Book, Books",TRUE,Format,eBook,ggb-manifest-e3c8f93,3.99,1,deny,manual,,active
how-to-handle-criticism-gracefully,How to Handle Criticism Gracefully,<p>How to Handle Criticism Gracefully — A Gullah Geechee publication by Darryl E. Brown</p>,Gullah Geechee Biz,Book,"Gullah Geechee, Book, Books",TRUE,Format,eBook,ggb-manifest-82736e8,3.99,1,deny,manual,,active
how-to-handle-criticism-gracefully,How to Handle Criticism Gracefully,<p>How to Handle Criticism Gracefully — A Gullah Geechee publication by Darryl E. Brown</p>,Gullah Geechee Biz,Book,"Gullah Geechee, Book, Books",TRUE,Format,eBook,ggb-manifest-195b9fe,3.99,1,deny,manual,,active
how-to-preserve-summer-vegetables,How to Preserve Summer Vegetables,<p>How to Preserve Summer Vegetables — A Gullah Geechee publication by Darryl E. Brown</p>,Gullah Geechee Biz,Book,"Gullah Geechee, Book, Books",TRUE,Format,eBook,ggb-manifest-5e0edeb,3.99,1,deny,manual,,active
gullah-geechee-microenterprise,Gullah Geechee Microenterprise,<p>Gullah Geechee Microenterprise — A Gullah Geechee publication by Darryl E. Brown</p>,Gullah Geechee Biz,Book,"Gullah Geechee, Book, Books",TRUE,Format,eBook,ggb-manifest-a3518b2,3.99,1,deny,manual,,active
how-to-build-vulnerability,How to Build Vulnerability,<p>How to Build Vulnerability — A Gullah Geechee publication by Darryl E. Brown</p>,Gullah Geechee Biz,Book,"Gullah Geechee, Book, Books",TRUE,Format,eBook,ggb-manifest-09e531c,3.99,1,deny,manual,,active
how-to-prepare-gullah-chicken-soup,How to Prepare Gullah Chicken Soup,<p>How to Prepare Gullah Chicken Soup — A Gullah Geechee publication by Darryl E. Brown</p>,Gullah Geechee Biz,Book,"Gullah Geechee, Book, Books",TRUE,Format,eBook,ggb-manifest-c413028,3.99,1,deny,manual,,active
gullah-geechee-smoothies,Gullah Geechee Smoothies,<p>Gullah Geechee Smoothies — A Gullah Geechee publication by Darryl E. Brown</p>,Gullah Geechee Biz,Book,"Gullah Geechee, Book, Books",TRUE,Format,eBook,ggb-manifest-8d3daf2,3.99,1,deny,manual,,active
how-to-make-southern-cornbread-from-scratch,How to Make Southern Cornbread from Scratch,<p>How to Make Southern Cornbread from Scratch — A Gullah Geechee publication by Darryl E. Brown</p>,Gullah Geechee Biz,Book,"Gullah Geechee, Book, Books",TRUE,Format,eBook,ggb-manifest-5f842a9,3.99,1,deny,manual,,active
how-to-fry-the-perfect-fish,How to Fry the Perfect Fish,<p>How to Fry the Perfect Fish — A Gullah Geechee publication by Darryl E. Brown</p>,Gullah Geechee Biz,Book,"Gullah Geechee, Book, Books",TRUE,Format,eBook,ggb-manifest-a31130f,3.99,1,deny,manual,,active
kdp-draft-—-how-to-build-unshakeable-confidence,KDP Draft — How to Build Unshakeable Confidence,<p>KDP Draft — How to Build Unshakeable Confidence — A Gullah Geechee publication by Darryl E. Brown</p>,Gullah Geechee Biz,Book,"Gullah Geechee, Book, Books",TRUE,Format,eBook,ggb-manifest-1ce8d88,3.99,1,deny,manual,,active
kdp-draft-—-how-to-cook-collard-greens-the-right-way,KDP Draft — How to Cook Collard Greens the Right Way,<p>KDP Draft — How to Cook Collard Greens the Right Way — A Gullah Geechee publication by Darryl E. Brown</p>,Gullah Geechee Biz,Book,"Gullah Geechee, Book, Books",TRUE,Format,eBook,ggb-manifest-d815d83,3.99,1,deny,manual,,active
kdp-draft-—-the-gullah-geechee-guide-to-discipline,KDP Draft — The Gullah Geechee Guide to Discipline,<p>KDP Draft — The Gullah Geechee Guide to Discipline — A Gullah Geechee publication by Darryl E. Brown</p>,Gullah Geechee Biz,Book,"Gullah Geechee, Book, Books",TRUE,Format,eBook,ggb-manifest-48d956f,3.99,1,deny,manual,,active
kdp-draft-—-how-to-set-boundaries-that-stick,KDP Draft — How to Set Boundaries That Stick,<p>KDP Draft — How to Set Boundaries That Stick — A Gullah Geechee publication by Darryl E. Brown</p>,Gullah Geechee Biz,Book,"Gullah Geechee, Book, Books",TRUE,Format,eBook,ggb-manifest-2490377,3.99,1,deny,manual,,active
how-to-build-strategic-partnerships,How to Build Strategic Partnerships,<p>How to Build Strategic Partnerships — A Gullah Geechee publication by Darryl E. Brown</p>,Gullah Geechee Biz,Book,"Gullah Geechee, Book, Books",TRUE,Format,eBook,ggb-manifest-22c99f5,3.99,1,deny,manual,,active
kdp-draft-—-how-to-build-resilience-in-tough-times,KDP Draft — How to Build Resilience in Tough Times,<p>KDP Draft — How to Build Resilience in Tough Times — A Gullah Geechee publication by Darryl E. Brown</p>,Gullah Geechee Biz,Book,"Gullah Geechee, Book, Books",TRUE,Format,eBook,ggb-manifest-57b1947,3.99,1,deny,manual,,active
how-to-price-your-products-or-services,How to Price Your Products or Services,<p>How to Price Your Products or Services — A Gullah Geechee publication by Darryl E. Brown</p>,Gullah Geechee Biz,Book,"Gullah Geechee, Book, Books",TRUE,Format,eBook,ggb-manifest-031a405,3.99,1,deny,manual,,active
how-to-cook-perfect-gullah-red-rice,How to Cook Perfect Gullah Red Rice,<p>How to Cook Perfect Gullah Red Rice — A Gullah Geechee publication by Darryl E. Brown</p>,Gullah Geechee Biz,Book,"Gullah Geechee, Book, Books",TRUE,Format,eBook,ggb-manifest-aa7068f,3.99,1,deny,manual,,active
how-to-build-healthy-relationships,How to Build Healthy Relationships,<p>How to Build Healthy Relationships — A Gullah Geechee publication by Darryl E. Brown</p>,Gullah Geechee Biz,Book,"Gullah Geechee, Book, Books",TRUE,Format,eBook,ggb-manifest-2bb8608,3.99,1,deny,manual,,active
how-to-cook-gullah-cabbage,How to Cook Gullah Cabbage,<p>How to Cook Gullah Cabbage — A Gullah Geechee publication by Darryl E. Brown</p>,Gullah Geechee Biz,Book,"Gullah Geechee, Book, Books",TRUE,Format,eBook,ggb-manifest-9fff171,3.99,1,deny,manual,,active
encyclopedia-volume-01,Encyclopedia Volume 01,<p>Encyclopedia Volume 01 — A Gullah Geechee publication by Darryl E. Brown</p>,Gullah Geechee Biz,Book,"Gullah Geechee, Book, Books",TRUE,Format,eBook,ggb-manifest-65ab226,3.99,1,deny,manual,,active
kdp-draft-—-how-to-practice-radical-self-care,KDP Draft — How to Practice Radical Self-Care,<p>KDP Draft — How to Practice Radical Self-Care — A Gullah Geechee publication by Darryl E. Brown</p>,Gullah Geechee Biz,Book,"Gullah Geechee, Book, Books",TRUE,Format,eBook,ggb-manifest-7d2759f,3.99,1,deny,manual,,active
kdp-draft-—-how-to-create-a-customer-journey-map,KDP Draft — How to Create a Customer Journey Map,<p>KDP Draft — How to Create a Customer Journey Map — A Gullah Geechee publication by Darryl E. Brown</p>,Gullah Geechee Biz,Book,"Gullah Geechee, Book, Books",TRUE,Format,eBook,ggb-manifest-2149a83,3.99,1,deny,manual,,active
how-to-build-a-personal-brand,How to Build a Personal Brand,<p>How to Build a Personal Brand — A Gullah Geechee publication by Darryl E. Brown</p>,Gullah Geechee Biz,Book,"Gullah Geechee, Book, Books",TRUE,Format,eBook,ggb-manifest-82e842f,3.99,1,deny,manual,,active
kdp-draft-—-how-to-manage-anxiety-naturally,KDP Draft — How to Manage Anxiety Naturally,<p>KDP Draft — How to Manage Anxiety Naturally — A Gullah Geechee publication by Darryl E. Brown</p>,Gullah Geechee Biz,Book,"Gullah Geechee, Book, Books",TRUE,Format,eBook,ggb-manifest-d5494f7,3.99,1,deny,manual,,active
kdp-draft-—-how-to-build-a-remote-team,KDP Draft — How to Build a Remote Team,<p>KDP Draft — How to Build a Remote Team — A Gullah Geechee publication by Darryl E. Brown</p>,Gullah Geechee Biz,Book,"Gullah Geechee, Book, Books",TRUE,Format,eBook,ggb-manifest-f0b7d59,3.99,1,deny,manual,,active
how-to-find-inner-peace,How to Find Inner Peace,<p>How to Find Inner Peace — A Gullah Geechee publication by Darryl E. Brown</p>,Gullah Geechee Biz,Book,"Gullah Geechee, Book, Books",TRUE,Format,eBook,ggb-manifest-9782beb,3.99,1,deny,manual,,active
kdp-draft-—-how-to-manage-anxiety-naturally,KDP Draft — How to Manage Anxiety Naturally,<p>KDP Draft — How to Manage Anxiety Naturally — A Gullah Geechee publication by Darryl E. Brown</p>,Gullah Geechee Biz,Book,"Gullah Geechee, Book, Books",TRUE,Format,eBook,ggb-manifest-5a75f46,3.99,1,deny,manual,,active
encyclopedia-volume-05,Encyclopedia Volume 05,<p>Encyclopedia Volume 05 — A Gullah Geechee publication by Darryl E. Brown</p>,Gullah Geechee Biz,Book,"Gullah Geechee, Book, Books",TRUE,Format,eBook,ggb-manifest-436dc1a,3.99,1,deny,manual,,active
how-to-negotiate-better-deals,How to Negotiate Better Deals,<p>How to Negotiate Better Deals — A Gullah Geechee publication by Darryl E. Brown</p>,Gullah Geechee Biz,Book,"Gullah Geechee, Book, Books",TRUE,Format,eBook,ggb-manifest-58a5815,3.99,1,deny,manual,,active
how-to-build-an-email-list-from-scratch,How to Build an Email List from Scratch,<p>How to Build an Email List from Scratch — A Gullah Geechee publication by Darryl E. Brown</p>,Gullah Geechee Biz,Book,"Gullah Geechee, Book, Books",TRUE,Format,eBook,ggb-manifest-c00a2a5,3.99,1,deny,manual,,active
kdp-draft-—-how-to-make-gullah-breakfast,KDP Draft — How to Make Gullah Breakfast,<p>KDP Draft — How to Make Gullah Breakfast — A Gullah Geechee publication by Darryl E. Brown</p>,Gullah Geechee Biz,Book,"Gullah Geechee, Book, Books",TRUE,Format,eBook,ggb-manifest-56be45f,3.99,1,deny,manual,,active
how-to-make-mac-and-cheese-the-southern-way,How to Make Mac and Cheese the Southern Way,<p>How to Make Mac and Cheese the Southern Way — A Gullah Geechee publication by Darryl E. Brown</p>,Gullah Geechee Biz,Book,"Gullah Geechee, Book, Books",TRUE,Format,eBook,ggb-manifest-bbf54da,3.99,1,deny,manual,,active
kdp-draft-—-how-to-build-an-email-list-from-scratch,KDP Draft — How to Build an Email List from Scratch,<p>KDP Draft — How to Build an Email List from Scratch — A Gullah Geechee publication by Darryl E. Brown</p>,Gullah Geechee Biz,Book,"Gullah Geechee, Book, Books",TRUE,Format,eBook,ggb-manifest-405fba0,3.99,1,deny,manual,,active
how-to-navigate-life-transitions,How to Navigate Life Transitions,<p>How to Navigate Life Transitions — A Gullah Geechee publication by Darryl E. Brown</p>,Gullah Geechee Biz,Book,"Gullah Geechee, Book, Books",TRUE,Format,eBook,ggb-manifest-b772e58,3.99,1,deny,manual,,active
kdp-draft-—-how-to-build-customer-loyalty,KDP Draft — How to Build Customer Loyalty,<p>KDP Draft — How to Build Customer Loyalty — A Gullah Geechee publication by Darryl E. Brown</p>,Gullah Geechee Biz,Book,"Gullah Geechee, Book, Books",TRUE,Format,eBook,ggb-manifest-88419b0,3.99,1,deny,manual,,active
kdp-draft-—-how-to-start-a-side-hustle,KDP Draft — How to Start a Side Hustle,<p>KDP Draft — How to Start a Side Hustle — A Gullah Geechee publication by Darryl E. Brown</p>,Gullah Geechee Biz,Book,"Gullah Geechee, Book, Books",TRUE,Format,eBook,ggb-manifest-04adeb7,3.99,1,deny,manual,,active
how-to-cook-lowcountry-boil,How to Cook Lowcountry Boil,<p>How to Cook Lowcountry Boil — A Gullah Geechee publication by Darryl E. Brown</p>,Gullah Geechee Biz,Book,"Gullah Geechee, Book, Books",TRUE,Format,eBook,ggb-manifest-426c1fb,3.99,1,deny,manual,,active
how-to-cook-with-seasonal-lowcountry-ingredients,How to Cook with Seasonal Lowcountry Ingredients,<p>How to Cook with Seasonal Lowcountry Ingredients — A Gullah Geechee publication by Darryl E. Brown</p>,Gullah Geechee Biz,Book,"Gullah Geechee, Book, Books",TRUE,Format,eBook,ggb-manifest-eb64d71,3.99,1,deny,manual,,active
how-to-develop-a-growth-mindset,How to Develop a Growth Mindset,<p>How to Develop a Growth Mindset — A Gullah Geechee publication by Darryl E. Brown</p>,Gullah Geechee Biz,Book,"Gullah Geechee, Book, Books",TRUE,Format,eBook,ggb-manifest-2161768,3.99,1,deny,manual,,active
kdp-draft-—-how-to-navigate-life-transitions,KDP Draft — How to Navigate Life Transitions,<p>KDP Draft — How to Navigate Life Transitions — A Gullah Geechee publication by Darryl E. Brown</p>,Gullah Geechee Biz,Book,"Gullah Geechee, Book, Books",TRUE,Format,eBook,ggb-manifest-fa3d705,3.99,1,deny,manual,,active
kdp-draft-—-how-to-make-boiled-peanuts,KDP Draft — How to Make Boiled Peanuts,<p>KDP Draft — How to Make Boiled Peanuts — A Gullah Geechee publication by Darryl E. Brown</p>,Gullah Geechee Biz,Book,"Gullah Geechee, Book, Books",TRUE,Format,eBook,ggb-manifest-f312564,3.99,1,deny,manual,,active
kdp-draft-—-how-to-stay-motivated-every-day,KDP Draft — How to Stay Motivated Every Day,<p>KDP Draft — How to Stay Motivated Every Day — A Gullah Geechee publication by Darryl E. Brown</p>,Gullah Geechee Biz,Book,"Gullah Geechee, Book, Books",TRUE,Format,eBook,ggb-manifest-565a8ee,3.99,1,deny,manual,,active
how-to-master-public-speaking,How to Master Public Speaking,<p>How to Master Public Speaking — A Gullah Geechee publication by Darryl E. Brown</p>,Gullah Geechee Biz,Book,"Gullah Geechee, Book, Books",TRUE,Format,eBook,ggb-manifest-4ec0f72,3.99,1,deny,manual,,active
how-to-create-a-content-strategy,How to Create a Content Strategy,<p>How to Create a Content Strategy — A Gullah Geechee publication by Darryl E. Brown</p>,Gullah Geechee Biz,Book,"Gullah Geechee, Book, Books",TRUE,Format,eBook,ggb-manifest-2c8f198,3.99,1,deny,manual,,active
kdp-draft-—-how-to-build-mental-toughness,KDP Draft — How to Build Mental Toughness,<p>KDP Draft — How to Build Mental Toughness — A Gullah Geechee publication by Darryl E. Brown</p>,Gullah Geechee Biz,Book,"Gullah Geechee, Book, Books",TRUE,Format,eBook,ggb-manifest-ee9688c,3.99,1,deny,manual,,active
kdp-draft-—-how-to-make-gullah-potato-salad,KDP Draft — How to Make Gullah Potato Salad,<p>KDP Draft — How to Make Gullah Potato Salad — A Gullah Geechee publication by Darryl E. Brown</p>,Gullah Geechee Biz,Book,"Gullah Geechee, Book, Books",TRUE,Format,eBook,ggb-manifest-c610a3d,3.99,1,deny,manual,,active
kdp-draft-—-how-to-make-gullah-breads,KDP Draft — How to Make Gullah Breads,<p>KDP Draft — How to Make Gullah Breads — A Gullah Geechee publication by Darryl E. Brown</p>,Gullah Geechee Biz,Book,"Gullah Geechee, Book, Books",TRUE,Format,eBook,ggb-manifest-5be3f7c,3.99,1,deny,manual,,active
how-to-build-confidence,How to Build Confidence,<p>How to Build Confidence — A Gullah Geechee publication by Darryl E. Brown</p>,Gullah Geechee Biz,Book,"Gullah Geechee, Book, Books",TRUE,Format,eBook,ggb-manifest-38cd4e3,3.99,1,deny,manual,,active
gullah-geechee-meal-prep,Gullah Geechee Meal Prep,<p>Gullah Geechee Meal Prep — A Gullah Geechee publication by Darryl E. Brown</p>,Gullah Geechee Biz,Book,"Gullah Geechee, Book, Books",TRUE,Format,eBook,ggb-manifest-535946d,3.99,1,deny,manual,,active
how-to-develop-emotional-intelligence,How to Develop Emotional Intelligence,<p>How to Develop Emotional Intelligence — A Gullah Geechee publication by Darryl E. Brown</p>,Gullah Geechee Biz,Book,"Gullah Geechee, Book, Books",TRUE,Format,eBook,ggb-manifest-9f188f3,3.99,1,deny,manual,,active
the-gullah-geechee-guide-to-wisdom,The Gullah Geechee Guide to Wisdom,<p>The Gullah Geechee Guide to Wisdom — A Gullah Geechee publication by Darryl E. Brown</p>,Gullah Geechee Biz,Book,"Gullah Geechee, Book, Books",TRUE,Format,eBook,ggb-manifest-db889e7,3.99,1,deny,manual,,active
kdp-draft-—-how-to-master-linkedin-for-business,KDP Draft — How to Master LinkedIn for Business,<p>KDP Draft — How to Master LinkedIn for Business — A Gullah Geechee publication by Darryl E. Brown</p>,Gullah Geechee Biz,Book,"Gullah Geechee, Book, Books",TRUE,Format,eBook,ggb-manifest-74a8701,3.99,1,deny,manual,,active
how-to-create-a-vision-board-that-works,How to Create a Vision Board That Works,<p>How to Create a Vision Board That Works — A Gullah Geechee publication by Darryl E. Brown</p>,Gullah Geechee Biz,Book,"Gullah Geechee, Book, Books",TRUE,Format,eBook,ggb-manifest-f2c92f9,3.99,1,deny,manual,,active
lowcountry-tourism,Lowcountry Tourism,<p>Lowcountry Tourism — A Gullah Geechee publication by Darryl E. Brown</p>,Gullah Geechee Biz,Book,"Gullah Geechee, Book, Books",TRUE,Format,eBook,ggb-manifest-6ec516d,3.99,1,deny,manual,,active
kdp-draft-—-how-to-manage-your-time-effectively,KDP Draft — How to Manage Your Time Effectively,<p>KDP Draft — How to Manage Your Time Effectively — A Gullah Geechee publication by Darryl E. Brown</p>,Gullah Geechee Biz,Book,"Gullah Geechee, Book, Books",TRUE,Format,eBook,ggb-manifest-0ac0b15,3.99,1,deny,manual,,active
how-to-create-a-referral-program,How to Create a Referral Program,<p>How to Create a Referral Program — A Gullah Geechee publication by Darryl E. Brown</p>,Gullah Geechee Biz,Book,"Gullah Geechee, Book, Books",TRUE,Format,eBook,ggb-manifest-d8e0029,3.99,1,deny,manual,,active
how-to-create-a-marketing-funnel,How to Create a Marketing Funnel,<p>How to Create a Marketing Funnel — A Gullah Geechee publication by Darryl E. Brown</p>,Gullah Geechee Biz,Book,"Gullah Geechee, Book, Books",TRUE,Format,eBook,ggb-manifest-bd12f6f,3.99,1,deny,manual,,active
kdp-draft-—-how-to-master-linkedin-for-business,KDP Draft — How to Master LinkedIn for Business,<p>KDP Draft — How to Master LinkedIn for Business — A Gullah Geechee publication by Darryl E. Brown</p>,Gullah Geechee Biz,Book,"Gullah Geechee, Book, Books",TRUE,Format,eBook,ggb-manifest-6b2ca4a,3.99,1,deny,manual,,active
kdp-draft-—-how-to-launch-an-online-course,KDP Draft — How to Launch an Online Course,<p>KDP Draft — How to Launch an Online Course — A Gullah Geechee publication by Darryl E. Brown</p>,Gullah Geechee Biz,Book,"Gullah Geechee, Book, Books",TRUE,Format,eBook,ggb-manifest-897346b,3.99,1,deny,manual,,active
how-to-master-email-marketing,How to Master Email Marketing,<p>How to Master Email Marketing — A Gullah Geechee publication by Darryl E. Brown</p>,Gullah Geechee Biz,Book,"Gullah Geechee, Book, Books",TRUE,Format,eBook,ggb-manifest-d4cd4f3,3.99,1,deny,manual,,active
how-to-create-a-product-launch-plan,How to Create a Product Launch Plan,<p>How to Create a Product Launch Plan — A Gullah Geechee publication by Darryl E. Brown</p>,Gullah Geechee Biz,Book,"Gullah Geechee, Book, Books",TRUE,Format,eBook,ggb-manifest-0ea4da1,3.99,1,deny,manual,,active
how-to-launch-an-online-course,How to Launch an Online Course,<p>How to Launch an Online Course — A Gullah Geechee publication by Darryl E. Brown</p>,Gullah Geechee Biz,Book,"Gullah Geechee, Book, Books",TRUE,Format,eBook,ggb-manifest-492072c,3.99,1,deny,manual,,active
kdp-draft-—-how-to-build-mental-toughness,KDP Draft — How to Build Mental Toughness,<p>KDP Draft — How to Build Mental Toughness — A Gullah Geechee publication by Darryl E. Brown</p>,Gullah Geechee Biz,Book,"Gullah Geechee, Book, Books",TRUE,Format,eBook,ggb-manifest-d352c66,3.99,1,deny,manual,,active
kdp-draft-—-how-to-break-bad-habits-forever,KDP Draft — How to Break Bad Habits Forever,<p>KDP Draft — How to Break Bad Habits Forever — A Gullah Geechee publication by Darryl E. Brown</p>,Gullah Geechee Biz,Book,"Gullah Geechee, Book, Books",TRUE,Format,eBook,ggb-manifest-4b5e85c,3.99,1,deny,manual,,active
how-to-let-go-of-perfectionism,How to Let Go of Perfectionism,<p>How to Let Go of Perfectionism — A Gullah Geechee publication by Darryl E. Brown</p>,Gullah Geechee Biz,Book,"Gullah Geechee, Book, Books",TRUE,Format,eBook,ggb-manifest-56be485,3.99,1,deny,manual,,active
encyclopedia-volume-01,Encyclopedia Volume 01,<p>Encyclopedia Volume 01 — A Gullah Geechee publication by Darryl E. Brown</p>,Gullah Geechee Biz,Book,"Gullah Geechee, Book, Books",TRUE,Format,eBook,ggb-manifest-dea290c,3.99,1,deny,manual,,active
how-to-manage-your-time-effectively,How to Manage Your Time Effectively,<p>How to Manage Your Time Effectively — A Gullah Geechee publication by Darryl E. Brown</p>,Gullah Geechee Biz,Book,"Gullah Geechee, Book, Books",TRUE,Format,eBook,ggb-manifest-a060684,3.99,1,deny,manual,,active
how-to-make-holiday-gullah-feasts,How to Make Holiday Gullah Feasts,<p>How to Make Holiday Gullah Feasts — A Gullah Geechee publication by Darryl E. Brown</p>,Gullah Geechee Biz,Book,"Gullah Geechee, Book, Books",TRUE,Format,eBook,ggb-manifest-e84c274,3.99,1,deny,manual,,active
how-to-bake-sweet-potato-pie,How to Bake Sweet Potato Pie,<p>How to Bake Sweet Potato Pie — A Gullah Geechee publication by Darryl E. Brown</p>,Gullah Geechee Biz,Book,"Gullah Geechee, Book, Books",TRUE,Format,eBook,ggb-manifest-74d5e34,3.99,1,deny,manual,,active
how-to-create-a-marketing-funnel,How to Create a Marketing Funnel,<p>How to Create a Marketing Funnel — A Gullah Geechee publication by Darryl E. Brown</p>,Gullah Geechee Biz,Book,"Gullah Geechee, Book, Books",TRUE,Format,eBook,ggb-manifest-1609f37,3.99,1,deny,manual,,active
kdp-draft-—-how-to-prepare-okra-and-tomatoes,KDP Draft — How to Prepare Okra and Tomatoes,<p>KDP Draft — How to Prepare Okra and Tomatoes — A Gullah Geechee publication by Darryl E. Brown</p>,Gullah Geechee Biz,Book,"Gullah Geechee, Book, Books",TRUE,Format,eBook,ggb-manifest-80bd9de,3.99,1,deny,manual,,active
how-to-cook-gullah-cabbage,How to Cook Gullah Cabbage,<p>How to Cook Gullah Cabbage — A Gullah Geechee publication by Darryl E. Brown</p>,Gullah Geechee Biz,Book,"Gullah Geechee, Book, Books",TRUE,Format,eBook,ggb-manifest-aefc2a9,3.99,1,deny,manual,,active
how-to-write-a-winning-grant-proposal,How to Write a Winning Grant Proposal,<p>How to Write a Winning Grant Proposal — A Gullah Geechee publication by Darryl E. Brown</p>,Gullah Geechee Biz,Book,"Gullah Geechee, Book, Books",TRUE,Format,eBook,ggb-manifest-01579bd,3.99,1,deny,manual,,active
sweetgrass-in-the-hands,Sweetgrass in the Hands,<p>Sweetgrass in the Hands — A Gullah Geechee publication by Darryl E. Brown</p>,Gullah Geechee Biz,Book,"Gullah Geechee, Book, Books",TRUE,Format,eBook,ggb-manifest-ffde56a,3.99,1,deny,manual,,active
encyclopedia-volume-01,Encyclopedia Volume 01,<p>Encyclopedia Volume 01 — A Gullah Geechee publication by Darryl E. Brown</p>,Gullah Geechee Biz,Book,"Gullah Geechee, Book, Books",TRUE,Format,eBook,ggb-manifest-dbed700,3.99,1,deny,manual,,active
the-sea-islands-story,The Sea Islands Story,<p>The Sea Islands Story — A Gullah Geechee publication by Darryl E. Brown</p>,Gullah Geechee Biz,Book,"Gullah Geechee, Book, Books",TRUE,Format,eBook,ggb-manifest-8dc4a16,3.99,1,deny,manual,,active
batch-001-how-to-find-your-purpose,Batch 001 How To Find Your Purpose,<p>Batch 001 How To Find Your Purpose — A Gullah Geechee publication by Darryl E. Brown</p>,Gullah Geechee Biz,Book,"Gullah Geechee, Book, Books",TRUE,Format,eBook,ggb-manifest-batch-0,3.99,1,deny,manual,,active
batch-002-how-to-build-unshakeable-confidence,Batch 002 How To Build Unshakeable Confidence,<p>Batch 002 How To Build Unshakeable Confidence — A Gullah Geechee publication by Darryl E. Brown</p>,Gullah Geechee Biz,Book,"Gullah Geechee, Book, Books",TRUE,Format,eBook,ggb-manifest-batch-0,3.99,1,deny,manual,,active
batch-003-how-to-master-your-morning-routine,Batch 003 How To Master Your Morning Routine,<p>Batch 003 How To Master Your Morning Routine — A Gullah Geechee publication by Darryl E. Brown</p>,Gullah Geechee Biz,Book,"Gullah Geechee, Book, Books",TRUE,Format,eBook,ggb-manifest-batch-0,3.99,1,deny,manual,,active
batch-004-how-to-overcome-imposter-syndrome,Batch 004 How To Overcome Imposter Syndrome,<p>Batch 004 How To Overcome Imposter Syndrome — A Gullah Geechee publication by Darryl E. Brown</p>,Gullah Geechee Biz,Book,"Gullah Geechee, Book, Books",TRUE,Format,eBook,ggb-manifest-batch-0,3.99,1,deny,manual,,active
batch-005-how-to-practice-radical-self-care,Batch 005 How To Practice Radical Self Care,<p>Batch 005 How To Practice Radical Self Care — A Gullah Geechee publication by Darryl E. Brown</p>,Gullah Geechee Biz,Book,"Gullah Geechee, Book, Books",TRUE,Format,eBook,ggb-manifest-batch-0,3.99,1,deny,manual,,active
batch-006-how-to-set-boundaries-that-stick,Batch 006 How To Set Boundaries That Stick,<p>Batch 006 How To Set Boundaries That Stick — A Gullah Geechee publication by Darryl E. Brown</p>,Gullah Geechee Biz,Book,"Gullah Geechee, Book, Books",TRUE,Format,eBook,ggb-manifest-batch-0,3.99,1,deny,manual,,active
batch-007-how-to-break-bad-habits-forever,Batch 007 How To Break Bad Habits Forever,<p>Batch 007 How To Break Bad Habits Forever — A Gullah Geechee publication by Darryl E. Brown</p>,Gullah Geechee Biz,Book,"Gullah Geechee, Book, Books",TRUE,Format,eBook,ggb-manifest-batch-0,3.99,1,deny,manual,,active
batch-008-how-to-cultivate-daily-gratitude,Batch 008 How To Cultivate Daily Gratitude,<p>Batch 008 How To Cultivate Daily Gratitude — A Gullah Geechee publication by Darryl E. Brown</p>,Gullah Geechee Biz,Book,"Gullah Geechee, Book, Books",TRUE,Format,eBook,ggb-manifest-batch-0,3.99,1,deny,manual,,active
batch-009-how-to-manage-anxiety-naturally,Batch 009 How To Manage Anxiety Naturally,<p>Batch 009 How To Manage Anxiety Naturally — A Gullah Geechee publication by Darryl E. Brown</p>,Gullah Geechee Biz,Book,"Gullah Geechee, Book, Books",TRUE,Format,eBook,ggb-manifest-batch-0,3.99,1,deny,manual,,active
batch-010-how-to-develop-emotional-intelligence,Batch 010 How To Develop Emotional Intelligence,<p>Batch 010 How To Develop Emotional Intelligence — A Gullah Geechee publication by Darryl E. Brown</p>,Gullah Geechee Biz,Book,"Gullah Geechee, Book, Books",TRUE,Format,eBook,ggb-manifest-batch-0,3.99,1,deny,manual,,active
batch-011-how-to-forgive-yourself-and-move-on,Batch 011 How To Forgive Yourself And Move On,<p>Batch 011 How To Forgive Yourself And Move On — A Gullah Geechee publication by Darryl E. Brown</p>,Gullah Geechee Biz,Book,"Gullah Geechee, Book, Books",TRUE,Format,eBook,ggb-manifest-batch-0,3.99,1,deny,manual,,active
batch-012-how-to-stay-motivated-every-day,Batch 012 How To Stay Motivated Every Day,<p>Batch 012 How To Stay Motivated Every Day — A Gullah Geechee publication by Darryl E. Brown</p>,Gullah Geechee Biz,Book,"Gullah Geechee, Book, Books",TRUE,Format,eBook,ggb-manifest-batch-0,3.99,1,deny,manual,,active
batch-013-how-to-build-resilience-in-tough-times,Batch 013 How To Build Resilience In Tough Times,<p>Batch 013 How To Build Resilience In Tough Times — A Gullah Geechee publication by Darryl E. Brown</p>,Gullah Geechee Biz,Book,"Gullah Geechee, Book, Books",TRUE,Format,eBook,ggb-manifest-batch-0,3.99,1,deny,manual,,active
batch-014-how-to-practice-mindful-living,Batch 014 How To Practice Mindful Living,<p>Batch 014 How To Practice Mindful Living — A Gullah Geechee publication by Darryl E. Brown</p>,Gullah Geechee Biz,Book,"Gullah Geechee, Book, Books",TRUE,Format,eBook,ggb-manifest-batch-0,3.99,1,deny,manual,,active
batch-015-how-to-let-go-of-perfectionism,Batch 015 How To Let Go Of Perfectionism,<p>Batch 015 How To Let Go Of Perfectionism — A Gullah Geechee publication by Darryl E. Brown</p>,Gullah Geechee Biz,Book,"Gullah Geechee, Book, Books",TRUE,Format,eBook,ggb-manifest-batch-0,3.99,1,deny,manual,,active
batch-016-how-to-create-a-personal-mission-stateme,Batch 016 How To Create A Personal Mission Stateme,<p>Batch 016 How To Create A Personal Mission Stateme — A Gullah Geechee publication by Darryl E. Brown</p>,Gullah Geechee Biz,Book,"Gullah Geechee, Book, Books",TRUE,Format,eBook,ggb-manifest-batch-0,3.99,1,deny,manual,,active
batch-017-how-to-develop-a-growth-mindset,Batch 017 How To Develop A Growth Mindset,<p>Batch 017 How To Develop A Growth Mindset — A Gullah Geechee publication by Darryl E. Brown</p>,Gullah Geechee Biz,Book,"Gullah Geechee, Book, Books",TRUE,Format,eBook,ggb-manifest-batch-0,3.99,1,deny,manual,,active
batch-018-how-to-handle-criticism-gracefully,Batch 018 How To Handle Criticism Gracefully,<p>Batch 018 How To Handle Criticism Gracefully — A Gullah Geechee publication by Darryl E. Brown</p>,Gullah Geechee Biz,Book,"Gullah Geechee, Book, Books",TRUE,Format,eBook,ggb-manifest-batch-0,3.99,1,deny,manual,,active
batch-019-how-to-build-healthy-relationships,Batch 019 How To Build Healthy Relationships,<p>Batch 019 How To Build Healthy Relationships — A Gullah Geechee publication by Darryl E. Brown</p>,Gullah Geechee Biz,Book,"Gullah Geechee, Book, Books",TRUE,Format,eBook,ggb-manifest-batch-0,3.99,1,deny,manual,,active
batch-020-how-to-find-inner-peace,Batch 020 How To Find Inner Peace,<p>Batch 020 How To Find Inner Peace — A Gullah Geechee publication by Darryl E. Brown</p>,Gullah Geechee Biz,Book,"Gullah Geechee, Book, Books",TRUE,Format,eBook,ggb-manifest-batch-0,3.99,1,deny,manual,,active
batch-021-how-to-stop-people-pleasing,Batch 021 How To Stop People Pleasing,<p>Batch 021 How To Stop People Pleasing — A Gullah Geechee publication by Darryl E. Brown</p>,Gullah Geechee Biz,Book,"Gullah Geechee, Book, Books",TRUE,Format,eBook,ggb-manifest-batch-0,3.99,1,deny,manual,,active
batch-022-how-to-embrace-your-authentic-self,Batch 022 How To Embrace Your Authentic Self,<p>Batch 022 How To Embrace Your Authentic Self — A Gullah Geechee publication by Darryl E. Brown</p>,Gullah Geechee Biz,Book,"Gullah Geechee, Book, Books",TRUE,Format,eBook,ggb-manifest-batch-0,3.99,1,deny,manual,,active
batch-023-how-to-navigate-life-transitions,Batch 023 How To Navigate Life Transitions,<p>Batch 023 How To Navigate Life Transitions — A Gullah Geechee publication by Darryl E. Brown</p>,Gullah Geechee Biz,Book,"Gullah Geechee, Book, Books",TRUE,Format,eBook,ggb-manifest-batch-0,3.99,1,deny,manual,,active
batch-024-how-to-practice-self-compassion,Batch 024 How To Practice Self Compassion,<p>Batch 024 How To Practice Self Compassion — A Gullah Geechee publication by Darryl E. Brown</p>,Gullah Geechee Biz,Book,"Gullah Geechee, Book, Books",TRUE,Format,eBook,ggb-manifest-batch-0,3.99,1,deny,manual,,active
batch-025-how-to-build-mental-toughness,Batch 025 How To Build Mental Toughness,<p>Batch 025 How To Build Mental Toughness — A Gullah Geechee publication by Darryl E. Brown</p>,Gullah Geechee Biz,Book,"Gullah Geechee, Book, Books",TRUE,Format,eBook,ggb-manifest-batch-0,3.99,1,deny,manual,,active
batch-026-how-to-create-a-vision-board-that-works,Batch 026 How To Create A Vision Board That Works,<p>Batch 026 How To Create A Vision Board That Works — A Gullah Geechee publication by Darryl E. Brown</p>,Gullah Geechee Biz,Book,"Gullah Geechee, Book, Books",TRUE,Format,eBook,ggb-manifest-batch-0,3.99,1,deny,manual,,active
batch-027-how-to-develop-daily-discipline,Batch 027 How To Develop Daily Discipline,<p>Batch 027 How To Develop Daily Discipline — A Gullah Geechee publication by Darryl E. Brown</p>,Gullah Geechee Biz,Book,"Gullah Geechee, Book, Books",TRUE,Format,eBook,ggb-manifest-batch-0,3.99,1,deny,manual,,active
batch-028-how-to-overcome-fear-of-failure,Batch 028 How To Overcome Fear Of Failure,<p>Batch 028 How To Overcome Fear Of Failure — A Gullah Geechee publication by Darryl E. Brown</p>,Gullah Geechee Biz,Book,"Gullah Geechee, Book, Books",TRUE,Format,eBook,ggb-manifest-batch-0,3.99,1,deny,manual,,active
batch-029-how-to-cultivate-patience,Batch 029 How To Cultivate Patience,<p>Batch 029 How To Cultivate Patience — A Gullah Geechee publication by Darryl E. Brown</p>,Gullah Geechee Biz,Book,"Gullah Geechee, Book, Books",TRUE,Format,eBook,ggb-manifest-batch-0,3.99,1,deny,manual,,active
batch-030-how-to-live-with-intention,Batch 030 How To Live With Intention,<p>Batch 030 How To Live With Intention — A Gullah Geechee publication by Darryl E. Brown</p>,Gullah Geechee Biz,Book,"Gullah Geechee, Book, Books",TRUE,Format,eBook,ggb-manifest-batch-0,3.99,1,deny,manual,,active
batch-031-how-to-start-a-side-hustle,Batch 031 How To Start A Side Hustle,<p>Batch 031 How To Start A Side Hustle — A Gullah Geechee publication by Darryl E. Brown</p>,Gullah Geechee Biz,Book,"Gullah Geechee, Book, Books",TRUE,Format,eBook,ggb-manifest-batch-0,3.99,1,deny,manual,,active
batch-032-how-to-build-a-personal-brand,Batch 032 How To Build A Personal Brand,<p>Batch 032 How To Build A Personal Brand — A Gullah Geechee publication by Darryl E. Brown</p>,Gullah Geechee Biz,Book,"Gullah Geechee, Book, Books",TRUE,Format,eBook,ggb-manifest-batch-0,3.99,1,deny,manual,,active
batch-033-how-to-create-a-business-plan,Batch 033 How To Create A Business Plan,<p>Batch 033 How To Create A Business Plan — A Gullah Geechee publication by Darryl E. Brown</p>,Gullah Geechee Biz,Book,"Gullah Geechee, Book, Books",TRUE,Format,eBook,ggb-manifest-batch-0,3.99,1,deny,manual,,active
batch-034-how-to-master-social-media-marketing,Batch 034 How To Master Social Media Marketing,<p>Batch 034 How To Master Social Media Marketing — A Gullah Geechee publication by Darryl E. Brown</p>,Gullah Geechee Biz,Book,"Gullah Geechee, Book, Books",TRUE,Format,eBook,ggb-manifest-batch-0,3.99,1,deny,manual,,active
batch-035-how-to-launch-an-online-course,Batch 035 How To Launch An Online Course,<p>Batch 035 How To Launch An Online Course — A Gullah Geechee publication by Darryl E. Brown</p>,Gullah Geechee Biz,Book,"Gullah Geechee, Book, Books",TRUE,Format,eBook,ggb-manifest-batch-0,3.99,1,deny,manual,,active
batch-036-how-to-write-a-winning-grant-proposal,Batch 036 How To Write A Winning Grant Proposal,<p>Batch 036 How To Write A Winning Grant Proposal — A Gullah Geechee publication by Darryl E. Brown</p>,Gullah Geechee Biz,Book,"Gullah Geechee, Book, Books",TRUE,Format,eBook,ggb-manifest-batch-0,3.99,1,deny,manual,,active
batch-037-how-to-build-an-email-list-from-scratch,Batch 037 How To Build An Email List From Scratch,<p>Batch 037 How To Build An Email List From Scratch — A Gullah Geechee publication by Darryl E. Brown</p>,Gullah Geechee Biz,Book,"Gullah Geechee, Book, Books",TRUE,Format,eBook,ggb-manifest-batch-0,3.99,1,deny,manual,,active
batch-038-how-to-price-your-products-or-services,Batch 038 How To Price Your Products Or Services,<p>Batch 038 How To Price Your Products Or Services — A Gullah Geechee publication by Darryl E. Brown</p>,Gullah Geechee Biz,Book,"Gullah Geechee, Book, Books",TRUE,Format,eBook,ggb-manifest-batch-0,3.99,1,deny,manual,,active
batch-039-how-to-network-like-a-pro,Batch 039 How To Network Like A Pro,<p>Batch 039 How To Network Like A Pro — A Gullah Geechee publication by Darryl E. Brown</p>,Gullah Geechee Biz,Book,"Gullah Geechee, Book, Books",TRUE,Format,eBook,ggb-manifest-batch-0,3.99,1,deny,manual,,active
batch-040-how-to-manage-business-finances,Batch 040 How To Manage Business Finances,<p>Batch 040 How To Manage Business Finances — A Gullah Geechee publication by Darryl E. Brown</p>,Gullah Geechee Biz,Book,"Gullah Geechee, Book, Books",TRUE,Format,eBook,ggb-manifest-batch-0,3.99,1,deny,manual,,active
batch-041-how-to-create-a-content-strategy,Batch 041 How To Create A Content Strategy,<p>Batch 041 How To Create A Content Strategy — A Gullah Geechee publication by Darryl E. Brown</p>,Gullah Geechee Biz,Book,"Gullah Geechee, Book, Books",TRUE,Format,eBook,ggb-manifest-batch-0,3.99,1,deny,manual,,active
batch-042-how-to-build-a-website-on-a-budget,Batch 042 How To Build A Website On A Budget,<p>Batch 042 How To Build A Website On A Budget — A Gullah Geechee publication by Darryl E. Brown</p>,Gullah Geechee Biz,Book,"Gullah Geechee, Book, Books",TRUE,Format,eBook,ggb-manifest-batch-0,3.99,1,deny,manual,,active
batch-043-how-to-master-public-speaking,Batch 043 How To Master Public Speaking,<p>Batch 043 How To Master Public Speaking — A Gullah Geechee publication by Darryl E. Brown</p>,Gullah Geechee Biz,Book,"Gullah Geechee, Book, Books",TRUE,Format,eBook,ggb-manifest-batch-0,3.99,1,deny,manual,,active
batch-044-how-to-negotiate-better-deals,Batch 044 How To Negotiate Better Deals,<p>Batch 044 How To Negotiate Better Deals — A Gullah Geechee publication by Darryl E. Brown</p>,Gullah Geechee Biz,Book,"Gullah Geechee, Book, Books",TRUE,Format,eBook,ggb-manifest-batch-0,3.99,1,deny,manual,,active
batch-045-how-to-build-a-remote-team,Batch 045 How To Build A Remote Team,<p>Batch 045 How To Build A Remote Team — A Gullah Geechee publication by Darryl E. Brown</p>,Gullah Geechee Biz,Book,"Gullah Geechee, Book, Books",TRUE,Format,eBook,ggb-manifest-batch-0,3.99,1,deny,manual,,active
batch-046-how-to-scale-your-small-business,Batch 046 How To Scale Your Small Business,<p>Batch 046 How To Scale Your Small Business — A Gullah Geechee publication by Darryl E. Brown</p>,Gullah Geechee Biz,Book,"Gullah Geechee, Book, Books",TRUE,Format,eBook,ggb-manifest-batch-0,3.99,1,deny,manual,,active
batch-047-how-to-create-a-marketing-funnel,Batch 047 How To Create A Marketing Funnel,<p>Batch 047 How To Create A Marketing Funnel — A Gullah Geechee publication by Darryl E. Brown</p>,Gullah Geechee Biz,Book,"Gullah Geechee, Book, Books",TRUE,Format,eBook,ggb-manifest-batch-0,3.99,1,deny,manual,,active
batch-048-how-to-use-ai-in-your-business,Batch 048 How To Use Ai In Your Business,<p>Batch 048 How To Use Ai In Your Business — A Gullah Geechee publication by Darryl E. Brown</p>,Gullah Geechee Biz,Book,"Gullah Geechee, Book, Books",TRUE,Format,eBook,ggb-manifest-batch-0,3.99,1,deny,manual,,active
batch-049-how-to-build-customer-loyalty,Batch 049 How To Build Customer Loyalty,<p>Batch 049 How To Build Customer Loyalty — A Gullah Geechee publication by Darryl E. Brown</p>,Gullah Geechee Biz,Book,"Gullah Geechee, Book, Books",TRUE,Format,eBook,ggb-manifest-batch-0,3.99,1,deny,manual,,active
batch-050-how-to-manage-your-time-effectively,Batch 050 How To Manage Your Time Effectively,<p>Batch 050 How To Manage Your Time Effectively — A Gullah Geechee publication by Darryl E. Brown</p>,Gullah Geechee Biz,Book,"Gullah Geechee, Book, Books",TRUE,Format,eBook,ggb-manifest-batch-0,3.99,1,deny,manual,,active
batch-051-how-to-create-a-sales-funnel,Batch 051 How To Create A Sales Funnel,<p>Batch 051 How To Create A Sales Funnel — A Gullah Geechee publication by Darryl E. Brown</p>,Gullah Geechee Biz,Book,"Gullah Geechee, Book, Books",TRUE,Format,eBook,ggb-manifest-batch-0,3.99,1,deny,manual,,active
batch-052-how-to-build-strategic-partnerships,Batch 052 How To Build Strategic Partnerships,<p>Batch 052 How To Build Strategic Partnerships — A Gullah Geechee publication by Darryl E. Brown</p>,Gullah Geechee Biz,Book,"Gullah Geechee, Book, Books",TRUE,Format,eBook,ggb-manifest-batch-0,3.99,1,deny,manual,,active
batch-053-how-to-master-email-marketing,Batch 053 How To Master Email Marketing,<p>Batch 053 How To Master Email Marketing — A Gullah Geechee publication by Darryl E. Brown</p>,Gullah Geechee Biz,Book,"Gullah Geechee, Book, Books",TRUE,Format,eBook,ggb-manifest-batch-0,3.99,1,deny,manual,,active
batch-054-how-to-create-a-brand-style-guide,Batch 054 How To Create A Brand Style Guide,<p>Batch 054 How To Create A Brand Style Guide — A Gullah Geechee publication by Darryl E. Brown</p>,Gullah Geechee Biz,Book,"Gullah Geechee, Book, Books",TRUE,Format,eBook,ggb-manifest-batch-0,3.99,1,deny,manual,,active
batch-055-how-to-build-a-freelance-career,Batch 055 How To Build A Freelance Career,<p>Batch 055 How To Build A Freelance Career — A Gullah Geechee publication by Darryl E. Brown</p>,Gullah Geechee Biz,Book,"Gullah Geechee, Book, Books",TRUE,Format,eBook,ggb-manifest-batch-0,3.99,1,deny,manual,,active
batch-056-how-to-write-copy-that-sells,Batch 056 How To Write Copy That Sells,<p>Batch 056 How To Write Copy That Sells — A Gullah Geechee publication by Darryl E. Brown</p>,Gullah Geechee Biz,Book,"Gullah Geechee, Book, Books",TRUE,Format,eBook,ggb-manifest-batch-0,3.99,1,deny,manual,,active
batch-057-how-to-create-a-product-launch-plan,Batch 057 How To Create A Product Launch Plan,<p>Batch 057 How To Create A Product Launch Plan — A Gullah Geechee publication by Darryl E. Brown</p>,Gullah Geechee Biz,Book,"Gullah Geechee, Book, Books",TRUE,Format,eBook,ggb-manifest-batch-0,3.99,1,deny,manual,,active
batch-058-how-to-build-a-community-around-your-bra,Batch 058 How To Build A Community Around Your Bra,<p>Batch 058 How To Build A Community Around Your Bra — A Gullah Geechee publication by Darryl E. Brown</p>,Gullah Geechee Biz,Book,"Gullah Geechee, Book, Books",TRUE,Format,eBook,ggb-manifest-batch-0,3.99,1,deny,manual,,active
batch-059-how-to-master-linkedin-for-business,Batch 059 How To Master Linkedin For Business,<p>Batch 059 How To Master Linkedin For Business — A Gullah Geechee publication by Darryl E. Brown</p>,Gullah Geechee Biz,Book,"Gullah Geechee, Book, Books",TRUE,Format,eBook,ggb-manifest-batch-0,3.99,1,deny,manual,,active
batch-060-how-to-create-a-customer-journey-map,Batch 060 How To Create A Customer Journey Map,<p>Batch 060 How To Create A Customer Journey Map — A Gullah Geechee publication by Darryl E. Brown</p>,Gullah Geechee Biz,Book,"Gullah Geechee, Book, Books",TRUE,Format,eBook,ggb-manifest-batch-0,3.99,1,deny,manual,,active
batch-061-how-to-build-a-subscription-business,Batch 061 How To Build A Subscription Business,<p>Batch 061 How To Build A Subscription Business — A Gullah Geechee publication by Darryl E. Brown</p>,Gullah Geechee Biz,Book,"Gullah Geechee, Book, Books",TRUE,Format,eBook,ggb-manifest-batch-0,3.99,1,deny,manual,,active
batch-062-how-to-create-a-referral-program,Batch 062 How To Create A Referral Program,<p>Batch 062 How To Create A Referral Program — A Gullah Geechee publication by Darryl E. Brown</p>,Gullah Geechee Biz,Book,"Gullah Geechee, Book, Books",TRUE,Format,eBook,ggb-manifest-batch-0,3.99,1,deny,manual,,active
batch-063-how-to-master-business-storytelling,Batch 063 How To Master Business Storytelling,<p>Batch 063 How To Master Business Storytelling — A Gullah Geechee publication by Darryl E. Brown</p>,Gullah Geechee Biz,Book,"Gullah Geechee, Book, Books",TRUE,Format,eBook,ggb-manifest-batch-0,3.99,1,deny,manual,,active
batch-064-how-to-build-a-digital-product-empire,Batch 064 How To Build A Digital Product Empire,<p>Batch 064 How To Build A Digital Product Empire — A Gullah Geechee publication by Darryl E. Brown</p>,Gullah Geechee Biz,Book,"Gullah Geechee, Book, Books",TRUE,Format,eBook,ggb-manifest-batch-0,3.99,1,deny,manual,,active
batch-065-how-to-create-a-business-exit-strategy,Batch 065 How To Create A Business Exit Strategy,<p>Batch 065 How To Create A Business Exit Strategy — A Gullah Geechee publication by Darryl E. Brown</p>,Gullah Geechee Biz,Book,"Gullah Geechee, Book, Books",TRUE,Format,eBook,ggb-manifest-batch-0,3.99,1,deny,manual,,active
batch-066-how-to-cook-perfect-gullah-red-rice,Batch 066 How To Cook Perfect Gullah Red Rice,<p>Batch 066 How To Cook Perfect Gullah Red Rice — A Gullah Geechee publication by Darryl E. Brown</p>,Gullah Geechee Biz,Book,"Gullah Geechee, Book, Books",TRUE,Format,eBook,ggb-manifest-batch-0,3.99,1,deny,manual,,active
batch-067-how-to-make-southern-cornbread-from-scra,Batch 067 How To Make Southern Cornbread From Scra,<p>Batch 067 How To Make Southern Cornbread From Scra — A Gullah Geechee publication by Darryl E. Brown</p>,Gullah Geechee Biz,Book,"Gullah Geechee, Book, Books",TRUE,Format,eBook,ggb-manifest-batch-0,3.99,1,deny,manual,,active
batch-068-how-to-fry-the-perfect-fish,Batch 068 How To Fry The Perfect Fish,<p>Batch 068 How To Fry The Perfect Fish — A Gullah Geechee publication by Darryl E. Brown</p>,Gullah Geechee Biz,Book,"Gullah Geechee, Book, Books",TRUE,Format,eBook,ggb-manifest-batch-0,3.99,1,deny,manual,,active
batch-069-how-to-make-authentic-shrimp-and-grits,Batch 069 How To Make Authentic Shrimp And Grits,<p>Batch 069 How To Make Authentic Shrimp And Grits — A Gullah Geechee publication by Darryl E. Brown</p>,Gullah Geechee Biz,Book,"Gullah Geechee, Book, Books",TRUE,Format,eBook,ggb-manifest-batch-0,3.99,1,deny,manual,,active
batch-070-how-to-bake-sweet-potato-pie,Batch 070 How To Bake Sweet Potato Pie,<p>Batch 070 How To Bake Sweet Potato Pie — A Gullah Geechee publication by Darryl E. Brown</p>,Gullah Geechee Biz,Book,"Gullah Geechee, Book, Books",TRUE,Format,eBook,ggb-manifest-batch-0,3.99,1,deny,manual,,active
batch-071-how-to-make-hoppin-john-for-new-years,Batch 071 How To Make Hoppin John For New Years,<p>Batch 071 How To Make Hoppin John For New Years — A Gullah Geechee publication by Darryl E. Brown</p>,Gullah Geechee Biz,Book,"Gullah Geechee, Book, Books",TRUE,Format,eBook,ggb-manifest-batch-0,3.99,1,deny,manual,,active
batch-072-how-to-cook-collard-greens-the-right-way,Batch 072 How To Cook Collard Greens The Right Way,<p>Batch 072 How To Cook Collard Greens The Right Way — A Gullah Geechee publication by Darryl E. Brown</p>,Gullah Geechee Biz,Book,"Gullah Geechee, Book, Books",TRUE,Format,eBook,ggb-manifest-batch-0,3.99,1,deny,manual,,active
batch-073-how-to-make-benne-wafers,Batch 073 How To Make Benne Wafers,<p>Batch 073 How To Make Benne Wafers — A Gullah Geechee publication by Darryl E. Brown</p>,Gullah Geechee Biz,Book,"Gullah Geechee, Book, Books",TRUE,Format,eBook,ggb-manifest-batch-0,3.99,1,deny,manual,,active
batch-074-how-to-prepare-okra-and-tomatoes,Batch 074 How To Prepare Okra And Tomatoes,<p>Batch 074 How To Prepare Okra And Tomatoes — A Gullah Geechee publication by Darryl E. Brown</p>,Gullah Geechee Biz,Book,"Gullah Geechee, Book, Books",TRUE,Format,eBook,ggb-manifest-batch-0,3.99,1,deny,manual,,active
batch-075-how-to-make-gullah-tea-cakes,Batch 075 How To Make Gullah Tea Cakes,<p>Batch 075 How To Make Gullah Tea Cakes — A Gullah Geechee publication by Darryl E. Brown</p>,Gullah Geechee Biz,Book,"Gullah Geechee, Book, Books",TRUE,Format,eBook,ggb-manifest-batch-0,3.99,1,deny,manual,,active
batch-076-how-to-cook-lowcountry-boil,Batch 076 How To Cook Lowcountry Boil,<p>Batch 076 How To Cook Lowcountry Boil — A Gullah Geechee publication by Darryl E. Brown</p>,Gullah Geechee Biz,Book,"Gullah Geechee, Book, Books",TRUE,Format,eBook,ggb-manifest-batch-0,3.99,1,deny,manual,,active
batch-077-how-to-make-pickled-shrimp,Batch 077 How To Make Pickled Shrimp,<p>Batch 077 How To Make Pickled Shrimp — A Gullah Geechee publication by Darryl E. Brown</p>,Gullah Geechee Biz,Book,"Gullah Geechee, Book, Books",TRUE,Format,eBook,ggb-manifest-batch-0,3.99,1,deny,manual,,active
batch-078-how-to-bake-buttermilk-cornbread,Batch 078 How To Bake Buttermilk Cornbread,<p>Batch 078 How To Bake Buttermilk Cornbread — A Gullah Geechee publication by Darryl E. Brown</p>,Gullah Geechee Biz,Book,"Gullah Geechee, Book, Books",TRUE,Format,eBook,ggb-manifest-batch-0,3.99,1,deny,manual,,active
batch-079-how-to-make-boiled-peanuts,Batch 079 How To Make Boiled Peanuts,<p>Batch 079 How To Make Boiled Peanuts — A Gullah Geechee publication by Darryl E. Brown</p>,Gullah Geechee Biz,Book,"Gullah Geechee, Book, Books",TRUE,Format,eBook,ggb-manifest-batch-0,3.99,1,deny,manual,,active
batch-080-how-to-cook-gullah-cabbage,Batch 080 How To Cook Gullah Cabbage,<p>Batch 080 How To Cook Gullah Cabbage — A Gullah Geechee publication by Darryl E. Brown</p>,Gullah Geechee Biz,Book,"Gullah Geechee, Book, Books",TRUE,Format,eBook,ggb-manifest-batch-0,3.99,1,deny,manual,,active
batch-081-how-to-make-mac-and-cheese-the-southern-,Batch 081 How To Make Mac And Cheese The Southern ,<p>Batch 081 How To Make Mac And Cheese The Southern  — A Gullah Geechee publication by Darryl E. Brown</p>,Gullah Geechee Biz,Book,"Gullah Geechee, Book, Books",TRUE,Format,eBook,ggb-manifest-batch-0,3.99,1,deny,manual,,active
batch-082-how-to-prepare-gullah-chicken-soup,Batch 082 How To Prepare Gullah Chicken Soup,<p>Batch 082 How To Prepare Gullah Chicken Soup — A Gullah Geechee publication by Darryl E. Brown</p>,Gullah Geechee Biz,Book,"Gullah Geechee, Book, Books",TRUE,Format,eBook,ggb-manifest-batch-0,3.99,1,deny,manual,,active
batch-083-how-to-make-rice-pudding,Batch 083 How To Make Rice Pudding,<p>Batch 083 How To Make Rice Pudding — A Gullah Geechee publication by Darryl E. Brown</p>,Gullah Geechee Biz,Book,"Gullah Geechee, Book, Books",TRUE,Format,eBook,ggb-manifest-batch-0,3.99,1,deny,manual,,active
batch-084-how-to-cook-gullah-pork-chops,Batch 084 How To Cook Gullah Pork Chops,<p>Batch 084 How To Cook Gullah Pork Chops — A Gullah Geechee publication by Darryl E. Brown</p>,Gullah Geechee Biz,Book,"Gullah Geechee, Book, Books",TRUE,Format,eBook,ggb-manifest-batch-0,3.99,1,deny,manual,,active
batch-085-how-to-make-sweetgrass-lemonade,Batch 085 How To Make Sweetgrass Lemonade,<p>Batch 085 How To Make Sweetgrass Lemonade — A Gullah Geechee publication by Darryl E. Brown</p>,Gullah Geechee Biz,Book,"Gullah Geechee, Book, Books",TRUE,Format,eBook,ggb-manifest-batch-0,3.99,1,deny,manual,,active
batch-086-how-to-make-gullah-potato-salad,Batch 086 How To Make Gullah Potato Salad,<p>Batch 086 How To Make Gullah Potato Salad — A Gullah Geechee publication by Darryl E. Brown</p>,Gullah Geechee Biz,Book,"Gullah Geechee, Book, Books",TRUE,Format,eBook,ggb-manifest-batch-0,3.99,1,deny,manual,,active
batch-087-how-to-cook-benne-chicken,Batch 087 How To Cook Benne Chicken,<p>Batch 087 How To Cook Benne Chicken — A Gullah Geechee publication by Darryl E. Brown</p>,Gullah Geechee Biz,Book,"Gullah Geechee, Book, Books",TRUE,Format,eBook,ggb-manifest-batch-0,3.99,1,deny,manual,,active
batch-088-how-to-make-gullah-breakfast,Batch 088 How To Make Gullah Breakfast,<p>Batch 088 How To Make Gullah Breakfast — A Gullah Geechee publication by Darryl E. Brown</p>,Gullah Geechee Biz,Book,"Gullah Geechee, Book, Books",TRUE,Format,eBook,ggb-manifest-batch-0,3.99,1,deny,manual,,active
batch-089-how-to-preserve-summer-vegetables,Batch 089 How To Preserve Summer Vegetables,<p>Batch 089 How To Preserve Summer Vegetables — A Gullah Geechee publication by Darryl E. Brown</p>,Gullah Geechee Biz,Book,"Gullah Geechee, Book, Books",TRUE,Format,eBook,ggb-manifest-batch-0,3.99,1,deny,manual,,active
batch-090-how-to-master-cast-iron-cooking,Batch 090 How To Master Cast Iron Cooking,<p>Batch 090 How To Master Cast Iron Cooking — A Gullah Geechee publication by Darryl E. Brown</p>,Gullah Geechee Biz,Book,"Gullah Geechee, Book, Books",TRUE,Format,eBook,ggb-manifest-batch-0,3.99,1,deny,manual,,active
batch-091-how-to-make-one-pot-gullah-meals,Batch 091 How To Make One Pot Gullah Meals,<p>Batch 091 How To Make One Pot Gullah Meals — A Gullah Geechee publication by Darryl E. Brown</p>,Gullah Geechee Biz,Book,"Gullah Geechee, Book, Books",TRUE,Format,eBook,ggb-manifest-batch-0,3.99,1,deny,manual,,active
batch-092-how-to-cook-with-seasonal-lowcountry-ing,Batch 092 How To Cook With Seasonal Lowcountry Ing,<p>Batch 092 How To Cook With Seasonal Lowcountry Ing — A Gullah Geechee publication by Darryl E. Brown</p>,Gullah Geechee Biz,Book,"Gullah Geechee, Book, Books",TRUE,Format,eBook,ggb-manifest-batch-0,3.99,1,deny,manual,,active
batch-093-how-to-make-gullah-sauces-and-seasonings,Batch 093 How To Make Gullah Sauces And Seasonings,<p>Batch 093 How To Make Gullah Sauces And Seasonings — A Gullah Geechee publication by Darryl E. Brown</p>,Gullah Geechee Biz,Book,"Gullah Geechee, Book, Books",TRUE,Format,eBook,ggb-manifest-batch-0,3.99,1,deny,manual,,active
batch-094-how-to-bake-gullah-desserts,Batch 094 How To Bake Gullah Desserts,<p>Batch 094 How To Bake Gullah Desserts — A Gullah Geechee publication by Darryl E. Brown</p>,Gullah Geechee Biz,Book,"Gullah Geechee, Book, Books",TRUE,Format,eBook,ggb-manifest-batch-0,3.99,1,deny,manual,,active
batch-095-how-to-make-holiday-gullah-feasts,Batch 095 How To Make Holiday Gullah Feasts,<p>Batch 095 How To Make Holiday Gullah Feasts — A Gullah Geechee publication by Darryl E. Brown</p>,Gullah Geechee Biz,Book,"Gullah Geechee, Book, Books",TRUE,Format,eBook,ggb-manifest-batch-0,3.99,1,deny,manual,,active
batch-096-how-to-cook-gullah-seafood,Batch 096 How To Cook Gullah Seafood,<p>Batch 096 How To Cook Gullah Seafood — A Gullah Geechee publication by Darryl E. Brown</p>,Gullah Geechee Biz,Book,"Gullah Geechee, Book, Books",TRUE,Format,eBook,ggb-manifest-batch-0,3.99,1,deny,manual,,active
batch-097-how-to-make-gullah-soups-and-stews,Batch 097 How To Make Gullah Soups And Stews,<p>Batch 097 How To Make Gullah Soups And Stews — A Gullah Geechee publication by Darryl E. Brown</p>,Gullah Geechee Biz,Book,"Gullah Geechee, Book, Books",TRUE,Format,eBook,ggb-manifest-batch-0,3.99,1,deny,manual,,active
batch-098-how-to-prepare-gullah-side-dishes,Batch 098 How To Prepare Gullah Side Dishes,<p>Batch 098 How To Prepare Gullah Side Dishes — A Gullah Geechee publication by Darryl E. Brown</p>,Gullah Geechee Biz,Book,"Gullah Geechee, Book, Books",TRUE,Format,eBook,ggb-manifest-batch-0,3.99,1,deny,manual,,active
batch-099-how-to-make-gullah-breads,Batch 099 How To Make Gullah Breads,<p>Batch 099 How To Make Gullah Breads — A Gullah Geechee publication by Darryl E. Brown</p>,Gullah Geechee Biz,Book,"Gullah Geechee, Book, Books",TRUE,Format,eBook,ggb-manifest-batch-0,3.99,1,deny,manual,,active
batch-100-how-to-cook-gullah-vegetables,Batch 100 How To Cook Gullah Vegetables,<p>Batch 100 How To Cook Gullah Vegetables — A Gullah Geechee publication by Darryl E. Brown</p>,Gullah Geechee Biz,Book,"Gullah Geechee, Book, Books",TRUE,Format,eBook,ggb-manifest-batch-1,3.99,1,deny,manual,,active
encyclopedia-vol-01,Encyclopedia Vol 01,<p>Encyclopedia Vol 01 — A Gullah Geechee publication by Darryl E. Brown</p>,Gullah Geechee Biz,Book,"Gullah Geechee, Book, Books",TRUE,Format,eBook,ggb-manifest-encyclo,3.99,1,deny,manual,,active
encyclopedia-vol-02,Encyclopedia Vol 02,<p>Encyclopedia Vol 02 — A Gullah Geechee publication by Darryl E. Brown</p>,Gullah Geechee Biz,Book,"Gullah Geechee, Book, Books",TRUE,Format,eBook,ggb-manifest-encyclo,3.99,1,deny,manual,,active
encyclopedia-vol-03,Encyclopedia Vol 03,<p>Encyclopedia Vol 03 — A Gullah Geechee publication by Darryl E. Brown</p>,Gullah Geechee Biz,Book,"Gullah Geechee, Book, Books",TRUE,Format,eBook,ggb-manifest-encyclo,3.99,1,deny,manual,,active
encyclopedia-vol-04,Encyclopedia Vol 04,<p>Encyclopedia Vol 04 — A Gullah Geechee publication by Darryl E. Brown</p>,Gullah Geechee Biz,Book,"Gullah Geechee, Book, Books",TRUE,Format,eBook,ggb-manifest-encyclo,3.99,1,deny,manual,,active
encyclopedia-vol-05,Encyclopedia Vol 05,<p>Encyclopedia Vol 05 — A Gullah Geechee publication by Darryl E. Brown</p>,Gullah Geechee Biz,Book,"Gullah Geechee, Book, Books",TRUE,Format,eBook,ggb-manifest-encyclo,3.99,1,deny,manual,,active
encyclopedia-vol-06,Encyclopedia Vol 06,<p>Encyclopedia Vol 06 — A Gullah Geechee publication by Darryl E. Brown</p>,Gullah Geechee Biz,Book,"Gullah Geechee, Book, Books",TRUE,Format,eBook,ggb-manifest-encyclo,3.99,1,deny,manual,,active
encyclopedia-vol-07,Encyclopedia Vol 07,<p>Encyclopedia Vol 07 — A Gullah Geechee publication by Darryl E. Brown</p>,Gullah Geechee Biz,Book,"Gullah Geechee, Book, Books",TRUE,Format,eBook,ggb-manifest-encyclo,3.99,1,deny,manual,,active
encyclopedia-vol-08,Encyclopedia Vol 08,<p>Encyclopedia Vol 08 — A Gullah Geechee publication by Darryl E. Brown</p>,Gullah Geechee Biz,Book,"Gullah Geechee, Book, Books",TRUE,Format,eBook,ggb-manifest-encyclo,3.99,1,deny,manual,,active
encyclopedia-vol-09,Encyclopedia Vol 09,<p>Encyclopedia Vol 09 — A Gullah Geechee publication by Darryl E. Brown</p>,Gullah Geechee Biz,Book,"Gullah Geechee, Book, Books",TRUE,Format,eBook,ggb-manifest-encyclo,3.99,1,deny,manual,,active
encyclopedia-vol-10,Encyclopedia Vol 10,<p>Encyclopedia Vol 10 — A Gullah Geechee publication by Darryl E. Brown</p>,Gullah Geechee Biz,Book,"Gullah Geechee, Book, Books",TRUE,Format,eBook,ggb-manifest-encyclo,3.99,1,deny,manual,,active
encyclopedia-vol-11,Encyclopedia Vol 11,<p>Encyclopedia Vol 11 — A Gullah Geechee publication by Darryl E. Brown</p>,Gullah Geechee Biz,Book,"Gullah Geechee, Book, Books",TRUE,Format,eBook,ggb-manifest-encyclo,3.99,1,deny,manual,,active
encyclopedia-vol-12,Encyclopedia Vol 12,<p>Encyclopedia Vol 12 — A Gullah Geechee publication by Darryl E. Brown</p>,Gullah Geechee Biz,Book,"Gullah Geechee, Book, Books",TRUE,Format,eBook,ggb-manifest-encyclo,3.99,1,deny,manual,,active
encyclopedia-vol-13,Encyclopedia Vol 13,<p>Encyclopedia Vol 13 — A Gullah Geechee publication by Darryl E. Brown</p>,Gullah Geechee Biz,Book,"Gullah Geechee, Book, Books",TRUE,Format,eBook,ggb-manifest-encyclo,3.99,1,deny,manual,,active
encyclopedia-vol-14,Encyclopedia Vol 14,<p>Encyclopedia Vol 14 — A Gullah Geechee publication by Darryl E. Brown</p>,Gullah Geechee Biz,Book,"Gullah Geechee, Book, Books",TRUE,Format,eBook,ggb-manifest-encyclo,3.99,1,deny,manual,,active
encyclopedia-vol-15,Encyclopedia Vol 15,<p>Encyclopedia Vol 15 — A Gullah Geechee publication by Darryl E. Brown</p>,Gullah Geechee Biz,Book,"Gullah Geechee, Book, Books",TRUE,Format,eBook,ggb-manifest-encyclo,3.99,1,deny,manual,,active
encyclopedia-vol-16,Encyclopedia Vol 16,<p>Encyclopedia Vol 16 — A Gullah Geechee publication by Darryl E. Brown</p>,Gullah Geechee Biz,Book,"Gullah Geechee, Book, Books",TRUE,Format,eBook,ggb-manifest-encyclo,3.99,1,deny,manual,,active
encyclopedia-vol-17,Encyclopedia Vol 17,<p>Encyclopedia Vol 17 — A Gullah Geechee publication by Darryl E. Brown</p>,Gullah Geechee Biz,Book,"Gullah Geechee, Book, Books",TRUE,Format,eBook,ggb-manifest-encyclo,3.99,1,deny,manual,,active
encyclopedia-vol-18,Encyclopedia Vol 18,<p>Encyclopedia Vol 18 — A Gullah Geechee publication by Darryl E. Brown</p>,Gullah Geechee Biz,Book,"Gullah Geechee, Book, Books",TRUE,Format,eBook,ggb-manifest-encyclo,3.99,1,deny,manual,,active
encyclopedia-vol-19,Encyclopedia Vol 19,<p>Encyclopedia Vol 19 — A Gullah Geechee publication by Darryl E. Brown</p>,Gullah Geechee Biz,Book,"Gullah Geechee, Book, Books",TRUE,Format,eBook,ggb-manifest-encyclo,3.99,1,deny,manual,,active
encyclopedia-vol-20,Encyclopedia Vol 20,<p>Encyclopedia Vol 20 — A Gullah Geechee publication by Darryl E. Brown</p>,Gullah Geechee Biz,Book,"Gullah Geechee, Book, Books",TRUE,Format,eBook,ggb-manifest-encyclo,3.99,1,deny,manual,,active
encyclopedia-vol-21,Encyclopedia Vol 21,<p>Encyclopedia Vol 21 — A Gullah Geechee publication by Darryl E. Brown</p>,Gullah Geechee Biz,Book,"Gullah Geechee, Book, Books",TRUE,Format,eBook,ggb-manifest-encyclo,3.99,1,deny,manual,,active
encyclopedia-vol-22,Encyclopedia Vol 22,<p>Encyclopedia Vol 22 — A Gullah Geechee publication by Darryl E. Brown</p>,Gullah Geechee Biz,Book,"Gullah Geechee, Book, Books",TRUE,Format,eBook,ggb-manifest-encyclo,3.99,1,deny,manual,,active
encyclopedia-vol-23,Encyclopedia Vol 23,<p>Encyclopedia Vol 23 — A Gullah Geechee publication by Darryl E. Brown</p>,Gullah Geechee Biz,Book,"Gullah Geechee, Book, Books",TRUE,Format,eBook,ggb-manifest-encyclo,3.99,1,deny,manual,,active
encyclopedia-vol-24,Encyclopedia Vol 24,<p>Encyclopedia Vol 24 — A Gullah Geechee publication by Darryl E. Brown</p>,Gullah Geechee Biz,Book,"Gullah Geechee, Book, Books",TRUE,Format,eBook,ggb-manifest-encyclo,3.99,1,deny,manual,,active
encyclopedia-vol-25,Encyclopedia Vol 25,<p>Encyclopedia Vol 25 — A Gullah Geechee publication by Darryl E. Brown</p>,Gullah Geechee Biz,Book,"Gullah Geechee, Book, Books",TRUE,Format,eBook,ggb-manifest-encyclo,3.99,1,deny,manual,,active
encyclopedia-vol-26,Encyclopedia Vol 26,<p>Encyclopedia Vol 26 — A Gullah Geechee publication by Darryl E. Brown</p>,Gullah Geechee Biz,Book,"Gullah Geechee, Book, Books",TRUE,Format,eBook,ggb-manifest-encyclo,3.99,1,deny,manual,,active
encyclopedia-vol-27,Encyclopedia Vol 27,<p>Encyclopedia Vol 27 — A Gullah Geechee publication by Darryl E. Brown</p>,Gullah Geechee Biz,Book,"Gullah Geechee, Book, Books",TRUE,Format,eBook,ggb-manifest-encyclo,3.99,1,deny,manual,,active
encyclopedia-vol-28,Encyclopedia Vol 28,<p>Encyclopedia Vol 28 — A Gullah Geechee publication by Darryl E. Brown</p>,Gullah Geechee Biz,Book,"Gullah Geechee, Book, Books",TRUE,Format,eBook,ggb-manifest-encyclo,3.99,1,deny,manual,,active
encyclopedia-vol-29,Encyclopedia Vol 29,<p>Encyclopedia Vol 29 — A Gullah Geechee publication by Darryl E. Brown</p>,Gullah Geechee Biz,Book,"Gullah Geechee, Book, Books",TRUE,Format,eBook,ggb-manifest-encyclo,3.99,1,deny,manual,,active
encyclopedia-vol-30,Encyclopedia Vol 30,<p>Encyclopedia Vol 30 — A Gullah Geechee publication by Darryl E. Brown</p>,Gullah Geechee Biz,Book,"Gullah Geechee, Book, Books",TRUE,Format,eBook,ggb-manifest-encyclo,3.99,1,deny,manual,,active
encyclopedia-vol-31,Encyclopedia Vol 31,<p>Encyclopedia Vol 31 — A Gullah Geechee publication by Darryl E. Brown</p>,Gullah Geechee Biz,Book,"Gullah Geechee, Book, Books",TRUE,Format,eBook,ggb-manifest-encyclo,3.99,1,deny,manual,,active
encyclopedia-vol-32,Encyclopedia Vol 32,<p>Encyclopedia Vol 32 — A Gullah Geechee publication by Darryl E. Brown</p>,Gullah Geechee Biz,Book,"Gullah Geechee, Book, Books",TRUE,Format,eBook,ggb-manifest-encyclo,3.99,1,deny,manual,,active
encyclopedia-vol-33,Encyclopedia Vol 33,<p>Encyclopedia Vol 33 — A Gullah Geechee publication by Darryl E. Brown</p>,Gullah Geechee Biz,Book,"Gullah Geechee, Book, Books",TRUE,Format,eBook,ggb-manifest-encyclo,3.99,1,deny,manual,,active
encyclopedia-vol-34,Encyclopedia Vol 34,<p>Encyclopedia Vol 34 — A Gullah Geechee publication by Darryl E. Brown</p>,Gullah Geechee Biz,Book,"Gullah Geechee, Book, Books",TRUE,Format,eBook,ggb-manifest-encyclo,3.99,1,deny,manual,,active
encyclopedia-vol-35,Encyclopedia Vol 35,<p>Encyclopedia Vol 35 — A Gullah Geechee publication by Darryl E. Brown</p>,Gullah Geechee Biz,Book,"Gullah Geechee, Book, Books",TRUE,Format,eBook,ggb-manifest-encyclo,3.99,1,deny,manual,,active
encyclopedia-vol-36,Encyclopedia Vol 36,<p>Encyclopedia Vol 36 — A Gullah Geechee publication by Darryl E. Brown</p>,Gullah Geechee Biz,Book,"Gullah Geechee, Book, Books",TRUE,Format,eBook,ggb-manifest-encyclo,3.99,1,deny,manual,,active
encyclopedia-vol-37,Encyclopedia Vol 37,<p>Encyclopedia Vol 37 — A Gullah Geechee publication by Darryl E. Brown</p>,Gullah Geechee Biz,Book,"Gullah Geechee, Book, Books",TRUE,Format,eBook,ggb-manifest-encyclo,3.99,1,deny,manual,,active
encyclopedia-vol-38,Encyclopedia Vol 38,<p>Encyclopedia Vol 38 — A Gullah Geechee publication by Darryl E. Brown</p>,Gullah Geechee Biz,Book,"Gullah Geechee, Book, Books",TRUE,Format,eBook,ggb-manifest-encyclo,3.99,1,deny,manual,,active
encyclopedia-vol-39,Encyclopedia Vol 39,<p>Encyclopedia Vol 39 — A Gullah Geechee publication by Darryl E. Brown</p>,Gullah Geechee Biz,Book,"Gullah Geechee, Book, Books",TRUE,Format,eBook,ggb-manifest-encyclo,3.99,1,deny,manual,,active
encyclopedia-vol-40,Encyclopedia Vol 40,<p>Encyclopedia Vol 40 — A Gullah Geechee publication by Darryl E. Brown</p>,Gullah Geechee Biz,Book,"Gullah Geechee, Book, Books",TRUE,Format,eBook,ggb-manifest-encyclo,3.99,1,deny,manual,,active
encyclopedia-vol-41,Encyclopedia Vol 41,<p>Encyclopedia Vol 41 — A Gullah Geechee publication by Darryl E. Brown</p>,Gullah Geechee Biz,Book,"Gullah Geechee, Book, Books",TRUE,Format,eBook,ggb-manifest-encyclo,3.99,1,deny,manual,,active
encyclopedia-vol-42,Encyclopedia Vol 42,<p>Encyclopedia Vol 42 — A Gullah Geechee publication by Darryl E. Brown</p>,Gullah Geechee Biz,Book,"Gullah Geechee, Book, Books",TRUE,Format,eBook,ggb-manifest-encyclo,3.99,1,deny,manual,,active
encyclopedia-vol-43,Encyclopedia Vol 43,<p>Encyclopedia Vol 43 — A Gullah Geechee publication by Darryl E. Brown</p>,Gullah Geechee Biz,Book,"Gullah Geechee, Book, Books",TRUE,Format,eBook,ggb-manifest-encyclo,3.99,1,deny,manual,,active
encyclopedia-vol-44,Encyclopedia Vol 44,<p>Encyclopedia Vol 44 — A Gullah Geechee publication by Darryl E. Brown</p>,Gullah Geechee Biz,Book,"Gullah Geechee, Book, Books",TRUE,Format,eBook,ggb-manifest-encyclo,3.99,1,deny,manual,,active
encyclopedia-vol-45,Encyclopedia Vol 45,<p>Encyclopedia Vol 45 — A Gullah Geechee publication by Darryl E. Brown</p>,Gullah Geechee Biz,Book,"Gullah Geechee, Book, Books",TRUE,Format,eBook,ggb-manifest-encyclo,3.99,1,deny,manual,,active
encyclopedia-vol-46,Encyclopedia Vol 46,<p>Encyclopedia Vol 46 — A Gullah Geechee publication by Darryl E. Brown</p>,Gullah Geechee Biz,Book,"Gullah Geechee, Book, Books",TRUE,Format,eBook,ggb-manifest-encyclo,3.99,1,deny,manual,,active
encyclopedia-vol-47,Encyclopedia Vol 47,<p>Encyclopedia Vol 47 — A Gullah Geechee publication by Darryl E. Brown</p>,Gullah Geechee Biz,Book,"Gullah Geechee, Book, Books",TRUE,Format,eBook,ggb-manifest-encyclo,3.99,1,deny,manual,,active
encyclopedia-vol-48,Encyclopedia Vol 48,<p>Encyclopedia Vol 48 — A Gullah Geechee publication by Darryl E. Brown</p>,Gullah Geechee Biz,Book,"Gullah Geechee, Book, Books",TRUE,Format,eBook,ggb-manifest-encyclo,3.99,1,deny,manual,,active
encyclopedia-vol-49,Encyclopedia Vol 49,<p>Encyclopedia Vol 49 — A Gullah Geechee publication by Darryl E. Brown</p>,Gullah Geechee Biz,Book,"Gullah Geechee, Book, Books",TRUE,Format,eBook,ggb-manifest-encyclo,3.99,1,deny,manual,,active
encyclopedia-vol-50,Encyclopedia Vol 50,<p>Encyclopedia Vol 50 — A Gullah Geechee publication by Darryl E. Brown</p>,Gullah Geechee Biz,Book,"Gullah Geechee, Book, Books",TRUE,Format,eBook,ggb-manifest-encyclo,3.99,1,deny,manual,,active
es-batch-001-how-to-find-your-purpose,Es Batch 001 How To Find Your Purpose,<p>Es Batch 001 How To Find Your Purpose — A Gullah Geechee publication by Darryl E. Brown</p>,Gullah Geechee Biz,Book,"Gullah Geechee, Book, Books",TRUE,Format,eBook,ggb-manifest-es-batc,3.99,1,deny,manual,,active
es-batch-002-how-to-build-unshakeable-confidence,Es Batch 002 How To Build Unshakeable Confidence,<p>Es Batch 002 How To Build Unshakeable Confidence — A Gullah Geechee publication by Darryl E. Brown</p>,Gullah Geechee Biz,Book,"Gullah Geechee, Book, Books",TRUE,Format,eBook,ggb-manifest-es-batc,3.99,1,deny,manual,,active
es-batch-003-how-to-master-your-morning-routine,Es Batch 003 How To Master Your Morning Routine,<p>Es Batch 003 How To Master Your Morning Routine — A Gullah Geechee publication by Darryl E. Brown</p>,Gullah Geechee Biz,Book,"Gullah Geechee, Book, Books",TRUE,Format,eBook,ggb-manifest-es-batc,3.99,1,deny,manual,,active
es-batch-004-how-to-overcome-imposter-syndrome,Es Batch 004 How To Overcome Imposter Syndrome,<p>Es Batch 004 How To Overcome Imposter Syndrome — A Gullah Geechee publication by Darryl E. Brown</p>,Gullah Geechee Biz,Book,"Gullah Geechee, Book, Books",TRUE,Format,eBook,ggb-manifest-es-batc,3.99,1,deny,manual,,active
es-batch-005-how-to-practice-radical-self-care,Es Batch 005 How To Practice Radical Self Care,<p>Es Batch 005 How To Practice Radical Self Care — A Gullah Geechee publication by Darryl E. Brown</p>,Gullah Geechee Biz,Book,"Gullah Geechee, Book, Books",TRUE,Format,eBook,ggb-manifest-es-batc,3.99,1,deny,manual,,active
es-batch-006-how-to-set-boundaries-that-stick,Es Batch 006 How To Set Boundaries That Stick,<p>Es Batch 006 How To Set Boundaries That Stick — A Gullah Geechee publication by Darryl E. Brown</p>,Gullah Geechee Biz,Book,"Gullah Geechee, Book, Books",TRUE,Format,eBook,ggb-manifest-es-batc,3.99,1,deny,manual,,active
es-batch-007-how-to-break-bad-habits-forever,Es Batch 007 How To Break Bad Habits Forever,<p>Es Batch 007 How To Break Bad Habits Forever — A Gullah Geechee publication by Darryl E. Brown</p>,Gullah Geechee Biz,Book,"Gullah Geechee, Book, Books",TRUE,Format,eBook,ggb-manifest-es-batc,3.99,1,deny,manual,,active
es-batch-008-how-to-cultivate-daily-gratitude,Es Batch 008 How To Cultivate Daily Gratitude,<p>Es Batch 008 How To Cultivate Daily Gratitude — A Gullah Geechee publication by Darryl E. Brown</p>,Gullah Geechee Biz,Book,"Gullah Geechee, Book, Books",TRUE,Format,eBook,ggb-manifest-es-batc,3.99,1,deny,manual,,active
es-batch-009-how-to-manage-anxiety-naturally,Es Batch 009 How To Manage Anxiety Naturally,<p>Es Batch 009 How To Manage Anxiety Naturally — A Gullah Geechee publication by Darryl E. Brown</p>,Gullah Geechee Biz,Book,"Gullah Geechee, Book, Books",TRUE,Format,eBook,ggb-manifest-es-batc,3.99,1,deny,manual,,active
es-batch-010-how-to-develop-emotional-intelligence,Es Batch 010 How To Develop Emotional Intelligence,<p>Es Batch 010 How To Develop Emotional Intelligence — A Gullah Geechee publication by Darryl E. Brown</p>,Gullah Geechee Biz,Book,"Gullah Geechee, Book, Books",TRUE,Format,eBook,ggb-manifest-es-batc,3.99,1,deny,manual,,active
es-batch-011-how-to-forgive-yourself-and-move-on,Es Batch 011 How To Forgive Yourself And Move On,<p>Es Batch 011 How To Forgive Yourself And Move On — A Gullah Geechee publication by Darryl E. Brown</p>,Gullah Geechee Biz,Book,"Gullah Geechee, Book, Books",TRUE,Format,eBook,ggb-manifest-es-batc,3.99,1,deny,manual,,active
es-batch-012-how-to-stay-motivated-every-day,Es Batch 012 How To Stay Motivated Every Day,<p>Es Batch 012 How To Stay Motivated Every Day — A Gullah Geechee publication by Darryl E. Brown</p>,Gullah Geechee Biz,Book,"Gullah Geechee, Book, Books",TRUE,Format,eBook,ggb-manifest-es-batc,3.99,1,deny,manual,,active
es-batch-013-how-to-build-resilience-in-tough-times,Es Batch 013 How To Build Resilience In Tough Times,<p>Es Batch 013 How To Build Resilience In Tough Times — A Gullah Geechee publication by Darryl E. Brown</p>,Gullah Geechee Biz,Book,"Gullah Geechee, Book, Books",TRUE,Format,eBook,ggb-manifest-es-batc,3.99,1,deny,manual,,active
es-batch-014-how-to-practice-mindful-living,Es Batch 014 How To Practice Mindful Living,<p>Es Batch 014 How To Practice Mindful Living — A Gullah Geechee publication by Darryl E. Brown</p>,Gullah Geechee Biz,Book,"Gullah Geechee, Book, Books",TRUE,Format,eBook,ggb-manifest-es-batc,3.99,1,deny,manual,,active
es-batch-015-how-to-let-go-of-perfectionism,Es Batch 015 How To Let Go Of Perfectionism,<p>Es Batch 015 How To Let Go Of Perfectionism — A Gullah Geechee publication by Darryl E. Brown</p>,Gullah Geechee Biz,Book,"Gullah Geechee, Book, Books",TRUE,Format,eBook,ggb-manifest-es-batc,3.99,1,deny,manual,,active
es-batch-016-how-to-create-a-personal-mission-stateme,Es Batch 016 How To Create A Personal Mission Stateme,<p>Es Batch 016 How To Create A Personal Mission Stateme — A Gullah Geechee publication by Darryl E. Brown</p>,Gullah Geechee Biz,Book,"Gullah Geechee, Book, Books",TRUE,Format,eBook,ggb-manifest-es-batc,3.99,1,deny,manual,,active
es-batch-017-how-to-develop-a-growth-mindset,Es Batch 017 How To Develop A Growth Mindset,<p>Es Batch 017 How To Develop A Growth Mindset — A Gullah Geechee publication by Darryl E. Brown</p>,Gullah Geechee Biz,Book,"Gullah Geechee, Book, Books",TRUE,Format,eBook,ggb-manifest-es-batc,3.99,1,deny,manual,,active
es-batch-018-how-to-handle-criticism-gracefully,Es Batch 018 How To Handle Criticism Gracefully,<p>Es Batch 018 How To Handle Criticism Gracefully — A Gullah Geechee publication by Darryl E. Brown</p>,Gullah Geechee Biz,Book,"Gullah Geechee, Book, Books",TRUE,Format,eBook,ggb-manifest-es-batc,3.99,1,deny,manual,,active
es-batch-019-how-to-build-healthy-relationships,Es Batch 019 How To Build Healthy Relationships,<p>Es Batch 019 How To Build Healthy Relationships — A Gullah Geechee publication by Darryl E. Brown</p>,Gullah Geechee Biz,Book,"Gullah Geechee, Book, Books",TRUE,Format,eBook,ggb-manifest-es-batc,3.99,1,deny,manual,,active
es-batch-020-how-to-find-inner-peace,Es Batch 020 How To Find Inner Peace,<p>Es Batch 020 How To Find Inner Peace — A Gullah Geechee publication by Darryl E. Brown</p>,Gullah Geechee Biz,Book,"Gullah Geechee, Book, Books",TRUE,Format,eBook,ggb-manifest-es-batc,3.99,1,deny,manual,,active
es-batch-021-how-to-stop-people-pleasing,Es Batch 021 How To Stop People Pleasing,<p>Es Batch 021 How To Stop People Pleasing — A Gullah Geechee publication by Darryl E. Brown</p>,Gullah Geechee Biz,Book,"Gullah Geechee, Book, Books",TRUE,Format,eBook,ggb-manifest-es-batc,3.99,1,deny,manual,,active
es-batch-022-how-to-embrace-your-authentic-self,Es Batch 022 How To Embrace Your Authentic Self,<p>Es Batch 022 How To Embrace Your Authentic Self — A Gullah Geechee publication by Darryl E. Brown</p>,Gullah Geechee Biz,Book,"Gullah Geechee, Book, Books",TRUE,Format,eBook,ggb-manifest-es-batc,3.99,1,deny,manual,,active
es-batch-023-how-to-navigate-life-transitions,Es Batch 023 How To Navigate Life Transitions,<p>Es Batch 023 How To Navigate Life Transitions — A Gullah Geechee publication by Darryl E. Brown</p>,Gullah Geechee Biz,Book,"Gullah Geechee, Book, Books",TRUE,Format,eBook,ggb-manifest-es-batc,3.99,1,deny,manual,,active
es-batch-024-how-to-practice-self-compassion,Es Batch 024 How To Practice Self Compassion,<p>Es Batch 024 How To Practice Self Compassion — A Gullah Geechee publication by Darryl E. Brown</p>,Gullah Geechee Biz,Book,"Gullah Geechee, Book, Books",TRUE,Format,eBook,ggb-manifest-es-batc,3.99,1,deny,manual,,active
es-batch-025-how-to-build-mental-toughness,Es Batch 025 How To Build Mental Toughness,<p>Es Batch 025 How To Build Mental Toughness — A Gullah Geechee publication by Darryl E. Brown</p>,Gullah Geechee Biz,Book,"Gullah Geechee, Book, Books",TRUE,Format,eBook,ggb-manifest-es-batc,3.99,1,deny,manual,,active
es-batch-026-how-to-create-a-vision-board-that-works,Es Batch 026 How To Create A Vision Board That Works,<p>Es Batch 026 How To Create A Vision Board That Works — A Gullah Geechee publication by Darryl E. Brown</p>,Gullah Geechee Biz,Book,"Gullah Geechee, Book, Books",TRUE,Format,eBook,ggb-manifest-es-batc,3.99,1,deny,manual,,active
es-batch-027-how-to-develop-daily-discipline,Es Batch 027 How To Develop Daily Discipline,<p>Es Batch 027 How To Develop Daily Discipline — A Gullah Geechee publication by Darryl E. Brown</p>,Gullah Geechee Biz,Book,"Gullah Geechee, Book, Books",TRUE,Format,eBook,ggb-manifest-es-batc,3.99,1,deny,manual,,active
es-batch-028-how-to-overcome-fear-of-failure,Es Batch 028 How To Overcome Fear Of Failure,<p>Es Batch 028 How To Overcome Fear Of Failure — A Gullah Geechee publication by Darryl E. Brown</p>,Gullah Geechee Biz,Book,"Gullah Geechee, Book, Books",TRUE,Format,eBook,ggb-manifest-es-batc,3.99,1,deny,manual,,active
es-batch-029-how-to-cultivate-patience,Es Batch 029 How To Cultivate Patience,<p>Es Batch 029 How To Cultivate Patience — A Gullah Geechee publication by Darryl E. Brown</p>,Gullah Geechee Biz,Book,"Gullah Geechee, Book, Books",TRUE,Format,eBook,ggb-manifest-es-batc,3.99,1,deny,manual,,active
es-batch-030-how-to-live-with-intention,Es Batch 030 How To Live With Intention,<p>Es Batch 030 How To Live With Intention — A Gullah Geechee publication by Darryl E. Brown</p>,Gullah Geechee Biz,Book,"Gullah Geechee, Book, Books",TRUE,Format,eBook,ggb-manifest-es-batc,3.99,1,deny,manual,,active
es-batch-031-how-to-start-a-side-hustle,Es Batch 031 How To Start A Side Hustle,<p>Es Batch 031 How To Start A Side Hustle — A Gullah Geechee publication by Darryl E. Brown</p>,Gullah Geechee Biz,Book,"Gullah Geechee, Book, Books",TRUE,Format,eBook,ggb-manifest-es-batc,3.99,1,deny,manual,,active
es-batch-032-how-to-build-a-personal-brand,Es Batch 032 How To Build A Personal Brand,<p>Es Batch 032 How To Build A Personal Brand — A Gullah Geechee publication by Darryl E. Brown</p>,Gullah Geechee Biz,Book,"Gullah Geechee, Book, Books",TRUE,Format,eBook,ggb-manifest-es-batc,3.99,1,deny,manual,,active
es-batch-033-how-to-create-a-business-plan,Es Batch 033 How To Create A Business Plan,<p>Es Batch 033 How To Create A Business Plan — A Gullah Geechee publication by Darryl E. Brown</p>,Gullah Geechee Biz,Book,"Gullah Geechee, Book, Books",TRUE,Format,eBook,ggb-manifest-es-batc,3.99,1,deny,manual,,active
es-batch-034-how-to-master-social-media-marketing,Es Batch 034 How To Master Social Media Marketing,<p>Es Batch 034 How To Master Social Media Marketing — A Gullah Geechee publication by Darryl E. Brown</p>,Gullah Geechee Biz,Book,"Gullah Geechee, Book, Books",TRUE,Format,eBook,ggb-manifest-es-batc,3.99,1,deny,manual,,active
es-batch-035-how-to-launch-an-online-course,Es Batch 035 How To Launch An Online Course,<p>Es Batch 035 How To Launch An Online Course — A Gullah Geechee publication by Darryl E. Brown</p>,Gullah Geechee Biz,Book,"Gullah Geechee, Book, Books",TRUE,Format,eBook,ggb-manifest-es-batc,3.99,1,deny,manual,,active
es-batch-036-how-to-write-a-winning-grant-proposal,Es Batch 036 How To Write A Winning Grant Proposal,<p>Es Batch 036 How To Write A Winning Grant Proposal — A Gullah Geechee publication by Darryl E. Brown</p>,Gullah Geechee Biz,Book,"Gullah Geechee, Book, Books",TRUE,Format,eBook,ggb-manifest-es-batc,3.99,1,deny,manual,,active
es-batch-037-how-to-build-an-email-list-from-scratch,Es Batch 037 How To Build An Email List From Scratch,<p>Es Batch 037 How To Build An Email List From Scratch — A Gullah Geechee publication by Darryl E. Brown</p>,Gullah Geechee Biz,Book,"Gullah Geechee, Book, Books",TRUE,Format,eBook,ggb-manifest-es-batc,3.99,1,deny,manual,,active
es-batch-038-how-to-price-your-products-or-services,Es Batch 038 How To Price Your Products Or Services,<p>Es Batch 038 How To Price Your Products Or Services — A Gullah Geechee publication by Darryl E. Brown</p>,Gullah Geechee Biz,Book,"Gullah Geechee, Book, Books",TRUE,Format,eBook,ggb-manifest-es-batc,3.99,1,deny,manual,,active
es-batch-039-how-to-network-like-a-pro,Es Batch 039 How To Network Like A Pro,<p>Es Batch 039 How To Network Like A Pro — A Gullah Geechee publication by Darryl E. Brown</p>,Gullah Geechee Biz,Book,"Gullah Geechee, Book, Books",TRUE,Format,eBook,ggb-manifest-es-batc,3.99,1,deny,manual,,active
es-batch-040-how-to-manage-business-finances,Es Batch 040 How To Manage Business Finances,<p>Es Batch 040 How To Manage Business Finances — A Gullah Geechee publication by Darryl E. Brown</p>,Gullah Geechee Biz,Book,"Gullah Geechee, Book, Books",TRUE,Format,eBook,ggb-manifest-es-batc,3.99,1,deny,manual,,active
es-batch-041-how-to-create-a-content-strategy,Es Batch 041 How To Create A Content Strategy,<p>Es Batch 041 How To Create A Content Strategy — A Gullah Geechee publication by Darryl E. Brown</p>,Gullah Geechee Biz,Book,"Gullah Geechee, Book, Books",TRUE,Format,eBook,ggb-manifest-es-batc,3.99,1,deny,manual,,active
es-batch-042-how-to-build-a-website-on-a-budget,Es Batch 042 How To Build A Website On A Budget,<p>Es Batch 042 How To Build A Website On A Budget — A Gullah Geechee publication by Darryl E. Brown</p>,Gullah Geechee Biz,Book,"Gullah Geechee, Book, Books",TRUE,Format,eBook,ggb-manifest-es-batc,3.99,1,deny,manual,,active
es-batch-043-how-to-master-public-speaking,Es Batch 043 How To Master Public Speaking,<p>Es Batch 043 How To Master Public Speaking — A Gullah Geechee publication by Darryl E. Brown</p>,Gullah Geechee Biz,Book,"Gullah Geechee, Book, Books",TRUE,Format,eBook,ggb-manifest-es-batc,3.99,1,deny,manual,,active
es-batch-044-how-to-negotiate-better-deals,Es Batch 044 How To Negotiate Better Deals,<p>Es Batch 044 How To Negotiate Better Deals — A Gullah Geechee publication by Darryl E. Brown</p>,Gullah Geechee Biz,Book,"Gullah Geechee, Book, Books",TRUE,Format,eBook,ggb-manifest-es-batc,3.99,1,deny,manual,,active
es-batch-045-how-to-build-a-remote-team,Es Batch 045 How To Build A Remote Team,<p>Es Batch 045 How To Build A Remote Team — A Gullah Geechee publication by Darryl E. Brown</p>,Gullah Geechee Biz,Book,"Gullah Geechee, Book, Books",TRUE,Format,eBook,ggb-manifest-es-batc,3.99,1,deny,manual,,active
es-batch-046-how-to-scale-your-small-business,Es Batch 046 How To Scale Your Small Business,<p>Es Batch 046 How To Scale Your Small Business — A Gullah Geechee publication by Darryl E. Brown</p>,Gullah Geechee Biz,Book,"Gullah Geechee, Book, Books",TRUE,Format,eBook,ggb-manifest-es-batc,3.99,1,deny,manual,,active
es-batch-047-how-to-create-a-marketing-funnel,Es Batch 047 How To Create A Marketing Funnel,<p>Es Batch 047 How To Create A Marketing Funnel — A Gullah Geechee publication by Darryl E. Brown</p>,Gullah Geechee Biz,Book,"Gullah Geechee, Book, Books",TRUE,Format,eBook,ggb-manifest-es-batc,3.99,1,deny,manual,,active
es-batch-048-how-to-use-ai-in-your-business,Es Batch 048 How To Use Ai In Your Business,<p>Es Batch 048 How To Use Ai In Your Business — A Gullah Geechee publication by Darryl E. Brown</p>,Gullah Geechee Biz,Book,"Gullah Geechee, Book, Books",TRUE,Format,eBook,ggb-manifest-es-batc,3.99,1,deny,manual,,active
es-batch-049-how-to-build-customer-loyalty,Es Batch 049 How To Build Customer Loyalty,<p>Es Batch 049 How To Build Customer Loyalty — A Gullah Geechee publication by Darryl E. Brown</p>,Gullah Geechee Biz,Book,"Gullah Geechee, Book, Books",TRUE,Format,eBook,ggb-manifest-es-batc,3.99,1,deny,manual,,active
es-batch-050-how-to-manage-your-time-effectively,Es Batch 050 How To Manage Your Time Effectively,<p>Es Batch 050 How To Manage Your Time Effectively — A Gullah Geechee publication by Darryl E. Brown</p>,Gullah Geechee Biz,Book,"Gullah Geechee, Book, Books",TRUE,Format,eBook,ggb-manifest-es-batc,3.99,1,deny,manual,,active
es-batch-051-how-to-create-a-sales-funnel,Es Batch 051 How To Create A Sales Funnel,<p>Es Batch 051 How To Create A Sales Funnel — A Gullah Geechee publication by Darryl E. Brown</p>,Gullah Geechee Biz,Book,"Gullah Geechee, Book, Books",TRUE,Format,eBook,ggb-manifest-es-batc,3.99,1,deny,manual,,active
es-batch-052-how-to-build-strategic-partnerships,Es Batch 052 How To Build Strategic Partnerships,<p>Es Batch 052 How To Build Strategic Partnerships — A Gullah Geechee publication by Darryl E. Brown</p>,Gullah Geechee Biz,Book,"Gullah Geechee, Book, Books",TRUE,Format,eBook,ggb-manifest-es-batc,3.99,1,deny,manual,,active
es-batch-053-how-to-master-email-marketing,Es Batch 053 How To Master Email Marketing,<p>Es Batch 053 How To Master Email Marketing — A Gullah Geechee publication by Darryl E. Brown</p>,Gullah Geechee Biz,Book,"Gullah Geechee, Book, Books",TRUE,Format,eBook,ggb-manifest-es-batc,3.99,1,deny,manual,,active
es-batch-054-how-to-create-a-brand-style-guide,Es Batch 054 How To Create A Brand Style Guide,<p>Es Batch 054 How To Create A Brand Style Guide — A Gullah Geechee publication by Darryl E. Brown</p>,Gullah Geechee Biz,Book,"Gullah Geechee, Book, Books",TRUE,Format,eBook,ggb-manifest-es-batc,3.99,1,deny,manual,,active
es-batch-055-how-to-build-a-freelance-career,Es Batch 055 How To Build A Freelance Career,<p>Es Batch 055 How To Build A Freelance Career — A Gullah Geechee publication by Darryl E. Brown</p>,Gullah Geechee Biz,Book,"Gullah Geechee, Book, Books",TRUE,Format,eBook,ggb-manifest-es-batc,3.99,1,deny,manual,,active
es-batch-056-how-to-write-copy-that-sells,Es Batch 056 How To Write Copy That Sells,<p>Es Batch 056 How To Write Copy That Sells — A Gullah Geechee publication by Darryl E. Brown</p>,Gullah Geechee Biz,Book,"Gullah Geechee, Book, Books",TRUE,Format,eBook,ggb-manifest-es-batc,3.99,1,deny,manual,,active
es-batch-057-how-to-create-a-product-launch-plan,Es Batch 057 How To Create A Product Launch Plan,<p>Es Batch 057 How To Create A Product Launch Plan — A Gullah Geechee publication by Darryl E. Brown</p>,Gullah Geechee Biz,Book,"Gullah Geechee, Book, Books",TRUE,Format,eBook,ggb-manifest-es-batc,3.99,1,deny,manual,,active
es-batch-058-how-to-build-a-community-around-your-bra,Es Batch 058 How To Build A Community Around Your Bra,<p>Es Batch 058 How To Build A Community Around Your Bra — A Gullah Geechee publication by Darryl E. Brown</p>,Gullah Geechee Biz,Book,"Gullah Geechee, Book, Books",TRUE,Format,eBook,ggb-manifest-es-batc,3.99,1,deny,manual,,active
es-batch-059-how-to-master-linkedin-for-business,Es Batch 059 How To Master Linkedin For Business,<p>Es Batch 059 How To Master Linkedin For Business — A Gullah Geechee publication by Darryl E. Brown</p>,Gullah Geechee Biz,Book,"Gullah Geechee, Book, Books",TRUE,Format,eBook,ggb-manifest-es-batc,3.99,1,deny,manual,,active
es-batch-060-how-to-create-a-customer-journey-map,Es Batch 060 How To Create A Customer Journey Map,<p>Es Batch 060 How To Create A Customer Journey Map — A Gullah Geechee publication by Darryl E. Brown</p>,Gullah Geechee Biz,Book,"Gullah Geechee, Book, Books",TRUE,Format,eBook,ggb-manifest-es-batc,3.99,1,deny,manual,,active
es-batch-061-how-to-build-a-subscription-business,Es Batch 061 How To Build A Subscription Business,<p>Es Batch 061 How To Build A Subscription Business — A Gullah Geechee publication by Darryl E. Brown</p>,Gullah Geechee Biz,Book,"Gullah Geechee, Book, Books",TRUE,Format,eBook,ggb-manifest-es-batc,3.99,1,deny,manual,,active
es-batch-062-how-to-create-a-referral-program,Es Batch 062 How To Create A Referral Program,<p>Es Batch 062 How To Create A Referral Program — A Gullah Geechee publication by Darryl E. Brown</p>,Gullah Geechee Biz,Book,"Gullah Geechee, Book, Books",TRUE,Format,eBook,ggb-manifest-es-batc,3.99,1,deny,manual,,active
es-batch-063-how-to-master-business-storytelling,Es Batch 063 How To Master Business Storytelling,<p>Es Batch 063 How To Master Business Storytelling — A Gullah Geechee publication by Darryl E. Brown</p>,Gullah Geechee Biz,Book,"Gullah Geechee, Book, Books",TRUE,Format,eBook,ggb-manifest-es-batc,3.99,1,deny,manual,,active
es-batch-064-how-to-build-a-digital-product-empire,Es Batch 064 How To Build A Digital Product Empire,<p>Es Batch 064 How To Build A Digital Product Empire — A Gullah Geechee publication by Darryl E. Brown</p>,Gullah Geechee Biz,Book,"Gullah Geechee, Book, Books",TRUE,Format,eBook,ggb-manifest-es-batc,3.99,1,deny,manual,,active
es-batch-065-how-to-create-a-business-exit-strategy,Es Batch 065 How To Create A Business Exit Strategy,<p>Es Batch 065 How To Create A Business Exit Strategy — A Gullah Geechee publication by Darryl E. Brown</p>,Gullah Geechee Biz,Book,"Gullah Geechee, Book, Books",TRUE,Format,eBook,ggb-manifest-es-batc,3.99,1,deny,manual,,active
es-batch-066-how-to-cook-perfect-gullah-red-rice,Es Batch 066 How To Cook Perfect Gullah Red Rice,<p>Es Batch 066 How To Cook Perfect Gullah Red Rice — A Gullah Geechee publication by Darryl E. Brown</p>,Gullah Geechee Biz,Book,"Gullah Geechee, Book, Books",TRUE,Format,eBook,ggb-manifest-es-batc,3.99,1,deny,manual,,active
es-batch-067-how-to-make-southern-cornbread-from-scra,Es Batch 067 How To Make Southern Cornbread From Scra,<p>Es Batch 067 How To Make Southern Cornbread From Scra — A Gullah Geechee publication by Darryl E. Brown</p>,Gullah Geechee Biz,Book,"Gullah Geechee, Book, Books",TRUE,Format,eBook,ggb-manifest-es-batc,3.99,1,deny,manual,,active
es-batch-068-how-to-fry-the-perfect-fish,Es Batch 068 How To Fry The Perfect Fish,<p>Es Batch 068 How To Fry The Perfect Fish — A Gullah Geechee publication by Darryl E. Brown</p>,Gullah Geechee Biz,Book,"Gullah Geechee, Book, Books",TRUE,Format,eBook,ggb-manifest-es-batc,3.99,1,deny,manual,,active
es-batch-069-how-to-make-authentic-shrimp-and-grits,Es Batch 069 How To Make Authentic Shrimp And Grits,<p>Es Batch 069 How To Make Authentic Shrimp And Grits — A Gullah Geechee publication by Darryl E. Brown</p>,Gullah Geechee Biz,Book,"Gullah Geechee, Book, Books",TRUE,Format,eBook,ggb-manifest-es-batc,3.99,1,deny,manual,,active
es-batch-070-how-to-bake-sweet-potato-pie,Es Batch 070 How To Bake Sweet Potato Pie,<p>Es Batch 070 How To Bake Sweet Potato Pie — A Gullah Geechee publication by Darryl E. Brown</p>,Gullah Geechee Biz,Book,"Gullah Geechee, Book, Books",TRUE,Format,eBook,ggb-manifest-es-batc,3.99,1,deny,manual,,active
es-batch-071-how-to-make-hoppin-john-for-new-years,Es Batch 071 How To Make Hoppin John For New Years,<p>Es Batch 071 How To Make Hoppin John For New Years — A Gullah Geechee publication by Darryl E. Brown</p>,Gullah Geechee Biz,Book,"Gullah Geechee, Book, Books",TRUE,Format,eBook,ggb-manifest-es-batc,3.99,1,deny,manual,,active
es-batch-072-how-to-cook-collard-greens-the-right-way,Es Batch 072 How To Cook Collard Greens The Right Way,<p>Es Batch 072 How To Cook Collard Greens The Right Way — A Gullah Geechee publication by Darryl E. Brown</p>,Gullah Geechee Biz,Book,"Gullah Geechee, Book, Books",TRUE,Format,eBook,ggb-manifest-es-batc,3.99,1,deny,manual,,active
es-batch-073-how-to-make-benne-wafers,Es Batch 073 How To Make Benne Wafers,<p>Es Batch 073 How To Make Benne Wafers — A Gullah Geechee publication by Darryl E. Brown</p>,Gullah Geechee Biz,Book,"Gullah Geechee, Book, Books",TRUE,Format,eBook,ggb-manifest-es-batc,3.99,1,deny,manual,,active
es-batch-074-how-to-prepare-okra-and-tomatoes,Es Batch 074 How To Prepare Okra And Tomatoes,<p>Es Batch 074 How To Prepare Okra And Tomatoes — A Gullah Geechee publication by Darryl E. Brown</p>,Gullah Geechee Biz,Book,"Gullah Geechee, Book, Books",TRUE,Format,eBook,ggb-manifest-es-batc,3.99,1,deny,manual,,active
es-batch-075-how-to-make-gullah-tea-cakes,Es Batch 075 How To Make Gullah Tea Cakes,<p>Es Batch 075 How To Make Gullah Tea Cakes — A Gullah Geechee publication by Darryl E. Brown</p>,Gullah Geechee Biz,Book,"Gullah Geechee, Book, Books",TRUE,Format,eBook,ggb-manifest-es-batc,3.99,1,deny,manual,,active
es-batch-076-how-to-cook-lowcountry-boil,Es Batch 076 How To Cook Lowcountry Boil,<p>Es Batch 076 How To Cook Lowcountry Boil — A Gullah Geechee publication by Darryl E. Brown</p>,Gullah Geechee Biz,Book,"Gullah Geechee, Book, Books",TRUE,Format,eBook,ggb-manifest-es-batc,3.99,1,deny,manual,,active
es-batch-077-how-to-make-pickled-shrimp,Es Batch 077 How To Make Pickled Shrimp,<p>Es Batch 077 How To Make Pickled Shrimp — A Gullah Geechee publication by Darryl E. Brown</p>,Gullah Geechee Biz,Book,"Gullah Geechee, Book, Books",TRUE,Format,eBook,ggb-manifest-es-batc,3.99,1,deny,manual,,active
es-batch-078-how-to-bake-buttermilk-cornbread,Es Batch 078 How To Bake Buttermilk Cornbread,<p>Es Batch 078 How To Bake Buttermilk Cornbread — A Gullah Geechee publication by Darryl E. Brown</p>,Gullah Geechee Biz,Book,"Gullah Geechee, Book, Books",TRUE,Format,eBook,ggb-manifest-es-batc,3.99,1,deny,manual,,active
es-batch-079-how-to-make-boiled-peanuts,Es Batch 079 How To Make Boiled Peanuts,<p>Es Batch 079 How To Make Boiled Peanuts — A Gullah Geechee publication by Darryl E. Brown</p>,Gullah Geechee Biz,Book,"Gullah Geechee, Book, Books",TRUE,Format,eBook,ggb-manifest-es-batc,3.99,1,deny,manual,,active
es-batch-080-how-to-cook-gullah-cabbage,Es Batch 080 How To Cook Gullah Cabbage,<p>Es Batch 080 How To Cook Gullah Cabbage — A Gullah Geechee publication by Darryl E. Brown</p>,Gullah Geechee Biz,Book,"Gullah Geechee, Book, Books",TRUE,Format,eBook,ggb-manifest-es-batc,3.99,1,deny,manual,,active
es-batch-081-how-to-make-mac-and-cheese-the-southern-,Es Batch 081 How To Make Mac And Cheese The Southern ,<p>Es Batch 081 How To Make Mac And Cheese The Southern  — A Gullah Geechee publication by Darryl E. Brown</p>,Gullah Geechee Biz,Book,"Gullah Geechee, Book, Books",TRUE,Format,eBook,ggb-manifest-es-batc,3.99,1,deny,manual,,active
es-batch-082-how-to-prepare-gullah-chicken-soup,Es Batch 082 How To Prepare Gullah Chicken Soup,<p>Es Batch 082 How To Prepare Gullah Chicken Soup — A Gullah Geechee publication by Darryl E. Brown</p>,Gullah Geechee Biz,Book,"Gullah Geechee, Book, Books",TRUE,Format,eBook,ggb-manifest-es-batc,3.99,1,deny,manual,,active
es-batch-083-how-to-make-rice-pudding,Es Batch 083 How To Make Rice Pudding,<p>Es Batch 083 How To Make Rice Pudding — A Gullah Geechee publication by Darryl E. Brown</p>,Gullah Geechee Biz,Book,"Gullah Geechee, Book, Books",TRUE,Format,eBook,ggb-manifest-es-batc,3.99,1,deny,manual,,active
es-batch-084-how-to-cook-gullah-pork-chops,Es Batch 084 How To Cook Gullah Pork Chops,<p>Es Batch 084 How To Cook Gullah Pork Chops — A Gullah Geechee publication by Darryl E. Brown</p>,Gullah Geechee Biz,Book,"Gullah Geechee, Book, Books",TRUE,Format,eBook,ggb-manifest-es-batc,3.99,1,deny,manual,,active
es-batch-085-how-to-make-sweetgrass-lemonade,Es Batch 085 How To Make Sweetgrass Lemonade,<p>Es Batch 085 How To Make Sweetgrass Lemonade — A Gullah Geechee publication by Darryl E. Brown</p>,Gullah Geechee Biz,Book,"Gullah Geechee, Book, Books",TRUE,Format,eBook,ggb-manifest-es-batc,3.99,1,deny,manual,,active
es-batch-086-how-to-make-gullah-potato-salad,Es Batch 086 How To Make Gullah Potato Salad,<p>Es Batch 086 How To Make Gullah Potato Salad — A Gullah Geechee publication by Darryl E. Brown</p>,Gullah Geechee Biz,Book,"Gullah Geechee, Book, Books",TRUE,Format,eBook,ggb-manifest-es-batc,3.99,1,deny,manual,,active
es-batch-087-how-to-cook-benne-chicken,Es Batch 087 How To Cook Benne Chicken,<p>Es Batch 087 How To Cook Benne Chicken — A Gullah Geechee publication by Darryl E. Brown</p>,Gullah Geechee Biz,Book,"Gullah Geechee, Book, Books",TRUE,Format,eBook,ggb-manifest-es-batc,3.99,1,deny,manual,,active
es-batch-088-how-to-make-gullah-breakfast,Es Batch 088 How To Make Gullah Breakfast,<p>Es Batch 088 How To Make Gullah Breakfast — A Gullah Geechee publication by Darryl E. Brown</p>,Gullah Geechee Biz,Book,"Gullah Geechee, Book, Books",TRUE,Format,eBook,ggb-manifest-es-batc,3.99,1,deny,manual,,active
es-batch-089-how-to-preserve-summer-vegetables,Es Batch 089 How To Preserve Summer Vegetables,<p>Es Batch 089 How To Preserve Summer Vegetables — A Gullah Geechee publication by Darryl E. Brown</p>,Gullah Geechee Biz,Book,"Gullah Geechee, Book, Books",TRUE,Format,eBook,ggb-manifest-es-batc,3.99,1,deny,manual,,active
es-batch-090-how-to-master-cast-iron-cooking,Es Batch 090 How To Master Cast Iron Cooking,<p>Es Batch 090 How To Master Cast Iron Cooking — A Gullah Geechee publication by Darryl E. Brown</p>,Gullah Geechee Biz,Book,"Gullah Geechee, Book, Books",TRUE,Format,eBook,ggb-manifest-es-batc,3.99,1,deny,manual,,active
es-batch-091-how-to-make-one-pot-gullah-meals,Es Batch 091 How To Make One Pot Gullah Meals,<p>Es Batch 091 How To Make One Pot Gullah Meals — A Gullah Geechee publication by Darryl E. Brown</p>,Gullah Geechee Biz,Book,"Gullah Geechee, Book, Books",TRUE,Format,eBook,ggb-manifest-es-batc,3.99,1,deny,manual,,active
es-batch-092-how-to-cook-with-seasonal-lowcountry-ing,Es Batch 092 How To Cook With Seasonal Lowcountry Ing,<p>Es Batch 092 How To Cook With Seasonal Lowcountry Ing — A Gullah Geechee publication by Darryl E. Brown</p>,Gullah Geechee Biz,Book,"Gullah Geechee, Book, Books",TRUE,Format,eBook,ggb-manifest-es-batc,3.99,1,deny,manual,,active
es-batch-093-how-to-make-gullah-sauces-and-seasonings,Es Batch 093 How To Make Gullah Sauces And Seasonings,<p>Es Batch 093 How To Make Gullah Sauces And Seasonings — A Gullah Geechee publication by Darryl E. Brown</p>,Gullah Geechee Biz,Book,"Gullah Geechee, Book, Books",TRUE,Format,eBook,ggb-manifest-es-batc,3.99,1,deny,manual,,active
es-batch-094-how-to-bake-gullah-desserts,Es Batch 094 How To Bake Gullah Desserts,<p>Es Batch 094 How To Bake Gullah Desserts — A Gullah Geechee publication by Darryl E. Brown</p>,Gullah Geechee Biz,Book,"Gullah Geechee, Book, Books",TRUE,Format,eBook,ggb-manifest-es-batc,3.99,1,deny,manual,,active
es-batch-095-how-to-make-holiday-gullah-feasts,Es Batch 095 How To Make Holiday Gullah Feasts,<p>Es Batch 095 How To Make Holiday Gullah Feasts — A Gullah Geechee publication by Darryl E. Brown</p>,Gullah Geechee Biz,Book,"Gullah Geechee, Book, Books",TRUE,Format,eBook,ggb-manifest-es-batc,3.99,1,deny,manual,,active
es-batch-096-how-to-cook-gullah-seafood,Es Batch 096 How To Cook Gullah Seafood,<p>Es Batch 096 How To Cook Gullah Seafood — A Gullah Geechee publication by Darryl E. Brown</p>,Gullah Geechee Biz,Book,"Gullah Geechee, Book, Books",TRUE,Format,eBook,ggb-manifest-es-batc,3.99,1,deny,manual,,active
es-batch-097-how-to-make-gullah-soups-and-stews,Es Batch 097 How To Make Gullah Soups And Stews,<p>Es Batch 097 How To Make Gullah Soups And Stews — A Gullah Geechee publication by Darryl E. Brown</p>,Gullah Geechee Biz,Book,"Gullah Geechee, Book, Books",TRUE,Format,eBook,ggb-manifest-es-batc,3.99,1,deny,manual,,active
es-batch-098-how-to-prepare-gullah-side-dishes,Es Batch 098 How To Prepare Gullah Side Dishes,<p>Es Batch 098 How To Prepare Gullah Side Dishes — A Gullah Geechee publication by Darryl E. Brown</p>,Gullah Geechee Biz,Book,"Gullah Geechee, Book, Books",TRUE,Format,eBook,ggb-manifest-es-batc,3.99,1,deny,manual,,active
es-batch-099-how-to-make-gullah-breads,Es Batch 099 How To Make Gullah Breads,<p>Es Batch 099 How To Make Gullah Breads — A Gullah Geechee publication by Darryl E. Brown</p>,Gullah Geechee Biz,Book,"Gullah Geechee, Book, Books",TRUE,Format,eBook,ggb-manifest-es-batc,3.99,1,deny,manual,,active
es-batch-100-how-to-cook-gullah-vegetables,Es Batch 100 How To Cook Gullah Vegetables,<p>Es Batch 100 How To Cook Gullah Vegetables — A Gullah Geechee publication by Darryl E. Brown</p>,Gullah Geechee Biz,Book,"Gullah Geechee, Book, Books",TRUE,Format,eBook,ggb-manifest-es-batc,3.99,1,deny,manual,,active
es-prep-gullah-geechee-business-planning,Es Prep Gullah Geechee Business Planning,<p>Es Prep Gullah Geechee Business Planning — A Gullah Geechee publication by Darryl E. Brown</p>,Gullah Geechee Biz,Book,"Gullah Geechee, Book, Books",TRUE,Format,eBook,ggb-manifest-es-prep,3.99,1,deny,manual,,active
es-prep-gullah-geechee-camp-cooking,Es Prep Gullah Geechee Camp Cooking,<p>Es Prep Gullah Geechee Camp Cooking — A Gullah Geechee publication by Darryl E. Brown</p>,Gullah Geechee Biz,Book,"Gullah Geechee, Book, Books",TRUE,Format,eBook,ggb-manifest-es-prep,3.99,1,deny,manual,,active
es-prep-gullah-geechee-community-commerce,Es Prep Gullah Geechee Community Commerce,<p>Es Prep Gullah Geechee Community Commerce — A Gullah Geechee publication by Darryl E. Brown</p>,Gullah Geechee Biz,Book,"Gullah Geechee, Book, Books",TRUE,Format,eBook,ggb-manifest-es-prep,3.99,1,deny,manual,,active
es-prep-gullah-geechee-condiments,Es Prep Gullah Geechee Condiments,<p>Es Prep Gullah Geechee Condiments — A Gullah Geechee publication by Darryl E. Brown</p>,Gullah Geechee Biz,Book,"Gullah Geechee, Book, Books",TRUE,Format,eBook,ggb-manifest-es-prep,3.99,1,deny,manual,,active
es-prep-gullah-geechee-microenterprise,Es Prep Gullah Geechee Microenterprise,<p>Es Prep Gullah Geechee Microenterprise — A Gullah Geechee publication by Darryl E. Brown</p>,Gullah Geechee Biz,Book,"Gullah Geechee, Book, Books",TRUE,Format,eBook,ggb-manifest-es-prep,3.99,1,deny,manual,,active
es-prep-gullah-geechee-one-pot-meals,Es Prep Gullah Geechee One Pot Meals,<p>Es Prep Gullah Geechee One Pot Meals — A Gullah Geechee publication by Darryl E. Brown</p>,Gullah Geechee Biz,Book,"Gullah Geechee, Book, Books",TRUE,Format,eBook,ggb-manifest-es-prep,3.99,1,deny,manual,,active
es-prep-how-to-build-abundance,Es Prep How To Build Abundance,<p>Es Prep How To Build Abundance — A Gullah Geechee publication by Darryl E. Brown</p>,Gullah Geechee Biz,Book,"Gullah Geechee, Book, Books",TRUE,Format,eBook,ggb-manifest-es-prep,3.99,1,deny,manual,,active
es-prep-how-to-build-balance,Es Prep How To Build Balance,<p>Es Prep How To Build Balance — A Gullah Geechee publication by Darryl E. Brown</p>,Gullah Geechee Biz,Book,"Gullah Geechee, Book, Books",TRUE,Format,eBook,ggb-manifest-es-prep,3.99,1,deny,manual,,active
es-prep-how-to-build-connection,Es Prep How To Build Connection,<p>Es Prep How To Build Connection — A Gullah Geechee publication by Darryl E. Brown</p>,Gullah Geechee Biz,Book,"Gullah Geechee, Book, Books",TRUE,Format,eBook,ggb-manifest-es-prep,3.99,1,deny,manual,,active
es-prep-how-to-build-faith,Es Prep How To Build Faith,<p>Es Prep How To Build Faith — A Gullah Geechee publication by Darryl E. Brown</p>,Gullah Geechee Biz,Book,"Gullah Geechee, Book, Books",TRUE,Format,eBook,ggb-manifest-es-prep,3.99,1,deny,manual,,active
es-prep-how-to-build-imagination,Es Prep How To Build Imagination,<p>Es Prep How To Build Imagination — A Gullah Geechee publication by Darryl E. Brown</p>,Gullah Geechee Biz,Book,"Gullah Geechee, Book, Books",TRUE,Format,eBook,ggb-manifest-es-prep,3.99,1,deny,manual,,active
es-prep-how-to-build-joy,Es Prep How To Build Joy,<p>Es Prep How To Build Joy — A Gullah Geechee publication by Darryl E. Brown</p>,Gullah Geechee Biz,Book,"Gullah Geechee, Book, Books",TRUE,Format,eBook,ggb-manifest-es-prep,3.99,1,deny,manual,,active
es-prep-how-to-build-reflection,Es Prep How To Build Reflection,<p>Es Prep How To Build Reflection — A Gullah Geechee publication by Darryl E. Brown</p>,Gullah Geechee Biz,Book,"Gullah Geechee, Book, Books",TRUE,Format,eBook,ggb-manifest-es-prep,3.99,1,deny,manual,,active
es-prep-how-to-build-simplicity,Es Prep How To Build Simplicity,<p>Es Prep How To Build Simplicity — A Gullah Geechee publication by Darryl E. Brown</p>,Gullah Geechee Biz,Book,"Gullah Geechee, Book, Books",TRUE,Format,eBook,ggb-manifest-es-prep,3.99,1,deny,manual,,active
es-prep-how-to-build-surrender,Es Prep How To Build Surrender,<p>Es Prep How To Build Surrender — A Gullah Geechee publication by Darryl E. Brown</p>,Gullah Geechee Biz,Book,"Gullah Geechee, Book, Books",TRUE,Format,eBook,ggb-manifest-es-prep,3.99,1,deny,manual,,active
es-prep-how-to-build-vision,Es Prep How To Build Vision,<p>Es Prep How To Build Vision — A Gullah Geechee publication by Darryl E. Brown</p>,Gullah Geechee Biz,Book,"Gullah Geechee, Book, Books",TRUE,Format,eBook,ggb-manifest-es-prep,3.99,1,deny,manual,,active
es-prep-how-to-build-vulnerability,Es Prep How To Build Vulnerability,<p>Es Prep How To Build Vulnerability — A Gullah Geechee publication by Darryl E. Brown</p>,Gullah Geechee Biz,Book,"Gullah Geechee, Book, Books",TRUE,Format,eBook,ggb-manifest-es-prep,3.99,1,deny,manual,,active
es-prep-how-to-build-zeal,Es Prep How To Build Zeal,<p>Es Prep How To Build Zeal — A Gullah Geechee publication by Darryl E. Brown</p>,Gullah Geechee Biz,Book,"Gullah Geechee, Book, Books",TRUE,Format,eBook,ggb-manifest-es-prep,3.99,1,deny,manual,,active
es-prep-the-gullah-geechee-guide-to-discipline,Es Prep The Gullah Geechee Guide To Discipline,<p>Es Prep The Gullah Geechee Guide To Discipline — A Gullah Geechee publication by Darryl E. Brown</p>,Gullah Geechee Biz,Book,"Gullah Geechee, Book, Books",TRUE,Format,eBook,ggb-manifest-es-prep,3.99,1,deny,manual,,active
es-prep-the-gullah-geechee-guide-to-unity,Es Prep The Gullah Geechee Guide To Unity,<p>Es Prep The Gullah Geechee Guide To Unity — A Gullah Geechee publication by Darryl E. Brown</p>,Gullah Geechee Biz,Book,"Gullah Geechee, Book, Books",TRUE,Format,eBook,ggb-manifest-es-prep,3.99,1,deny,manual,,active
es-prep-the-gullah-geechee-guide-to-yearning,Es Prep The Gullah Geechee Guide To Yearning,<p>Es Prep The Gullah Geechee Guide To Yearning — A Gullah Geechee publication by Darryl E. Brown</p>,Gullah Geechee Biz,Book,"Gullah Geechee, Book, Books",TRUE,Format,eBook,ggb-manifest-es-prep,3.99,1,deny,manual,,active
gg-stories-008,Gg Stories 008,<p>Gg Stories 008 — A Gullah Geechee publication by Darryl E. Brown</p>,Gullah Geechee Biz,Book,"Gullah Geechee, Book, Books",TRUE,Format,eBook,ggb-manifest-gg-stor,3.99,1,deny,manual,,active
ggb-manifest-00a4c7b,Ggb Manifest 00A4C7B,<p>Ggb Manifest 00A4C7B — A Gullah Geechee publication by Darryl E. Brown</p>,Gullah Geechee Biz,Book,"Gullah Geechee, Book, Books",TRUE,Format,eBook,ggb-manifest-ggb-man,3.99,1,deny,manual,,active
ggb-manifest-00c7d57,Ggb Manifest 00C7D57,<p>Ggb Manifest 00C7D57 — A Gullah Geechee publication by Darryl E. Brown</p>,Gullah Geechee Biz,Book,"Gullah Geechee, Book, Books",TRUE,Format,eBook,ggb-manifest-ggb-man,3.99,1,deny,manual,,active
ggb-manifest-0225dd5,Ggb Manifest 0225Dd5,<p>Ggb Manifest 0225Dd5 — A Gullah Geechee publication by Darryl E. Brown</p>,Gullah Geechee Biz,Book,"Gullah Geechee, Book, Books",TRUE,Format,eBook,ggb-manifest-ggb-man,3.99,1,deny,manual,,active
ggb-manifest-02a0930,Ggb Manifest 02A0930,<p>Ggb Manifest 02A0930 — A Gullah Geechee publication by Darryl E. Brown</p>,Gullah Geechee Biz,Book,"Gullah Geechee, Book, Books",TRUE,Format,eBook,ggb-manifest-ggb-man,3.99,1,deny,manual,,active
ggb-manifest-038dff2,Ggb Manifest 038Dff2,<p>Ggb Manifest 038Dff2 — A Gullah Geechee publication by Darryl E. Brown</p>,Gullah Geechee Biz,Book,"Gullah Geechee, Book, Books",TRUE,Format,eBook,ggb-manifest-ggb-man,3.99,1,deny,manual,,active
ggb-manifest-039a9ad,Ggb Manifest 039A9Ad,<p>Ggb Manifest 039A9Ad — A Gullah Geechee publication by Darryl E. Brown</p>,Gullah Geechee Biz,Book,"Gullah Geechee, Book, Books",TRUE,Format,eBook,ggb-manifest-ggb-man,3.99,1,deny,manual,,active
ggb-manifest-03ad457,Ggb Manifest 03Ad457,<p>Ggb Manifest 03Ad457 — A Gullah Geechee publication by Darryl E. Brown</p>,Gullah Geechee Biz,Book,"Gullah Geechee, Book, Books",TRUE,Format,eBook,ggb-manifest-ggb-man,3.99,1,deny,manual,,active
ggb-manifest-0436901,Ggb Manifest 0436901,<p>Ggb Manifest 0436901 — A Gullah Geechee publication by Darryl E. Brown</p>,Gullah Geechee Biz,Book,"Gullah Geechee, Book, Books",TRUE,Format,eBook,ggb-manifest-ggb-man,3.99,1,deny,manual,,active
ggb-manifest-05adeb1,Ggb Manifest 05Adeb1,<p>Ggb Manifest 05Adeb1 — A Gullah Geechee publication by Darryl E. Brown</p>,Gullah Geechee Biz,Book,"Gullah Geechee, Book, Books",TRUE,Format,eBook,ggb-manifest-ggb-man,3.99,1,deny,manual,,active
ggb-manifest-065c17c,Ggb Manifest 065C17C,<p>Ggb Manifest 065C17C — A Gullah Geechee publication by Darryl E. Brown</p>,Gullah Geechee Biz,Book,"Gullah Geechee, Book, Books",TRUE,Format,eBook,ggb-manifest-ggb-man,3.99,1,deny,manual,,active
ggb-manifest-070c768,Ggb Manifest 070C768,<p>Ggb Manifest 070C768 — A Gullah Geechee publication by Darryl E. Brown</p>,Gullah Geechee Biz,Book,"Gullah Geechee, Book, Books",TRUE,Format,eBook,ggb-manifest-ggb-man,3.99,1,deny,manual,,active
ggb-manifest-077bbae,Ggb Manifest 077Bbae,<p>Ggb Manifest 077Bbae — A Gullah Geechee publication by Darryl E. Brown</p>,Gullah Geechee Biz,Book,"Gullah Geechee, Book, Books",TRUE,Format,eBook,ggb-manifest-ggb-man,3.99,1,deny,manual,,active
ggb-manifest-0801c2e,Ggb Manifest 0801C2E,<p>Ggb Manifest 0801C2E — A Gullah Geechee publication by Darryl E. Brown</p>,Gullah Geechee Biz,Book,"Gullah Geechee, Book, Books",TRUE,Format,eBook,ggb-manifest-ggb-man,3.99,1,deny,manual,,active
ggb-manifest-083cca1,Ggb Manifest 083Cca1,<p>Ggb Manifest 083Cca1 — A Gullah Geechee publication by Darryl E. Brown</p>,Gullah Geechee Biz,Book,"Gullah Geechee, Book, Books",TRUE,Format,eBook,ggb-manifest-ggb-man,3.99,1,deny,manual,,active
ggb-manifest-0842c57,Ggb Manifest 0842C57,<p>Ggb Manifest 0842C57 — A Gullah Geechee publication by Darryl E. Brown</p>,Gullah Geechee Biz,Book,"Gullah Geechee, Book, Books",TRUE,Format,eBook,ggb-manifest-ggb-man,3.99,1,deny,manual,,active
ggb-manifest-08d7e7a,Ggb Manifest 08D7E7A,<p>Ggb Manifest 08D7E7A — A Gullah Geechee publication by Darryl E. Brown</p>,Gullah Geechee Biz,Book,"Gullah Geechee, Book, Books",TRUE,Format,eBook,ggb-manifest-ggb-man,3.99,1,deny,manual,,active
ggb-manifest-09527a6,Ggb Manifest 09527A6,<p>Ggb Manifest 09527A6 — A Gullah Geechee publication by Darryl E. Brown</p>,Gullah Geechee Biz,Book,"Gullah Geechee, Book, Books",TRUE,Format,eBook,ggb-manifest-ggb-man,3.99,1,deny,manual,,active
ggb-manifest-09611e9,Ggb Manifest 09611E9,<p>Ggb Manifest 09611E9 — A Gullah Geechee publication by Darryl E. Brown</p>,Gullah Geechee Biz,Book,"Gullah Geechee, Book, Books",TRUE,Format,eBook,ggb-manifest-ggb-man,3.99,1,deny,manual,,active
ggb-manifest-098cbf8,Ggb Manifest 098Cbf8,<p>Ggb Manifest 098Cbf8 — A Gullah Geechee publication by Darryl E. Brown</p>,Gullah Geechee Biz,Book,"Gullah Geechee, Book, Books",TRUE,Format,eBook,ggb-manifest-ggb-man,3.99,1,deny,manual,,active
ggb-manifest-09c5a66,Ggb Manifest 09C5A66,<p>Ggb Manifest 09C5A66 — A Gullah Geechee publication by Darryl E. Brown</p>,Gullah Geechee Biz,Book,"Gullah Geechee, Book, Books",TRUE,Format,eBook,ggb-manifest-ggb-man,3.99,1,deny,manual,,active
ggb-manifest-0ab4829,Ggb Manifest 0Ab4829,<p>Ggb Manifest 0Ab4829 — A Gullah Geechee publication by Darryl E. Brown</p>,Gullah Geechee Biz,Book,"Gullah Geechee, Book, Books",TRUE,Format,eBook,ggb-manifest-ggb-man,3.99,1,deny,manual,,active
ggb-manifest-0b11807,Ggb Manifest 0B11807,<p>Ggb Manifest 0B11807 — A Gullah Geechee publication by Darryl E. Brown</p>,Gullah Geechee Biz,Book,"Gullah Geechee, Book, Books",TRUE,Format,eBook,ggb-manifest-ggb-man,3.99,1,deny,manual,,active
ggb-manifest-0b68043,Ggb Manifest 0B68043,<p>Ggb Manifest 0B68043 — A Gullah Geechee publication by Darryl E. Brown</p>,Gullah Geechee Biz,Book,"Gullah Geechee, Book, Books",TRUE,Format,eBook,ggb-manifest-ggb-man,3.99,1,deny,manual,,active
ggb-manifest-0d3e740,Ggb Manifest 0D3E740,<p>Ggb Manifest 0D3E740 — A Gullah Geechee publication by Darryl E. Brown</p>,Gullah Geechee Biz,Book,"Gullah Geechee, Book, Books",TRUE,Format,eBook,ggb-manifest-ggb-man,3.99,1,deny,manual,,active
ggb-manifest-0d6c574,Ggb Manifest 0D6C574,<p>Ggb Manifest 0D6C574 — A Gullah Geechee publication by Darryl E. Brown</p>,Gullah Geechee Biz,Book,"Gullah Geechee, Book, Books",TRUE,Format,eBook,ggb-manifest-ggb-man,3.99,1,deny,manual,,active
ggb-manifest-0e2dfde,Ggb Manifest 0E2Dfde,<p>Ggb Manifest 0E2Dfde — A Gullah Geechee publication by Darryl E. Brown</p>,Gullah Geechee Biz,Book,"Gullah Geechee, Book, Books",TRUE,Format,eBook,ggb-manifest-ggb-man,3.99,1,deny,manual,,active
ggb-manifest-0ed2340,Ggb Manifest 0Ed2340,<p>Ggb Manifest 0Ed2340 — A Gullah Geechee publication by Darryl E. Brown</p>,Gullah Geechee Biz,Book,"Gullah Geechee, Book, Books",TRUE,Format,eBook,ggb-manifest-ggb-man,3.99,1,deny,manual,,active
ggb-manifest-0f00b9b,Ggb Manifest 0F00B9B,<p>Ggb Manifest 0F00B9B — A Gullah Geechee publication by Darryl E. Brown</p>,Gullah Geechee Biz,Book,"Gullah Geechee, Book, Books",TRUE,Format,eBook,ggb-manifest-ggb-man,3.99,1,deny,manual,,active
ggb-manifest-0f2b81e,Ggb Manifest 0F2B81E,<p>Ggb Manifest 0F2B81E — A Gullah Geechee publication by Darryl E. Brown</p>,Gullah Geechee Biz,Book,"Gullah Geechee, Book, Books",TRUE,Format,eBook,ggb-manifest-ggb-man,3.99,1,deny,manual,,active
ggb-manifest-0f42319,Ggb Manifest 0F42319,<p>Ggb Manifest 0F42319 — A Gullah Geechee publication by Darryl E. Brown</p>,Gullah Geechee Biz,Book,"Gullah Geechee, Book, Books",TRUE,Format,eBook,ggb-manifest-ggb-man,3.99,1,deny,manual,,active
ggb-manifest-0f6d9ee,Ggb Manifest 0F6D9Ee,<p>Ggb Manifest 0F6D9Ee — A Gullah Geechee publication by Darryl E. Brown</p>,Gullah Geechee Biz,Book,"Gullah Geechee, Book, Books",TRUE,Format,eBook,ggb-manifest-ggb-man,3.99,1,deny,manual,,active
ggb-manifest-0f96d7f,Ggb Manifest 0F96D7F,<p>Ggb Manifest 0F96D7F — A Gullah Geechee publication by Darryl E. Brown</p>,Gullah Geechee Biz,Book,"Gullah Geechee, Book, Books",TRUE,Format,eBook,ggb-manifest-ggb-man,3.99,1,deny,manual,,active
ggb-manifest-106531c,Ggb Manifest 106531C,<p>Ggb Manifest 106531C — A Gullah Geechee publication by Darryl E. Brown</p>,Gullah Geechee Biz,Book,"Gullah Geechee, Book, Books",TRUE,Format,eBook,ggb-manifest-ggb-man,3.99,1,deny,manual,,active
ggb-manifest-109483e,Ggb Manifest 109483E,<p>Ggb Manifest 109483E — A Gullah Geechee publication by Darryl E. Brown</p>,Gullah Geechee Biz,Book,"Gullah Geechee, Book, Books",TRUE,Format,eBook,ggb-manifest-ggb-man,3.99,1,deny,manual,,active
ggb-manifest-11d9532,Ggb Manifest 11D9532,<p>Ggb Manifest 11D9532 — A Gullah Geechee publication by Darryl E. Brown</p>,Gullah Geechee Biz,Book,"Gullah Geechee, Book, Books",TRUE,Format,eBook,ggb-manifest-ggb-man,3.99,1,deny,manual,,active
ggb-manifest-1201171,Ggb Manifest 1201171,<p>Ggb Manifest 1201171 — A Gullah Geechee publication by Darryl E. Brown</p>,Gullah Geechee Biz,Book,"Gullah Geechee, Book, Books",TRUE,Format,eBook,ggb-manifest-ggb-man,3.99,1,deny,manual,,active
ggb-manifest-130f37d,Ggb Manifest 130F37D,<p>Ggb Manifest 130F37D — A Gullah Geechee publication by Darryl E. Brown</p>,Gullah Geechee Biz,Book,"Gullah Geechee, Book, Books",TRUE,Format,eBook,ggb-manifest-ggb-man,3.99,1,deny,manual,,active
ggb-manifest-1330c00,Ggb Manifest 1330C00,<p>Ggb Manifest 1330C00 — A Gullah Geechee publication by Darryl E. Brown</p>,Gullah Geechee Biz,Book,"Gullah Geechee, Book, Books",TRUE,Format,eBook,ggb-manifest-ggb-man,3.99,1,deny,manual,,active
ggb-manifest-13d7e7a,Ggb Manifest 13D7E7A,<p>Ggb Manifest 13D7E7A — A Gullah Geechee publication by Darryl E. Brown</p>,Gullah Geechee Biz,Book,"Gullah Geechee, Book, Books",TRUE,Format,eBook,ggb-manifest-ggb-man,3.99,1,deny,manual,,active
ggb-manifest-15691bb,Ggb Manifest 15691Bb,<p>Ggb Manifest 15691Bb — A Gullah Geechee publication by Darryl E. Brown</p>,Gullah Geechee Biz,Book,"Gullah Geechee, Book, Books",TRUE,Format,eBook,ggb-manifest-ggb-man,3.99,1,deny,manual,,active
ggb-manifest-1583e17,Ggb Manifest 1583E17,<p>Ggb Manifest 1583E17 — A Gullah Geechee publication by Darryl E. Brown</p>,Gullah Geechee Biz,Book,"Gullah Geechee, Book, Books",TRUE,Format,eBook,ggb-manifest-ggb-man,3.99,1,deny,manual,,active
ggb-manifest-163aa3f,Ggb Manifest 163Aa3F,<p>Ggb Manifest 163Aa3F — A Gullah Geechee publication by Darryl E. Brown</p>,Gullah Geechee Biz,Book,"Gullah Geechee, Book, Books",TRUE,Format,eBook,ggb-manifest-ggb-man,3.99,1,deny,manual,,active
ggb-manifest-167bef8,Ggb Manifest 167Bef8,<p>Ggb Manifest 167Bef8 — A Gullah Geechee publication by Darryl E. Brown</p>,Gullah Geechee Biz,Book,"Gullah Geechee, Book, Books",TRUE,Format,eBook,ggb-manifest-ggb-man,3.99,1,deny,manual,,active
ggb-manifest-186f09c,Ggb Manifest 186F09C,<p>Ggb Manifest 186F09C — A Gullah Geechee publication by Darryl E. Brown</p>,Gullah Geechee Biz,Book,"Gullah Geechee, Book, Books",TRUE,Format,eBook,ggb-manifest-ggb-man,3.99,1,deny,manual,,active
ggb-manifest-18fb1f9,Ggb Manifest 18Fb1F9,<p>Ggb Manifest 18Fb1F9 — A Gullah Geechee publication by Darryl E. Brown</p>,Gullah Geechee Biz,Book,"Gullah Geechee, Book, Books",TRUE,Format,eBook,ggb-manifest-ggb-man,3.99,1,deny,manual,,active
ggb-manifest-1914da4,Ggb Manifest 1914Da4,<p>Ggb Manifest 1914Da4 — A Gullah Geechee publication by Darryl E. Brown</p>,Gullah Geechee Biz,Book,"Gullah Geechee, Book, Books",TRUE,Format,eBook,ggb-manifest-ggb-man,3.99,1,deny,manual,,active
ggb-manifest-191e68e,Ggb Manifest 191E68E,<p>Ggb Manifest 191E68E — A Gullah Geechee publication by Darryl E. Brown</p>,Gullah Geechee Biz,Book,"Gullah Geechee, Book, Books",TRUE,Format,eBook,ggb-manifest-ggb-man,3.99,1,deny,manual,,active
ggb-manifest-1955341,Ggb Manifest 1955341,<p>Ggb Manifest 1955341 — A Gullah Geechee publication by Darryl E. Brown</p>,Gullah Geechee Biz,Book,"Gullah Geechee, Book, Books",TRUE,Format,eBook,ggb-manifest-ggb-man,3.99,1,deny,manual,,active
ggb-manifest-19c1cba,Ggb Manifest 19C1Cba,<p>Ggb Manifest 19C1Cba — A Gullah Geechee publication by Darryl E. Brown</p>,Gullah Geechee Biz,Book,"Gullah Geechee, Book, Books",TRUE,Format,eBook,ggb-manifest-ggb-man,3.99,1,deny,manual,,active
ggb-manifest-19e15d6,Ggb Manifest 19E15D6,<p>Ggb Manifest 19E15D6 — A Gullah Geechee publication by Darryl E. Brown</p>,Gullah Geechee Biz,Book,"Gullah Geechee, Book, Books",TRUE,Format,eBook,ggb-manifest-ggb-man,3.99,1,deny,manual,,active
ggb-manifest-1aac5f2,Ggb Manifest 1Aac5F2,<p>Ggb Manifest 1Aac5F2 — A Gullah Geechee publication by Darryl E. Brown</p>,Gullah Geechee Biz,Book,"Gullah Geechee, Book, Books",TRUE,Format,eBook,ggb-manifest-ggb-man,3.99,1,deny,manual,,active
ggb-manifest-1acc64c,Ggb Manifest 1Acc64C,<p>Ggb Manifest 1Acc64C — A Gullah Geechee publication by Darryl E. Brown</p>,Gullah Geechee Biz,Book,"Gullah Geechee, Book, Books",TRUE,Format,eBook,ggb-manifest-ggb-man,3.99,1,deny,manual,,active
ggb-manifest-1b719c4,Ggb Manifest 1B719C4,<p>Ggb Manifest 1B719C4 — A Gullah Geechee publication by Darryl E. Brown</p>,Gullah Geechee Biz,Book,"Gullah Geechee, Book, Books",TRUE,Format,eBook,ggb-manifest-ggb-man,3.99,1,deny,manual,,active
ggb-manifest-1bb3955,Ggb Manifest 1Bb3955,<p>Ggb Manifest 1Bb3955 — A Gullah Geechee publication by Darryl E. Brown</p>,Gullah Geechee Biz,Book,"Gullah Geechee, Book, Books",TRUE,Format,eBook,ggb-manifest-ggb-man,3.99,1,deny,manual,,active
ggb-manifest-1bd8397,Ggb Manifest 1Bd8397,<p>Ggb Manifest 1Bd8397 — A Gullah Geechee publication by Darryl E. Brown</p>,Gullah Geechee Biz,Book,"Gullah Geechee, Book, Books",TRUE,Format,eBook,ggb-manifest-ggb-man,3.99,1,deny,manual,,active
ggb-manifest-1be57b3,Ggb Manifest 1Be57B3,<p>Ggb Manifest 1Be57B3 — A Gullah Geechee publication by Darryl E. Brown</p>,Gullah Geechee Biz,Book,"Gullah Geechee, Book, Books",TRUE,Format,eBook,ggb-manifest-ggb-man,3.99,1,deny,manual,,active
ggb-manifest-1c5b8ee,Ggb Manifest 1C5B8Ee,<p>Ggb Manifest 1C5B8Ee — A Gullah Geechee publication by Darryl E. Brown</p>,Gullah Geechee Biz,Book,"Gullah Geechee, Book, Books",TRUE,Format,eBook,ggb-manifest-ggb-man,3.99,1,deny,manual,,active
ggb-manifest-1cc8e35,Ggb Manifest 1Cc8E35,<p>Ggb Manifest 1Cc8E35 — A Gullah Geechee publication by Darryl E. Brown</p>,Gullah Geechee Biz,Book,"Gullah Geechee, Book, Books",TRUE,Format,eBook,ggb-manifest-ggb-man,3.99,1,deny,manual,,active
ggb-manifest-1d6c091,Ggb Manifest 1D6C091,<p>Ggb Manifest 1D6C091 — A Gullah Geechee publication by Darryl E. Brown</p>,Gullah Geechee Biz,Book,"Gullah Geechee, Book, Books",TRUE,Format,eBook,ggb-manifest-ggb-man,3.99,1,deny,manual,,active
ggb-manifest-1d6faad,Ggb Manifest 1D6Faad,<p>Ggb Manifest 1D6Faad — A Gullah Geechee publication by Darryl E. Brown</p>,Gullah Geechee Biz,Book,"Gullah Geechee, Book, Books",TRUE,Format,eBook,ggb-manifest-ggb-man,3.99,1,deny,manual,,active
ggb-manifest-1dd9269,Ggb Manifest 1Dd9269,<p>Ggb Manifest 1Dd9269 — A Gullah Geechee publication by Darryl E. Brown</p>,Gullah Geechee Biz,Book,"Gullah Geechee, Book, Books",TRUE,Format,eBook,ggb-manifest-ggb-man,3.99,1,deny,manual,,active
ggb-manifest-1dedb9e,Ggb Manifest 1Dedb9E,<p>Ggb Manifest 1Dedb9E — A Gullah Geechee publication by Darryl E. Brown</p>,Gullah Geechee Biz,Book,"Gullah Geechee, Book, Books",TRUE,Format,eBook,ggb-manifest-ggb-man,3.99,1,deny,manual,,active
ggb-manifest-1e1fb79,Ggb Manifest 1E1Fb79,<p>Ggb Manifest 1E1Fb79 — A Gullah Geechee publication by Darryl E. Brown</p>,Gullah Geechee Biz,Book,"Gullah Geechee, Book, Books",TRUE,Format,eBook,ggb-manifest-ggb-man,3.99,1,deny,manual,,active
ggb-manifest-1e253ac,Ggb Manifest 1E253Ac,<p>Ggb Manifest 1E253Ac — A Gullah Geechee publication by Darryl E. Brown</p>,Gullah Geechee Biz,Book,"Gullah Geechee, Book, Books",TRUE,Format,eBook,ggb-manifest-ggb-man,3.99,1,deny,manual,,active
ggb-manifest-1eab5dc,Ggb Manifest 1Eab5Dc,<p>Ggb Manifest 1Eab5Dc — A Gullah Geechee publication by Darryl E. Brown</p>,Gullah Geechee Biz,Book,"Gullah Geechee, Book, Books",TRUE,Format,eBook,ggb-manifest-ggb-man,3.99,1,deny,manual,,active
ggb-manifest-1ec0166,Ggb Manifest 1Ec0166,<p>Ggb Manifest 1Ec0166 — A Gullah Geechee publication by Darryl E. Brown</p>,Gullah Geechee Biz,Book,"Gullah Geechee, Book, Books",TRUE,Format,eBook,ggb-manifest-ggb-man,3.99,1,deny,manual,,active
ggb-manifest-1fbb03f,Ggb Manifest 1Fbb03F,<p>Ggb Manifest 1Fbb03F — A Gullah Geechee publication by Darryl E. Brown</p>,Gullah Geechee Biz,Book,"Gullah Geechee, Book, Books",TRUE,Format,eBook,ggb-manifest-ggb-man,3.99,1,deny,manual,,active
ggb-manifest-1fc036e,Ggb Manifest 1Fc036E,<p>Ggb Manifest 1Fc036E — A Gullah Geechee publication by Darryl E. Brown</p>,Gullah Geechee Biz,Book,"Gullah Geechee, Book, Books",TRUE,Format,eBook,ggb-manifest-ggb-man,3.99,1,deny,manual,,active
ggb-manifest-20b19e8,Ggb Manifest 20B19E8,<p>Ggb Manifest 20B19E8 — A Gullah Geechee publication by Darryl E. Brown</p>,Gullah Geechee Biz,Book,"Gullah Geechee, Book, Books",TRUE,Format,eBook,ggb-manifest-ggb-man,3.99,1,deny,manual,,active
ggb-manifest-20c920f,Ggb Manifest 20C920F,<p>Ggb Manifest 20C920F — A Gullah Geechee publication by Darryl E. Brown</p>,Gullah Geechee Biz,Book,"Gullah Geechee, Book, Books",TRUE,Format,eBook,ggb-manifest-ggb-man,3.99,1,deny,manual,,active
ggb-manifest-20f8a87,Ggb Manifest 20F8A87,<p>Ggb Manifest 20F8A87 — A Gullah Geechee publication by Darryl E. Brown</p>,Gullah Geechee Biz,Book,"Gullah Geechee, Book, Books",TRUE,Format,eBook,ggb-manifest-ggb-man,3.99,1,deny,manual,,active
ggb-manifest-2169e7e,Ggb Manifest 2169E7E,<p>Ggb Manifest 2169E7E — A Gullah Geechee publication by Darryl E. Brown</p>,Gullah Geechee Biz,Book,"Gullah Geechee, Book, Books",TRUE,Format,eBook,ggb-manifest-ggb-man,3.99,1,deny,manual,,active
ggb-manifest-219aede,Ggb Manifest 219Aede,<p>Ggb Manifest 219Aede — A Gullah Geechee publication by Darryl E. Brown</p>,Gullah Geechee Biz,Book,"Gullah Geechee, Book, Books",TRUE,Format,eBook,ggb-manifest-ggb-man,3.99,1,deny,manual,,active
ggb-manifest-227c701,Ggb Manifest 227C701,<p>Ggb Manifest 227C701 — A Gullah Geechee publication by Darryl E. Brown</p>,Gullah Geechee Biz,Book,"Gullah Geechee, Book, Books",TRUE,Format,eBook,ggb-manifest-ggb-man,3.99,1,deny,manual,,active
ggb-manifest-22b85af,Ggb Manifest 22B85Af,<p>Ggb Manifest 22B85Af — A Gullah Geechee publication by Darryl E. Brown</p>,Gullah Geechee Biz,Book,"Gullah Geechee, Book, Books",TRUE,Format,eBook,ggb-manifest-ggb-man,3.99,1,deny,manual,,active
ggb-manifest-238376a,Ggb Manifest 238376A,<p>Ggb Manifest 238376A — A Gullah Geechee publication by Darryl E. Brown</p>,Gullah Geechee Biz,Book,"Gullah Geechee, Book, Books",TRUE,Format,eBook,ggb-manifest-ggb-man,3.99,1,deny,manual,,active
ggb-manifest-23930f8,Ggb Manifest 23930F8,<p>Ggb Manifest 23930F8 — A Gullah Geechee publication by Darryl E. Brown</p>,Gullah Geechee Biz,Book,"Gullah Geechee, Book, Books",TRUE,Format,eBook,ggb-manifest-ggb-man,3.99,1,deny,manual,,active
ggb-manifest-242d9ac,Ggb Manifest 242D9Ac,<p>Ggb Manifest 242D9Ac — A Gullah Geechee publication by Darryl E. Brown</p>,Gullah Geechee Biz,Book,"Gullah Geechee, Book, Books",TRUE,Format,eBook,ggb-manifest-ggb-man,3.99,1,deny,manual,,active
ggb-manifest-24cfbad,Ggb Manifest 24Cfbad,<p>Ggb Manifest 24Cfbad — A Gullah Geechee publication by Darryl E. Brown</p>,Gullah Geechee Biz,Book,"Gullah Geechee, Book, Books",TRUE,Format,eBook,ggb-manifest-ggb-man,3.99,1,deny,manual,,active
ggb-manifest-252e636,Ggb Manifest 252E636,<p>Ggb Manifest 252E636 — A Gullah Geechee publication by Darryl E. Brown</p>,Gullah Geechee Biz,Book,"Gullah Geechee, Book, Books",TRUE,Format,eBook,ggb-manifest-ggb-man,3.99,1,deny,manual,,active
ggb-manifest-265fd12,Ggb Manifest 265Fd12,<p>Ggb Manifest 265Fd12 — A Gullah Geechee publication by Darryl E. Brown</p>,Gullah Geechee Biz,Book,"Gullah Geechee, Book, Books",TRUE,Format,eBook,ggb-manifest-ggb-man,3.99,1,deny,manual,,active
ggb-manifest-26db6e7,Ggb Manifest 26Db6E7,<p>Ggb Manifest 26Db6E7 — A Gullah Geechee publication by Darryl E. Brown</p>,Gullah Geechee Biz,Book,"Gullah Geechee, Book, Books",TRUE,Format,eBook,ggb-manifest-ggb-man,3.99,1,deny,manual,,active
ggb-manifest-26ec8c3,Ggb Manifest 26Ec8C3,<p>Ggb Manifest 26Ec8C3 — A Gullah Geechee publication by Darryl E. Brown</p>,Gullah Geechee Biz,Book,"Gullah Geechee, Book, Books",TRUE,Format,eBook,ggb-manifest-ggb-man,3.99,1,deny,manual,,active
ggb-manifest-273acf8,Ggb Manifest 273Acf8,<p>Ggb Manifest 273Acf8 — A Gullah Geechee publication by Darryl E. Brown</p>,Gullah Geechee Biz,Book,"Gullah Geechee, Book, Books",TRUE,Format,eBook,ggb-manifest-ggb-man,3.99,1,deny,manual,,active
ggb-manifest-274ea34,Ggb Manifest 274Ea34,<p>Ggb Manifest 274Ea34 — A Gullah Geechee publication by Darryl E. Brown</p>,Gullah Geechee Biz,Book,"Gullah Geechee, Book, Books",TRUE,Format,eBook,ggb-manifest-ggb-man,3.99,1,deny,manual,,active
ggb-manifest-278cadc,Ggb Manifest 278Cadc,<p>Ggb Manifest 278Cadc — A Gullah Geechee publication by Darryl E. Brown</p>,Gullah Geechee Biz,Book,"Gullah Geechee, Book, Books",TRUE,Format,eBook,ggb-manifest-ggb-man,3.99,1,deny,manual,,active
ggb-manifest-281da06,Ggb Manifest 281Da06,<p>Ggb Manifest 281Da06 — A Gullah Geechee publication by Darryl E. Brown</p>,Gullah Geechee Biz,Book,"Gullah Geechee, Book, Books",TRUE,Format,eBook,ggb-manifest-ggb-man,3.99,1,deny,manual,,active
ggb-manifest-2836a76,Ggb Manifest 2836A76,<p>Ggb Manifest 2836A76 — A Gullah Geechee publication by Darryl E. Brown</p>,Gullah Geechee Biz,Book,"Gullah Geechee, Book, Books",TRUE,Format,eBook,ggb-manifest-ggb-man,3.99,1,deny,manual,,active
ggb-manifest-29793ef,Ggb Manifest 29793Ef,<p>Ggb Manifest 29793Ef — A Gullah Geechee publication by Darryl E. Brown</p>,Gullah Geechee Biz,Book,"Gullah Geechee, Book, Books",TRUE,Format,eBook,ggb-manifest-ggb-man,3.99,1,deny,manual,,active
ggb-manifest-29e67e6,Ggb Manifest 29E67E6,<p>Ggb Manifest 29E67E6 — A Gullah Geechee publication by Darryl E. Brown</p>,Gullah Geechee Biz,Book,"Gullah Geechee, Book, Books",TRUE,Format,eBook,ggb-manifest-ggb-man,3.99,1,deny,manual,,active
ggb-manifest-2a7eec9,Ggb Manifest 2A7Eec9,<p>Ggb Manifest 2A7Eec9 — A Gullah Geechee publication by Darryl E. Brown</p>,Gullah Geechee Biz,Book,"Gullah Geechee, Book, Books",TRUE,Format,eBook,ggb-manifest-ggb-man,3.99,1,deny,manual,,active
ggb-manifest-2addb6d,Ggb Manifest 2Addb6D,<p>Ggb Manifest 2Addb6D — A Gullah Geechee publication by Darryl E. Brown</p>,Gullah Geechee Biz,Book,"Gullah Geechee, Book, Books",TRUE,Format,eBook,ggb-manifest-ggb-man,3.99,1,deny,manual,,active
ggb-manifest-2be1556,Ggb Manifest 2Be1556,<p>Ggb Manifest 2Be1556 — A Gullah Geechee publication by Darryl E. Brown</p>,Gullah Geechee Biz,Book,"Gullah Geechee, Book, Books",TRUE,Format,eBook,ggb-manifest-ggb-man,3.99,1,deny,manual,,active
ggb-manifest-2cae858,Ggb Manifest 2Cae858,<p>Ggb Manifest 2Cae858 — A Gullah Geechee publication by Darryl E. Brown</p>,Gullah Geechee Biz,Book,"Gullah Geechee, Book, Books",TRUE,Format,eBook,ggb-manifest-ggb-man,3.99,1,deny,manual,,active
ggb-manifest-2caf12e,Ggb Manifest 2Caf12E,<p>Ggb Manifest 2Caf12E — A Gullah Geechee publication by Darryl E. Brown</p>,Gullah Geechee Biz,Book,"Gullah Geechee, Book, Books",TRUE,Format,eBook,ggb-manifest-ggb-man,3.99,1,deny,manual,,active
ggb-manifest-2cd0c0d,Ggb Manifest 2Cd0C0D,<p>Ggb Manifest 2Cd0C0D — A Gullah Geechee publication by Darryl E. Brown</p>,Gullah Geechee Biz,Book,"Gullah Geechee, Book, Books",TRUE,Format,eBook,ggb-manifest-ggb-man,3.99,1,deny,manual,,active
ggb-manifest-2d512dc,Ggb Manifest 2D512Dc,<p>Ggb Manifest 2D512Dc — A Gullah Geechee publication by Darryl E. Brown</p>,Gullah Geechee Biz,Book,"Gullah Geechee, Book, Books",TRUE,Format,eBook,ggb-manifest-ggb-man,3.99,1,deny,manual,,active
ggb-manifest-2d58bf6,Ggb Manifest 2D58Bf6,<p>Ggb Manifest 2D58Bf6 — A Gullah Geechee publication by Darryl E. Brown</p>,Gullah Geechee Biz,Book,"Gullah Geechee, Book, Books",TRUE,Format,eBook,ggb-manifest-ggb-man,3.99,1,deny,manual,,active
ggb-manifest-2db581b,Ggb Manifest 2Db581B,<p>Ggb Manifest 2Db581B — A Gullah Geechee publication by Darryl E. Brown</p>,Gullah Geechee Biz,Book,"Gullah Geechee, Book, Books",TRUE,Format,eBook,ggb-manifest-ggb-man,3.99,1,deny,manual,,active
ggb-manifest-2e06fda,Ggb Manifest 2E06Fda,<p>Ggb Manifest 2E06Fda — A Gullah Geechee publication by Darryl E. Brown</p>,Gullah Geechee Biz,Book,"Gullah Geechee, Book, Books",TRUE,Format,eBook,ggb-manifest-ggb-man,3.99,1,deny,manual,,active
ggb-manifest-2e1d57f,Ggb Manifest 2E1D57F,<p>Ggb Manifest 2E1D57F — A Gullah Geechee publication by Darryl E. Brown</p>,Gullah Geechee Biz,Book,"Gullah Geechee, Book, Books",TRUE,Format,eBook,ggb-manifest-ggb-man,3.99,1,deny,manual,,active
ggb-manifest-2ea60a6,Ggb Manifest 2Ea60A6,<p>Ggb Manifest 2Ea60A6 — A Gullah Geechee publication by Darryl E. Brown</p>,Gullah Geechee Biz,Book,"Gullah Geechee, Book, Books",TRUE,Format,eBook,ggb-manifest-ggb-man,3.99,1,deny,manual,,active
ggb-manifest-2ece5af,Ggb Manifest 2Ece5Af,<p>Ggb Manifest 2Ece5Af — A Gullah Geechee publication by Darryl E. Brown</p>,Gullah Geechee Biz,Book,"Gullah Geechee, Book, Books",TRUE,Format,eBook,ggb-manifest-ggb-man,3.99,1,deny,manual,,active
ggb-manifest-2f517c1,Ggb Manifest 2F517C1,<p>Ggb Manifest 2F517C1 — A Gullah Geechee publication by Darryl E. Brown</p>,Gullah Geechee Biz,Book,"Gullah Geechee, Book, Books",TRUE,Format,eBook,ggb-manifest-ggb-man,3.99,1,deny,manual,,active
ggb-manifest-2fb2545,Ggb Manifest 2Fb2545,<p>Ggb Manifest 2Fb2545 — A Gullah Geechee publication by Darryl E. Brown</p>,Gullah Geechee Biz,Book,"Gullah Geechee, Book, Books",TRUE,Format,eBook,ggb-manifest-ggb-man,3.99,1,deny,manual,,active
ggb-manifest-2ffee4c,Ggb Manifest 2Ffee4C,<p>Ggb Manifest 2Ffee4C — A Gullah Geechee publication by Darryl E. Brown</p>,Gullah Geechee Biz,Book,"Gullah Geechee, Book, Books",TRUE,Format,eBook,ggb-manifest-ggb-man,3.99,1,deny,manual,,active
ggb-manifest-3087a10,Ggb Manifest 3087A10,<p>Ggb Manifest 3087A10 — A Gullah Geechee publication by Darryl E. Brown</p>,Gullah Geechee Biz,Book,"Gullah Geechee, Book, Books",TRUE,Format,eBook,ggb-manifest-ggb-man,3.99,1,deny,manual,,active
ggb-manifest-30cc5bb,Ggb Manifest 30Cc5Bb,<p>Ggb Manifest 30Cc5Bb — A Gullah Geechee publication by Darryl E. Brown</p>,Gullah Geechee Biz,Book,"Gullah Geechee, Book, Books",TRUE,Format,eBook,ggb-manifest-ggb-man,3.99,1,deny,manual,,active
ggb-manifest-30dab0d,Ggb Manifest 30Dab0D,<p>Ggb Manifest 30Dab0D — A Gullah Geechee publication by Darryl E. Brown</p>,Gullah Geechee Biz,Book,"Gullah Geechee, Book, Books",TRUE,Format,eBook,ggb-manifest-ggb-man,3.99,1,deny,manual,,active
ggb-manifest-31ed6ec,Ggb Manifest 31Ed6Ec,<p>Ggb Manifest 31Ed6Ec — A Gullah Geechee publication by Darryl E. Brown</p>,Gullah Geechee Biz,Book,"Gullah Geechee, Book, Books",TRUE,Format,eBook,ggb-manifest-ggb-man,3.99,1,deny,manual,,active
ggb-manifest-332c0df,Ggb Manifest 332C0Df,<p>Ggb Manifest 332C0Df — A Gullah Geechee publication by Darryl E. Brown</p>,Gullah Geechee Biz,Book,"Gullah Geechee, Book, Books",TRUE,Format,eBook,ggb-manifest-ggb-man,3.99,1,deny,manual,,active
ggb-manifest-33534ef,Ggb Manifest 33534Ef,<p>Ggb Manifest 33534Ef — A Gullah Geechee publication by Darryl E. Brown</p>,Gullah Geechee Biz,Book,"Gullah Geechee, Book, Books",TRUE,Format,eBook,ggb-manifest-ggb-man,3.99,1,deny,manual,,active
ggb-manifest-3406e62,Ggb Manifest 3406E62,<p>Ggb Manifest 3406E62 — A Gullah Geechee publication by Darryl E. Brown</p>,Gullah Geechee Biz,Book,"Gullah Geechee, Book, Books",TRUE,Format,eBook,ggb-manifest-ggb-man,3.99,1,deny,manual,,active
ggb-manifest-343dca5,Ggb Manifest 343Dca5,<p>Ggb Manifest 343Dca5 — A Gullah Geechee publication by Darryl E. Brown</p>,Gullah Geechee Biz,Book,"Gullah Geechee, Book, Books",TRUE,Format,eBook,ggb-manifest-ggb-man,3.99,1,deny,manual,,active
ggb-manifest-352912b,Ggb Manifest 352912B,<p>Ggb Manifest 352912B — A Gullah Geechee publication by Darryl E. Brown</p>,Gullah Geechee Biz,Book,"Gullah Geechee, Book, Books",TRUE,Format,eBook,ggb-manifest-ggb-man,3.99,1,deny,manual,,active
ggb-manifest-353b9c4,Ggb Manifest 353B9C4,<p>Ggb Manifest 353B9C4 — A Gullah Geechee publication by Darryl E. Brown</p>,Gullah Geechee Biz,Book,"Gullah Geechee, Book, Books",TRUE,Format,eBook,ggb-manifest-ggb-man,3.99,1,deny,manual,,active
ggb-manifest-35ea393,Ggb Manifest 35Ea393,<p>Ggb Manifest 35Ea393 — A Gullah Geechee publication by Darryl E. Brown</p>,Gullah Geechee Biz,Book,"Gullah Geechee, Book, Books",TRUE,Format,eBook,ggb-manifest-ggb-man,3.99,1,deny,manual,,active
ggb-manifest-362ab6d,Ggb Manifest 362Ab6D,<p>Ggb Manifest 362Ab6D — A Gullah Geechee publication by Darryl E. Brown</p>,Gullah Geechee Biz,Book,"Gullah Geechee, Book, Books",TRUE,Format,eBook,ggb-manifest-ggb-man,3.99,1,deny,manual,,active
ggb-manifest-36acdd7,Ggb Manifest 36Acdd7,<p>Ggb Manifest 36Acdd7 — A Gullah Geechee publication by Darryl E. Brown</p>,Gullah Geechee Biz,Book,"Gullah Geechee, Book, Books",TRUE,Format,eBook,ggb-manifest-ggb-man,3.99,1,deny,manual,,active
ggb-manifest-36f0bf8,Ggb Manifest 36F0Bf8,<p>Ggb Manifest 36F0Bf8 — A Gullah Geechee publication by Darryl E. Brown</p>,Gullah Geechee Biz,Book,"Gullah Geechee, Book, Books",TRUE,Format,eBook,ggb-manifest-ggb-man,3.99,1,deny,manual,,active
ggb-manifest-37c8d81,Ggb Manifest 37C8D81,<p>Ggb Manifest 37C8D81 — A Gullah Geechee publication by Darryl E. Brown</p>,Gullah Geechee Biz,Book,"Gullah Geechee, Book, Books",TRUE,Format,eBook,ggb-manifest-ggb-man,3.99,1,deny,manual,,active
ggb-manifest-37f7c27,Ggb Manifest 37F7C27,<p>Ggb Manifest 37F7C27 — A Gullah Geechee publication by Darryl E. Brown</p>,Gullah Geechee Biz,Book,"Gullah Geechee, Book, Books",TRUE,Format,eBook,ggb-manifest-ggb-man,3.99,1,deny,manual,,active
ggb-manifest-37f8322,Ggb Manifest 37F8322,<p>Ggb Manifest 37F8322 — A Gullah Geechee publication by Darryl E. Brown</p>,Gullah Geechee Biz,Book,"Gullah Geechee, Book, Books",TRUE,Format,eBook,ggb-manifest-ggb-man,3.99,1,deny,manual,,active
ggb-manifest-380936b,Ggb Manifest 380936B,<p>Ggb Manifest 380936B — A Gullah Geechee publication by Darryl E. Brown</p>,Gullah Geechee Biz,Book,"Gullah Geechee, Book, Books",TRUE,Format,eBook,ggb-manifest-ggb-man,3.99,1,deny,manual,,active
ggb-manifest-386cea2,Ggb Manifest 386Cea2,<p>Ggb Manifest 386Cea2 — A Gullah Geechee publication by Darryl E. Brown</p>,Gullah Geechee Biz,Book,"Gullah Geechee, Book, Books",TRUE,Format,eBook,ggb-manifest-ggb-man,3.99,1,deny,manual,,active
ggb-manifest-3916039,Ggb Manifest 3916039,<p>Ggb Manifest 3916039 — A Gullah Geechee publication by Darryl E. Brown</p>,Gullah Geechee Biz,Book,"Gullah Geechee, Book, Books",TRUE,Format,eBook,ggb-manifest-ggb-man,3.99,1,deny,manual,,active
ggb-manifest-3aabcc4,Ggb Manifest 3Aabcc4,<p>Ggb Manifest 3Aabcc4 — A Gullah Geechee publication by Darryl E. Brown</p>,Gullah Geechee Biz,Book,"Gullah Geechee, Book, Books",TRUE,Format,eBook,ggb-manifest-ggb-man,3.99,1,deny,manual,,active
ggb-manifest-3b077bd,Ggb Manifest 3B077Bd,<p>Ggb Manifest 3B077Bd — A Gullah Geechee publication by Darryl E. Brown</p>,Gullah Geechee Biz,Book,"Gullah Geechee, Book, Books",TRUE,Format,eBook,ggb-manifest-ggb-man,3.99,1,deny,manual,,active
ggb-manifest-3ba372e,Ggb Manifest 3Ba372E,<p>Ggb Manifest 3Ba372E — A Gullah Geechee publication by Darryl E. Brown</p>,Gullah Geechee Biz,Book,"Gullah Geechee, Book, Books",TRUE,Format,eBook,ggb-manifest-ggb-man,3.99,1,deny,manual,,active
ggb-manifest-3bd8d7e,Ggb Manifest 3Bd8D7E,<p>Ggb Manifest 3Bd8D7E — A Gullah Geechee publication by Darryl E. Brown</p>,Gullah Geechee Biz,Book,"Gullah Geechee, Book, Books",TRUE,Format,eBook,ggb-manifest-ggb-man,3.99,1,deny,manual,,active
ggb-manifest-3c04bb1,Ggb Manifest 3C04Bb1,<p>Ggb Manifest 3C04Bb1 — A Gullah Geechee publication by Darryl E. Brown</p>,Gullah Geechee Biz,Book,"Gullah Geechee, Book, Books",TRUE,Format,eBook,ggb-manifest-ggb-man,3.99,1,deny,manual,,active
ggb-manifest-3c52a5c,Ggb Manifest 3C52A5C,<p>Ggb Manifest 3C52A5C — A Gullah Geechee publication by Darryl E. Brown</p>,Gullah Geechee Biz,Book,"Gullah Geechee, Book, Books",TRUE,Format,eBook,ggb-manifest-ggb-man,3.99,1,deny,manual,,active
ggb-manifest-3d29232,Ggb Manifest 3D29232,<p>Ggb Manifest 3D29232 — A Gullah Geechee publication by Darryl E. Brown</p>,Gullah Geechee Biz,Book,"Gullah Geechee, Book, Books",TRUE,Format,eBook,ggb-manifest-ggb-man,3.99,1,deny,manual,,active
ggb-manifest-3d622f6,Ggb Manifest 3D622F6,<p>Ggb Manifest 3D622F6 — A Gullah Geechee publication by Darryl E. Brown</p>,Gullah Geechee Biz,Book,"Gullah Geechee, Book, Books",TRUE,Format,eBook,ggb-manifest-ggb-man,3.99,1,deny,manual,,active
ggb-manifest-3dfcbf7,Ggb Manifest 3Dfcbf7,<p>Ggb Manifest 3Dfcbf7 — A Gullah Geechee publication by Darryl E. Brown</p>,Gullah Geechee Biz,Book,"Gullah Geechee, Book, Books",TRUE,Format,eBook,ggb-manifest-ggb-man,3.99,1,deny,manual,,active
ggb-manifest-3e70e60,Ggb Manifest 3E70E60,<p>Ggb Manifest 3E70E60 — A Gullah Geechee publication by Darryl E. Brown</p>,Gullah Geechee Biz,Book,"Gullah Geechee, Book, Books",TRUE,Format,eBook,ggb-manifest-ggb-man,3.99,1,deny,manual,,active
ggb-manifest-3f53299,Ggb Manifest 3F53299,<p>Ggb Manifest 3F53299 — A Gullah Geechee publication by Darryl E. Brown</p>,Gullah Geechee Biz,Book,"Gullah Geechee, Book, Books",TRUE,Format,eBook,ggb-manifest-ggb-man,3.99,1,deny,manual,,active
ggb-manifest-3fcbfa7,Ggb Manifest 3Fcbfa7,<p>Ggb Manifest 3Fcbfa7 — A Gullah Geechee publication by Darryl E. Brown</p>,Gullah Geechee Biz,Book,"Gullah Geechee, Book, Books",TRUE,Format,eBook,ggb-manifest-ggb-man,3.99,1,deny,manual,,active
ggb-manifest-411b749,Ggb Manifest 411B749,<p>Ggb Manifest 411B749 — A Gullah Geechee publication by Darryl E. Brown</p>,Gullah Geechee Biz,Book,"Gullah Geechee, Book, Books",TRUE,Format,eBook,ggb-manifest-ggb-man,3.99,1,deny,manual,,active
ggb-manifest-413c0ed,Ggb Manifest 413C0Ed,<p>Ggb Manifest 413C0Ed — A Gullah Geechee publication by Darryl E. Brown</p>,Gullah Geechee Biz,Book,"Gullah Geechee, Book, Books",TRUE,Format,eBook,ggb-manifest-ggb-man,3.99,1,deny,manual,,active
ggb-manifest-41fd134,Ggb Manifest 41Fd134,<p>Ggb Manifest 41Fd134 — A Gullah Geechee publication by Darryl E. Brown</p>,Gullah Geechee Biz,Book,"Gullah Geechee, Book, Books",TRUE,Format,eBook,ggb-manifest-ggb-man,3.99,1,deny,manual,,active
ggb-manifest-42c7d8f,Ggb Manifest 42C7D8F,<p>Ggb Manifest 42C7D8F — A Gullah Geechee publication by Darryl E. Brown</p>,Gullah Geechee Biz,Book,"Gullah Geechee, Book, Books",TRUE,Format,eBook,ggb-manifest-ggb-man,3.99,1,deny,manual,,active
ggb-manifest-431e4dd,Ggb Manifest 431E4Dd,<p>Ggb Manifest 431E4Dd — A Gullah Geechee publication by Darryl E. Brown</p>,Gullah Geechee Biz,Book,"Gullah Geechee, Book, Books",TRUE,Format,eBook,ggb-manifest-ggb-man,3.99,1,deny,manual,,active
ggb-manifest-436f0be,Ggb Manifest 436F0Be,<p>Ggb Manifest 436F0Be — A Gullah Geechee publication by Darryl E. Brown</p>,Gullah Geechee Biz,Book,"Gullah Geechee, Book, Books",TRUE,Format,eBook,ggb-manifest-ggb-man,3.99,1,deny,manual,,active
ggb-manifest-4377e9f,Ggb Manifest 4377E9F,<p>Ggb Manifest 4377E9F — A Gullah Geechee publication by Darryl E. Brown</p>,Gullah Geechee Biz,Book,"Gullah Geechee, Book, Books",TRUE,Format,eBook,ggb-manifest-ggb-man,3.99,1,deny,manual,,active
ggb-manifest-442364d,Ggb Manifest 442364D,<p>Ggb Manifest 442364D — A Gullah Geechee publication by Darryl E. Brown</p>,Gullah Geechee Biz,Book,"Gullah Geechee, Book, Books",TRUE,Format,eBook,ggb-manifest-ggb-man,3.99,1,deny,manual,,active
ggb-manifest-44853e8,Ggb Manifest 44853E8,<p>Ggb Manifest 44853E8 — A Gullah Geechee publication by Darryl E. Brown</p>,Gullah Geechee Biz,Book,"Gullah Geechee, Book, Books",TRUE,Format,eBook,ggb-manifest-ggb-man,3.99,1,deny,manual,,active
ggb-manifest-44f53d3,Ggb Manifest 44F53D3,<p>Ggb Manifest 44F53D3 — A Gullah Geechee publication by Darryl E. Brown</p>,Gullah Geechee Biz,Book,"Gullah Geechee, Book, Books",TRUE,Format,eBook,ggb-manifest-ggb-man,3.99,1,deny,manual,,active
ggb-manifest-44fde52,Ggb Manifest 44Fde52,<p>Ggb Manifest 44Fde52 — A Gullah Geechee publication by Darryl E. Brown</p>,Gullah Geechee Biz,Book,"Gullah Geechee, Book, Books",TRUE,Format,eBook,ggb-manifest-ggb-man,3.99,1,deny,manual,,active
ggb-manifest-4519cfd,Ggb Manifest 4519Cfd,<p>Ggb Manifest 4519Cfd — A Gullah Geechee publication by Darryl E. Brown</p>,Gullah Geechee Biz,Book,"Gullah Geechee, Book, Books",TRUE,Format,eBook,ggb-manifest-ggb-man,3.99,1,deny,manual,,active
ggb-manifest-456ecac,Ggb Manifest 456Ecac,<p>Ggb Manifest 456Ecac — A Gullah Geechee publication by Darryl E. Brown</p>,Gullah Geechee Biz,Book,"Gullah Geechee, Book, Books",TRUE,Format,eBook,ggb-manifest-ggb-man,3.99,1,deny,manual,,active
ggb-manifest-459c5b4,Ggb Manifest 459C5B4,<p>Ggb Manifest 459C5B4 — A Gullah Geechee publication by Darryl E. Brown</p>,Gullah Geechee Biz,Book,"Gullah Geechee, Book, Books",TRUE,Format,eBook,ggb-manifest-ggb-man,3.99,1,deny,manual,,active
ggb-manifest-45eeb46,Ggb Manifest 45Eeb46,<p>Ggb Manifest 45Eeb46 — A Gullah Geechee publication by Darryl E. Brown</p>,Gullah Geechee Biz,Book,"Gullah Geechee, Book, Books",TRUE,Format,eBook,ggb-manifest-ggb-man,3.99,1,deny,manual,,active
ggb-manifest-468c50b,Ggb Manifest 468C50B,<p>Ggb Manifest 468C50B — A Gullah Geechee publication by Darryl E. Brown</p>,Gullah Geechee Biz,Book,"Gullah Geechee, Book, Books",TRUE,Format,eBook,ggb-manifest-ggb-man,3.99,1,deny,manual,,active
ggb-manifest-46d0a0b,Ggb Manifest 46D0A0B,<p>Ggb Manifest 46D0A0B — A Gullah Geechee publication by Darryl E. Brown</p>,Gullah Geechee Biz,Book,"Gullah Geechee, Book, Books",TRUE,Format,eBook,ggb-manifest-ggb-man,3.99,1,deny,manual,,active
ggb-manifest-46e15bb,Ggb Manifest 46E15Bb,<p>Ggb Manifest 46E15Bb — A Gullah Geechee publication by Darryl E. Brown</p>,Gullah Geechee Biz,Book,"Gullah Geechee, Book, Books",TRUE,Format,eBook,ggb-manifest-ggb-man,3.99,1,deny,manual,,active
ggb-manifest-47c238f,Ggb Manifest 47C238F,<p>Ggb Manifest 47C238F — A Gullah Geechee publication by Darryl E. Brown</p>,Gullah Geechee Biz,Book,"Gullah Geechee, Book, Books",TRUE,Format,eBook,ggb-manifest-ggb-man,3.99,1,deny,manual,,active
ggb-manifest-48210de,Ggb Manifest 48210De,<p>Ggb Manifest 48210De — A Gullah Geechee publication by Darryl E. Brown</p>,Gullah Geechee Biz,Book,"Gullah Geechee, Book, Books",TRUE,Format,eBook,ggb-manifest-ggb-man,3.99,1,deny,manual,,active
ggb-manifest-483d499,Ggb Manifest 483D499,<p>Ggb Manifest 483D499 — A Gullah Geechee publication by Darryl E. Brown</p>,Gullah Geechee Biz,Book,"Gullah Geechee, Book, Books",TRUE,Format,eBook,ggb-manifest-ggb-man,3.99,1,deny,manual,,active
ggb-manifest-493f662,Ggb Manifest 493F662,<p>Ggb Manifest 493F662 — A Gullah Geechee publication by Darryl E. Brown</p>,Gullah Geechee Biz,Book,"Gullah Geechee, Book, Books",TRUE,Format,eBook,ggb-manifest-ggb-man,3.99,1,deny,manual,,active
ggb-manifest-495a996,Ggb Manifest 495A996,<p>Ggb Manifest 495A996 — A Gullah Geechee publication by Darryl E. Brown</p>,Gullah Geechee Biz,Book,"Gullah Geechee, Book, Books",TRUE,Format,eBook,ggb-manifest-ggb-man,3.99,1,deny,manual,,active
ggb-manifest-495cd1c,Ggb Manifest 495Cd1C,<p>Ggb Manifest 495Cd1C — A Gullah Geechee publication by Darryl E. Brown</p>,Gullah Geechee Biz,Book,"Gullah Geechee, Book, Books",TRUE,Format,eBook,ggb-manifest-ggb-man,3.99,1,deny,manual,,active
ggb-manifest-496e439,Ggb Manifest 496E439,<p>Ggb Manifest 496E439 — A Gullah Geechee publication by Darryl E. Brown</p>,Gullah Geechee Biz,Book,"Gullah Geechee, Book, Books",TRUE,Format,eBook,ggb-manifest-ggb-man,3.99,1,deny,manual,,active
ggb-manifest-49b6281,Ggb Manifest 49B6281,<p>Ggb Manifest 49B6281 — A Gullah Geechee publication by Darryl E. Brown</p>,Gullah Geechee Biz,Book,"Gullah Geechee, Book, Books",TRUE,Format,eBook,ggb-manifest-ggb-man,3.99,1,deny,manual,,active
ggb-manifest-4aab9b5,Ggb Manifest 4Aab9B5,<p>Ggb Manifest 4Aab9B5 — A Gullah Geechee publication by Darryl E. Brown</p>,Gullah Geechee Biz,Book,"Gullah Geechee, Book, Books",TRUE,Format,eBook,ggb-manifest-ggb-man,3.99,1,deny,manual,,active
ggb-manifest-4abf487,Ggb Manifest 4Abf487,<p>Ggb Manifest 4Abf487 — A Gullah Geechee publication by Darryl E. Brown</p>,Gullah Geechee Biz,Book,"Gullah Geechee, Book, Books",TRUE,Format,eBook,ggb-manifest-ggb-man,3.99,1,deny,manual,,active
ggb-manifest-4adaecf,Ggb Manifest 4Adaecf,<p>Ggb Manifest 4Adaecf — A Gullah Geechee publication by Darryl E. Brown</p>,Gullah Geechee Biz,Book,"Gullah Geechee, Book, Books",TRUE,Format,eBook,ggb-manifest-ggb-man,3.99,1,deny,manual,,active
ggb-manifest-4b4dbf3,Ggb Manifest 4B4Dbf3,<p>Ggb Manifest 4B4Dbf3 — A Gullah Geechee publication by Darryl E. Brown</p>,Gullah Geechee Biz,Book,"Gullah Geechee, Book, Books",TRUE,Format,eBook,ggb-manifest-ggb-man,3.99,1,deny,manual,,active
ggb-manifest-4b9350e,Ggb Manifest 4B9350E,<p>Ggb Manifest 4B9350E — A Gullah Geechee publication by Darryl E. Brown</p>,Gullah Geechee Biz,Book,"Gullah Geechee, Book, Books",TRUE,Format,eBook,ggb-manifest-ggb-man,3.99,1,deny,manual,,active
ggb-manifest-4bd81b4,Ggb Manifest 4Bd81B4,<p>Ggb Manifest 4Bd81B4 — A Gullah Geechee publication by Darryl E. Brown</p>,Gullah Geechee Biz,Book,"Gullah Geechee, Book, Books",TRUE,Format,eBook,ggb-manifest-ggb-man,3.99,1,deny,manual,,active
ggb-manifest-4c41f94,Ggb Manifest 4C41F94,<p>Ggb Manifest 4C41F94 — A Gullah Geechee publication by Darryl E. Brown</p>,Gullah Geechee Biz,Book,"Gullah Geechee, Book, Books",TRUE,Format,eBook,ggb-manifest-ggb-man,3.99,1,deny,manual,,active
ggb-manifest-4cb4d43,Ggb Manifest 4Cb4D43,<p>Ggb Manifest 4Cb4D43 — A Gullah Geechee publication by Darryl E. Brown</p>,Gullah Geechee Biz,Book,"Gullah Geechee, Book, Books",TRUE,Format,eBook,ggb-manifest-ggb-man,3.99,1,deny,manual,,active
ggb-manifest-4ce9e54,Ggb Manifest 4Ce9E54,<p>Ggb Manifest 4Ce9E54 — A Gullah Geechee publication by Darryl E. Brown</p>,Gullah Geechee Biz,Book,"Gullah Geechee, Book, Books",TRUE,Format,eBook,ggb-manifest-ggb-man,3.99,1,deny,manual,,active
ggb-manifest-4cec797,Ggb Manifest 4Cec797,<p>Ggb Manifest 4Cec797 — A Gullah Geechee publication by Darryl E. Brown</p>,Gullah Geechee Biz,Book,"Gullah Geechee, Book, Books",TRUE,Format,eBook,ggb-manifest-ggb-man,3.99,1,deny,manual,,active
ggb-manifest-4f14951,Ggb Manifest 4F14951,<p>Ggb Manifest 4F14951 — A Gullah Geechee publication by Darryl E. Brown</p>,Gullah Geechee Biz,Book,"Gullah Geechee, Book, Books",TRUE,Format,eBook,ggb-manifest-ggb-man,3.99,1,deny,manual,,active
ggb-manifest-4f23fc4,Ggb Manifest 4F23Fc4,<p>Ggb Manifest 4F23Fc4 — A Gullah Geechee publication by Darryl E. Brown</p>,Gullah Geechee Biz,Book,"Gullah Geechee, Book, Books",TRUE,Format,eBook,ggb-manifest-ggb-man,3.99,1,deny,manual,,active
ggb-manifest-4f5244d,Ggb Manifest 4F5244D,<p>Ggb Manifest 4F5244D — A Gullah Geechee publication by Darryl E. Brown</p>,Gullah Geechee Biz,Book,"Gullah Geechee, Book, Books",TRUE,Format,eBook,ggb-manifest-ggb-man,3.99,1,deny,manual,,active
ggb-manifest-4f5285e,Ggb Manifest 4F5285E,<p>Ggb Manifest 4F5285E — A Gullah Geechee publication by Darryl E. Brown</p>,Gullah Geechee Biz,Book,"Gullah Geechee, Book, Books",TRUE,Format,eBook,ggb-manifest-ggb-man,3.99,1,deny,manual,,active
ggb-manifest-5003d04,Ggb Manifest 5003D04,<p>Ggb Manifest 5003D04 — A Gullah Geechee publication by Darryl E. Brown</p>,Gullah Geechee Biz,Book,"Gullah Geechee, Book, Books",TRUE,Format,eBook,ggb-manifest-ggb-man,3.99,1,deny,manual,,active
ggb-manifest-50e64e1,Ggb Manifest 50E64E1,<p>Ggb Manifest 50E64E1 — A Gullah Geechee publication by Darryl E. Brown</p>,Gullah Geechee Biz,Book,"Gullah Geechee, Book, Books",TRUE,Format,eBook,ggb-manifest-ggb-man,3.99,1,deny,manual,,active
ggb-manifest-515734a,Ggb Manifest 515734A,<p>Ggb Manifest 515734A — A Gullah Geechee publication by Darryl E. Brown</p>,Gullah Geechee Biz,Book,"Gullah Geechee, Book, Books",TRUE,Format,eBook,ggb-manifest-ggb-man,3.99,1,deny,manual,,active
ggb-manifest-517527d,Ggb Manifest 517527D,<p>Ggb Manifest 517527D — A Gullah Geechee publication by Darryl E. Brown</p>,Gullah Geechee Biz,Book,"Gullah Geechee, Book, Books",TRUE,Format,eBook,ggb-manifest-ggb-man,3.99,1,deny,manual,,active
ggb-manifest-525d39d,Ggb Manifest 525D39D,<p>Ggb Manifest 525D39D — A Gullah Geechee publication by Darryl E. Brown</p>,Gullah Geechee Biz,Book,"Gullah Geechee, Book, Books",TRUE,Format,eBook,ggb-manifest-ggb-man,3.99,1,deny,manual,,active
ggb-manifest-52972d0,Ggb Manifest 52972D0,<p>Ggb Manifest 52972D0 — A Gullah Geechee publication by Darryl E. Brown</p>,Gullah Geechee Biz,Book,"Gullah Geechee, Book, Books",TRUE,Format,eBook,ggb-manifest-ggb-man,3.99,1,deny,manual,,active
ggb-manifest-533a4d7,Ggb Manifest 533A4D7,<p>Ggb Manifest 533A4D7 — A Gullah Geechee publication by Darryl E. Brown</p>,Gullah Geechee Biz,Book,"Gullah Geechee, Book, Books",TRUE,Format,eBook,ggb-manifest-ggb-man,3.99,1,deny,manual,,active
ggb-manifest-5353803,Ggb Manifest 5353803,<p>Ggb Manifest 5353803 — A Gullah Geechee publication by Darryl E. Brown</p>,Gullah Geechee Biz,Book,"Gullah Geechee, Book, Books",TRUE,Format,eBook,ggb-manifest-ggb-man,3.99,1,deny,manual,,active
ggb-manifest-53593a6,Ggb Manifest 53593A6,<p>Ggb Manifest 53593A6 — A Gullah Geechee publication by Darryl E. Brown</p>,Gullah Geechee Biz,Book,"Gullah Geechee, Book, Books",TRUE,Format,eBook,ggb-manifest-ggb-man,3.99,1,deny,manual,,active
ggb-manifest-53dc903,Ggb Manifest 53Dc903,<p>Ggb Manifest 53Dc903 — A Gullah Geechee publication by Darryl E. Brown</p>,Gullah Geechee Biz,Book,"Gullah Geechee, Book, Books",TRUE,Format,eBook,ggb-manifest-ggb-man,3.99,1,deny,manual,,active
ggb-manifest-542d4db,Ggb Manifest 542D4Db,<p>Ggb Manifest 542D4Db — A Gullah Geechee publication by Darryl E. Brown</p>,Gullah Geechee Biz,Book,"Gullah Geechee, Book, Books",TRUE,Format,eBook,ggb-manifest-ggb-man,3.99,1,deny,manual,,active
ggb-manifest-54460cf,Ggb Manifest 54460Cf,<p>Ggb Manifest 54460Cf — A Gullah Geechee publication by Darryl E. Brown</p>,Gullah Geechee Biz,Book,"Gullah Geechee, Book, Books",TRUE,Format,eBook,ggb-manifest-ggb-man,3.99,1,deny,manual,,active
ggb-manifest-54a42b2,Ggb Manifest 54A42B2,<p>Ggb Manifest 54A42B2 — A Gullah Geechee publication by Darryl E. Brown</p>,Gullah Geechee Biz,Book,"Gullah Geechee, Book, Books",TRUE,Format,eBook,ggb-manifest-ggb-man,3.99,1,deny,manual,,active
ggb-manifest-55ef4f1,Ggb Manifest 55Ef4F1,<p>Ggb Manifest 55Ef4F1 — A Gullah Geechee publication by Darryl E. Brown</p>,Gullah Geechee Biz,Book,"Gullah Geechee, Book, Books",TRUE,Format,eBook,ggb-manifest-ggb-man,3.99,1,deny,manual,,active
ggb-manifest-5639a41,Ggb Manifest 5639A41,<p>Ggb Manifest 5639A41 — A Gullah Geechee publication by Darryl E. Brown</p>,Gullah Geechee Biz,Book,"Gullah Geechee, Book, Books",TRUE,Format,eBook,ggb-manifest-ggb-man,3.99,1,deny,manual,,active
ggb-manifest-56b77f0,Ggb Manifest 56B77F0,<p>Ggb Manifest 56B77F0 — A Gullah Geechee publication by Darryl E. Brown</p>,Gullah Geechee Biz,Book,"Gullah Geechee, Book, Books",TRUE,Format,eBook,ggb-manifest-ggb-man,3.99,1,deny,manual,,active
ggb-manifest-56d1d00,Ggb Manifest 56D1D00,<p>Ggb Manifest 56D1D00 — A Gullah Geechee publication by Darryl E. Brown</p>,Gullah Geechee Biz,Book,"Gullah Geechee, Book, Books",TRUE,Format,eBook,ggb-manifest-ggb-man,3.99,1,deny,manual,,active
ggb-manifest-56dfde5,Ggb Manifest 56Dfde5,<p>Ggb Manifest 56Dfde5 — A Gullah Geechee publication by Darryl E. Brown</p>,Gullah Geechee Biz,Book,"Gullah Geechee, Book, Books",TRUE,Format,eBook,ggb-manifest-ggb-man,3.99,1,deny,manual,,active
ggb-manifest-56fb38d,Ggb Manifest 56Fb38D,<p>Ggb Manifest 56Fb38D — A Gullah Geechee publication by Darryl E. Brown</p>,Gullah Geechee Biz,Book,"Gullah Geechee, Book, Books",TRUE,Format,eBook,ggb-manifest-ggb-man,3.99,1,deny,manual,,active
ggb-manifest-57b25f8,Ggb Manifest 57B25F8,<p>Ggb Manifest 57B25F8 — A Gullah Geechee publication by Darryl E. Brown</p>,Gullah Geechee Biz,Book,"Gullah Geechee, Book, Books",TRUE,Format,eBook,ggb-manifest-ggb-man,3.99,1,deny,manual,,active
ggb-manifest-57db52e,Ggb Manifest 57Db52E,<p>Ggb Manifest 57Db52E — A Gullah Geechee publication by Darryl E. Brown</p>,Gullah Geechee Biz,Book,"Gullah Geechee, Book, Books",TRUE,Format,eBook,ggb-manifest-ggb-man,3.99,1,deny,manual,,active
ggb-manifest-587b152,Ggb Manifest 587B152,<p>Ggb Manifest 587B152 — A Gullah Geechee publication by Darryl E. Brown</p>,Gullah Geechee Biz,Book,"Gullah Geechee, Book, Books",TRUE,Format,eBook,ggb-manifest-ggb-man,3.99,1,deny,manual,,active
ggb-manifest-58b1a14,Ggb Manifest 58B1A14,<p>Ggb Manifest 58B1A14 — A Gullah Geechee publication by Darryl E. Brown</p>,Gullah Geechee Biz,Book,"Gullah Geechee, Book, Books",TRUE,Format,eBook,ggb-manifest-ggb-man,3.99,1,deny,manual,,active
ggb-manifest-58cddf6,Ggb Manifest 58Cddf6,<p>Ggb Manifest 58Cddf6 — A Gullah Geechee publication by Darryl E. Brown</p>,Gullah Geechee Biz,Book,"Gullah Geechee, Book, Books",TRUE,Format,eBook,ggb-manifest-ggb-man,3.99,1,deny,manual,,active
ggb-manifest-5904a33,Ggb Manifest 5904A33,<p>Ggb Manifest 5904A33 — A Gullah Geechee publication by Darryl E. Brown</p>,Gullah Geechee Biz,Book,"Gullah Geechee, Book, Books",TRUE,Format,eBook,ggb-manifest-ggb-man,3.99,1,deny,manual,,active
ggb-manifest-596df61,Ggb Manifest 596Df61,<p>Ggb Manifest 596Df61 — A Gullah Geechee publication by Darryl E. Brown</p>,Gullah Geechee Biz,Book,"Gullah Geechee, Book, Books",TRUE,Format,eBook,ggb-manifest-ggb-man,3.99,1,deny,manual,,active
ggb-manifest-599d36d,Ggb Manifest 599D36D,<p>Ggb Manifest 599D36D — A Gullah Geechee publication by Darryl E. Brown</p>,Gullah Geechee Biz,Book,"Gullah Geechee, Book, Books",TRUE,Format,eBook,ggb-manifest-ggb-man,3.99,1,deny,manual,,active
ggb-manifest-5a8bc25,Ggb Manifest 5A8Bc25,<p>Ggb Manifest 5A8Bc25 — A Gullah Geechee publication by Darryl E. Brown</p>,Gullah Geechee Biz,Book,"Gullah Geechee, Book, Books",TRUE,Format,eBook,ggb-manifest-ggb-man,3.99,1,deny,manual,,active
ggb-manifest-5af0cff,Ggb Manifest 5Af0Cff,<p>Ggb Manifest 5Af0Cff — A Gullah Geechee publication by Darryl E. Brown</p>,Gullah Geechee Biz,Book,"Gullah Geechee, Book, Books",TRUE,Format,eBook,ggb-manifest-ggb-man,3.99,1,deny,manual,,active
ggb-manifest-5b27973,Ggb Manifest 5B27973,<p>Ggb Manifest 5B27973 — A Gullah Geechee publication by Darryl E. Brown</p>,Gullah Geechee Biz,Book,"Gullah Geechee, Book, Books",TRUE,Format,eBook,ggb-manifest-ggb-man,3.99,1,deny,manual,,active
ggb-manifest-5b5ee94,Ggb Manifest 5B5Ee94,<p>Ggb Manifest 5B5Ee94 — A Gullah Geechee publication by Darryl E. Brown</p>,Gullah Geechee Biz,Book,"Gullah Geechee, Book, Books",TRUE,Format,eBook,ggb-manifest-ggb-man,3.99,1,deny,manual,,active
ggb-manifest-5c305f4,Ggb Manifest 5C305F4,<p>Ggb Manifest 5C305F4 — A Gullah Geechee publication by Darryl E. Brown</p>,Gullah Geechee Biz,Book,"Gullah Geechee, Book, Books",TRUE,Format,eBook,ggb-manifest-ggb-man,3.99,1,deny,manual,,active
ggb-manifest-5c67f9c,Ggb Manifest 5C67F9C,<p>Ggb Manifest 5C67F9C — A Gullah Geechee publication by Darryl E. Brown</p>,Gullah Geechee Biz,Book,"Gullah Geechee, Book, Books",TRUE,Format,eBook,ggb-manifest-ggb-man,3.99,1,deny,manual,,active
ggb-manifest-5de34b7,Ggb Manifest 5De34B7,<p>Ggb Manifest 5De34B7 — A Gullah Geechee publication by Darryl E. Brown</p>,Gullah Geechee Biz,Book,"Gullah Geechee, Book, Books",TRUE,Format,eBook,ggb-manifest-ggb-man,3.99,1,deny,manual,,active
ggb-manifest-5e8c51e,Ggb Manifest 5E8C51E,<p>Ggb Manifest 5E8C51E — A Gullah Geechee publication by Darryl E. Brown</p>,Gullah Geechee Biz,Book,"Gullah Geechee, Book, Books",TRUE,Format,eBook,ggb-manifest-ggb-man,3.99,1,deny,manual,,active
ggb-manifest-5f8101f,Ggb Manifest 5F8101F,<p>Ggb Manifest 5F8101F — A Gullah Geechee publication by Darryl E. Brown</p>,Gullah Geechee Biz,Book,"Gullah Geechee, Book, Books",TRUE,Format,eBook,ggb-manifest-ggb-man,3.99,1,deny,manual,,active
ggb-manifest-5f8b7ed,Ggb Manifest 5F8B7Ed,<p>Ggb Manifest 5F8B7Ed — A Gullah Geechee publication by Darryl E. Brown</p>,Gullah Geechee Biz,Book,"Gullah Geechee, Book, Books",TRUE,Format,eBook,ggb-manifest-ggb-man,3.99,1,deny,manual,,active
ggb-manifest-6020abd,Ggb Manifest 6020Abd,<p>Ggb Manifest 6020Abd — A Gullah Geechee publication by Darryl E. Brown</p>,Gullah Geechee Biz,Book,"Gullah Geechee, Book, Books",TRUE,Format,eBook,ggb-manifest-ggb-man,3.99,1,deny,manual,,active
ggb-manifest-6087a7d,Ggb Manifest 6087A7D,<p>Ggb Manifest 6087A7D — A Gullah Geechee publication by Darryl E. Brown</p>,Gullah Geechee Biz,Book,"Gullah Geechee, Book, Books",TRUE,Format,eBook,ggb-manifest-ggb-man,3.99,1,deny,manual,,active
ggb-manifest-60e3873,Ggb Manifest 60E3873,<p>Ggb Manifest 60E3873 — A Gullah Geechee publication by Darryl E. Brown</p>,Gullah Geechee Biz,Book,"Gullah Geechee, Book, Books",TRUE,Format,eBook,ggb-manifest-ggb-man,3.99,1,deny,manual,,active
ggb-manifest-6102271,Ggb Manifest 6102271,<p>Ggb Manifest 6102271 — A Gullah Geechee publication by Darryl E. Brown</p>,Gullah Geechee Biz,Book,"Gullah Geechee, Book, Books",TRUE,Format,eBook,ggb-manifest-ggb-man,3.99,1,deny,manual,,active
ggb-manifest-6134392,Ggb Manifest 6134392,<p>Ggb Manifest 6134392 — A Gullah Geechee publication by Darryl E. Brown</p>,Gullah Geechee Biz,Book,"Gullah Geechee, Book, Books",TRUE,Format,eBook,ggb-manifest-ggb-man,3.99,1,deny,manual,,active
ggb-manifest-615ece1,Ggb Manifest 615Ece1,<p>Ggb Manifest 615Ece1 — A Gullah Geechee publication by Darryl E. Brown</p>,Gullah Geechee Biz,Book,"Gullah Geechee, Book, Books",TRUE,Format,eBook,ggb-manifest-ggb-man,3.99,1,deny,manual,,active
ggb-manifest-61979b2,Ggb Manifest 61979B2,<p>Ggb Manifest 61979B2 — A Gullah Geechee publication by Darryl E. Brown</p>,Gullah Geechee Biz,Book,"Gullah Geechee, Book, Books",TRUE,Format,eBook,ggb-manifest-ggb-man,3.99,1,deny,manual,,active
ggb-manifest-628887e,Ggb Manifest 628887E,<p>Ggb Manifest 628887E — A Gullah Geechee publication by Darryl E. Brown</p>,Gullah Geechee Biz,Book,"Gullah Geechee, Book, Books",TRUE,Format,eBook,ggb-manifest-ggb-man,3.99,1,deny,manual,,active
ggb-manifest-62e035a,Ggb Manifest 62E035A,<p>Ggb Manifest 62E035A — A Gullah Geechee publication by Darryl E. Brown</p>,Gullah Geechee Biz,Book,"Gullah Geechee, Book, Books",TRUE,Format,eBook,ggb-manifest-ggb-man,3.99,1,deny,manual,,active
ggb-manifest-632031f,Ggb Manifest 632031F,<p>Ggb Manifest 632031F — A Gullah Geechee publication by Darryl E. Brown</p>,Gullah Geechee Biz,Book,"Gullah Geechee, Book, Books",TRUE,Format,eBook,ggb-manifest-ggb-man,3.99,1,deny,manual,,active
ggb-manifest-63db584,Ggb Manifest 63Db584,<p>Ggb Manifest 63Db584 — A Gullah Geechee publication by Darryl E. Brown</p>,Gullah Geechee Biz,Book,"Gullah Geechee, Book, Books",TRUE,Format,eBook,ggb-manifest-ggb-man,3.99,1,deny,manual,,active
ggb-manifest-63dbfbe,Ggb Manifest 63Dbfbe,<p>Ggb Manifest 63Dbfbe — A Gullah Geechee publication by Darryl E. Brown</p>,Gullah Geechee Biz,Book,"Gullah Geechee, Book, Books",TRUE,Format,eBook,ggb-manifest-ggb-man,3.99,1,deny,manual,,active
ggb-manifest-64ff26f,Ggb Manifest 64Ff26F,<p>Ggb Manifest 64Ff26F — A Gullah Geechee publication by Darryl E. Brown</p>,Gullah Geechee Biz,Book,"Gullah Geechee, Book, Books",TRUE,Format,eBook,ggb-manifest-ggb-man,3.99,1,deny,manual,,active
ggb-manifest-66ac6b3,Ggb Manifest 66Ac6B3,<p>Ggb Manifest 66Ac6B3 — A Gullah Geechee publication by Darryl E. Brown</p>,Gullah Geechee Biz,Book,"Gullah Geechee, Book, Books",TRUE,Format,eBook,ggb-manifest-ggb-man,3.99,1,deny,manual,,active
ggb-manifest-685e82d,Ggb Manifest 685E82D,<p>Ggb Manifest 685E82D — A Gullah Geechee publication by Darryl E. Brown</p>,Gullah Geechee Biz,Book,"Gullah Geechee, Book, Books",TRUE,Format,eBook,ggb-manifest-ggb-man,3.99,1,deny,manual,,active
ggb-manifest-695d698,Ggb Manifest 695D698,<p>Ggb Manifest 695D698 — A Gullah Geechee publication by Darryl E. Brown</p>,Gullah Geechee Biz,Book,"Gullah Geechee, Book, Books",TRUE,Format,eBook,ggb-manifest-ggb-man,3.99,1,deny,manual,,active
ggb-manifest-69e5bbf,Ggb Manifest 69E5Bbf,<p>Ggb Manifest 69E5Bbf — A Gullah Geechee publication by Darryl E. Brown</p>,Gullah Geechee Biz,Book,"Gullah Geechee, Book, Books",TRUE,Format,eBook,ggb-manifest-ggb-man,3.99,1,deny,manual,,active
ggb-manifest-6a31761,Ggb Manifest 6A31761,<p>Ggb Manifest 6A31761 — A Gullah Geechee publication by Darryl E. Brown</p>,Gullah Geechee Biz,Book,"Gullah Geechee, Book, Books",TRUE,Format,eBook,ggb-manifest-ggb-man,3.99,1,deny,manual,,active
ggb-manifest-6a79ea6,Ggb Manifest 6A79Ea6,<p>Ggb Manifest 6A79Ea6 — A Gullah Geechee publication by Darryl E. Brown</p>,Gullah Geechee Biz,Book,"Gullah Geechee, Book, Books",TRUE,Format,eBook,ggb-manifest-ggb-man,3.99,1,deny,manual,,active
ggb-manifest-6a8fda3,Ggb Manifest 6A8Fda3,<p>Ggb Manifest 6A8Fda3 — A Gullah Geechee publication by Darryl E. Brown</p>,Gullah Geechee Biz,Book,"Gullah Geechee, Book, Books",TRUE,Format,eBook,ggb-manifest-ggb-man,3.99,1,deny,manual,,active
ggb-manifest-6af308a,Ggb Manifest 6Af308A,<p>Ggb Manifest 6Af308A — A Gullah Geechee publication by Darryl E. Brown</p>,Gullah Geechee Biz,Book,"Gullah Geechee, Book, Books",TRUE,Format,eBook,ggb-manifest-ggb-man,3.99,1,deny,manual,,active
ggb-manifest-6af7b3a,Ggb Manifest 6Af7B3A,<p>Ggb Manifest 6Af7B3A — A Gullah Geechee publication by Darryl E. Brown</p>,Gullah Geechee Biz,Book,"Gullah Geechee, Book, Books",TRUE,Format,eBook,ggb-manifest-ggb-man,3.99,1,deny,manual,,active
ggb-manifest-6b44035,Ggb Manifest 6B44035,<p>Ggb Manifest 6B44035 — A Gullah Geechee publication by Darryl E. Brown</p>,Gullah Geechee Biz,Book,"Gullah Geechee, Book, Books",TRUE,Format,eBook,ggb-manifest-ggb-man,3.99,1,deny,manual,,active
ggb-manifest-6b45dd8,Ggb Manifest 6B45Dd8,<p>Ggb Manifest 6B45Dd8 — A Gullah Geechee publication by Darryl E. Brown</p>,Gullah Geechee Biz,Book,"Gullah Geechee, Book, Books",TRUE,Format,eBook,ggb-manifest-ggb-man,3.99,1,deny,manual,,active
ggb-manifest-6e687ef,Ggb Manifest 6E687Ef,<p>Ggb Manifest 6E687Ef — A Gullah Geechee publication by Darryl E. Brown</p>,Gullah Geechee Biz,Book,"Gullah Geechee, Book, Books",TRUE,Format,eBook,ggb-manifest-ggb-man,3.99,1,deny,manual,,active
ggb-manifest-6e8dfab,Ggb Manifest 6E8Dfab,<p>Ggb Manifest 6E8Dfab — A Gullah Geechee publication by Darryl E. Brown</p>,Gullah Geechee Biz,Book,"Gullah Geechee, Book, Books",TRUE,Format,eBook,ggb-manifest-ggb-man,3.99,1,deny,manual,,active
ggb-manifest-6f6acbf,Ggb Manifest 6F6Acbf,<p>Ggb Manifest 6F6Acbf — A Gullah Geechee publication by Darryl E. Brown</p>,Gullah Geechee Biz,Book,"Gullah Geechee, Book, Books",TRUE,Format,eBook,ggb-manifest-ggb-man,3.99,1,deny,manual,,active
ggb-manifest-6f85d2b,Ggb Manifest 6F85D2B,<p>Ggb Manifest 6F85D2B — A Gullah Geechee publication by Darryl E. Brown</p>,Gullah Geechee Biz,Book,"Gullah Geechee, Book, Books",TRUE,Format,eBook,ggb-manifest-ggb-man,3.99,1,deny,manual,,active
ggb-manifest-713ef35,Ggb Manifest 713Ef35,<p>Ggb Manifest 713Ef35 — A Gullah Geechee publication by Darryl E. Brown</p>,Gullah Geechee Biz,Book,"Gullah Geechee, Book, Books",TRUE,Format,eBook,ggb-manifest-ggb-man,3.99,1,deny,manual,,active
ggb-manifest-7146178,Ggb Manifest 7146178,<p>Ggb Manifest 7146178 — A Gullah Geechee publication by Darryl E. Brown</p>,Gullah Geechee Biz,Book,"Gullah Geechee, Book, Books",TRUE,Format,eBook,ggb-manifest-ggb-man,3.99,1,deny,manual,,active
ggb-manifest-72a78b8,Ggb Manifest 72A78B8,<p>Ggb Manifest 72A78B8 — A Gullah Geechee publication by Darryl E. Brown</p>,Gullah Geechee Biz,Book,"Gullah Geechee, Book, Books",TRUE,Format,eBook,ggb-manifest-ggb-man,3.99,1,deny,manual,,active
ggb-manifest-72a9fac,Ggb Manifest 72A9Fac,<p>Ggb Manifest 72A9Fac — A Gullah Geechee publication by Darryl E. Brown</p>,Gullah Geechee Biz,Book,"Gullah Geechee, Book, Books",TRUE,Format,eBook,ggb-manifest-ggb-man,3.99,1,deny,manual,,active
ggb-manifest-739ada0,Ggb Manifest 739Ada0,<p>Ggb Manifest 739Ada0 — A Gullah Geechee publication by Darryl E. Brown</p>,Gullah Geechee Biz,Book,"Gullah Geechee, Book, Books",TRUE,Format,eBook,ggb-manifest-ggb-man,3.99,1,deny,manual,,active
ggb-manifest-74d5acb,Ggb Manifest 74D5Acb,<p>Ggb Manifest 74D5Acb — A Gullah Geechee publication by Darryl E. Brown</p>,Gullah Geechee Biz,Book,"Gullah Geechee, Book, Books",TRUE,Format,eBook,ggb-manifest-ggb-man,3.99,1,deny,manual,,active
ggb-manifest-753d784,Ggb Manifest 753D784,<p>Ggb Manifest 753D784 — A Gullah Geechee publication by Darryl E. Brown</p>,Gullah Geechee Biz,Book,"Gullah Geechee, Book, Books",TRUE,Format,eBook,ggb-manifest-ggb-man,3.99,1,deny,manual,,active
ggb-manifest-75e59fa,Ggb Manifest 75E59Fa,<p>Ggb Manifest 75E59Fa — A Gullah Geechee publication by Darryl E. Brown</p>,Gullah Geechee Biz,Book,"Gullah Geechee, Book, Books",TRUE,Format,eBook,ggb-manifest-ggb-man,3.99,1,deny,manual,,active
ggb-manifest-76a0e9a,Ggb Manifest 76A0E9A,<p>Ggb Manifest 76A0E9A — A Gullah Geechee publication by Darryl E. Brown</p>,Gullah Geechee Biz,Book,"Gullah Geechee, Book, Books",TRUE,Format,eBook,ggb-manifest-ggb-man,3.99,1,deny,manual,,active
ggb-manifest-77478f5,Ggb Manifest 77478F5,<p>Ggb Manifest 77478F5 — A Gullah Geechee publication by Darryl E. Brown</p>,Gullah Geechee Biz,Book,"Gullah Geechee, Book, Books",TRUE,Format,eBook,ggb-manifest-ggb-man,3.99,1,deny,manual,,active
ggb-manifest-7764f5b,Ggb Manifest 7764F5B,<p>Ggb Manifest 7764F5B — A Gullah Geechee publication by Darryl E. Brown</p>,Gullah Geechee Biz,Book,"Gullah Geechee, Book, Books",TRUE,Format,eBook,ggb-manifest-ggb-man,3.99,1,deny,manual,,active
ggb-manifest-776d45f,Ggb Manifest 776D45F,<p>Ggb Manifest 776D45F — A Gullah Geechee publication by Darryl E. Brown</p>,Gullah Geechee Biz,Book,"Gullah Geechee, Book, Books",TRUE,Format,eBook,ggb-manifest-ggb-man,3.99,1,deny,manual,,active
ggb-manifest-77c39f6,Ggb Manifest 77C39F6,<p>Ggb Manifest 77C39F6 — A Gullah Geechee publication by Darryl E. Brown</p>,Gullah Geechee Biz,Book,"Gullah Geechee, Book, Books",TRUE,Format,eBook,ggb-manifest-ggb-man,3.99,1,deny,manual,,active
ggb-manifest-7849845,Ggb Manifest 7849845,<p>Ggb Manifest 7849845 — A Gullah Geechee publication by Darryl E. Brown</p>,Gullah Geechee Biz,Book,"Gullah Geechee, Book, Books",TRUE,Format,eBook,ggb-manifest-ggb-man,3.99,1,deny,manual,,active
ggb-manifest-78978d9,Ggb Manifest 78978D9,<p>Ggb Manifest 78978D9 — A Gullah Geechee publication by Darryl E. Brown</p>,Gullah Geechee Biz,Book,"Gullah Geechee, Book, Books",TRUE,Format,eBook,ggb-manifest-ggb-man,3.99,1,deny,manual,,active
ggb-manifest-7925384,Ggb Manifest 7925384,<p>Ggb Manifest 7925384 — A Gullah Geechee publication by Darryl E. Brown</p>,Gullah Geechee Biz,Book,"Gullah Geechee, Book, Books",TRUE,Format,eBook,ggb-manifest-ggb-man,3.99,1,deny,manual,,active
ggb-manifest-7990192,Ggb Manifest 7990192,<p>Ggb Manifest 7990192 — A Gullah Geechee publication by Darryl E. Brown</p>,Gullah Geechee Biz,Book,"Gullah Geechee, Book, Books",TRUE,Format,eBook,ggb-manifest-ggb-man,3.99,1,deny,manual,,active
ggb-manifest-799dc3a,Ggb Manifest 799Dc3A,<p>Ggb Manifest 799Dc3A — A Gullah Geechee publication by Darryl E. Brown</p>,Gullah Geechee Biz,Book,"Gullah Geechee, Book, Books",TRUE,Format,eBook,ggb-manifest-ggb-man,3.99,1,deny,manual,,active
ggb-manifest-79c603c,Ggb Manifest 79C603C,<p>Ggb Manifest 79C603C — A Gullah Geechee publication by Darryl E. Brown</p>,Gullah Geechee Biz,Book,"Gullah Geechee, Book, Books",TRUE,Format,eBook,ggb-manifest-ggb-man,3.99,1,deny,manual,,active
ggb-manifest-7a462cf,Ggb Manifest 7A462Cf,<p>Ggb Manifest 7A462Cf — A Gullah Geechee publication by Darryl E. Brown</p>,Gullah Geechee Biz,Book,"Gullah Geechee, Book, Books",TRUE,Format,eBook,ggb-manifest-ggb-man,3.99,1,deny,manual,,active
ggb-manifest-7b9bc20,Ggb Manifest 7B9Bc20,<p>Ggb Manifest 7B9Bc20 — A Gullah Geechee publication by Darryl E. Brown</p>,Gullah Geechee Biz,Book,"Gullah Geechee, Book, Books",TRUE,Format,eBook,ggb-manifest-ggb-man,3.99,1,deny,manual,,active
ggb-manifest-7bcef8e,Ggb Manifest 7Bcef8E,<p>Ggb Manifest 7Bcef8E — A Gullah Geechee publication by Darryl E. Brown</p>,Gullah Geechee Biz,Book,"Gullah Geechee, Book, Books",TRUE,Format,eBook,ggb-manifest-ggb-man,3.99,1,deny,manual,,active
ggb-manifest-7bd19c6,Ggb Manifest 7Bd19C6,<p>Ggb Manifest 7Bd19C6 — A Gullah Geechee publication by Darryl E. Brown</p>,Gullah Geechee Biz,Book,"Gullah Geechee, Book, Books",TRUE,Format,eBook,ggb-manifest-ggb-man,3.99,1,deny,manual,,active
ggb-manifest-7c756e2,Ggb Manifest 7C756E2,<p>Ggb Manifest 7C756E2 — A Gullah Geechee publication by Darryl E. Brown</p>,Gullah Geechee Biz,Book,"Gullah Geechee, Book, Books",TRUE,Format,eBook,ggb-manifest-ggb-man,3.99,1,deny,manual,,active
ggb-manifest-7cae08a,Ggb Manifest 7Cae08A,<p>Ggb Manifest 7Cae08A — A Gullah Geechee publication by Darryl E. Brown</p>,Gullah Geechee Biz,Book,"Gullah Geechee, Book, Books",TRUE,Format,eBook,ggb-manifest-ggb-man,3.99,1,deny,manual,,active
ggb-manifest-7d0f522,Ggb Manifest 7D0F522,<p>Ggb Manifest 7D0F522 — A Gullah Geechee publication by Darryl E. Brown</p>,Gullah Geechee Biz,Book,"Gullah Geechee, Book, Books",TRUE,Format,eBook,ggb-manifest-ggb-man,3.99,1,deny,manual,,active
ggb-manifest-7d14489,Ggb Manifest 7D14489,<p>Ggb Manifest 7D14489 — A Gullah Geechee publication by Darryl E. Brown</p>,Gullah Geechee Biz,Book,"Gullah Geechee, Book, Books",TRUE,Format,eBook,ggb-manifest-ggb-man,3.99,1,deny,manual,,active
ggb-manifest-7d17684,Ggb Manifest 7D17684,<p>Ggb Manifest 7D17684 — A Gullah Geechee publication by Darryl E. Brown</p>,Gullah Geechee Biz,Book,"Gullah Geechee, Book, Books",TRUE,Format,eBook,ggb-manifest-ggb-man,3.99,1,deny,manual,,active
ggb-manifest-7d2f6ec,Ggb Manifest 7D2F6Ec,<p>Ggb Manifest 7D2F6Ec — A Gullah Geechee publication by Darryl E. Brown</p>,Gullah Geechee Biz,Book,"Gullah Geechee, Book, Books",TRUE,Format,eBook,ggb-manifest-ggb-man,3.99,1,deny,manual,,active
ggb-manifest-7df7756,Ggb Manifest 7Df7756,<p>Ggb Manifest 7Df7756 — A Gullah Geechee publication by Darryl E. Brown</p>,Gullah Geechee Biz,Book,"Gullah Geechee, Book, Books",TRUE,Format,eBook,ggb-manifest-ggb-man,3.99,1,deny,manual,,active
ggb-manifest-7eabaab,Ggb Manifest 7Eabaab,<p>Ggb Manifest 7Eabaab — A Gullah Geechee publication by Darryl E. Brown</p>,Gullah Geechee Biz,Book,"Gullah Geechee, Book, Books",TRUE,Format,eBook,ggb-manifest-ggb-man,3.99,1,deny,manual,,active
ggb-manifest-7f34219,Ggb Manifest 7F34219,<p>Ggb Manifest 7F34219 — A Gullah Geechee publication by Darryl E. Brown</p>,Gullah Geechee Biz,Book,"Gullah Geechee, Book, Books",TRUE,Format,eBook,ggb-manifest-ggb-man,3.99,1,deny,manual,,active
ggb-manifest-7f43797,Ggb Manifest 7F43797,<p>Ggb Manifest 7F43797 — A Gullah Geechee publication by Darryl E. Brown</p>,Gullah Geechee Biz,Book,"Gullah Geechee, Book, Books",TRUE,Format,eBook,ggb-manifest-ggb-man,3.99,1,deny,manual,,active
ggb-manifest-7f58b94,Ggb Manifest 7F58B94,<p>Ggb Manifest 7F58B94 — A Gullah Geechee publication by Darryl E. Brown</p>,Gullah Geechee Biz,Book,"Gullah Geechee, Book, Books",TRUE,Format,eBook,ggb-manifest-ggb-man,3.99,1,deny,manual,,active
ggb-manifest-80707f0,Ggb Manifest 80707F0,<p>Ggb Manifest 80707F0 — A Gullah Geechee publication by Darryl E. Brown</p>,Gullah Geechee Biz,Book,"Gullah Geechee, Book, Books",TRUE,Format,eBook,ggb-manifest-ggb-man,3.99,1,deny,manual,,active
ggb-manifest-807e79b,Ggb Manifest 807E79B,<p>Ggb Manifest 807E79B — A Gullah Geechee publication by Darryl E. Brown</p>,Gullah Geechee Biz,Book,"Gullah Geechee, Book, Books",TRUE,Format,eBook,ggb-manifest-ggb-man,3.99,1,deny,manual,,active
ggb-manifest-808321d,Ggb Manifest 808321D,<p>Ggb Manifest 808321D — A Gullah Geechee publication by Darryl E. Brown</p>,Gullah Geechee Biz,Book,"Gullah Geechee, Book, Books",TRUE,Format,eBook,ggb-manifest-ggb-man,3.99,1,deny,manual,,active
ggb-manifest-80939aa,Ggb Manifest 80939Aa,<p>Ggb Manifest 80939Aa — A Gullah Geechee publication by Darryl E. Brown</p>,Gullah Geechee Biz,Book,"Gullah Geechee, Book, Books",TRUE,Format,eBook,ggb-manifest-ggb-man,3.99,1,deny,manual,,active
ggb-manifest-821e4e5,Ggb Manifest 821E4E5,<p>Ggb Manifest 821E4E5 — A Gullah Geechee publication by Darryl E. Brown</p>,Gullah Geechee Biz,Book,"Gullah Geechee, Book, Books",TRUE,Format,eBook,ggb-manifest-ggb-man,3.99,1,deny,manual,,active
ggb-manifest-82c6af3,Ggb Manifest 82C6Af3,<p>Ggb Manifest 82C6Af3 — A Gullah Geechee publication by Darryl E. Brown</p>,Gullah Geechee Biz,Book,"Gullah Geechee, Book, Books",TRUE,Format,eBook,ggb-manifest-ggb-man,3.99,1,deny,manual,,active
ggb-manifest-830da2c,Ggb Manifest 830Da2C,<p>Ggb Manifest 830Da2C — A Gullah Geechee publication by Darryl E. Brown</p>,Gullah Geechee Biz,Book,"Gullah Geechee, Book, Books",TRUE,Format,eBook,ggb-manifest-ggb-man,3.99,1,deny,manual,,active
ggb-manifest-833f6f6,Ggb Manifest 833F6F6,<p>Ggb Manifest 833F6F6 — A Gullah Geechee publication by Darryl E. Brown</p>,Gullah Geechee Biz,Book,"Gullah Geechee, Book, Books",TRUE,Format,eBook,ggb-manifest-ggb-man,3.99,1,deny,manual,,active
ggb-manifest-83c374f,Ggb Manifest 83C374F,<p>Ggb Manifest 83C374F — A Gullah Geechee publication by Darryl E. Brown</p>,Gullah Geechee Biz,Book,"Gullah Geechee, Book, Books",TRUE,Format,eBook,ggb-manifest-ggb-man,3.99,1,deny,manual,,active
ggb-manifest-83cb89b,Ggb Manifest 83Cb89B,<p>Ggb Manifest 83Cb89B — A Gullah Geechee publication by Darryl E. Brown</p>,Gullah Geechee Biz,Book,"Gullah Geechee, Book, Books",TRUE,Format,eBook,ggb-manifest-ggb-man,3.99,1,deny,manual,,active
ggb-manifest-83d70a2,Ggb Manifest 83D70A2,<p>Ggb Manifest 83D70A2 — A Gullah Geechee publication by Darryl E. Brown</p>,Gullah Geechee Biz,Book,"Gullah Geechee, Book, Books",TRUE,Format,eBook,ggb-manifest-ggb-man,3.99,1,deny,manual,,active
ggb-manifest-83f4630,Ggb Manifest 83F4630,<p>Ggb Manifest 83F4630 — A Gullah Geechee publication by Darryl E. Brown</p>,Gullah Geechee Biz,Book,"Gullah Geechee, Book, Books",TRUE,Format,eBook,ggb-manifest-ggb-man,3.99,1,deny,manual,,active
ggb-manifest-85b60ed,Ggb Manifest 85B60Ed,<p>Ggb Manifest 85B60Ed — A Gullah Geechee publication by Darryl E. Brown</p>,Gullah Geechee Biz,Book,"Gullah Geechee, Book, Books",TRUE,Format,eBook,ggb-manifest-ggb-man,3.99,1,deny,manual,,active
ggb-manifest-85c35c8,Ggb Manifest 85C35C8,<p>Ggb Manifest 85C35C8 — A Gullah Geechee publication by Darryl E. Brown</p>,Gullah Geechee Biz,Book,"Gullah Geechee, Book, Books",TRUE,Format,eBook,ggb-manifest-ggb-man,3.99,1,deny,manual,,active
ggb-manifest-85dce0b,Ggb Manifest 85Dce0B,<p>Ggb Manifest 85Dce0B — A Gullah Geechee publication by Darryl E. Brown</p>,Gullah Geechee Biz,Book,"Gullah Geechee, Book, Books",TRUE,Format,eBook,ggb-manifest-ggb-man,3.99,1,deny,manual,,active
ggb-manifest-86044a1,Ggb Manifest 86044A1,<p>Ggb Manifest 86044A1 — A Gullah Geechee publication by Darryl E. Brown</p>,Gullah Geechee Biz,Book,"Gullah Geechee, Book, Books",TRUE,Format,eBook,ggb-manifest-ggb-man,3.99,1,deny,manual,,active
ggb-manifest-8696e0e,Ggb Manifest 8696E0E,<p>Ggb Manifest 8696E0E — A Gullah Geechee publication by Darryl E. Brown</p>,Gullah Geechee Biz,Book,"Gullah Geechee, Book, Books",TRUE,Format,eBook,ggb-manifest-ggb-man,3.99,1,deny,manual,,active
ggb-manifest-87192d8,Ggb Manifest 87192D8,<p>Ggb Manifest 87192D8 — A Gullah Geechee publication by Darryl E. Brown</p>,Gullah Geechee Biz,Book,"Gullah Geechee, Book, Books",TRUE,Format,eBook,ggb-manifest-ggb-man,3.99,1,deny,manual,,active
ggb-manifest-87c145f,Ggb Manifest 87C145F,<p>Ggb Manifest 87C145F — A Gullah Geechee publication by Darryl E. Brown</p>,Gullah Geechee Biz,Book,"Gullah Geechee, Book, Books",TRUE,Format,eBook,ggb-manifest-ggb-man,3.99,1,deny,manual,,active
ggb-manifest-87dfffe,Ggb Manifest 87Dfffe,<p>Ggb Manifest 87Dfffe — A Gullah Geechee publication by Darryl E. Brown</p>,Gullah Geechee Biz,Book,"Gullah Geechee, Book, Books",TRUE,Format,eBook,ggb-manifest-ggb-man,3.99,1,deny,manual,,active
ggb-manifest-881a2dc,Ggb Manifest 881A2Dc,<p>Ggb Manifest 881A2Dc — A Gullah Geechee publication by Darryl E. Brown</p>,Gullah Geechee Biz,Book,"Gullah Geechee, Book, Books",TRUE,Format,eBook,ggb-manifest-ggb-man,3.99,1,deny,manual,,active
ggb-manifest-884cfc6,Ggb Manifest 884Cfc6,<p>Ggb Manifest 884Cfc6 — A Gullah Geechee publication by Darryl E. Brown</p>,Gullah Geechee Biz,Book,"Gullah Geechee, Book, Books",TRUE,Format,eBook,ggb-manifest-ggb-man,3.99,1,deny,manual,,active
ggb-manifest-889b6d8,Ggb Manifest 889B6D8,<p>Ggb Manifest 889B6D8 — A Gullah Geechee publication by Darryl E. Brown</p>,Gullah Geechee Biz,Book,"Gullah Geechee, Book, Books",TRUE,Format,eBook,ggb-manifest-ggb-man,3.99,1,deny,manual,,active
ggb-manifest-88b2424,Ggb Manifest 88B2424,<p>Ggb Manifest 88B2424 — A Gullah Geechee publication by Darryl E. Brown</p>,Gullah Geechee Biz,Book,"Gullah Geechee, Book, Books",TRUE,Format,eBook,ggb-manifest-ggb-man,3.99,1,deny,manual,,active
ggb-manifest-89f855a,Ggb Manifest 89F855A,<p>Ggb Manifest 89F855A — A Gullah Geechee publication by Darryl E. Brown</p>,Gullah Geechee Biz,Book,"Gullah Geechee, Book, Books",TRUE,Format,eBook,ggb-manifest-ggb-man,3.99,1,deny,manual,,active
ggb-manifest-8a0f4c0,Ggb Manifest 8A0F4C0,<p>Ggb Manifest 8A0F4C0 — A Gullah Geechee publication by Darryl E. Brown</p>,Gullah Geechee Biz,Book,"Gullah Geechee, Book, Books",TRUE,Format,eBook,ggb-manifest-ggb-man,3.99,1,deny,manual,,active
ggb-manifest-8a2e33e,Ggb Manifest 8A2E33E,<p>Ggb Manifest 8A2E33E — A Gullah Geechee publication by Darryl E. Brown</p>,Gullah Geechee Biz,Book,"Gullah Geechee, Book, Books",TRUE,Format,eBook,ggb-manifest-ggb-man,3.99,1,deny,manual,,active
ggb-manifest-8a36ec6,Ggb Manifest 8A36Ec6,<p>Ggb Manifest 8A36Ec6 — A Gullah Geechee publication by Darryl E. Brown</p>,Gullah Geechee Biz,Book,"Gullah Geechee, Book, Books",TRUE,Format,eBook,ggb-manifest-ggb-man,3.99,1,deny,manual,,active
ggb-manifest-8b11545,Ggb Manifest 8B11545,<p>Ggb Manifest 8B11545 — A Gullah Geechee publication by Darryl E. Brown</p>,Gullah Geechee Biz,Book,"Gullah Geechee, Book, Books",TRUE,Format,eBook,ggb-manifest-ggb-man,3.99,1,deny,manual,,active
ggb-manifest-8b2e562,Ggb Manifest 8B2E562,<p>Ggb Manifest 8B2E562 — A Gullah Geechee publication by Darryl E. Brown</p>,Gullah Geechee Biz,Book,"Gullah Geechee, Book, Books",TRUE,Format,eBook,ggb-manifest-ggb-man,3.99,1,deny,manual,,active
ggb-manifest-8bb7a98,Ggb Manifest 8Bb7A98,<p>Ggb Manifest 8Bb7A98 — A Gullah Geechee publication by Darryl E. Brown</p>,Gullah Geechee Biz,Book,"Gullah Geechee, Book, Books",TRUE,Format,eBook,ggb-manifest-ggb-man,3.99,1,deny,manual,,active
ggb-manifest-8bf690a,Ggb Manifest 8Bf690A,<p>Ggb Manifest 8Bf690A — A Gullah Geechee publication by Darryl E. Brown</p>,Gullah Geechee Biz,Book,"Gullah Geechee, Book, Books",TRUE,Format,eBook,ggb-manifest-ggb-man,3.99,1,deny,manual,,active
ggb-manifest-8c4a17b,Ggb Manifest 8C4A17B,<p>Ggb Manifest 8C4A17B — A Gullah Geechee publication by Darryl E. Brown</p>,Gullah Geechee Biz,Book,"Gullah Geechee, Book, Books",TRUE,Format,eBook,ggb-manifest-ggb-man,3.99,1,deny,manual,,active
ggb-manifest-8d95235,Ggb Manifest 8D95235,<p>Ggb Manifest 8D95235 — A Gullah Geechee publication by Darryl E. Brown</p>,Gullah Geechee Biz,Book,"Gullah Geechee, Book, Books",TRUE,Format,eBook,ggb-manifest-ggb-man,3.99,1,deny,manual,,active
ggb-manifest-8ee347e,Ggb Manifest 8Ee347E,<p>Ggb Manifest 8Ee347E — A Gullah Geechee publication by Darryl E. Brown</p>,Gullah Geechee Biz,Book,"Gullah Geechee, Book, Books",TRUE,Format,eBook,ggb-manifest-ggb-man,3.99,1,deny,manual,,active
ggb-manifest-8ef2df0,Ggb Manifest 8Ef2Df0,<p>Ggb Manifest 8Ef2Df0 — A Gullah Geechee publication by Darryl E. Brown</p>,Gullah Geechee Biz,Book,"Gullah Geechee, Book, Books",TRUE,Format,eBook,ggb-manifest-ggb-man,3.99,1,deny,manual,,active
ggb-manifest-903ab35,Ggb Manifest 903Ab35,<p>Ggb Manifest 903Ab35 — A Gullah Geechee publication by Darryl E. Brown</p>,Gullah Geechee Biz,Book,"Gullah Geechee, Book, Books",TRUE,Format,eBook,ggb-manifest-ggb-man,3.99,1,deny,manual,,active
ggb-manifest-90848f4,Ggb Manifest 90848F4,<p>Ggb Manifest 90848F4 — A Gullah Geechee publication by Darryl E. Brown</p>,Gullah Geechee Biz,Book,"Gullah Geechee, Book, Books",TRUE,Format,eBook,ggb-manifest-ggb-man,3.99,1,deny,manual,,active
ggb-manifest-915471d,Ggb Manifest 915471D,<p>Ggb Manifest 915471D — A Gullah Geechee publication by Darryl E. Brown</p>,Gullah Geechee Biz,Book,"Gullah Geechee, Book, Books",TRUE,Format,eBook,ggb-manifest-ggb-man,3.99,1,deny,manual,,active
ggb-manifest-91eaa72,Ggb Manifest 91Eaa72,<p>Ggb Manifest 91Eaa72 — A Gullah Geechee publication by Darryl E. Brown</p>,Gullah Geechee Biz,Book,"Gullah Geechee, Book, Books",TRUE,Format,eBook,ggb-manifest-ggb-man,3.99,1,deny,manual,,active
ggb-manifest-9210c18,Ggb Manifest 9210C18,<p>Ggb Manifest 9210C18 — A Gullah Geechee publication by Darryl E. Brown</p>,Gullah Geechee Biz,Book,"Gullah Geechee, Book, Books",TRUE,Format,eBook,ggb-manifest-ggb-man,3.99,1,deny,manual,,active
ggb-manifest-92f5536,Ggb Manifest 92F5536,<p>Ggb Manifest 92F5536 — A Gullah Geechee publication by Darryl E. Brown</p>,Gullah Geechee Biz,Book,"Gullah Geechee, Book, Books",TRUE,Format,eBook,ggb-manifest-ggb-man,3.99,1,deny,manual,,active
ggb-manifest-93d845b,Ggb Manifest 93D845B,<p>Ggb Manifest 93D845B — A Gullah Geechee publication by Darryl E. Brown</p>,Gullah Geechee Biz,Book,"Gullah Geechee, Book, Books",TRUE,Format,eBook,ggb-manifest-ggb-man,3.99,1,deny,manual,,active
ggb-manifest-93e6253,Ggb Manifest 93E6253,<p>Ggb Manifest 93E6253 — A Gullah Geechee publication by Darryl E. Brown</p>,Gullah Geechee Biz,Book,"Gullah Geechee, Book, Books",TRUE,Format,eBook,ggb-manifest-ggb-man,3.99,1,deny,manual,,active
ggb-manifest-946eaf7,Ggb Manifest 946Eaf7,<p>Ggb Manifest 946Eaf7 — A Gullah Geechee publication by Darryl E. Brown</p>,Gullah Geechee Biz,Book,"Gullah Geechee, Book, Books",TRUE,Format,eBook,ggb-manifest-ggb-man,3.99,1,deny,manual,,active
ggb-manifest-94818c5,Ggb Manifest 94818C5,<p>Ggb Manifest 94818C5 — A Gullah Geechee publication by Darryl E. Brown</p>,Gullah Geechee Biz,Book,"Gullah Geechee, Book, Books",TRUE,Format,eBook,ggb-manifest-ggb-man,3.99,1,deny,manual,,active
ggb-manifest-94832b9,Ggb Manifest 94832B9,<p>Ggb Manifest 94832B9 — A Gullah Geechee publication by Darryl E. Brown</p>,Gullah Geechee Biz,Book,"Gullah Geechee, Book, Books",TRUE,Format,eBook,ggb-manifest-ggb-man,3.99,1,deny,manual,,active
ggb-manifest-948f187,Ggb Manifest 948F187,<p>Ggb Manifest 948F187 — A Gullah Geechee publication by Darryl E. Brown</p>,Gullah Geechee Biz,Book,"Gullah Geechee, Book, Books",TRUE,Format,eBook,ggb-manifest-ggb-man,3.99,1,deny,manual,,active
ggb-manifest-954825f,Ggb Manifest 954825F,<p>Ggb Manifest 954825F — A Gullah Geechee publication by Darryl E. Brown</p>,Gullah Geechee Biz,Book,"Gullah Geechee, Book, Books",TRUE,Format,eBook,ggb-manifest-ggb-man,3.99,1,deny,manual,,active
ggb-manifest-9590784,Ggb Manifest 9590784,<p>Ggb Manifest 9590784 — A Gullah Geechee publication by Darryl E. Brown</p>,Gullah Geechee Biz,Book,"Gullah Geechee, Book, Books",TRUE,Format,eBook,ggb-manifest-ggb-man,3.99,1,deny,manual,,active
ggb-manifest-95ab059,Ggb Manifest 95Ab059,<p>Ggb Manifest 95Ab059 — A Gullah Geechee publication by Darryl E. Brown</p>,Gullah Geechee Biz,Book,"Gullah Geechee, Book, Books",TRUE,Format,eBook,ggb-manifest-ggb-man,3.99,1,deny,manual,,active
ggb-manifest-95c0de6,Ggb Manifest 95C0De6,<p>Ggb Manifest 95C0De6 — A Gullah Geechee publication by Darryl E. Brown</p>,Gullah Geechee Biz,Book,"Gullah Geechee, Book, Books",TRUE,Format,eBook,ggb-manifest-ggb-man,3.99,1,deny,manual,,active
ggb-manifest-95e27c9,Ggb Manifest 95E27C9,<p>Ggb Manifest 95E27C9 — A Gullah Geechee publication by Darryl E. Brown</p>,Gullah Geechee Biz,Book,"Gullah Geechee, Book, Books",TRUE,Format,eBook,ggb-manifest-ggb-man,3.99,1,deny,manual,,active
ggb-manifest-95fb8d3,Ggb Manifest 95Fb8D3,<p>Ggb Manifest 95Fb8D3 — A Gullah Geechee publication by Darryl E. Brown</p>,Gullah Geechee Biz,Book,"Gullah Geechee, Book, Books",TRUE,Format,eBook,ggb-manifest-ggb-man,3.99,1,deny,manual,,active
ggb-manifest-9615a06,Ggb Manifest 9615A06,<p>Ggb Manifest 9615A06 — A Gullah Geechee publication by Darryl E. Brown</p>,Gullah Geechee Biz,Book,"Gullah Geechee, Book, Books",TRUE,Format,eBook,ggb-manifest-ggb-man,3.99,1,deny,manual,,active
ggb-manifest-9644111,Ggb Manifest 9644111,<p>Ggb Manifest 9644111 — A Gullah Geechee publication by Darryl E. Brown</p>,Gullah Geechee Biz,Book,"Gullah Geechee, Book, Books",TRUE,Format,eBook,ggb-manifest-ggb-man,3.99,1,deny,manual,,active
ggb-manifest-9645cb9,Ggb Manifest 9645Cb9,<p>Ggb Manifest 9645Cb9 — A Gullah Geechee publication by Darryl E. Brown</p>,Gullah Geechee Biz,Book,"Gullah Geechee, Book, Books",TRUE,Format,eBook,ggb-manifest-ggb-man,3.99,1,deny,manual,,active
ggb-manifest-967831d,Ggb Manifest 967831D,<p>Ggb Manifest 967831D — A Gullah Geechee publication by Darryl E. Brown</p>,Gullah Geechee Biz,Book,"Gullah Geechee, Book, Books",TRUE,Format,eBook,ggb-manifest-ggb-man,3.99,1,deny,manual,,active
ggb-manifest-968ab5a,Ggb Manifest 968Ab5A,<p>Ggb Manifest 968Ab5A — A Gullah Geechee publication by Darryl E. Brown</p>,Gullah Geechee Biz,Book,"Gullah Geechee, Book, Books",TRUE,Format,eBook,ggb-manifest-ggb-man,3.99,1,deny,manual,,active
ggb-manifest-969412f,Ggb Manifest 969412F,<p>Ggb Manifest 969412F — A Gullah Geechee publication by Darryl E. Brown</p>,Gullah Geechee Biz,Book,"Gullah Geechee, Book, Books",TRUE,Format,eBook,ggb-manifest-ggb-man,3.99,1,deny,manual,,active
ggb-manifest-96cc11e,Ggb Manifest 96Cc11E,<p>Ggb Manifest 96Cc11E — A Gullah Geechee publication by Darryl E. Brown</p>,Gullah Geechee Biz,Book,"Gullah Geechee, Book, Books",TRUE,Format,eBook,ggb-manifest-ggb-man,3.99,1,deny,manual,,active
ggb-manifest-96ec30b,Ggb Manifest 96Ec30B,<p>Ggb Manifest 96Ec30B — A Gullah Geechee publication by Darryl E. Brown</p>,Gullah Geechee Biz,Book,"Gullah Geechee, Book, Books",TRUE,Format,eBook,ggb-manifest-ggb-man,3.99,1,deny,manual,,active
ggb-manifest-9719674,Ggb Manifest 9719674,<p>Ggb Manifest 9719674 — A Gullah Geechee publication by Darryl E. Brown</p>,Gullah Geechee Biz,Book,"Gullah Geechee, Book, Books",TRUE,Format,eBook,ggb-manifest-ggb-man,3.99,1,deny,manual,,active
ggb-manifest-97d8459,Ggb Manifest 97D8459,<p>Ggb Manifest 97D8459 — A Gullah Geechee publication by Darryl E. Brown</p>,Gullah Geechee Biz,Book,"Gullah Geechee, Book, Books",TRUE,Format,eBook,ggb-manifest-ggb-man,3.99,1,deny,manual,,active
ggb-manifest-98b4167,Ggb Manifest 98B4167,<p>Ggb Manifest 98B4167 — A Gullah Geechee publication by Darryl E. Brown</p>,Gullah Geechee Biz,Book,"Gullah Geechee, Book, Books",TRUE,Format,eBook,ggb-manifest-ggb-man,3.99,1,deny,manual,,active
ggb-manifest-991fe49,Ggb Manifest 991Fe49,<p>Ggb Manifest 991Fe49 — A Gullah Geechee publication by Darryl E. Brown</p>,Gullah Geechee Biz,Book,"Gullah Geechee, Book, Books",TRUE,Format,eBook,ggb-manifest-ggb-man,3.99,1,deny,manual,,active
ggb-manifest-9963f8d,Ggb Manifest 9963F8D,<p>Ggb Manifest 9963F8D — A Gullah Geechee publication by Darryl E. Brown</p>,Gullah Geechee Biz,Book,"Gullah Geechee, Book, Books",TRUE,Format,eBook,ggb-manifest-ggb-man,3.99,1,deny,manual,,active
ggb-manifest-99a573c,Ggb Manifest 99A573C,<p>Ggb Manifest 99A573C — A Gullah Geechee publication by Darryl E. Brown</p>,Gullah Geechee Biz,Book,"Gullah Geechee, Book, Books",TRUE,Format,eBook,ggb-manifest-ggb-man,3.99,1,deny,manual,,active
ggb-manifest-99ac06a,Ggb Manifest 99Ac06A,<p>Ggb Manifest 99Ac06A — A Gullah Geechee publication by Darryl E. Brown</p>,Gullah Geechee Biz,Book,"Gullah Geechee, Book, Books",TRUE,Format,eBook,ggb-manifest-ggb-man,3.99,1,deny,manual,,active
ggb-manifest-99b049f,Ggb Manifest 99B049F,<p>Ggb Manifest 99B049F — A Gullah Geechee publication by Darryl E. Brown</p>,Gullah Geechee Biz,Book,"Gullah Geechee, Book, Books",TRUE,Format,eBook,ggb-manifest-ggb-man,3.99,1,deny,manual,,active
ggb-manifest-9a5c2bb,Ggb Manifest 9A5C2Bb,<p>Ggb Manifest 9A5C2Bb — A Gullah Geechee publication by Darryl E. Brown</p>,Gullah Geechee Biz,Book,"Gullah Geechee, Book, Books",TRUE,Format,eBook,ggb-manifest-ggb-man,3.99,1,deny,manual,,active
ggb-manifest-9aebcbb,Ggb Manifest 9Aebcbb,<p>Ggb Manifest 9Aebcbb — A Gullah Geechee publication by Darryl E. Brown</p>,Gullah Geechee Biz,Book,"Gullah Geechee, Book, Books",TRUE,Format,eBook,ggb-manifest-ggb-man,3.99,1,deny,manual,,active
ggb-manifest-9af0bad,Ggb Manifest 9Af0Bad,<p>Ggb Manifest 9Af0Bad — A Gullah Geechee publication by Darryl E. Brown</p>,Gullah Geechee Biz,Book,"Gullah Geechee, Book, Books",TRUE,Format,eBook,ggb-manifest-ggb-man,3.99,1,deny,manual,,active
ggb-manifest-9b71bfe,Ggb Manifest 9B71Bfe,<p>Ggb Manifest 9B71Bfe — A Gullah Geechee publication by Darryl E. Brown</p>,Gullah Geechee Biz,Book,"Gullah Geechee, Book, Books",TRUE,Format,eBook,ggb-manifest-ggb-man,3.99,1,deny,manual,,active
ggb-manifest-9b8dbac,Ggb Manifest 9B8Dbac,<p>Ggb Manifest 9B8Dbac — A Gullah Geechee publication by Darryl E. Brown</p>,Gullah Geechee Biz,Book,"Gullah Geechee, Book, Books",TRUE,Format,eBook,ggb-manifest-ggb-man,3.99,1,deny,manual,,active
ggb-manifest-9ba43cb,Ggb Manifest 9Ba43Cb,<p>Ggb Manifest 9Ba43Cb — A Gullah Geechee publication by Darryl E. Brown</p>,Gullah Geechee Biz,Book,"Gullah Geechee, Book, Books",TRUE,Format,eBook,ggb-manifest-ggb-man,3.99,1,deny,manual,,active
ggb-manifest-9c5f959,Ggb Manifest 9C5F959,<p>Ggb Manifest 9C5F959 — A Gullah Geechee publication by Darryl E. Brown</p>,Gullah Geechee Biz,Book,"Gullah Geechee, Book, Books",TRUE,Format,eBook,ggb-manifest-ggb-man,3.99,1,deny,manual,,active
ggb-manifest-9c70cfa,Ggb Manifest 9C70Cfa,<p>Ggb Manifest 9C70Cfa — A Gullah Geechee publication by Darryl E. Brown</p>,Gullah Geechee Biz,Book,"Gullah Geechee, Book, Books",TRUE,Format,eBook,ggb-manifest-ggb-man,3.99,1,deny,manual,,active
ggb-manifest-9cb23bb,Ggb Manifest 9Cb23Bb,<p>Ggb Manifest 9Cb23Bb — A Gullah Geechee publication by Darryl E. Brown</p>,Gullah Geechee Biz,Book,"Gullah Geechee, Book, Books",TRUE,Format,eBook,ggb-manifest-ggb-man,3.99,1,deny,manual,,active
ggb-manifest-9cc95f3,Ggb Manifest 9Cc95F3,<p>Ggb Manifest 9Cc95F3 — A Gullah Geechee publication by Darryl E. Brown</p>,Gullah Geechee Biz,Book,"Gullah Geechee, Book, Books",TRUE,Format,eBook,ggb-manifest-ggb-man,3.99,1,deny,manual,,active
ggb-manifest-9e506ca,Ggb Manifest 9E506Ca,<p>Ggb Manifest 9E506Ca — A Gullah Geechee publication by Darryl E. Brown</p>,Gullah Geechee Biz,Book,"Gullah Geechee, Book, Books",TRUE,Format,eBook,ggb-manifest-ggb-man,3.99,1,deny,manual,,active
ggb-manifest-9f3fedf,Ggb Manifest 9F3Fedf,<p>Ggb Manifest 9F3Fedf — A Gullah Geechee publication by Darryl E. Brown</p>,Gullah Geechee Biz,Book,"Gullah Geechee, Book, Books",TRUE,Format,eBook,ggb-manifest-ggb-man,3.99,1,deny,manual,,active
ggb-manifest-9f5ed01,Ggb Manifest 9F5Ed01,<p>Ggb Manifest 9F5Ed01 — A Gullah Geechee publication by Darryl E. Brown</p>,Gullah Geechee Biz,Book,"Gullah Geechee, Book, Books",TRUE,Format,eBook,ggb-manifest-ggb-man,3.99,1,deny,manual,,active
ggb-manifest-9f84799,Ggb Manifest 9F84799,<p>Ggb Manifest 9F84799 — A Gullah Geechee publication by Darryl E. Brown</p>,Gullah Geechee Biz,Book,"Gullah Geechee, Book, Books",TRUE,Format,eBook,ggb-manifest-ggb-man,3.99,1,deny,manual,,active
ggb-manifest-9fc78f7,Ggb Manifest 9Fc78F7,<p>Ggb Manifest 9Fc78F7 — A Gullah Geechee publication by Darryl E. Brown</p>,Gullah Geechee Biz,Book,"Gullah Geechee, Book, Books",TRUE,Format,eBook,ggb-manifest-ggb-man,3.99,1,deny,manual,,active
ggb-manifest-a050ced,Ggb Manifest A050Ced,<p>Ggb Manifest A050Ced — A Gullah Geechee publication by Darryl E. Brown</p>,Gullah Geechee Biz,Book,"Gullah Geechee, Book, Books",TRUE,Format,eBook,ggb-manifest-ggb-man,3.99,1,deny,manual,,active
ggb-manifest-a0553a8,Ggb Manifest A0553A8,<p>Ggb Manifest A0553A8 — A Gullah Geechee publication by Darryl E. Brown</p>,Gullah Geechee Biz,Book,"Gullah Geechee, Book, Books",TRUE,Format,eBook,ggb-manifest-ggb-man,3.99,1,deny,manual,,active
ggb-manifest-a11d803,Ggb Manifest A11D803,<p>Ggb Manifest A11D803 — A Gullah Geechee publication by Darryl E. Brown</p>,Gullah Geechee Biz,Book,"Gullah Geechee, Book, Books",TRUE,Format,eBook,ggb-manifest-ggb-man,3.99,1,deny,manual,,active
ggb-manifest-a13624a,Ggb Manifest A13624A,<p>Ggb Manifest A13624A — A Gullah Geechee publication by Darryl E. Brown</p>,Gullah Geechee Biz,Book,"Gullah Geechee, Book, Books",TRUE,Format,eBook,ggb-manifest-ggb-man,3.99,1,deny,manual,,active
ggb-manifest-a14b3bf,Ggb Manifest A14B3Bf,<p>Ggb Manifest A14B3Bf — A Gullah Geechee publication by Darryl E. Brown</p>,Gullah Geechee Biz,Book,"Gullah Geechee, Book, Books",TRUE,Format,eBook,ggb-manifest-ggb-man,3.99,1,deny,manual,,active
ggb-manifest-a1b4e37,Ggb Manifest A1B4E37,<p>Ggb Manifest A1B4E37 — A Gullah Geechee publication by Darryl E. Brown</p>,Gullah Geechee Biz,Book,"Gullah Geechee, Book, Books",TRUE,Format,eBook,ggb-manifest-ggb-man,3.99,1,deny,manual,,active
ggb-manifest-a25d3f6,Ggb Manifest A25D3F6,<p>Ggb Manifest A25D3F6 — A Gullah Geechee publication by Darryl E. Brown</p>,Gullah Geechee Biz,Book,"Gullah Geechee, Book, Books",TRUE,Format,eBook,ggb-manifest-ggb-man,3.99,1,deny,manual,,active
ggb-manifest-a331b7c,Ggb Manifest A331B7C,<p>Ggb Manifest A331B7C — A Gullah Geechee publication by Darryl E. Brown</p>,Gullah Geechee Biz,Book,"Gullah Geechee, Book, Books",TRUE,Format,eBook,ggb-manifest-ggb-man,3.99,1,deny,manual,,active
ggb-manifest-a34234a,Ggb Manifest A34234A,<p>Ggb Manifest A34234A — A Gullah Geechee publication by Darryl E. Brown</p>,Gullah Geechee Biz,Book,"Gullah Geechee, Book, Books",TRUE,Format,eBook,ggb-manifest-ggb-man,3.99,1,deny,manual,,active
ggb-manifest-a37f65b,Ggb Manifest A37F65B,<p>Ggb Manifest A37F65B — A Gullah Geechee publication by Darryl E. Brown</p>,Gullah Geechee Biz,Book,"Gullah Geechee, Book, Books",TRUE,Format,eBook,ggb-manifest-ggb-man,3.99,1,deny,manual,,active
ggb-manifest-a3fe751,Ggb Manifest A3Fe751,<p>Ggb Manifest A3Fe751 — A Gullah Geechee publication by Darryl E. Brown</p>,Gullah Geechee Biz,Book,"Gullah Geechee, Book, Books",TRUE,Format,eBook,ggb-manifest-ggb-man,3.99,1,deny,manual,,active
ggb-manifest-a4215fb,Ggb Manifest A4215Fb,<p>Ggb Manifest A4215Fb — A Gullah Geechee publication by Darryl E. Brown</p>,Gullah Geechee Biz,Book,"Gullah Geechee, Book, Books",TRUE,Format,eBook,ggb-manifest-ggb-man,3.99,1,deny,manual,,active
ggb-manifest-a480131,Ggb Manifest A480131,<p>Ggb Manifest A480131 — A Gullah Geechee publication by Darryl E. Brown</p>,Gullah Geechee Biz,Book,"Gullah Geechee, Book, Books",TRUE,Format,eBook,ggb-manifest-ggb-man,3.99,1,deny,manual,,active
ggb-manifest-a4b8198,Ggb Manifest A4B8198,<p>Ggb Manifest A4B8198 — A Gullah Geechee publication by Darryl E. Brown</p>,Gullah Geechee Biz,Book,"Gullah Geechee, Book, Books",TRUE,Format,eBook,ggb-manifest-ggb-man,3.99,1,deny,manual,,active
ggb-manifest-a561ee8,Ggb Manifest A561Ee8,<p>Ggb Manifest A561Ee8 — A Gullah Geechee publication by Darryl E. Brown</p>,Gullah Geechee Biz,Book,"Gullah Geechee, Book, Books",TRUE,Format,eBook,ggb-manifest-ggb-man,3.99,1,deny,manual,,active
ggb-manifest-a58760b,Ggb Manifest A58760B,<p>Ggb Manifest A58760B — A Gullah Geechee publication by Darryl E. Brown</p>,Gullah Geechee Biz,Book,"Gullah Geechee, Book, Books",TRUE,Format,eBook,ggb-manifest-ggb-man,3.99,1,deny,manual,,active
ggb-manifest-a6b0f34,Ggb Manifest A6B0F34,<p>Ggb Manifest A6B0F34 — A Gullah Geechee publication by Darryl E. Brown</p>,Gullah Geechee Biz,Book,"Gullah Geechee, Book, Books",TRUE,Format,eBook,ggb-manifest-ggb-man,3.99,1,deny,manual,,active
ggb-manifest-a6eea1c,Ggb Manifest A6Eea1C,<p>Ggb Manifest A6Eea1C — A Gullah Geechee publication by Darryl E. Brown</p>,Gullah Geechee Biz,Book,"Gullah Geechee, Book, Books",TRUE,Format,eBook,ggb-manifest-ggb-man,3.99,1,deny,manual,,active
ggb-manifest-a73fe07,Ggb Manifest A73Fe07,<p>Ggb Manifest A73Fe07 — A Gullah Geechee publication by Darryl E. Brown</p>,Gullah Geechee Biz,Book,"Gullah Geechee, Book, Books",TRUE,Format,eBook,ggb-manifest-ggb-man,3.99,1,deny,manual,,active
ggb-manifest-a747246,Ggb Manifest A747246,<p>Ggb Manifest A747246 — A Gullah Geechee publication by Darryl E. Brown</p>,Gullah Geechee Biz,Book,"Gullah Geechee, Book, Books",TRUE,Format,eBook,ggb-manifest-ggb-man,3.99,1,deny,manual,,active
ggb-manifest-a7ef24b,Ggb Manifest A7Ef24B,<p>Ggb Manifest A7Ef24B — A Gullah Geechee publication by Darryl E. Brown</p>,Gullah Geechee Biz,Book,"Gullah Geechee, Book, Books",TRUE,Format,eBook,ggb-manifest-ggb-man,3.99,1,deny,manual,,active
ggb-manifest-a804b7b,Ggb Manifest A804B7B,<p>Ggb Manifest A804B7B — A Gullah Geechee publication by Darryl E. Brown</p>,Gullah Geechee Biz,Book,"Gullah Geechee, Book, Books",TRUE,Format,eBook,ggb-manifest-ggb-man,3.99,1,deny,manual,,active
ggb-manifest-a86a6d7,Ggb Manifest A86A6D7,<p>Ggb Manifest A86A6D7 — A Gullah Geechee publication by Darryl E. Brown</p>,Gullah Geechee Biz,Book,"Gullah Geechee, Book, Books",TRUE,Format,eBook,ggb-manifest-ggb-man,3.99,1,deny,manual,,active
ggb-manifest-a8d29aa,Ggb Manifest A8D29Aa,<p>Ggb Manifest A8D29Aa — A Gullah Geechee publication by Darryl E. Brown</p>,Gullah Geechee Biz,Book,"Gullah Geechee, Book, Books",TRUE,Format,eBook,ggb-manifest-ggb-man,3.99,1,deny,manual,,active
ggb-manifest-a99dd24,Ggb Manifest A99Dd24,<p>Ggb Manifest A99Dd24 — A Gullah Geechee publication by Darryl E. Brown</p>,Gullah Geechee Biz,Book,"Gullah Geechee, Book, Books",TRUE,Format,eBook,ggb-manifest-ggb-man,3.99,1,deny,manual,,active
ggb-manifest-ab23e59,Ggb Manifest Ab23E59,<p>Ggb Manifest Ab23E59 — A Gullah Geechee publication by Darryl E. Brown</p>,Gullah Geechee Biz,Book,"Gullah Geechee, Book, Books",TRUE,Format,eBook,ggb-manifest-ggb-man,3.99,1,deny,manual,,active
ggb-manifest-ab25ff4,Ggb Manifest Ab25Ff4,<p>Ggb Manifest Ab25Ff4 — A Gullah Geechee publication by Darryl E. Brown</p>,Gullah Geechee Biz,Book,"Gullah Geechee, Book, Books",TRUE,Format,eBook,ggb-manifest-ggb-man,3.99,1,deny,manual,,active
ggb-manifest-ab52fea,Ggb Manifest Ab52Fea,<p>Ggb Manifest Ab52Fea — A Gullah Geechee publication by Darryl E. Brown</p>,Gullah Geechee Biz,Book,"Gullah Geechee, Book, Books",TRUE,Format,eBook,ggb-manifest-ggb-man,3.99,1,deny,manual,,active
ggb-manifest-ab600d0,Ggb Manifest Ab600D0,<p>Ggb Manifest Ab600D0 — A Gullah Geechee publication by Darryl E. Brown</p>,Gullah Geechee Biz,Book,"Gullah Geechee, Book, Books",TRUE,Format,eBook,ggb-manifest-ggb-man,3.99,1,deny,manual,,active
ggb-manifest-abdf5c8,Ggb Manifest Abdf5C8,<p>Ggb Manifest Abdf5C8 — A Gullah Geechee publication by Darryl E. Brown</p>,Gullah Geechee Biz,Book,"Gullah Geechee, Book, Books",TRUE,Format,eBook,ggb-manifest-ggb-man,3.99,1,deny,manual,,active
ggb-manifest-ad494d5,Ggb Manifest Ad494D5,<p>Ggb Manifest Ad494D5 — A Gullah Geechee publication by Darryl E. Brown</p>,Gullah Geechee Biz,Book,"Gullah Geechee, Book, Books",TRUE,Format,eBook,ggb-manifest-ggb-man,3.99,1,deny,manual,,active
ggb-manifest-ad4d18a,Ggb Manifest Ad4D18A,<p>Ggb Manifest Ad4D18A — A Gullah Geechee publication by Darryl E. Brown</p>,Gullah Geechee Biz,Book,"Gullah Geechee, Book, Books",TRUE,Format,eBook,ggb-manifest-ggb-man,3.99,1,deny,manual,,active
ggb-manifest-ad8f88b,Ggb Manifest Ad8F88B,<p>Ggb Manifest Ad8F88B — A Gullah Geechee publication by Darryl E. Brown</p>,Gullah Geechee Biz,Book,"Gullah Geechee, Book, Books",TRUE,Format,eBook,ggb-manifest-ggb-man,3.99,1,deny,manual,,active
ggb-manifest-ae26659,Ggb Manifest Ae26659,<p>Ggb Manifest Ae26659 — A Gullah Geechee publication by Darryl E. Brown</p>,Gullah Geechee Biz,Book,"Gullah Geechee, Book, Books",TRUE,Format,eBook,ggb-manifest-ggb-man,3.99,1,deny,manual,,active
ggb-manifest-af555b0,Ggb Manifest Af555B0,<p>Ggb Manifest Af555B0 — A Gullah Geechee publication by Darryl E. Brown</p>,Gullah Geechee Biz,Book,"Gullah Geechee, Book, Books",TRUE,Format,eBook,ggb-manifest-ggb-man,3.99,1,deny,manual,,active
ggb-manifest-af6f913,Ggb Manifest Af6F913,<p>Ggb Manifest Af6F913 — A Gullah Geechee publication by Darryl E. Brown</p>,Gullah Geechee Biz,Book,"Gullah Geechee, Book, Books",TRUE,Format,eBook,ggb-manifest-ggb-man,3.99,1,deny,manual,,active
ggb-manifest-afda04c,Ggb Manifest Afda04C,<p>Ggb Manifest Afda04C — A Gullah Geechee publication by Darryl E. Brown</p>,Gullah Geechee Biz,Book,"Gullah Geechee, Book, Books",TRUE,Format,eBook,ggb-manifest-ggb-man,3.99,1,deny,manual,,active
ggb-manifest-b0941cb,Ggb Manifest B0941Cb,<p>Ggb Manifest B0941Cb — A Gullah Geechee publication by Darryl E. Brown</p>,Gullah Geechee Biz,Book,"Gullah Geechee, Book, Books",TRUE,Format,eBook,ggb-manifest-ggb-man,3.99,1,deny,manual,,active
ggb-manifest-b0e2a72,Ggb Manifest B0E2A72,<p>Ggb Manifest B0E2A72 — A Gullah Geechee publication by Darryl E. Brown</p>,Gullah Geechee Biz,Book,"Gullah Geechee, Book, Books",TRUE,Format,eBook,ggb-manifest-ggb-man,3.99,1,deny,manual,,active
ggb-manifest-b0fd909,Ggb Manifest B0Fd909,<p>Ggb Manifest B0Fd909 — A Gullah Geechee publication by Darryl E. Brown</p>,Gullah Geechee Biz,Book,"Gullah Geechee, Book, Books",TRUE,Format,eBook,ggb-manifest-ggb-man,3.99,1,deny,manual,,active
ggb-manifest-b15d243,Ggb Manifest B15D243,<p>Ggb Manifest B15D243 — A Gullah Geechee publication by Darryl E. Brown</p>,Gullah Geechee Biz,Book,"Gullah Geechee, Book, Books",TRUE,Format,eBook,ggb-manifest-ggb-man,3.99,1,deny,manual,,active
ggb-manifest-b1d0d39,Ggb Manifest B1D0D39,<p>Ggb Manifest B1D0D39 — A Gullah Geechee publication by Darryl E. Brown</p>,Gullah Geechee Biz,Book,"Gullah Geechee, Book, Books",TRUE,Format,eBook,ggb-manifest-ggb-man,3.99,1,deny,manual,,active
ggb-manifest-b22230c,Ggb Manifest B22230C,<p>Ggb Manifest B22230C — A Gullah Geechee publication by Darryl E. Brown</p>,Gullah Geechee Biz,Book,"Gullah Geechee, Book, Books",TRUE,Format,eBook,ggb-manifest-ggb-man,3.99,1,deny,manual,,active
ggb-manifest-b2ce1cf,Ggb Manifest B2Ce1Cf,<p>Ggb Manifest B2Ce1Cf — A Gullah Geechee publication by Darryl E. Brown</p>,Gullah Geechee Biz,Book,"Gullah Geechee, Book, Books",TRUE,Format,eBook,ggb-manifest-ggb-man,3.99,1,deny,manual,,active
ggb-manifest-b2e4948,Ggb Manifest B2E4948,<p>Ggb Manifest B2E4948 — A Gullah Geechee publication by Darryl E. Brown</p>,Gullah Geechee Biz,Book,"Gullah Geechee, Book, Books",TRUE,Format,eBook,ggb-manifest-ggb-man,3.99,1,deny,manual,,active
ggb-manifest-b30d202,Ggb Manifest B30D202,<p>Ggb Manifest B30D202 — A Gullah Geechee publication by Darryl E. Brown</p>,Gullah Geechee Biz,Book,"Gullah Geechee, Book, Books",TRUE,Format,eBook,ggb-manifest-ggb-man,3.99,1,deny,manual,,active
ggb-manifest-b310e57,Ggb Manifest B310E57,<p>Ggb Manifest B310E57 — A Gullah Geechee publication by Darryl E. Brown</p>,Gullah Geechee Biz,Book,"Gullah Geechee, Book, Books",TRUE,Format,eBook,ggb-manifest-ggb-man,3.99,1,deny,manual,,active
ggb-manifest-b324b5c,Ggb Manifest B324B5C,<p>Ggb Manifest B324B5C — A Gullah Geechee publication by Darryl E. Brown</p>,Gullah Geechee Biz,Book,"Gullah Geechee, Book, Books",TRUE,Format,eBook,ggb-manifest-ggb-man,3.99,1,deny,manual,,active
ggb-manifest-b42782b,Ggb Manifest B42782B,<p>Ggb Manifest B42782B — A Gullah Geechee publication by Darryl E. Brown</p>,Gullah Geechee Biz,Book,"Gullah Geechee, Book, Books",TRUE,Format,eBook,ggb-manifest-ggb-man,3.99,1,deny,manual,,active
ggb-manifest-b432084,Ggb Manifest B432084,<p>Ggb Manifest B432084 — A Gullah Geechee publication by Darryl E. Brown</p>,Gullah Geechee Biz,Book,"Gullah Geechee, Book, Books",TRUE,Format,eBook,ggb-manifest-ggb-man,3.99,1,deny,manual,,active
ggb-manifest-b4347db,Ggb Manifest B4347Db,<p>Ggb Manifest B4347Db — A Gullah Geechee publication by Darryl E. Brown</p>,Gullah Geechee Biz,Book,"Gullah Geechee, Book, Books",TRUE,Format,eBook,ggb-manifest-ggb-man,3.99,1,deny,manual,,active
ggb-manifest-b44b61a,Ggb Manifest B44B61A,<p>Ggb Manifest B44B61A — A Gullah Geechee publication by Darryl E. Brown</p>,Gullah Geechee Biz,Book,"Gullah Geechee, Book, Books",TRUE,Format,eBook,ggb-manifest-ggb-man,3.99,1,deny,manual,,active
ggb-manifest-b461fae,Ggb Manifest B461Fae,<p>Ggb Manifest B461Fae — A Gullah Geechee publication by Darryl E. Brown</p>,Gullah Geechee Biz,Book,"Gullah Geechee, Book, Books",TRUE,Format,eBook,ggb-manifest-ggb-man,3.99,1,deny,manual,,active
ggb-manifest-b53e4c7,Ggb Manifest B53E4C7,<p>Ggb Manifest B53E4C7 — A Gullah Geechee publication by Darryl E. Brown</p>,Gullah Geechee Biz,Book,"Gullah Geechee, Book, Books",TRUE,Format,eBook,ggb-manifest-ggb-man,3.99,1,deny,manual,,active
ggb-manifest-b5983ff,Ggb Manifest B5983Ff,<p>Ggb Manifest B5983Ff — A Gullah Geechee publication by Darryl E. Brown</p>,Gullah Geechee Biz,Book,"Gullah Geechee, Book, Books",TRUE,Format,eBook,ggb-manifest-ggb-man,3.99,1,deny,manual,,active
ggb-manifest-b69ed4b,Ggb Manifest B69Ed4B,<p>Ggb Manifest B69Ed4B — A Gullah Geechee publication by Darryl E. Brown</p>,Gullah Geechee Biz,Book,"Gullah Geechee, Book, Books",TRUE,Format,eBook,ggb-manifest-ggb-man,3.99,1,deny,manual,,active
ggb-manifest-b6a1506,Ggb Manifest B6A1506,<p>Ggb Manifest B6A1506 — A Gullah Geechee publication by Darryl E. Brown</p>,Gullah Geechee Biz,Book,"Gullah Geechee, Book, Books",TRUE,Format,eBook,ggb-manifest-ggb-man,3.99,1,deny,manual,,active
ggb-manifest-b6a1647,Ggb Manifest B6A1647,<p>Ggb Manifest B6A1647 — A Gullah Geechee publication by Darryl E. Brown</p>,Gullah Geechee Biz,Book,"Gullah Geechee, Book, Books",TRUE,Format,eBook,ggb-manifest-ggb-man,3.99,1,deny,manual,,active
ggb-manifest-b6b0fad,Ggb Manifest B6B0Fad,<p>Ggb Manifest B6B0Fad — A Gullah Geechee publication by Darryl E. Brown</p>,Gullah Geechee Biz,Book,"Gullah Geechee, Book, Books",TRUE,Format,eBook,ggb-manifest-ggb-man,3.99,1,deny,manual,,active
ggb-manifest-b6d3683,Ggb Manifest B6D3683,<p>Ggb Manifest B6D3683 — A Gullah Geechee publication by Darryl E. Brown</p>,Gullah Geechee Biz,Book,"Gullah Geechee, Book, Books",TRUE,Format,eBook,ggb-manifest-ggb-man,3.99,1,deny,manual,,active
ggb-manifest-b828ef5,Ggb Manifest B828Ef5,<p>Ggb Manifest B828Ef5 — A Gullah Geechee publication by Darryl E. Brown</p>,Gullah Geechee Biz,Book,"Gullah Geechee, Book, Books",TRUE,Format,eBook,ggb-manifest-ggb-man,3.99,1,deny,manual,,active
ggb-manifest-b83db27,Ggb Manifest B83Db27,<p>Ggb Manifest B83Db27 — A Gullah Geechee publication by Darryl E. Brown</p>,Gullah Geechee Biz,Book,"Gullah Geechee, Book, Books",TRUE,Format,eBook,ggb-manifest-ggb-man,3.99,1,deny,manual,,active
ggb-manifest-b849738,Ggb Manifest B849738,<p>Ggb Manifest B849738 — A Gullah Geechee publication by Darryl E. Brown</p>,Gullah Geechee Biz,Book,"Gullah Geechee, Book, Books",TRUE,Format,eBook,ggb-manifest-ggb-man,3.99,1,deny,manual,,active
ggb-manifest-b8832d6,Ggb Manifest B8832D6,<p>Ggb Manifest B8832D6 — A Gullah Geechee publication by Darryl E. Brown</p>,Gullah Geechee Biz,Book,"Gullah Geechee, Book, Books",TRUE,Format,eBook,ggb-manifest-ggb-man,3.99,1,deny,manual,,active
ggb-manifest-b94a920,Ggb Manifest B94A920,<p>Ggb Manifest B94A920 — A Gullah Geechee publication by Darryl E. Brown</p>,Gullah Geechee Biz,Book,"Gullah Geechee, Book, Books",TRUE,Format,eBook,ggb-manifest-ggb-man,3.99,1,deny,manual,,active
ggb-manifest-b962db4,Ggb Manifest B962Db4,<p>Ggb Manifest B962Db4 — A Gullah Geechee publication by Darryl E. Brown</p>,Gullah Geechee Biz,Book,"Gullah Geechee, Book, Books",TRUE,Format,eBook,ggb-manifest-ggb-man,3.99,1,deny,manual,,active
ggb-manifest-ba0791d,Ggb Manifest Ba0791D,<p>Ggb Manifest Ba0791D — A Gullah Geechee publication by Darryl E. Brown</p>,Gullah Geechee Biz,Book,"Gullah Geechee, Book, Books",TRUE,Format,eBook,ggb-manifest-ggb-man,3.99,1,deny,manual,,active
ggb-manifest-bac3924,Ggb Manifest Bac3924,<p>Ggb Manifest Bac3924 — A Gullah Geechee publication by Darryl E. Brown</p>,Gullah Geechee Biz,Book,"Gullah Geechee, Book, Books",TRUE,Format,eBook,ggb-manifest-ggb-man,3.99,1,deny,manual,,active
ggb-manifest-bac66df,Ggb Manifest Bac66Df,<p>Ggb Manifest Bac66Df — A Gullah Geechee publication by Darryl E. Brown</p>,Gullah Geechee Biz,Book,"Gullah Geechee, Book, Books",TRUE,Format,eBook,ggb-manifest-ggb-man,3.99,1,deny,manual,,active
ggb-manifest-bae15c6,Ggb Manifest Bae15C6,<p>Ggb Manifest Bae15C6 — A Gullah Geechee publication by Darryl E. Brown</p>,Gullah Geechee Biz,Book,"Gullah Geechee, Book, Books",TRUE,Format,eBook,ggb-manifest-ggb-man,3.99,1,deny,manual,,active
ggb-manifest-baefa52,Ggb Manifest Baefa52,<p>Ggb Manifest Baefa52 — A Gullah Geechee publication by Darryl E. Brown</p>,Gullah Geechee Biz,Book,"Gullah Geechee, Book, Books",TRUE,Format,eBook,ggb-manifest-ggb-man,3.99,1,deny,manual,,active
ggb-manifest-bb09f8e,Ggb Manifest Bb09F8E,<p>Ggb Manifest Bb09F8E — A Gullah Geechee publication by Darryl E. Brown</p>,Gullah Geechee Biz,Book,"Gullah Geechee, Book, Books",TRUE,Format,eBook,ggb-manifest-ggb-man,3.99,1,deny,manual,,active
ggb-manifest-bba41fa,Ggb Manifest Bba41Fa,<p>Ggb Manifest Bba41Fa — A Gullah Geechee publication by Darryl E. Brown</p>,Gullah Geechee Biz,Book,"Gullah Geechee, Book, Books",TRUE,Format,eBook,ggb-manifest-ggb-man,3.99,1,deny,manual,,active
ggb-manifest-bbc3d65,Ggb Manifest Bbc3D65,<p>Ggb Manifest Bbc3D65 — A Gullah Geechee publication by Darryl E. Brown</p>,Gullah Geechee Biz,Book,"Gullah Geechee, Book, Books",TRUE,Format,eBook,ggb-manifest-ggb-man,3.99,1,deny,manual,,active
ggb-manifest-bc054b9,Ggb Manifest Bc054B9,<p>Ggb Manifest Bc054B9 — A Gullah Geechee publication by Darryl E. Brown</p>,Gullah Geechee Biz,Book,"Gullah Geechee, Book, Books",TRUE,Format,eBook,ggb-manifest-ggb-man,3.99,1,deny,manual,,active
ggb-manifest-bc685f8,Ggb Manifest Bc685F8,<p>Ggb Manifest Bc685F8 — A Gullah Geechee publication by Darryl E. Brown</p>,Gullah Geechee Biz,Book,"Gullah Geechee, Book, Books",TRUE,Format,eBook,ggb-manifest-ggb-man,3.99,1,deny,manual,,active
ggb-manifest-bcec540,Ggb Manifest Bcec540,<p>Ggb Manifest Bcec540 — A Gullah Geechee publication by Darryl E. Brown</p>,Gullah Geechee Biz,Book,"Gullah Geechee, Book, Books",TRUE,Format,eBook,ggb-manifest-ggb-man,3.99,1,deny,manual,,active
ggb-manifest-bd63c44,Ggb Manifest Bd63C44,<p>Ggb Manifest Bd63C44 — A Gullah Geechee publication by Darryl E. Brown</p>,Gullah Geechee Biz,Book,"Gullah Geechee, Book, Books",TRUE,Format,eBook,ggb-manifest-ggb-man,3.99,1,deny,manual,,active
ggb-manifest-bda0820,Ggb Manifest Bda0820,<p>Ggb Manifest Bda0820 — A Gullah Geechee publication by Darryl E. Brown</p>,Gullah Geechee Biz,Book,"Gullah Geechee, Book, Books",TRUE,Format,eBook,ggb-manifest-ggb-man,3.99,1,deny,manual,,active
ggb-manifest-bda9f46,Ggb Manifest Bda9F46,<p>Ggb Manifest Bda9F46 — A Gullah Geechee publication by Darryl E. Brown</p>,Gullah Geechee Biz,Book,"Gullah Geechee, Book, Books",TRUE,Format,eBook,ggb-manifest-ggb-man,3.99,1,deny,manual,,active
ggb-manifest-be62b0c,Ggb Manifest Be62B0C,<p>Ggb Manifest Be62B0C — A Gullah Geechee publication by Darryl E. Brown</p>,Gullah Geechee Biz,Book,"Gullah Geechee, Book, Books",TRUE,Format,eBook,ggb-manifest-ggb-man,3.99,1,deny,manual,,active
ggb-manifest-be6ffc2,Ggb Manifest Be6Ffc2,<p>Ggb Manifest Be6Ffc2 — A Gullah Geechee publication by Darryl E. Brown</p>,Gullah Geechee Biz,Book,"Gullah Geechee, Book, Books",TRUE,Format,eBook,ggb-manifest-ggb-man,3.99,1,deny,manual,,active
ggb-manifest-bebb0db,Ggb Manifest Bebb0Db,<p>Ggb Manifest Bebb0Db — A Gullah Geechee publication by Darryl E. Brown</p>,Gullah Geechee Biz,Book,"Gullah Geechee, Book, Books",TRUE,Format,eBook,ggb-manifest-ggb-man,3.99,1,deny,manual,,active
ggb-manifest-bf16574,Ggb Manifest Bf16574,<p>Ggb Manifest Bf16574 — A Gullah Geechee publication by Darryl E. Brown</p>,Gullah Geechee Biz,Book,"Gullah Geechee, Book, Books",TRUE,Format,eBook,ggb-manifest-ggb-man,3.99,1,deny,manual,,active
ggb-manifest-bf16fb1,Ggb Manifest Bf16Fb1,<p>Ggb Manifest Bf16Fb1 — A Gullah Geechee publication by Darryl E. Brown</p>,Gullah Geechee Biz,Book,"Gullah Geechee, Book, Books",TRUE,Format,eBook,ggb-manifest-ggb-man,3.99,1,deny,manual,,active
ggb-manifest-bf2f2fd,Ggb Manifest Bf2F2Fd,<p>Ggb Manifest Bf2F2Fd — A Gullah Geechee publication by Darryl E. Brown</p>,Gullah Geechee Biz,Book,"Gullah Geechee, Book, Books",TRUE,Format,eBook,ggb-manifest-ggb-man,3.99,1,deny,manual,,active
ggb-manifest-bf673e7,Ggb Manifest Bf673E7,<p>Ggb Manifest Bf673E7 — A Gullah Geechee publication by Darryl E. Brown</p>,Gullah Geechee Biz,Book,"Gullah Geechee, Book, Books",TRUE,Format,eBook,ggb-manifest-ggb-man,3.99,1,deny,manual,,active
ggb-manifest-bfd16a8,Ggb Manifest Bfd16A8,<p>Ggb Manifest Bfd16A8 — A Gullah Geechee publication by Darryl E. Brown</p>,Gullah Geechee Biz,Book,"Gullah Geechee, Book, Books",TRUE,Format,eBook,ggb-manifest-ggb-man,3.99,1,deny,manual,,active
ggb-manifest-bff3585,Ggb Manifest Bff3585,<p>Ggb Manifest Bff3585 — A Gullah Geechee publication by Darryl E. Brown</p>,Gullah Geechee Biz,Book,"Gullah Geechee, Book, Books",TRUE,Format,eBook,ggb-manifest-ggb-man,3.99,1,deny,manual,,active
ggb-manifest-c17e374,Ggb Manifest C17E374,<p>Ggb Manifest C17E374 — A Gullah Geechee publication by Darryl E. Brown</p>,Gullah Geechee Biz,Book,"Gullah Geechee, Book, Books",TRUE,Format,eBook,ggb-manifest-ggb-man,3.99,1,deny,manual,,active
ggb-manifest-c1a86b2,Ggb Manifest C1A86B2,<p>Ggb Manifest C1A86B2 — A Gullah Geechee publication by Darryl E. Brown</p>,Gullah Geechee Biz,Book,"Gullah Geechee, Book, Books",TRUE,Format,eBook,ggb-manifest-ggb-man,3.99,1,deny,manual,,active
ggb-manifest-c238d93,Ggb Manifest C238D93,<p>Ggb Manifest C238D93 — A Gullah Geechee publication by Darryl E. Brown</p>,Gullah Geechee Biz,Book,"Gullah Geechee, Book, Books",TRUE,Format,eBook,ggb-manifest-ggb-man,3.99,1,deny,manual,,active
ggb-manifest-c290eca,Ggb Manifest C290Eca,<p>Ggb Manifest C290Eca — A Gullah Geechee publication by Darryl E. Brown</p>,Gullah Geechee Biz,Book,"Gullah Geechee, Book, Books",TRUE,Format,eBook,ggb-manifest-ggb-man,3.99,1,deny,manual,,active
ggb-manifest-c2b8cdb,Ggb Manifest C2B8Cdb,<p>Ggb Manifest C2B8Cdb — A Gullah Geechee publication by Darryl E. Brown</p>,Gullah Geechee Biz,Book,"Gullah Geechee, Book, Books",TRUE,Format,eBook,ggb-manifest-ggb-man,3.99,1,deny,manual,,active
ggb-manifest-c34a5bf,Ggb Manifest C34A5Bf,<p>Ggb Manifest C34A5Bf — A Gullah Geechee publication by Darryl E. Brown</p>,Gullah Geechee Biz,Book,"Gullah Geechee, Book, Books",TRUE,Format,eBook,ggb-manifest-ggb-man,3.99,1,deny,manual,,active
ggb-manifest-c47eb58,Ggb Manifest C47Eb58,<p>Ggb Manifest C47Eb58 — A Gullah Geechee publication by Darryl E. Brown</p>,Gullah Geechee Biz,Book,"Gullah Geechee, Book, Books",TRUE,Format,eBook,ggb-manifest-ggb-man,3.99,1,deny,manual,,active
ggb-manifest-c48f5de,Ggb Manifest C48F5De,<p>Ggb Manifest C48F5De — A Gullah Geechee publication by Darryl E. Brown</p>,Gullah Geechee Biz,Book,"Gullah Geechee, Book, Books",TRUE,Format,eBook,ggb-manifest-ggb-man,3.99,1,deny,manual,,active
ggb-manifest-c49809d,Ggb Manifest C49809D,<p>Ggb Manifest C49809D — A Gullah Geechee publication by Darryl E. Brown</p>,Gullah Geechee Biz,Book,"Gullah Geechee, Book, Books",TRUE,Format,eBook,ggb-manifest-ggb-man,3.99,1,deny,manual,,active
ggb-manifest-c5524f5,Ggb Manifest C5524F5,<p>Ggb Manifest C5524F5 — A Gullah Geechee publication by Darryl E. Brown</p>,Gullah Geechee Biz,Book,"Gullah Geechee, Book, Books",TRUE,Format,eBook,ggb-manifest-ggb-man,3.99,1,deny,manual,,active
ggb-manifest-c5a415b,Ggb Manifest C5A415B,<p>Ggb Manifest C5A415B — A Gullah Geechee publication by Darryl E. Brown</p>,Gullah Geechee Biz,Book,"Gullah Geechee, Book, Books",TRUE,Format,eBook,ggb-manifest-ggb-man,3.99,1,deny,manual,,active
ggb-manifest-c5f5dda,Ggb Manifest C5F5Dda,<p>Ggb Manifest C5F5Dda — A Gullah Geechee publication by Darryl E. Brown</p>,Gullah Geechee Biz,Book,"Gullah Geechee, Book, Books",TRUE,Format,eBook,ggb-manifest-ggb-man,3.99,1,deny,manual,,active
ggb-manifest-c63ecce,Ggb Manifest C63Ecce,<p>Ggb Manifest C63Ecce — A Gullah Geechee publication by Darryl E. Brown</p>,Gullah Geechee Biz,Book,"Gullah Geechee, Book, Books",TRUE,Format,eBook,ggb-manifest-ggb-man,3.99,1,deny,manual,,active
ggb-manifest-c673986,Ggb Manifest C673986,<p>Ggb Manifest C673986 — A Gullah Geechee publication by Darryl E. Brown</p>,Gullah Geechee Biz,Book,"Gullah Geechee, Book, Books",TRUE,Format,eBook,ggb-manifest-ggb-man,3.99,1,deny,manual,,active
ggb-manifest-c6e1e1d,Ggb Manifest C6E1E1D,<p>Ggb Manifest C6E1E1D — A Gullah Geechee publication by Darryl E. Brown</p>,Gullah Geechee Biz,Book,"Gullah Geechee, Book, Books",TRUE,Format,eBook,ggb-manifest-ggb-man,3.99,1,deny,manual,,active
ggb-manifest-c70a123,Ggb Manifest C70A123,<p>Ggb Manifest C70A123 — A Gullah Geechee publication by Darryl E. Brown</p>,Gullah Geechee Biz,Book,"Gullah Geechee, Book, Books",TRUE,Format,eBook,ggb-manifest-ggb-man,3.99,1,deny,manual,,active
ggb-manifest-c714972,Ggb Manifest C714972,<p>Ggb Manifest C714972 — A Gullah Geechee publication by Darryl E. Brown</p>,Gullah Geechee Biz,Book,"Gullah Geechee, Book, Books",TRUE,Format,eBook,ggb-manifest-ggb-man,3.99,1,deny,manual,,active
ggb-manifest-c73fdd0,Ggb Manifest C73Fdd0,<p>Ggb Manifest C73Fdd0 — A Gullah Geechee publication by Darryl E. Brown</p>,Gullah Geechee Biz,Book,"Gullah Geechee, Book, Books",TRUE,Format,eBook,ggb-manifest-ggb-man,3.99,1,deny,manual,,active
ggb-manifest-c7839c5,Ggb Manifest C7839C5,<p>Ggb Manifest C7839C5 — A Gullah Geechee publication by Darryl E. Brown</p>,Gullah Geechee Biz,Book,"Gullah Geechee, Book, Books",TRUE,Format,eBook,ggb-manifest-ggb-man,3.99,1,deny,manual,,active
ggb-manifest-c7fb7fa,Ggb Manifest C7Fb7Fa,<p>Ggb Manifest C7Fb7Fa — A Gullah Geechee publication by Darryl E. Brown</p>,Gullah Geechee Biz,Book,"Gullah Geechee, Book, Books",TRUE,Format,eBook,ggb-manifest-ggb-man,3.99,1,deny,manual,,active
ggb-manifest-c816dd1,Ggb Manifest C816Dd1,<p>Ggb Manifest C816Dd1 — A Gullah Geechee publication by Darryl E. Brown</p>,Gullah Geechee Biz,Book,"Gullah Geechee, Book, Books",TRUE,Format,eBook,ggb-manifest-ggb-man,3.99,1,deny,manual,,active
ggb-manifest-c8d40e0,Ggb Manifest C8D40E0,<p>Ggb Manifest C8D40E0 — A Gullah Geechee publication by Darryl E. Brown</p>,Gullah Geechee Biz,Book,"Gullah Geechee, Book, Books",TRUE,Format,eBook,ggb-manifest-ggb-man,3.99,1,deny,manual,,active
ggb-manifest-c8e8e71,Ggb Manifest C8E8E71,<p>Ggb Manifest C8E8E71 — A Gullah Geechee publication by Darryl E. Brown</p>,Gullah Geechee Biz,Book,"Gullah Geechee, Book, Books",TRUE,Format,eBook,ggb-manifest-ggb-man,3.99,1,deny,manual,,active
ggb-manifest-c97d8be,Ggb Manifest C97D8Be,<p>Ggb Manifest C97D8Be — A Gullah Geechee publication by Darryl E. Brown</p>,Gullah Geechee Biz,Book,"Gullah Geechee, Book, Books",TRUE,Format,eBook,ggb-manifest-ggb-man,3.99,1,deny,manual,,active
ggb-manifest-c9c51f2,Ggb Manifest C9C51F2,<p>Ggb Manifest C9C51F2 — A Gullah Geechee publication by Darryl E. Brown</p>,Gullah Geechee Biz,Book,"Gullah Geechee, Book, Books",TRUE,Format,eBook,ggb-manifest-ggb-man,3.99,1,deny,manual,,active
ggb-manifest-ca04815,Ggb Manifest Ca04815,<p>Ggb Manifest Ca04815 — A Gullah Geechee publication by Darryl E. Brown</p>,Gullah Geechee Biz,Book,"Gullah Geechee, Book, Books",TRUE,Format,eBook,ggb-manifest-ggb-man,3.99,1,deny,manual,,active
ggb-manifest-ca04a86,Ggb Manifest Ca04A86,<p>Ggb Manifest Ca04A86 — A Gullah Geechee publication by Darryl E. Brown</p>,Gullah Geechee Biz,Book,"Gullah Geechee, Book, Books",TRUE,Format,eBook,ggb-manifest-ggb-man,3.99,1,deny,manual,,active
ggb-manifest-ca5b176,Ggb Manifest Ca5B176,<p>Ggb Manifest Ca5B176 — A Gullah Geechee publication by Darryl E. Brown</p>,Gullah Geechee Biz,Book,"Gullah Geechee, Book, Books",TRUE,Format,eBook,ggb-manifest-ggb-man,3.99,1,deny,manual,,active
ggb-manifest-ca7dbe6,Ggb Manifest Ca7Dbe6,<p>Ggb Manifest Ca7Dbe6 — A Gullah Geechee publication by Darryl E. Brown</p>,Gullah Geechee Biz,Book,"Gullah Geechee, Book, Books",TRUE,Format,eBook,ggb-manifest-ggb-man,3.99,1,deny,manual,,active
ggb-manifest-ca9b9e4,Ggb Manifest Ca9B9E4,<p>Ggb Manifest Ca9B9E4 — A Gullah Geechee publication by Darryl E. Brown</p>,Gullah Geechee Biz,Book,"Gullah Geechee, Book, Books",TRUE,Format,eBook,ggb-manifest-ggb-man,3.99,1,deny,manual,,active
ggb-manifest-caa19b2,Ggb Manifest Caa19B2,<p>Ggb Manifest Caa19B2 — A Gullah Geechee publication by Darryl E. Brown</p>,Gullah Geechee Biz,Book,"Gullah Geechee, Book, Books",TRUE,Format,eBook,ggb-manifest-ggb-man,3.99,1,deny,manual,,active
ggb-manifest-cae5d4e,Ggb Manifest Cae5D4E,<p>Ggb Manifest Cae5D4E — A Gullah Geechee publication by Darryl E. Brown</p>,Gullah Geechee Biz,Book,"Gullah Geechee, Book, Books",TRUE,Format,eBook,ggb-manifest-ggb-man,3.99,1,deny,manual,,active
ggb-manifest-cd0ef0d,Ggb Manifest Cd0Ef0D,<p>Ggb Manifest Cd0Ef0D — A Gullah Geechee publication by Darryl E. Brown</p>,Gullah Geechee Biz,Book,"Gullah Geechee, Book, Books",TRUE,Format,eBook,ggb-manifest-ggb-man,3.99,1,deny,manual,,active
ggb-manifest-cd4c6c1,Ggb Manifest Cd4C6C1,<p>Ggb Manifest Cd4C6C1 — A Gullah Geechee publication by Darryl E. Brown</p>,Gullah Geechee Biz,Book,"Gullah Geechee, Book, Books",TRUE,Format,eBook,ggb-manifest-ggb-man,3.99,1,deny,manual,,active
ggb-manifest-cd64ddb,Ggb Manifest Cd64Ddb,<p>Ggb Manifest Cd64Ddb — A Gullah Geechee publication by Darryl E. Brown</p>,Gullah Geechee Biz,Book,"Gullah Geechee, Book, Books",TRUE,Format,eBook,ggb-manifest-ggb-man,3.99,1,deny,manual,,active
ggb-manifest-cdae7e6,Ggb Manifest Cdae7E6,<p>Ggb Manifest Cdae7E6 — A Gullah Geechee publication by Darryl E. Brown</p>,Gullah Geechee Biz,Book,"Gullah Geechee, Book, Books",TRUE,Format,eBook,ggb-manifest-ggb-man,3.99,1,deny,manual,,active
ggb-manifest-ce0b4a2,Ggb Manifest Ce0B4A2,<p>Ggb Manifest Ce0B4A2 — A Gullah Geechee publication by Darryl E. Brown</p>,Gullah Geechee Biz,Book,"Gullah Geechee, Book, Books",TRUE,Format,eBook,ggb-manifest-ggb-man,3.99,1,deny,manual,,active
ggb-manifest-ceab24c,Ggb Manifest Ceab24C,<p>Ggb Manifest Ceab24C — A Gullah Geechee publication by Darryl E. Brown</p>,Gullah Geechee Biz,Book,"Gullah Geechee, Book, Books",TRUE,Format,eBook,ggb-manifest-ggb-man,3.99,1,deny,manual,,active
ggb-manifest-cec5fc6,Ggb Manifest Cec5Fc6,<p>Ggb Manifest Cec5Fc6 — A Gullah Geechee publication by Darryl E. Brown</p>,Gullah Geechee Biz,Book,"Gullah Geechee, Book, Books",TRUE,Format,eBook,ggb-manifest-ggb-man,3.99,1,deny,manual,,active
ggb-manifest-cedbd6b,Ggb Manifest Cedbd6B,<p>Ggb Manifest Cedbd6B — A Gullah Geechee publication by Darryl E. Brown</p>,Gullah Geechee Biz,Book,"Gullah Geechee, Book, Books",TRUE,Format,eBook,ggb-manifest-ggb-man,3.99,1,deny,manual,,active
ggb-manifest-cedd7f3,Ggb Manifest Cedd7F3,<p>Ggb Manifest Cedd7F3 — A Gullah Geechee publication by Darryl E. Brown</p>,Gullah Geechee Biz,Book,"Gullah Geechee, Book, Books",TRUE,Format,eBook,ggb-manifest-ggb-man,3.99,1,deny,manual,,active
ggb-manifest-cef7500,Ggb Manifest Cef7500,<p>Ggb Manifest Cef7500 — A Gullah Geechee publication by Darryl E. Brown</p>,Gullah Geechee Biz,Book,"Gullah Geechee, Book, Books",TRUE,Format,eBook,ggb-manifest-ggb-man,3.99,1,deny,manual,,active
ggb-manifest-cf3363b,Ggb Manifest Cf3363B,<p>Ggb Manifest Cf3363B — A Gullah Geechee publication by Darryl E. Brown</p>,Gullah Geechee Biz,Book,"Gullah Geechee, Book, Books",TRUE,Format,eBook,ggb-manifest-ggb-man,3.99,1,deny,manual,,active
ggb-manifest-cf5fd2d,Ggb Manifest Cf5Fd2D,<p>Ggb Manifest Cf5Fd2D — A Gullah Geechee publication by Darryl E. Brown</p>,Gullah Geechee Biz,Book,"Gullah Geechee, Book, Books",TRUE,Format,eBook,ggb-manifest-ggb-man,3.99,1,deny,manual,,active
ggb-manifest-d09a033,Ggb Manifest D09A033,<p>Ggb Manifest D09A033 — A Gullah Geechee publication by Darryl E. Brown</p>,Gullah Geechee Biz,Book,"Gullah Geechee, Book, Books",TRUE,Format,eBook,ggb-manifest-ggb-man,3.99,1,deny,manual,,active
ggb-manifest-d0b5156,Ggb Manifest D0B5156,<p>Ggb Manifest D0B5156 — A Gullah Geechee publication by Darryl E. Brown</p>,Gullah Geechee Biz,Book,"Gullah Geechee, Book, Books",TRUE,Format,eBook,ggb-manifest-ggb-man,3.99,1,deny,manual,,active
ggb-manifest-d0fa385,Ggb Manifest D0Fa385,<p>Ggb Manifest D0Fa385 — A Gullah Geechee publication by Darryl E. Brown</p>,Gullah Geechee Biz,Book,"Gullah Geechee, Book, Books",TRUE,Format,eBook,ggb-manifest-ggb-man,3.99,1,deny,manual,,active
ggb-manifest-d12a3a5,Ggb Manifest D12A3A5,<p>Ggb Manifest D12A3A5 — A Gullah Geechee publication by Darryl E. Brown</p>,Gullah Geechee Biz,Book,"Gullah Geechee, Book, Books",TRUE,Format,eBook,ggb-manifest-ggb-man,3.99,1,deny,manual,,active
ggb-manifest-d1aa010,Ggb Manifest D1Aa010,<p>Ggb Manifest D1Aa010 — A Gullah Geechee publication by Darryl E. Brown</p>,Gullah Geechee Biz,Book,"Gullah Geechee, Book, Books",TRUE,Format,eBook,ggb-manifest-ggb-man,3.99,1,deny,manual,,active
ggb-manifest-d1e5a1b,Ggb Manifest D1E5A1B,<p>Ggb Manifest D1E5A1B — A Gullah Geechee publication by Darryl E. Brown</p>,Gullah Geechee Biz,Book,"Gullah Geechee, Book, Books",TRUE,Format,eBook,ggb-manifest-ggb-man,3.99,1,deny,manual,,active
ggb-manifest-d25a6b7,Ggb Manifest D25A6B7,<p>Ggb Manifest D25A6B7 — A Gullah Geechee publication by Darryl E. Brown</p>,Gullah Geechee Biz,Book,"Gullah Geechee, Book, Books",TRUE,Format,eBook,ggb-manifest-ggb-man,3.99,1,deny,manual,,active
ggb-manifest-d2f2b35,Ggb Manifest D2F2B35,<p>Ggb Manifest D2F2B35 — A Gullah Geechee publication by Darryl E. Brown</p>,Gullah Geechee Biz,Book,"Gullah Geechee, Book, Books",TRUE,Format,eBook,ggb-manifest-ggb-man,3.99,1,deny,manual,,active
ggb-manifest-d47885d,Ggb Manifest D47885D,<p>Ggb Manifest D47885D — A Gullah Geechee publication by Darryl E. Brown</p>,Gullah Geechee Biz,Book,"Gullah Geechee, Book, Books",TRUE,Format,eBook,ggb-manifest-ggb-man,3.99,1,deny,manual,,active
ggb-manifest-d4d4357,Ggb Manifest D4D4357,<p>Ggb Manifest D4D4357 — A Gullah Geechee publication by Darryl E. Brown</p>,Gullah Geechee Biz,Book,"Gullah Geechee, Book, Books",TRUE,Format,eBook,ggb-manifest-ggb-man,3.99,1,deny,manual,,active
ggb-manifest-d62dc36,Ggb Manifest D62Dc36,<p>Ggb Manifest D62Dc36 — A Gullah Geechee publication by Darryl E. Brown</p>,Gullah Geechee Biz,Book,"Gullah Geechee, Book, Books",TRUE,Format,eBook,ggb-manifest-ggb-man,3.99,1,deny,manual,,active
ggb-manifest-d67d2d1,Ggb Manifest D67D2D1,<p>Ggb Manifest D67D2D1 — A Gullah Geechee publication by Darryl E. Brown</p>,Gullah Geechee Biz,Book,"Gullah Geechee, Book, Books",TRUE,Format,eBook,ggb-manifest-ggb-man,3.99,1,deny,manual,,active
ggb-manifest-d6cd957,Ggb Manifest D6Cd957,<p>Ggb Manifest D6Cd957 — A Gullah Geechee publication by Darryl E. Brown</p>,Gullah Geechee Biz,Book,"Gullah Geechee, Book, Books",TRUE,Format,eBook,ggb-manifest-ggb-man,3.99,1,deny,manual,,active
ggb-manifest-d700444,Ggb Manifest D700444,<p>Ggb Manifest D700444 — A Gullah Geechee publication by Darryl E. Brown</p>,Gullah Geechee Biz,Book,"Gullah Geechee, Book, Books",TRUE,Format,eBook,ggb-manifest-ggb-man,3.99,1,deny,manual,,active
ggb-manifest-d70084d,Ggb Manifest D70084D,<p>Ggb Manifest D70084D — A Gullah Geechee publication by Darryl E. Brown</p>,Gullah Geechee Biz,Book,"Gullah Geechee, Book, Books",TRUE,Format,eBook,ggb-manifest-ggb-man,3.99,1,deny,manual,,active
ggb-manifest-d7010f9,Ggb Manifest D7010F9,<p>Ggb Manifest D7010F9 — A Gullah Geechee publication by Darryl E. Brown</p>,Gullah Geechee Biz,Book,"Gullah Geechee, Book, Books",TRUE,Format,eBook,ggb-manifest-ggb-man,3.99,1,deny,manual,,active
ggb-manifest-d7baf7c,Ggb Manifest D7Baf7C,<p>Ggb Manifest D7Baf7C — A Gullah Geechee publication by Darryl E. Brown</p>,Gullah Geechee Biz,Book,"Gullah Geechee, Book, Books",TRUE,Format,eBook,ggb-manifest-ggb-man,3.99,1,deny,manual,,active
ggb-manifest-d92ea2f,Ggb Manifest D92Ea2F,<p>Ggb Manifest D92Ea2F — A Gullah Geechee publication by Darryl E. Brown</p>,Gullah Geechee Biz,Book,"Gullah Geechee, Book, Books",TRUE,Format,eBook,ggb-manifest-ggb-man,3.99,1,deny,manual,,active
ggb-manifest-d9dde42,Ggb Manifest D9Dde42,<p>Ggb Manifest D9Dde42 — A Gullah Geechee publication by Darryl E. Brown</p>,Gullah Geechee Biz,Book,"Gullah Geechee, Book, Books",TRUE,Format,eBook,ggb-manifest-ggb-man,3.99,1,deny,manual,,active
ggb-manifest-da406ab,Ggb Manifest Da406Ab,<p>Ggb Manifest Da406Ab — A Gullah Geechee publication by Darryl E. Brown</p>,Gullah Geechee Biz,Book,"Gullah Geechee, Book, Books",TRUE,Format,eBook,ggb-manifest-ggb-man,3.99,1,deny,manual,,active
ggb-manifest-da44cdf,Ggb Manifest Da44Cdf,<p>Ggb Manifest Da44Cdf — A Gullah Geechee publication by Darryl E. Brown</p>,Gullah Geechee Biz,Book,"Gullah Geechee, Book, Books",TRUE,Format,eBook,ggb-manifest-ggb-man,3.99,1,deny,manual,,active
ggb-manifest-dac56e4,Ggb Manifest Dac56E4,<p>Ggb Manifest Dac56E4 — A Gullah Geechee publication by Darryl E. Brown</p>,Gullah Geechee Biz,Book,"Gullah Geechee, Book, Books",TRUE,Format,eBook,ggb-manifest-ggb-man,3.99,1,deny,manual,,active
ggb-manifest-db613b9,Ggb Manifest Db613B9,<p>Ggb Manifest Db613B9 — A Gullah Geechee publication by Darryl E. Brown</p>,Gullah Geechee Biz,Book,"Gullah Geechee, Book, Books",TRUE,Format,eBook,ggb-manifest-ggb-man,3.99,1,deny,manual,,active
ggb-manifest-dc6cfb8,Ggb Manifest Dc6Cfb8,<p>Ggb Manifest Dc6Cfb8 — A Gullah Geechee publication by Darryl E. Brown</p>,Gullah Geechee Biz,Book,"Gullah Geechee, Book, Books",TRUE,Format,eBook,ggb-manifest-ggb-man,3.99,1,deny,manual,,active
ggb-manifest-dd36f97,Ggb Manifest Dd36F97,<p>Ggb Manifest Dd36F97 — A Gullah Geechee publication by Darryl E. Brown</p>,Gullah Geechee Biz,Book,"Gullah Geechee, Book, Books",TRUE,Format,eBook,ggb-manifest-ggb-man,3.99,1,deny,manual,,active
ggb-manifest-deeb70e,Ggb Manifest Deeb70E,<p>Ggb Manifest Deeb70E — A Gullah Geechee publication by Darryl E. Brown</p>,Gullah Geechee Biz,Book,"Gullah Geechee, Book, Books",TRUE,Format,eBook,ggb-manifest-ggb-man,3.99,1,deny,manual,,active
ggb-manifest-df0b1b2,Ggb Manifest Df0B1B2,<p>Ggb Manifest Df0B1B2 — A Gullah Geechee publication by Darryl E. Brown</p>,Gullah Geechee Biz,Book,"Gullah Geechee, Book, Books",TRUE,Format,eBook,ggb-manifest-ggb-man,3.99,1,deny,manual,,active
ggb-manifest-e022dd8,Ggb Manifest E022Dd8,<p>Ggb Manifest E022Dd8 — A Gullah Geechee publication by Darryl E. Brown</p>,Gullah Geechee Biz,Book,"Gullah Geechee, Book, Books",TRUE,Format,eBook,ggb-manifest-ggb-man,3.99,1,deny,manual,,active
ggb-manifest-e057780,Ggb Manifest E057780,<p>Ggb Manifest E057780 — A Gullah Geechee publication by Darryl E. Brown</p>,Gullah Geechee Biz,Book,"Gullah Geechee, Book, Books",TRUE,Format,eBook,ggb-manifest-ggb-man,3.99,1,deny,manual,,active
ggb-manifest-e060baf,Ggb Manifest E060Baf,<p>Ggb Manifest E060Baf — A Gullah Geechee publication by Darryl E. Brown</p>,Gullah Geechee Biz,Book,"Gullah Geechee, Book, Books",TRUE,Format,eBook,ggb-manifest-ggb-man,3.99,1,deny,manual,,active
ggb-manifest-e1136c3,Ggb Manifest E1136C3,<p>Ggb Manifest E1136C3 — A Gullah Geechee publication by Darryl E. Brown</p>,Gullah Geechee Biz,Book,"Gullah Geechee, Book, Books",TRUE,Format,eBook,ggb-manifest-ggb-man,3.99,1,deny,manual,,active
ggb-manifest-e1776b9,Ggb Manifest E1776B9,<p>Ggb Manifest E1776B9 — A Gullah Geechee publication by Darryl E. Brown</p>,Gullah Geechee Biz,Book,"Gullah Geechee, Book, Books",TRUE,Format,eBook,ggb-manifest-ggb-man,3.99,1,deny,manual,,active
ggb-manifest-e1ada7f,Ggb Manifest E1Ada7F,<p>Ggb Manifest E1Ada7F — A Gullah Geechee publication by Darryl E. Brown</p>,Gullah Geechee Biz,Book,"Gullah Geechee, Book, Books",TRUE,Format,eBook,ggb-manifest-ggb-man,3.99,1,deny,manual,,active
ggb-manifest-e24a1bf,Ggb Manifest E24A1Bf,<p>Ggb Manifest E24A1Bf — A Gullah Geechee publication by Darryl E. Brown</p>,Gullah Geechee Biz,Book,"Gullah Geechee, Book, Books",TRUE,Format,eBook,ggb-manifest-ggb-man,3.99,1,deny,manual,,active
ggb-manifest-e25a78a,Ggb Manifest E25A78A,<p>Ggb Manifest E25A78A — A Gullah Geechee publication by Darryl E. Brown</p>,Gullah Geechee Biz,Book,"Gullah Geechee, Book, Books",TRUE,Format,eBook,ggb-manifest-ggb-man,3.99,1,deny,manual,,active
ggb-manifest-e40e349,Ggb Manifest E40E349,<p>Ggb Manifest E40E349 — A Gullah Geechee publication by Darryl E. Brown</p>,Gullah Geechee Biz,Book,"Gullah Geechee, Book, Books",TRUE,Format,eBook,ggb-manifest-ggb-man,3.99,1,deny,manual,,active
ggb-manifest-e474fac,Ggb Manifest E474Fac,<p>Ggb Manifest E474Fac — A Gullah Geechee publication by Darryl E. Brown</p>,Gullah Geechee Biz,Book,"Gullah Geechee, Book, Books",TRUE,Format,eBook,ggb-manifest-ggb-man,3.99,1,deny,manual,,active
ggb-manifest-e4b4c66,Ggb Manifest E4B4C66,<p>Ggb Manifest E4B4C66 — A Gullah Geechee publication by Darryl E. Brown</p>,Gullah Geechee Biz,Book,"Gullah Geechee, Book, Books",TRUE,Format,eBook,ggb-manifest-ggb-man,3.99,1,deny,manual,,active
ggb-manifest-e61028b,Ggb Manifest E61028B,<p>Ggb Manifest E61028B — A Gullah Geechee publication by Darryl E. Brown</p>,Gullah Geechee Biz,Book,"Gullah Geechee, Book, Books",TRUE,Format,eBook,ggb-manifest-ggb-man,3.99,1,deny,manual,,active
ggb-manifest-e671e09,Ggb Manifest E671E09,<p>Ggb Manifest E671E09 — A Gullah Geechee publication by Darryl E. Brown</p>,Gullah Geechee Biz,Book,"Gullah Geechee, Book, Books",TRUE,Format,eBook,ggb-manifest-ggb-man,3.99,1,deny,manual,,active
ggb-manifest-e6bb69e,Ggb Manifest E6Bb69E,<p>Ggb Manifest E6Bb69E — A Gullah Geechee publication by Darryl E. Brown</p>,Gullah Geechee Biz,Book,"Gullah Geechee, Book, Books",TRUE,Format,eBook,ggb-manifest-ggb-man,3.99,1,deny,manual,,active
ggb-manifest-e70a0fe,Ggb Manifest E70A0Fe,<p>Ggb Manifest E70A0Fe — A Gullah Geechee publication by Darryl E. Brown</p>,Gullah Geechee Biz,Book,"Gullah Geechee, Book, Books",TRUE,Format,eBook,ggb-manifest-ggb-man,3.99,1,deny,manual,,active
ggb-manifest-e760ec4,Ggb Manifest E760Ec4,<p>Ggb Manifest E760Ec4 — A Gullah Geechee publication by Darryl E. Brown</p>,Gullah Geechee Biz,Book,"Gullah Geechee, Book, Books",TRUE,Format,eBook,ggb-manifest-ggb-man,3.99,1,deny,manual,,active
ggb-manifest-e7a54af,Ggb Manifest E7A54Af,<p>Ggb Manifest E7A54Af — A Gullah Geechee publication by Darryl E. Brown</p>,Gullah Geechee Biz,Book,"Gullah Geechee, Book, Books",TRUE,Format,eBook,ggb-manifest-ggb-man,3.99,1,deny,manual,,active
ggb-manifest-e7c3637,Ggb Manifest E7C3637,<p>Ggb Manifest E7C3637 — A Gullah Geechee publication by Darryl E. Brown</p>,Gullah Geechee Biz,Book,"Gullah Geechee, Book, Books",TRUE,Format,eBook,ggb-manifest-ggb-man,3.99,1,deny,manual,,active
ggb-manifest-e7d0e91,Ggb Manifest E7D0E91,<p>Ggb Manifest E7D0E91 — A Gullah Geechee publication by Darryl E. Brown</p>,Gullah Geechee Biz,Book,"Gullah Geechee, Book, Books",TRUE,Format,eBook,ggb-manifest-ggb-man,3.99,1,deny,manual,,active
ggb-manifest-e800dc1,Ggb Manifest E800Dc1,<p>Ggb Manifest E800Dc1 — A Gullah Geechee publication by Darryl E. Brown</p>,Gullah Geechee Biz,Book,"Gullah Geechee, Book, Books",TRUE,Format,eBook,ggb-manifest-ggb-man,3.99,1,deny,manual,,active
ggb-manifest-e8c6be6,Ggb Manifest E8C6Be6,<p>Ggb Manifest E8C6Be6 — A Gullah Geechee publication by Darryl E. Brown</p>,Gullah Geechee Biz,Book,"Gullah Geechee, Book, Books",TRUE,Format,eBook,ggb-manifest-ggb-man,3.99,1,deny,manual,,active
ggb-manifest-e8f009a,Ggb Manifest E8F009A,<p>Ggb Manifest E8F009A — A Gullah Geechee publication by Darryl E. Brown</p>,Gullah Geechee Biz,Book,"Gullah Geechee, Book, Books",TRUE,Format,eBook,ggb-manifest-ggb-man,3.99,1,deny,manual,,active
ggb-manifest-e9d996c,Ggb Manifest E9D996C,<p>Ggb Manifest E9D996C — A Gullah Geechee publication by Darryl E. Brown</p>,Gullah Geechee Biz,Book,"Gullah Geechee, Book, Books",TRUE,Format,eBook,ggb-manifest-ggb-man,3.99,1,deny,manual,,active
ggb-manifest-eafe4dc,Ggb Manifest Eafe4Dc,<p>Ggb Manifest Eafe4Dc — A Gullah Geechee publication by Darryl E. Brown</p>,Gullah Geechee Biz,Book,"Gullah Geechee, Book, Books",TRUE,Format,eBook,ggb-manifest-ggb-man,3.99,1,deny,manual,,active
ggb-manifest-eb442fb,Ggb Manifest Eb442Fb,<p>Ggb Manifest Eb442Fb — A Gullah Geechee publication by Darryl E. Brown</p>,Gullah Geechee Biz,Book,"Gullah Geechee, Book, Books",TRUE,Format,eBook,ggb-manifest-ggb-man,3.99,1,deny,manual,,active
ggb-manifest-eb5a27a,Ggb Manifest Eb5A27A,<p>Ggb Manifest Eb5A27A — A Gullah Geechee publication by Darryl E. Brown</p>,Gullah Geechee Biz,Book,"Gullah Geechee, Book, Books",TRUE,Format,eBook,ggb-manifest-ggb-man,3.99,1,deny,manual,,active
ggb-manifest-eb71f57,Ggb Manifest Eb71F57,<p>Ggb Manifest Eb71F57 — A Gullah Geechee publication by Darryl E. Brown</p>,Gullah Geechee Biz,Book,"Gullah Geechee, Book, Books",TRUE,Format,eBook,ggb-manifest-ggb-man,3.99,1,deny,manual,,active
ggb-manifest-ebd2b41,Ggb Manifest Ebd2B41,<p>Ggb Manifest Ebd2B41 — A Gullah Geechee publication by Darryl E. Brown</p>,Gullah Geechee Biz,Book,"Gullah Geechee, Book, Books",TRUE,Format,eBook,ggb-manifest-ggb-man,3.99,1,deny,manual,,active
ggb-manifest-ebdf727,Ggb Manifest Ebdf727,<p>Ggb Manifest Ebdf727 — A Gullah Geechee publication by Darryl E. Brown</p>,Gullah Geechee Biz,Book,"Gullah Geechee, Book, Books",TRUE,Format,eBook,ggb-manifest-ggb-man,3.99,1,deny,manual,,active
ggb-manifest-ecc81a9,Ggb Manifest Ecc81A9,<p>Ggb Manifest Ecc81A9 — A Gullah Geechee publication by Darryl E. Brown</p>,Gullah Geechee Biz,Book,"Gullah Geechee, Book, Books",TRUE,Format,eBook,ggb-manifest-ggb-man,3.99,1,deny,manual,,active
ggb-manifest-ecccb44,Ggb Manifest Ecccb44,<p>Ggb Manifest Ecccb44 — A Gullah Geechee publication by Darryl E. Brown</p>,Gullah Geechee Biz,Book,"Gullah Geechee, Book, Books",TRUE,Format,eBook,ggb-manifest-ggb-man,3.99,1,deny,manual,,active
ggb-manifest-ecec0c7,Ggb Manifest Ecec0C7,<p>Ggb Manifest Ecec0C7 — A Gullah Geechee publication by Darryl E. Brown</p>,Gullah Geechee Biz,Book,"Gullah Geechee, Book, Books",TRUE,Format,eBook,ggb-manifest-ggb-man,3.99,1,deny,manual,,active
ggb-manifest-ed49592,Ggb Manifest Ed49592,<p>Ggb Manifest Ed49592 — A Gullah Geechee publication by Darryl E. Brown</p>,Gullah Geechee Biz,Book,"Gullah Geechee, Book, Books",TRUE,Format,eBook,ggb-manifest-ggb-man,3.99,1,deny,manual,,active
ggb-manifest-edb1b19,Ggb Manifest Edb1B19,<p>Ggb Manifest Edb1B19 — A Gullah Geechee publication by Darryl E. Brown</p>,Gullah Geechee Biz,Book,"Gullah Geechee, Book, Books",TRUE,Format,eBook,ggb-manifest-ggb-man,3.99,1,deny,manual,,active
ggb-manifest-edbb863,Ggb Manifest Edbb863,<p>Ggb Manifest Edbb863 — A Gullah Geechee publication by Darryl E. Brown</p>,Gullah Geechee Biz,Book,"Gullah Geechee, Book, Books",TRUE,Format,eBook,ggb-manifest-ggb-man,3.99,1,deny,manual,,active
ggb-manifest-ef3daf1,Ggb Manifest Ef3Daf1,<p>Ggb Manifest Ef3Daf1 — A Gullah Geechee publication by Darryl E. Brown</p>,Gullah Geechee Biz,Book,"Gullah Geechee, Book, Books",TRUE,Format,eBook,ggb-manifest-ggb-man,3.99,1,deny,manual,,active
ggb-manifest-ef511a2,Ggb Manifest Ef511A2,<p>Ggb Manifest Ef511A2 — A Gullah Geechee publication by Darryl E. Brown</p>,Gullah Geechee Biz,Book,"Gullah Geechee, Book, Books",TRUE,Format,eBook,ggb-manifest-ggb-man,3.99,1,deny,manual,,active
ggb-manifest-ef999f4,Ggb Manifest Ef999F4,<p>Ggb Manifest Ef999F4 — A Gullah Geechee publication by Darryl E. Brown</p>,Gullah Geechee Biz,Book,"Gullah Geechee, Book, Books",TRUE,Format,eBook,ggb-manifest-ggb-man,3.99,1,deny,manual,,active
ggb-manifest-efb7768,Ggb Manifest Efb7768,<p>Ggb Manifest Efb7768 — A Gullah Geechee publication by Darryl E. Brown</p>,Gullah Geechee Biz,Book,"Gullah Geechee, Book, Books",TRUE,Format,eBook,ggb-manifest-ggb-man,3.99,1,deny,manual,,active
ggb-manifest-efe5402,Ggb Manifest Efe5402,<p>Ggb Manifest Efe5402 — A Gullah Geechee publication by Darryl E. Brown</p>,Gullah Geechee Biz,Book,"Gullah Geechee, Book, Books",TRUE,Format,eBook,ggb-manifest-ggb-man,3.99,1,deny,manual,,active
ggb-manifest-f032b48,Ggb Manifest F032B48,<p>Ggb Manifest F032B48 — A Gullah Geechee publication by Darryl E. Brown</p>,Gullah Geechee Biz,Book,"Gullah Geechee, Book, Books",TRUE,Format,eBook,ggb-manifest-ggb-man,3.99,1,deny,manual,,active
ggb-manifest-f0665ee,Ggb Manifest F0665Ee,<p>Ggb Manifest F0665Ee — A Gullah Geechee publication by Darryl E. Brown</p>,Gullah Geechee Biz,Book,"Gullah Geechee, Book, Books",TRUE,Format,eBook,ggb-manifest-ggb-man,3.99,1,deny,manual,,active
ggb-manifest-f0f3b70,Ggb Manifest F0F3B70,<p>Ggb Manifest F0F3B70 — A Gullah Geechee publication by Darryl E. Brown</p>,Gullah Geechee Biz,Book,"Gullah Geechee, Book, Books",TRUE,Format,eBook,ggb-manifest-ggb-man,3.99,1,deny,manual,,active
ggb-manifest-f280b09,Ggb Manifest F280B09,<p>Ggb Manifest F280B09 — A Gullah Geechee publication by Darryl E. Brown</p>,Gullah Geechee Biz,Book,"Gullah Geechee, Book, Books",TRUE,Format,eBook,ggb-manifest-ggb-man,3.99,1,deny,manual,,active
ggb-manifest-f2dd417,Ggb Manifest F2Dd417,<p>Ggb Manifest F2Dd417 — A Gullah Geechee publication by Darryl E. Brown</p>,Gullah Geechee Biz,Book,"Gullah Geechee, Book, Books",TRUE,Format,eBook,ggb-manifest-ggb-man,3.99,1,deny,manual,,active
ggb-manifest-f2eff20,Ggb Manifest F2Eff20,<p>Ggb Manifest F2Eff20 — A Gullah Geechee publication by Darryl E. Brown</p>,Gullah Geechee Biz,Book,"Gullah Geechee, Book, Books",TRUE,Format,eBook,ggb-manifest-ggb-man,3.99,1,deny,manual,,active
ggb-manifest-f36404d,Ggb Manifest F36404D,<p>Ggb Manifest F36404D — A Gullah Geechee publication by Darryl E. Brown</p>,Gullah Geechee Biz,Book,"Gullah Geechee, Book, Books",TRUE,Format,eBook,ggb-manifest-ggb-man,3.99,1,deny,manual,,active
ggb-manifest-f36925e,Ggb Manifest F36925E,<p>Ggb Manifest F36925E — A Gullah Geechee publication by Darryl E. Brown</p>,Gullah Geechee Biz,Book,"Gullah Geechee, Book, Books",TRUE,Format,eBook,ggb-manifest-ggb-man,3.99,1,deny,manual,,active
ggb-manifest-f38136c,Ggb Manifest F38136C,<p>Ggb Manifest F38136C — A Gullah Geechee publication by Darryl E. Brown</p>,Gullah Geechee Biz,Book,"Gullah Geechee, Book, Books",TRUE,Format,eBook,ggb-manifest-ggb-man,3.99,1,deny,manual,,active
ggb-manifest-f4769d8,Ggb Manifest F4769D8,<p>Ggb Manifest F4769D8 — A Gullah Geechee publication by Darryl E. Brown</p>,Gullah Geechee Biz,Book,"Gullah Geechee, Book, Books",TRUE,Format,eBook,ggb-manifest-ggb-man,3.99,1,deny,manual,,active
ggb-manifest-f49b27b,Ggb Manifest F49B27B,<p>Ggb Manifest F49B27B — A Gullah Geechee publication by Darryl E. Brown</p>,Gullah Geechee Biz,Book,"Gullah Geechee, Book, Books",TRUE,Format,eBook,ggb-manifest-ggb-man,3.99,1,deny,manual,,active
ggb-manifest-f544187,Ggb Manifest F544187,<p>Ggb Manifest F544187 — A Gullah Geechee publication by Darryl E. Brown</p>,Gullah Geechee Biz,Book,"Gullah Geechee, Book, Books",TRUE,Format,eBook,ggb-manifest-ggb-man,3.99,1,deny,manual,,active
ggb-manifest-f63dd5e,Ggb Manifest F63Dd5E,<p>Ggb Manifest F63Dd5E — A Gullah Geechee publication by Darryl E. Brown</p>,Gullah Geechee Biz,Book,"Gullah Geechee, Book, Books",TRUE,Format,eBook,ggb-manifest-ggb-man,3.99,1,deny,manual,,active
ggb-manifest-f6690e4,Ggb Manifest F6690E4,<p>Ggb Manifest F6690E4 — A Gullah Geechee publication by Darryl E. Brown</p>,Gullah Geechee Biz,Book,"Gullah Geechee, Book, Books",TRUE,Format,eBook,ggb-manifest-ggb-man,3.99,1,deny,manual,,active
ggb-manifest-f71afcd,Ggb Manifest F71Afcd,<p>Ggb Manifest F71Afcd — A Gullah Geechee publication by Darryl E. Brown</p>,Gullah Geechee Biz,Book,"Gullah Geechee, Book, Books",TRUE,Format,eBook,ggb-manifest-ggb-man,3.99,1,deny,manual,,active
ggb-manifest-f79dd73,Ggb Manifest F79Dd73,<p>Ggb Manifest F79Dd73 — A Gullah Geechee publication by Darryl E. Brown</p>,Gullah Geechee Biz,Book,"Gullah Geechee, Book, Books",TRUE,Format,eBook,ggb-manifest-ggb-man,3.99,1,deny,manual,,active
ggb-manifest-f7c212f,Ggb Manifest F7C212F,<p>Ggb Manifest F7C212F — A Gullah Geechee publication by Darryl E. Brown</p>,Gullah Geechee Biz,Book,"Gullah Geechee, Book, Books",TRUE,Format,eBook,ggb-manifest-ggb-man,3.99,1,deny,manual,,active
ggb-manifest-f7e62ce,Ggb Manifest F7E62Ce,<p>Ggb Manifest F7E62Ce — A Gullah Geechee publication by Darryl E. Brown</p>,Gullah Geechee Biz,Book,"Gullah Geechee, Book, Books",TRUE,Format,eBook,ggb-manifest-ggb-man,3.99,1,deny,manual,,active
ggb-manifest-f851ab3,Ggb Manifest F851Ab3,<p>Ggb Manifest F851Ab3 — A Gullah Geechee publication by Darryl E. Brown</p>,Gullah Geechee Biz,Book,"Gullah Geechee, Book, Books",TRUE,Format,eBook,ggb-manifest-ggb-man,3.99,1,deny,manual,,active
ggb-manifest-fb0ec8b,Ggb Manifest Fb0Ec8B,<p>Ggb Manifest Fb0Ec8B — A Gullah Geechee publication by Darryl E. Brown</p>,Gullah Geechee Biz,Book,"Gullah Geechee, Book, Books",TRUE,Format,eBook,ggb-manifest-ggb-man,3.99,1,deny,manual,,active
ggb-manifest-fc0ba79,Ggb Manifest Fc0Ba79,<p>Ggb Manifest Fc0Ba79 — A Gullah Geechee publication by Darryl E. Brown</p>,Gullah Geechee Biz,Book,"Gullah Geechee, Book, Books",TRUE,Format,eBook,ggb-manifest-ggb-man,3.99,1,deny,manual,,active
ggb-manifest-fc25ef8,Ggb Manifest Fc25Ef8,<p>Ggb Manifest Fc25Ef8 — A Gullah Geechee publication by Darryl E. Brown</p>,Gullah Geechee Biz,Book,"Gullah Geechee, Book, Books",TRUE,Format,eBook,ggb-manifest-ggb-man,3.99,1,deny,manual,,active
ggb-manifest-fc317ab,Ggb Manifest Fc317Ab,<p>Ggb Manifest Fc317Ab — A Gullah Geechee publication by Darryl E. Brown</p>,Gullah Geechee Biz,Book,"Gullah Geechee, Book, Books",TRUE,Format,eBook,ggb-manifest-ggb-man,3.99,1,deny,manual,,active
ggb-manifest-fcc5898,Ggb Manifest Fcc5898,<p>Ggb Manifest Fcc5898 — A Gullah Geechee publication by Darryl E. Brown</p>,Gullah Geechee Biz,Book,"Gullah Geechee, Book, Books",TRUE,Format,eBook,ggb-manifest-ggb-man,3.99,1,deny,manual,,active
ggb-manifest-fd4094c,Ggb Manifest Fd4094C,<p>Ggb Manifest Fd4094C — A Gullah Geechee publication by Darryl E. Brown</p>,Gullah Geechee Biz,Book,"Gullah Geechee, Book, Books",TRUE,Format,eBook,ggb-manifest-ggb-man,3.99,1,deny,manual,,active
ggb-manifest-fde22d2,Ggb Manifest Fde22D2,<p>Ggb Manifest Fde22D2 — A Gullah Geechee publication by Darryl E. Brown</p>,Gullah Geechee Biz,Book,"Gullah Geechee, Book, Books",TRUE,Format,eBook,ggb-manifest-ggb-man,3.99,1,deny,manual,,active
ggb-manifest-fea4d97,Ggb Manifest Fea4D97,<p>Ggb Manifest Fea4D97 — A Gullah Geechee publication by Darryl E. Brown</p>,Gullah Geechee Biz,Book,"Gullah Geechee, Book, Books",TRUE,Format,eBook,ggb-manifest-ggb-man,3.99,1,deny,manual,,active
ggb-manifest-fee62be,Ggb Manifest Fee62Be,<p>Ggb Manifest Fee62Be — A Gullah Geechee publication by Darryl E. Brown</p>,Gullah Geechee Biz,Book,"Gullah Geechee, Book, Books",TRUE,Format,eBook,ggb-manifest-ggb-man,3.99,1,deny,manual,,active
ggb-manifest-ffd558d,Ggb Manifest Ffd558D,<p>Ggb Manifest Ffd558D — A Gullah Geechee publication by Darryl E. Brown</p>,Gullah Geechee Biz,Book,"Gullah Geechee, Book, Books",TRUE,Format,eBook,ggb-manifest-ggb-man,3.99,1,deny,manual,,active
prep-gullah-geechee-appetizers,Prep Gullah Geechee Appetizers,<p>Prep Gullah Geechee Appetizers — A Gullah Geechee publication by Darryl E. Brown</p>,Gullah Geechee Biz,Book,"Gullah Geechee, Book, Books",TRUE,Format,eBook,ggb-manifest-prep-gu,3.99,1,deny,manual,,active
prep-gullah-geechee-beverages,Prep Gullah Geechee Beverages,<p>Prep Gullah Geechee Beverages — A Gullah Geechee publication by Darryl E. Brown</p>,Gullah Geechee Biz,Book,"Gullah Geechee, Book, Books",TRUE,Format,eBook,ggb-manifest-prep-gu,3.99,1,deny,manual,,active
prep-gullah-geechee-business-planning,Prep Gullah Geechee Business Planning,<p>Prep Gullah Geechee Business Planning — A Gullah Geechee publication by Darryl E. Brown</p>,Gullah Geechee Biz,Book,"Gullah Geechee, Book, Books",TRUE,Format,eBook,ggb-manifest-prep-gu,3.99,1,deny,manual,,active
prep-gullah-geechee-camp-cooking,Prep Gullah Geechee Camp Cooking,<p>Prep Gullah Geechee Camp Cooking — A Gullah Geechee publication by Darryl E. Brown</p>,Gullah Geechee Biz,Book,"Gullah Geechee, Book, Books",TRUE,Format,eBook,ggb-manifest-prep-gu,3.99,1,deny,manual,,active
prep-gullah-geechee-community-commerce,Prep Gullah Geechee Community Commerce,<p>Prep Gullah Geechee Community Commerce — A Gullah Geechee publication by Darryl E. Brown</p>,Gullah Geechee Biz,Book,"Gullah Geechee, Book, Books",TRUE,Format,eBook,ggb-manifest-prep-gu,3.99,1,deny,manual,,active
prep-gullah-geechee-condiments,Prep Gullah Geechee Condiments,<p>Prep Gullah Geechee Condiments — A Gullah Geechee publication by Darryl E. Brown</p>,Gullah Geechee Biz,Book,"Gullah Geechee, Book, Books",TRUE,Format,eBook,ggb-manifest-prep-gu,3.99,1,deny,manual,,active
prep-gullah-geechee-digital-marketing,Prep Gullah Geechee Digital Marketing,<p>Prep Gullah Geechee Digital Marketing — A Gullah Geechee publication by Darryl E. Brown</p>,Gullah Geechee Biz,Book,"Gullah Geechee, Book, Books",TRUE,Format,eBook,ggb-manifest-prep-gu,3.99,1,deny,manual,,active
prep-gullah-geechee-financial-literacy,Prep Gullah Geechee Financial Literacy,<p>Prep Gullah Geechee Financial Literacy — A Gullah Geechee publication by Darryl E. Brown</p>,Gullah Geechee Biz,Book,"Gullah Geechee, Book, Books",TRUE,Format,eBook,ggb-manifest-prep-gu,3.99,1,deny,manual,,active
prep-gullah-geechee-job-creation,Prep Gullah Geechee Job Creation,<p>Prep Gullah Geechee Job Creation — A Gullah Geechee publication by Darryl E. Brown</p>,Gullah Geechee Biz,Book,"Gullah Geechee, Book, Books",TRUE,Format,eBook,ggb-manifest-prep-gu,3.99,1,deny,manual,,active
prep-gullah-geechee-meal-prep,Prep Gullah Geechee Meal Prep,<p>Prep Gullah Geechee Meal Prep — A Gullah Geechee publication by Darryl E. Brown</p>,Gullah Geechee Biz,Book,"Gullah Geechee, Book, Books",TRUE,Format,eBook,ggb-manifest-prep-gu,3.99,1,deny,manual,,active
prep-gullah-geechee-microenterprise,Prep Gullah Geechee Microenterprise,<p>Prep Gullah Geechee Microenterprise — A Gullah Geechee publication by Darryl E. Brown</p>,Gullah Geechee Biz,Book,"Gullah Geechee, Book, Books",TRUE,Format,eBook,ggb-manifest-prep-gu,3.99,1,deny,manual,,active
prep-gullah-geechee-one-pot-meals,Prep Gullah Geechee One Pot Meals,<p>Prep Gullah Geechee One Pot Meals — A Gullah Geechee publication by Darryl E. Brown</p>,Gullah Geechee Biz,Book,"Gullah Geechee, Book, Books",TRUE,Format,eBook,ggb-manifest-prep-gu,3.99,1,deny,manual,,active
prep-gullah-geechee-smoothies,Prep Gullah Geechee Smoothies,<p>Prep Gullah Geechee Smoothies — A Gullah Geechee publication by Darryl E. Brown</p>,Gullah Geechee Biz,Book,"Gullah Geechee, Book, Books",TRUE,Format,eBook,ggb-manifest-prep-gu,3.99,1,deny,manual,,active
prep-gullah-geechee-startup-guide,Prep Gullah Geechee Startup Guide,<p>Prep Gullah Geechee Startup Guide — A Gullah Geechee publication by Darryl E. Brown</p>,Gullah Geechee Biz,Book,"Gullah Geechee, Book, Books",TRUE,Format,eBook,ggb-manifest-prep-gu,3.99,1,deny,manual,,active
prep-the-gullah-geechee-guide-to-adaptability,Prep The Gullah Geechee Guide To Adaptability,<p>Prep The Gullah Geechee Guide To Adaptability — A Gullah Geechee publication by Darryl E. Brown</p>,Gullah Geechee Biz,Book,"Gullah Geechee, Book, Books",TRUE,Format,eBook,ggb-manifest-prep-th,3.99,1,deny,manual,,active
prep-the-gullah-geechee-guide-to-determination,Prep The Gullah Geechee Guide To Determination,<p>Prep The Gullah Geechee Guide To Determination — A Gullah Geechee publication by Darryl E. Brown</p>,Gullah Geechee Biz,Book,"Gullah Geechee, Book, Books",TRUE,Format,eBook,ggb-manifest-prep-th,3.99,1,deny,manual,,active
prep-the-gullah-geechee-guide-to-discipline,Prep The Gullah Geechee Guide To Discipline,<p>Prep The Gullah Geechee Guide To Discipline — A Gullah Geechee publication by Darryl E. Brown</p>,Gullah Geechee Biz,Book,"Gullah Geechee, Book, Books",TRUE,Format,eBook,ggb-manifest-prep-th,3.99,1,deny,manual,,active
prep-the-gullah-geechee-guide-to-harmony,Prep The Gullah Geechee Guide To Harmony,<p>Prep The Gullah Geechee Guide To Harmony — A Gullah Geechee publication by Darryl E. Brown</p>,Gullah Geechee Biz,Book,"Gullah Geechee, Book, Books",TRUE,Format,eBook,ggb-manifest-prep-th,3.99,1,deny,manual,,active
prep-the-gullah-geechee-guide-to-unity,Prep The Gullah Geechee Guide To Unity,<p>Prep The Gullah Geechee Guide To Unity — A Gullah Geechee publication by Darryl E. Brown</p>,Gullah Geechee Biz,Book,"Gullah Geechee, Book, Books",TRUE,Format,eBook,ggb-manifest-prep-th,3.99,1,deny,manual,,active
prep-the-gullah-geechee-guide-to-wisdom,Prep The Gullah Geechee Guide To Wisdom,<p>Prep The Gullah Geechee Guide To Wisdom — A Gullah Geechee publication by Darryl E. Brown</p>,Gullah Geechee Biz,Book,"Gullah Geechee, Book, Books",TRUE,Format,eBook,ggb-manifest-prep-th,3.99,1,deny,manual,,active
prep-the-gullah-geechee-guide-to-yearning,Prep The Gullah Geechee Guide To Yearning,<p>Prep The Gullah Geechee Guide To Yearning — A Gullah Geechee publication by Darryl E. Brown</p>,Gullah Geechee Biz,Book,"Gullah Geechee, Book, Books",TRUE,Format,eBook,ggb-manifest-prep-th,3.99,1,deny,manual,,active
