Pin Title,Description,Link,Image URL,Hashtags
Discover Gullah Geechee Volume 6!,"Unlock the rich history and vibrant culture of the Gullah Geechee people with Volume 6 of this essential encyclopedia. Explore traditions, language, and heritage. A must-have for history buffs!",https://gullahgeecheebiz.com/shop.html,,#GullahGeechee #BlackHistory #CulturalHeritage
"Gullah Geechee Wisdom, Vol. 7","Unlock the rich cultural heritage of the Gullah Geechee people! This encyclopedia volume dives deep into traditions, language, and history. A must-read for history buffs & cultural explorers.",https://gullahgeecheebiz.com/shop.html,,#GullahGeechee #BlackHistory #CulturalHeritage
Gullah Geechee Wisdom Awaits!,"Unlock the rich history and vibrant culture of the Gullah Geechee people with Encyclopedia Volume 08. Dive into stories, traditions, and heritage. Essential reading for culture lovers and historians!",https://gullahgeecheebiz.com/shop.html,,#GullahGeechee #BlackHistory #CulturalHeritage
"Gullah Geechee Wisdom, Vol. 9","Unlock the rich cultural heritage of the Gullah Geechee people with Encyclopedia Volume 09. Explore traditions, language, and history. A must-read for cultural enthusiasts!",https://gullahgeecheebiz.com/shop.html,,#GullahGeechee #CulturalHeritage #AfricanAmericanHistory
"Gullah Geechee Wisdom, Vol. 10","Unlock the rich history and vibrant culture of the Gullah Geechee people! This encyclopedia volume is a must-have for anyone interested in Black history, Lowcountry traditions, and cultural heritage. Dive into stories, traditions, and language.",https://gullahgeecheebiz.com/shop.html,,#GullahGeechee #BlackHistory #CulturalHeritage
"Gullah Geechee Wisdom, Vol. 11","Unlock the rich heritage of the Gullah Geechee people! This encyclopedia volume dives deep into their unique culture, traditions, and resilience. Discover untold stories and celebrate their enduring legacy. #GullahGeecheeCulture #AfricanAmericanHistory",https://gullahgeecheebiz.com/shop.html,,#GullahGeechee #BlackHistory #CulturalHeritage
Gullah Geechee Wisdom Unveiled,"Unlock the rich heritage of the Gullah Geechee people! ""Encyclopedia Volume 12"" dives deep into their vibrant culture, language, and traditions. Explore their incredible history and contributions. A must-read for history buffs & culture enthusiasts!",https://gullahgeecheebiz.com/shop.html,,#GullahGeechee #BlackHistory #CulturalHeritage
"Gullah Geechee Wisdom, Vol 13","Unlock the rich heritage of the Gullah Geechee people! This encyclopedia volume dives deep into their unique culture, history, and traditions. Explore fascinating stories and invaluable knowledge. #GullahGeecheeCulture #LowcountryHistory #Heritage",https://gullahgeecheebiz.com/shop.html,,#GullahGeechee #BlackHistory #CulturalHeritage
Gullah Geechee Wisdom Unveiled,"Unlock the rich history and vibrant culture of the Gullah Geechee people! ""Encyclopedia Volume 14"" explores traditions, language, and heritage. A must-read for cultural enthusiasts and history lovers. Discover stories untold. #GullahGeechee",https://gullahgeecheebiz.com/shop.html,,#GullahGeecheeCulture #BlackHistory #CulturalHeritage
Gullah Geechee Wisdom Awaits!,"Unlock the rich history & culture of the Gullah Geechee people with Encyclopedia Vol 15. Explore traditions, language, and heritage. A must-read for cultural enthusiasts!",https://gullahgeecheebiz.com/shop.html,,#GullahGeechee #BlackHistory #CulturalHeritage
Gullah Geechee Wisdom Unveiled,"Unlock the rich heritage of the Gullah Geechee people with Encyclopedia Volume 16. Explore their vibrant culture, language, and history. A must-read for history buffs & cultural enthusiasts!",https://gullahgeecheebiz.com/shop.html,,#GullahGeechee #AfricanAmericanHistory #CulturalHeritage
Gullah Geechee Untold Stories,"Unlock the rich history and vibrant culture of the Gullah Geechee people with Encyclopedia Volume 17. Discover untold stories, traditions, and resilience. Essential for cultural enthusiasts, historians, and educators. Dive deep into heritage!",https://gullahgeecheebiz.com/shop.html,,#GullahGeechee #BlackHistory #CulturalHeritage
"Gullah Geechee Wisdom, Vol 18","Unlock the rich history & vibrant culture of the Gullah Geechee people! This encyclopedia volume is a treasure trove of traditions, language, and heritage. A must-read for cultural enthusiasts.",https://gullahgeecheebiz.com/shop.html,,#GullahGeechee #CulturalHeritage #BlackHistory
Gullah Geechee Wisdom Vol. 19,"Unlock the rich cultural tapestry of the Gullah Geechee people with Encyclopedia Volume 19! Explore history, traditions, and stories. A must-read for history buffs & cultural enthusiasts. #GullahGeecheeHistory #CulturalHeritage #AfricanDiaspora",https://gullahgeecheebiz.com/shop.html,,#GullahGeecheeHistory #CulturalHeritage #AfricanDiaspora
Gullah Geechee History Unveiled,"Discover rich Gullah Geechee heritage! Dive into Volume 20 of this essential encyclopedia. Explore culture, language, and traditions. #GullahGeechee #History",https://gullahgeecheebiz.com/shop.html,,#GullahGeechee #BlackHistory #CulturalHeritage
"Gullah Geechee History, Vol. 21","Uncover the rich tapestry of Gullah Geechee culture in Volume 21! Explore fascinating traditions, language, and heritage. A must-read for history buffs & cultural enthusiasts. #GullahGeechee",https://gullahgeecheebiz.com/shop.html,,#GullahGeechee #AfricanAmericanHistory #CulturalHeritage
"Gullah Geechee Wisdom, Vol. 22","Unlock the rich history and vibrant culture of the Gullah Geechee people! This encyclopedia delves deep into traditions, language, and heritage. A must-read!",https://gullahgeecheebiz.com/shop.html,,#GullahGeechee #BlackHistory #CulturalHeritage
"Gullah Geechee History, Vol. 23","Dive deep into the rich cultural tapestry of the Gullah Geechee people! This encyclopedia volume unlocks vibrant history, traditions, and resilience. Essential for cultural enthusiasts and history buffs. #GullahGeechee #HistoryBook #Culture",https://gullahgeecheebiz.com/shop.html,,#GullahGeechee #BlackHistory #CulturalHeritage
"Gullah Geechee Wisdom, Vol. 24","Unlock the rich cultural heritage of the Gullah Geechee people. Explore traditions, language, and history in Encyclopedia Volume 24. A vital resource for learning and preserving this unique heritage. #GullahGeecheeCulture",https://gullahgeecheebiz.com/shop.html,,#GullahGeechee #CulturalHeritage #AfricanAmericanHistory
Gullah Geechee Wisdom Unveiled!,"Unlock the rich history and vibrant culture of the Gullah Geechee people with Encyclopedia Volume 25. Explore traditions, language, and heritage in this essential guide. A must-have for history buffs and cultural enthusiasts!",https://gullahgeecheebiz.com/shop.html,,#GullahGeechee #AfricanAmericanHistory #CulturalHeritage
Gullah Geechee Vol. 26 Unveiled!,"Explore the vibrant Gullah Geechee culture with Encyclopedia Volume 26. Discover traditions, history, language, and art of this unique Lowcountry heritage. A must-read for history buffs & culture enthusiasts!",https://gullahgeecheebiz.com/shop.html,,#GullahGeechee #LowcountryHistory #CulturalHeritage
"Gullah Geechee Wisdom, Vol. 27","Unlock the vibrant history & traditions of the Gullah Geechee people! This encyclopedia volume delves into their unique culture, language, and heritage. A must-read for history buffs & culture enthusiasts. #GullahGeechee",https://gullahgeecheebiz.com/shop.html,,#GullahGeechee #BlackHistory #CulturalHeritage
Gullah Geechee Wisdom Unveiled,"Unlock the rich history, vibrant culture, and enduring legacy of the Gullah Geechee people. Dive into traditions, language, and untold stories with Encyclopedia Volume 28. A must-read for history buffs & culture enthusiasts!",https://gullahgeecheebiz.com/shop.html,,#GullahGeechee #BlackHistory #CulturalHeritage
"Gullah Geechee Wisdom, Vol. 29","Unlock the rich heritage of the Gullah Geechee people! This encyclopedia volume delves into their vibrant culture, language, traditions, and history. A must-read for anyone interested in African American history and coastal traditions. Discover untold stories!",https://gullahgeecheebiz.com/shop.html,,#GullahGeechee #AfricanAmericanHistory #Lowcountry
Gullah Geechee History Unveiled!,"Unlock the rich heritage of the Gullah Geechee people with Encyclopedia Volume 30! Dive into vibrant traditions, untold stories, and fascinating culture. A must-read for history buffs & cultural explorers.",https://gullahgeecheebiz.com/shop.html,,#GullahGeechee #BlackHistory #CulturalHeritage
"Gullah Geechee Wisdom, Vol. 31","Unlock the rich cultural tapestry of the Gullah Geechee people. Explore history, traditions, and language in this essential encyclopedia volume. A must-read for anyone interested in African American heritage and Lowcountry culture. Dive deep!",https://gullahgeecheebiz.com/shop.html,,#GullahGeechee #AfricanAmericanHistory #LowcountryCulture
Gullah Geechee History: Volume 32,"Uncover the vibrant heritage of the Gullah Geechee people in this essential encyclopedia volume. Explore rich traditions, captivating stories, and vital cultural insights. Perfect for history buffs and anyone seeking Black history knowledge.",https://gullahgeecheebiz.com/shop.html,,#GullahGeechee #BlackHistory #CulturalHeritage
Gullah Geechee Wisdom Unveiled,"Unlock the rich history and vibrant culture of the Gullah Geechee people with Encyclopedia Volume 34. Explore traditions, language, and heritage in this captivating book. A must-read for history buffs & cultural enthusiasts!",https://gullahgeecheebiz.com/shop.html,,#GullahGeechee #BlackHistory #CulturalHeritage
"Gullah Geechee Wisdom, Vol. 36","Unlock the rich heritage of the Gullah Geechee people! This encyclopedia volume dives deep into their unique culture, history, language, and traditions. Explore fascinating insights and preserve this vital legacy. Essential for history buffs & cultural enthusiasts!",https://gullahgeecheebiz.com/shop.html,,#GullahGeechee #AfricanAmericanHistory #CulturalHeritage
Gullah Geechee Wisdom Awaits!,"Unlock the rich history and vibrant culture of the Gullah Geechee people with Encyclopedia Volume 37. Explore traditions, language, and heritage. A must-read for history buffs!",https://gullahgeecheebiz.com/shop.html,,#GullahGeechee #BlackHistory #CulturalHeritage
Gullah Geechee History Unveiled!,"Unlock the rich heritage of the Gullah Geechee people with Encyclopedia Volume 38. Explore fascinating stories, traditions, and resilience from this vibrant culture. Essential reading for history buffs & cultural enthusiasts!",https://gullahgeecheebiz.com/shop.html,,#GullahGeechee #BlackHistory #CulturalHeritage
"Gullah Geechee Wisdom, Vol. 39","Unlock the rich cultural tapestry of the Gullah Geechee people. Explore fascinating traditions, language, and heritage in this essential volume. A must-read for history and culture enthusiasts!",https://gullahgeecheebiz.com/shop.html,,#GullahGeechee #CulturalHeritage #AfricanDiaspora
Gullah Geechee History Unveiled,"Unlock the rich tapestry of Gullah Geechee culture with Encyclopedia Volume 40. Explore fascinating stories, traditions, and resilience in this essential historical guide. A must-read for cultural enthusiasts and history buffs!",https://gullahgeecheebiz.com/shop.html,,#GullahGeechee #BlackHistory #CulturalHeritage
Gullah Geechee History Unveiled!,"Unlock the rich tapestry of Gullah Geechee culture, language, and heritage with Encyclopedia Volume 41. Dive deep into stories, traditions, and historical insights. A must-read for history buffs & culture enthusiasts!",https://gullahgeecheebiz.com/shop.html,,#GullahGeechee #BlackHistory #CulturalHeritage
Gullah Geechee Wisdom Unveiled,"Unlock the rich history and vibrant culture of the Gullah Geechee people with Encyclopedia Volume 42. Explore traditions, language, and heritage. A must-read for cultural enthusiasts!",https://gullahgeecheebiz.com/shop.html,,#GullahGeechee #CulturalHeritage #AfricanAmericanHistory
Gullah Geechee History Unveiled,"Unlock the rich heritage of the Gullah Geechee people with Volume 43 of this essential encyclopedia. Explore captivating stories, traditions, and resilience. A must-have for history buffs and cultural enthusiasts!",https://gullahgeecheebiz.com/shop.html,,#GullahGeechee #BlackHistory #CulturalHeritage
"Gullah Geechee Wisdom, Vol. 44","Unlock the rich cultural heritage of the Gullah Geechee people. Discover captivating stories, traditions, and history in this essential encyclopedia volume. A must-read for history buffs & culture enthusiasts!",https://gullahgeecheebiz.com/shop.html,,#GullahGeechee #BlackHistory #CulturalHeritage
Gullah Geechee History Unveiled,"Unlock the rich heritage of the Gullah Geechee people with Encyclopedia Volume 46. Discover vibrant culture, untold stories, and historical insights. Essential reading for history buffs & culture enthusiasts!",https://gullahgeecheebiz.com/shop.html,,#GullahGeechee #AfricanAmericanHistory #CulturalHeritage
Unlock Gullah Geechee Secrets!,"Dive deep into rich Gullah Geechee culture, history, and traditions with Encyclopedia Volume 47. Discover language, cuisine, and heritage stories. Essential reading for cultural enthusiasts!",https://gullahgeecheebiz.com/shop.html,,#GullahGeechee #BlackHistory #CulturalHeritage
Gullah Geechee Wisdom Unveiled,"Unlock the rich history, vibrant culture, and enduring legacy of the Gullah Geechee people in Encyclopedia Volume 48. Explore traditions, language, and untold stories. A must-read for cultural enthusiasts!",https://gullahgeecheebiz.com/shop.html,,#GullahGeechee #BlackHistory #CulturalHeritage
"Gullah Geechee Wisdom, Vol. 49!","Unlock the rich heritage of the Gullah Geechee people! This encyclopedia volume dives deep into their unique culture, history, language, and traditions. Explore fascinating stories and vibrant legacy. Perfect for history buffs and culture enthusiasts!",https://gullahgeecheebiz.com/shop.html,,#GullahGeechee #BlackHistory #CulturalHeritage
Gullah Geechee Wisdom Revealed,"Unlock the rich heritage of the Gullah Geechee people with Encyclopedia Volume 50. Discover their vibrant culture, language, traditions, and resilience. Essential reading for history buffs & cultural explorers!",https://gullahgeecheebiz.com/shop.html,,#GullahGeechee #BlackHistory #CulturalHeritage
Gullah Geechee History Unveiled,"Unlock the rich heritage of the Gullah Geechee people! Explore vibrant traditions, captivating stories, and invaluable cultural insights in this essential encyclopedia. Discover Gullah Geechee history and culture.",https://gullahgeecheebiz.com/shop.html,,#GullahGeechee #BlackHistory #CulturalHeritage
Gullah Geechee Vol 2: Explore History,"Unlock the rich tapestry of Gullah Geechee culture with Encyclopedia Volume 02. Dive into heritage, language, and traditions. Essential reading for history buffs & cultural explorers!",https://gullahgeecheebiz.com/shop.html,,#GullahGeechee #BlackHistory #CulturalHeritage
Gullah Geechee History: Vol. 3,"Unlock the rich tapestry of Gullah Geechee culture with Encyclopedia Volume 03! Explore fascinating history, traditions, and resilience. Essential for Black history, cultural studies, and genealogy. Dive deeper today!",https://gullahgeecheebiz.com/shop.html,,#GullahGeechee #BlackHistory #CulturalHeritage
Gullah Geechee Wisdom Awaits!,"Unlock the rich history and vibrant culture of the Gullah Geechee people with Encyclopedia Volume 04. Explore traditions, language, and heritage. A must-read for history buffs & cultural enthusiasts!",https://gullahgeecheebiz.com/shop.html,,#GullahGeechee #BlackHistory #CulturalHeritage
Gullah Geechee History Unveiled!,"Unlock the rich culture and heritage of the Gullah Geechee people in Encyclopedia Volume 05. Discover their traditions, language, and compelling stories. Essential for history buffs & cultural enthusiasts!",https://gullahgeecheebiz.com/shop.html,,#GullahGeechee #AfricanAmericanHistory #CulturalHeritage
Gullah Geechee Wisdom Revealed,"Unlock the rich history, culture, and traditions of the Gullah Geechee people with Encyclopedia Volume 01. Dive into fascinating stories, unique language, and vibrant heritage. Essential for history buffs & cultural enthusiasts!",https://gullahgeecheebiz.com/shop.html,,#GullahGeechee #AfricanAmericanHistory #CulturalHeritage
Gullah Geechee History Unveiled,"Discover rich Gullah Geechee culture in Encyclopedia Volume 02. Explore traditions, language, and heritage of this vibrant community. Essential reading!",https://gullahgeecheebiz.com/shop.html,,#GullahGeechee #BlackHistory #CulturalHeritage
Gullah Geechee Secrets Revealed!,"Unlock the rich history and vibrant culture of the Gullah Geechee people with Encyclopedia Volume 03. Explore traditions, language, and heritage in this essential resource for Black history, genealogy, and cultural preservation. Dive deep into a unique American story.",https://gullahgeecheebiz.com/shop.html,,#GullahGeechee #BlackHistory #CulturalHeritage
"Gullah Geechee Wisdom, Vol 4","Unlock the rich history and vibrant culture of the Gullah Geechee people! This volume of the encyclopedia delves into fascinating traditions, language, and heritage. A must-read for anyone interested in African American history and cultural preservation.",https://gullahgeecheebiz.com/shop.html,,#GullahGeechee #AfricanAmericanHistory #CulturalHeritage
Gullah Geechee Vol 5: Culture Deep,"Unlock the rich tapestry of Gullah Geechee heritage! Explore traditions, stories, and history in Encyclopedia Volume 05. A must-read for cultural enthusiasts and history buffs. Dive into this vibrant legacy!",https://gullahgeecheebiz.com/shop.html,,#GullahGeechee #CulturalHeritage #AfricanAmericanHistory
Gullah Geechee Wisdom Unveiled!,"Unlock the rich history and vibrant culture of the Gullah Geechee people with Encyclopedia Volume 06. Explore traditions, language, and heritage in this essential read. A must-have for culture enthusiasts and historians!",https://gullahgeecheebiz.com/shop.html,,#GullahGeechee #BlackHistory #CulturalHeritage
"Gullah Geechee Wisdom, Vol. 8","Unlock the rich cultural heritage of the Gullah Geechee people with Encyclopedia Volume 08. Explore their traditions, language, and history. #GullahGeecheeCulture #LowcountryHistory #Heritage",https://gullahgeecheebiz.com/shop.html,,#GullahGeechee #Lowcountry #CulturalHeritage
"Gullah Geechee History, Vol. 9","Unlock the rich tapestry of Gullah Geechee culture! This encyclopedia volume delves deep into traditions, language, and heritage. A must-read for history buffs & cultural enthusiasts. #GullahGeechee",https://gullahgeecheebiz.com/shop.html,,#GullahGeechee #BlackHistory #CulturalHeritage
Gullah Geechee History Unveiled!,"Unlock the rich tapestry of Gullah Geechee culture with Encyclopedia Volume 10! Discover ancestral stories, traditions, and language. Dive into history & heritage today! A must-read for cultural enthusiasts.",https://gullahgeecheebiz.com/shop.html,,#GullahGeechee #BlackHistory #CulturalHeritage
Unlock Gullah Geechee History!,"Dive deep into rich Gullah Geechee culture, language, and heritage with Encyclopedia Volume 11. Explore fascinating stories, traditions, and resilience. Essential for historians, researchers, and cultural enthusiasts.",https://gullahgeecheebiz.com/shop.html,,#GullahGeechee #BlackHistory #CulturalHeritage
Uncover Gullah Geechee History,"Dive deep into rich Gullah Geechee culture, heritage, and untold stories with Encyclopedia Volume 12. Explore traditions, language, and ancestral wisdom. Essential reading for history buffs & cultural enthusiasts!",https://gullahgeecheebiz.com/shop.html,,#GullahGeechee #BlackHistory #CulturalHeritage
Uncover Gullah Geechee History,"Dive deep into the rich culture and vibrant heritage of the Gullah Geechee people with Encyclopedia Volume 13. Explore untold stories, traditions, and resilience. A must-read for history buffs & cultural enthusiasts!",https://gullahgeecheebiz.com/shop.html,,#GullahGeechee #BlackHistory #CulturalHeritage
"Gullah Geechee Wisdom, Vol 14","Unlock the rich history and vibrant culture of the Gullah Geechee people with Encyclopedia Volume 14. Discover their language, traditions, and resilience. Essential reading for cultural enthusiasts and historians.",https://gullahgeecheebiz.com/shop.html,,#GullahGeechee #LowcountryHistory #CulturalHeritage
Gullah Geechee History Unveiled!,"Unlock the rich culture and heritage of the Gullah Geechee people with this essential encyclopedia. Dive into fascinating stories, traditions, and history. #GullahGeechee #BlackHistory #CulturalHeritage",https://gullahgeecheebiz.com/shop.html,,#GullahGeechee #BlackHistory #CulturalHeritage
Gullah Geechee Wisdom Awaits!,"Unlock the rich history and vibrant culture of the Gullah Geechee people with Encyclopedia Volume 16. Explore traditions, language, and untold stories. A must-read for history buffs & cultural enthusiasts!",https://gullahgeecheebiz.com/shop.html,,#GullahGeechee #BlackHistory #CulturalHeritage
Gullah Geechee Wisdom Unlocked,"Dive deep into the rich heritage of the Gullah Geechee people with Encyclopedia Volume 17! Explore captivating stories, traditions, and history. A must-read for cultural enthusiasts and historians alike. Discover your roots!",https://gullahgeecheebiz.com/shop.html,,#GullahGeechee #CulturalHeritage #HistoryBook
Gullah Geechee Secrets Revealed!,"Unlock the rich history and vibrant culture of the Gullah Geechee people with Encyclopedia Vol. 18. Discover traditions, language, and heritage. A must-read for cultural enthusiasts!",https://gullahgeecheebiz.com/shop.html,,#GullahGeechee #CulturalHeritage #AfricanAmericanHistory
Gullah Geechee History Unveiled!,"Unlock the rich history and vibrant culture of the Gullah Geechee people with Encyclopedia Volume 19. Explore traditions, language, and heritage preserved through generations. A must-read for history buffs and cultural enthusiasts! Discover untold stories. #GullahGeechee",https://gullahgeecheebiz.com/shop.html,,#GullahGeechee #BlackHistory #CulturalHeritage
"Gullah Geechee Wisdom, Vol 20","Unlock the rich history and vibrant culture of the Gullah Geechee people. Dive into traditions, language, and untold stories in this essential encyclopedia volume.",https://gullahgeecheebiz.com/shop.html,,#GullahGeechee #BlackHistory #CulturalHeritage
"Gullah Geechee Wisdom, Vol. 21","Unlock the rich heritage of Gullah Geechee culture with Encyclopedia Volume 21. Dive into history, language, and traditions. Essential for cultural enthusiasts and researchers seeking Gullah Geechee insights.",https://gullahgeecheebiz.com/shop.html,,#GullahGeechee #CulturalHeritage #AfricanAmericanHistory
"Gullah Geechee Wisdom, Vol. 22","Unlock the vibrant stories & rich heritage of the Gullah Geechee people! This encyclopedia volume is a treasure trove of culture, history, and traditions. #GullahGeechee #CulturalHeritage #AfricanAmericanHistory",https://gullahgeecheebiz.com/shop.html,,#GullahGeechee #AfricanAmericanHistory #CulturalHeritage
Gullah Geechee History: Vol 23!,"Unlock the rich tapestry of Gullah Geechee culture with Encyclopedia Vol 23! Dive deep into traditions, language, and heritage. A must-read for history buffs and cultural explorers. Discover untold stories today!",https://gullahgeecheebiz.com/shop.html,,#GullahGeechee #BlackHistory #CulturalHeritage
Gullah Geechee History & Culture,"Unlock the rich heritage of the Gullah Geechee people! This encyclopedia volume dives deep into their traditions, language, food, and resilience. Essential reading for history buffs & culture enthusiasts. #GullahGeechee",https://gullahgeecheebiz.com/shop.html,,#GullahGeechee #AfricanAmericanHistory #CulturalHeritage
Unlock Gullah Geechee History,"Dive deep into the rich heritage and vibrant culture of the Gullah Geechee people with Encyclopedia Volume 26. Explore traditions, language, and art. A must-read for history buffs & cultural enthusiasts!",https://gullahgeecheebiz.com/shop.html,,#GullahGeechee #BlackHistory #CulturalHeritage
Gullah Geechee Wisdom Awaits!,"Unlock the rich history, vibrant culture, and enduring legacy of the Gullah Geechee people with Encyclopedia Volume 27. Explore traditions, language, and untold stories. A must-read for cultural enthusiasts and history buffs!",https://gullahgeecheebiz.com/shop.html,,#GullahGeechee #BlackHistory #CulturalHeritage
Gullah Geechee Wisdom Lives On,"Unlock the vibrant heritage of the Gullah Geechee people. Explore rich history, language, and traditions in Encyclopedia Volume 28. A must-read for cultural enthusiasts and historians.",https://gullahgeecheebiz.com/shop.html,,#GullahGeechee #CulturalHeritage #AfricanAmericanHistory
Gullah Geechee History Unveiled!,"Unlock the rich culture and enduring legacy of the Gullah Geechee people with Encyclopedia Volume 29. Explore their unique heritage, language, and traditions. A must-read for history buffs & culture enthusiasts!",https://gullahgeecheebiz.com/shop.html,,#GullahGeechee #BlackHistory #CulturalHeritage
"Gullah Geechee Wisdom, Vol. 30","Unlock the rich heritage of the Gullah Geechee people! This encyclopedia volume is a treasure trove of culture, history, and language. Explore stories, traditions, and resilience. Essential reading for history buffs & cultural enthusiasts.",https://gullahgeecheebiz.com/shop.html,,#GullahGeechee #BlackHistory #CulturalHeritage
Gullah Geechee Wisdom Revealed,"Unlock the rich heritage of the Gullah Geechee people with Encyclopedia Volume 31! Dive into their vibrant culture, language, and history. A must-read for history buffs and those passionate about African American studies and cultural preservation.",https://gullahgeecheebiz.com/shop.html,,#GullahGeechee #AfricanAmericanHistory #CulturalHeritage
"Gullah Geechee Wisdom, Vol. 32","Unlock the rich heritage of the Gullah Geechee people with Encyclopedia Volume 32. Explore their unique language, vibrant culture, and enduring traditions. A must-read for history buffs & cultural enthusiasts!",https://gullahgeecheebiz.com/shop.html,,#GullahGeechee #CulturalHeritage #HistoryBook
Gullah Geechee History Unveiled!,"Unlock the rich culture, traditions, and vibrant stories of the Gullah Geechee people in Encyclopedia Volume 33. Essential reading for history buffs & cultural explorers!",https://gullahgeecheebiz.com/shop.html,,#GullahGeechee #BlackHistory #CulturalHeritage
Gullah Geechee Wisdom Lives On!,"Unlock the rich history and vibrant culture of the Gullah Geechee people in this essential encyclopedia volume. Explore traditions, language, and heritage. A must-read for history buffs & cultural explorers!",https://gullahgeecheebiz.com/shop.html,,#GullahGeechee #BlackHistory #CulturalHeritage
Gullah Geechee History Unveiled,"Unlock the rich heritage of the Gullah Geechee people in Encyclopedia Volume 35. Dive into their culture, language, and traditions. Essential reading for history buffs and culture enthusiasts!",https://gullahgeecheebiz.com/shop.html,,#GullahGeechee #AfricanAmericanHistory #CulturalHeritage
Gullah Geechee Wisdom Unlocked!,"Unlock the rich heritage of the Gullah Geechee people with Encyclopedia Volume 36. Explore captivating stories, traditions, and history. Discover a vibrant culture that shaped the Lowcountry. A must-read for history buffs & culture enthusiasts!",https://gullahgeecheebiz.com/shop.html,,#GullahGeechee #BlackHistory #CulturalHeritage
Gullah Geechee History Unveiled,"Unlock the rich tapestry of Gullah Geechee culture, language, and heritage in Encyclopedia Volume 37. Explore untold stories and traditions. #GullahGeechee #HistoryBook #Culture",https://gullahgeecheebiz.com/shop.html,,#GullahGeechee #AfricanAmericanHistory #CulturalHeritage
"Gullah Geechee Wisdom, Vol. 38","Unlock the vibrant legacy of Gullah Geechee culture! Dive into untold stories, rich traditions, and powerful heritage in this essential Encyclopedia volume. Explore history, language, and art. A must-read!",https://gullahgeecheebiz.com/shop.html,,#GullahGeechee #CulturalHeritage #AfricanAmericanHistory
Gullah Geechee Wisdom Unveiled,"Unlock the rich heritage of the Gullah Geechee people with Encyclopedia Volume 39. Dive into captivating stories, traditions, and history. A must-read for cultural enthusiasts and historians!",https://gullahgeecheebiz.com/shop.html,,#GullahGeechee #CulturalHeritage #HistoryBooks
Gullah Geechee Wisdom,"Unlock the rich history and vibrant culture of the Gullah Geechee people! This encyclopedia delves into their traditions, language, food, and resilience. A must-read for cultural enthusiasts and historians.",https://gullahgeecheebiz.com/shop.html,,#GullahGeechee #CulturalHeritage #AfricanAmericanHistory
"Gullah Geechee Wisdom, Vol. 41","Unlock the rich tapestry of Gullah Geechee culture with Encyclopedia Volume 41. Discover captivating stories, traditions, and history. Dive deep into this vibrant heritage today!",https://gullahgeecheebiz.com/shop.html,,#GullahGeechee #CulturalHeritage #HistoryBooks
Gullah Geechee History Unveiled,"Unlock the rich tapestry of Gullah Geechee culture with Encyclopedia Volume 42. Explore captivating history, traditions, and resilience of this unique community. A must-read for history buffs & cultural enthusiasts!",https://gullahgeecheebiz.com/shop.html,,#GullahGeechee #BlackHistory #CulturalHeritage
Gullah Geechee History Unveiled,"Unlock the rich heritage of the Gullah Geechee people with Encyclopedia Volume 43. Explore their vibrant culture, language, and traditions. A must-read for history buffs & cultural enthusiasts!",https://gullahgeecheebiz.com/shop.html,,#GullahGeechee #BlackHistory #CulturalHeritage
Gullah Geechee Wisdom Awaits!,"Unlock the rich heritage of the Gullah Geechee people with Encyclopedia Volume 44. Explore captivating stories, traditions, and history. A must-read for cultural enthusiasts!",https://gullahgeecheebiz.com/shop.html,,#GullahGeechee #CulturalHeritage #HistoryBooks
"Gullah Geechee Wisdom, Vol 45!","Unlock the rich history and vibrant culture of the Gullah Geechee people! This encyclopedia volume is a treasure trove of stories, traditions, and resilience. Dive deep into their unique heritage and language. Essential for cultural studies & history buffs!",https://gullahgeecheebiz.com/shop.html,,#GullahGeechee #CulturalHeritage #AfricanAmericanHistory
Gullah Geechee History Unveiled,"Unlock the rich heritage of the Gullah Geechee people with Encyclopedia Volume 47. Discover captivating stories, vibrant culture, and enduring traditions. A must-read for history buffs & cultural enthusiasts!",https://gullahgeecheebiz.com/shop.html,,#GullahGeechee #BlackHistory #CulturalHeritage
"Gullah Geechee Wisdom, Vol. 48","Unlock the rich heritage of the Gullah Geechee people! Explore captivating stories, traditions, and history in Encyclopedia Volume 48. A must-read for cultural enthusiasts and history lovers. Discover Gullah Geechee culture today!",https://gullahgeecheebiz.com/shop.html,,#GullahGeechee #CulturalHeritage #BlackHistory
Gullah Geechee Encyclopedia Vol. 49,"Discover the vibrant heritage and rich history of the Gullah Geechee people in this essential encyclopedia. Explore cultural traditions, language, and ancestral stories. A must-read for history buffs & cultural enthusiasts!",https://gullahgeecheebiz.com/shop.html,,#GullahGeechee #BlackHistory #CulturalHeritage
Gullah Geechee History Unveiled,"Unlock the rich heritage of the Gullah Geechee people with Encyclopedia Volume 50. Discover their language, traditions, and resilience. Essential for cultural enthusiasts, historians, and educators. Explore Gullah Geechee culture today!",https://gullahgeecheebiz.com/shop.html,,#GullahGeechee #AfricanAmericanHistory #CulturalHeritage
Uncover Your Gullah Purpose,"Discover your authentic path through Gullah Geechee wisdom. This inspiring book helps you find meaning, connect with heritage, and live a purpose-driven life. Perfect for spiritual growth and self-discovery.",https://gullahgeecheebiz.com/shop.html,,#GullahGeechee #PurposeDriven #SelfDiscovery
Gullah Geechee Confidence Boost,"Unlock your inner strength with this empowering guide rooted in Gullah Geechee wisdom. Learn to build unshakeable confidence, embrace your heritage, and thrive. Discover self-belief, personal growth, and resilience.",https://gullahgeecheebiz.com/shop.html,,#GullahGeechee #ConfidenceBoost #SelfImprovement
Gullah Geechee Morning Mastery,"Unlock a vibrant Gullah Geechee-inspired morning routine! This book offers practical tips for a peaceful, productive start. Learn to thrive with ancestral wisdom & modern habits. #GullahGeecheeLife #MorningRoutine",https://gullahgeecheebiz.com/shop.html,,#GullahGeechee #MorningRoutine #SelfCare
"Beat Imposter Syndrome, Gullah Style","Unlock your potential with Gullah Geechee wisdom. This book empowers you to overcome imposter syndrome, embrace your heritage, and thrive. Learn practical strategies for self-doubt and confidence building. Discover your inner strength!",https://gullahgeecheebiz.com/shop.html,,#GullahGeechee #ImposterSyndrome #SelfEmpowerment
Radical Self-Care: Gullah Geechee Wisdom,"Unlock ancient Gullah Geechee practices for deep, holistic self-care. Reclaim your peace & power. #GullahGeechee #SelfCare #Wellness",https://gullahgeecheebiz.com/shop.html,,#GullahGeechee #SelfCareJourney #HolisticWellness
"Set Boundaries, Live Freely!","Learn to set healthy boundaries the Gullah Geechee way. This book empowers you to protect your peace, honor your spirit, and build stronger relationships. Reclaim your power & thrive!",https://gullahgeecheebiz.com/shop.html,,#GullahGeechee #HealthyBoundaries #SelfCare
"Break Bad Habits, Gullah Way!","Unlock ancient Gullah Geechee wisdom to permanently ditch those habits holding you back. This empowering guide offers practical, soulful strategies for lasting change. #GullahGeechee #BadHabits #SelfImprovement",https://gullahgeecheebiz.com/shop.html,,#GullahGeecheeWisdom #HabitBreaking #MindfulLiving
Gullah Gratitude: Daily Joy!,"Unlock daily joy with Gullah Geechee wisdom! This book teaches you simple, powerful gratitude practices rooted in rich cultural heritage. Cultivate peace, abundance, and a thankful heart. #GullahGeechee #GratitudeBook #Mindfulness",https://gullahgeecheebiz.com/shop.html,,#GullahGeechee #DailyGratitude #MindfulnessJourney
"Calm Your Mind, Naturally",Discover Gullah Geechee wisdom for natural anxiety relief. Learn ancient practices and herbal remedies to find peace and wellness. Your natural path to calm starts here!,https://gullahgeecheebiz.com/shop.html,,#GullahGeechee #NaturalAnxietyRelief #HerbalRemedies
Gullah Geechee Emotional Growth,"Unlock the wisdom of Gullah Geechee culture to cultivate your emotional intelligence. Learn practical strategies for self-awareness, empathy, and resilience. Transform your life with this insightful guide. #GullahGeechee #EmotionalIntelligence #PersonalGrowth",https://gullahgeecheebiz.com/shop.html,,#GullahGeecheeCulture #EmotionalWellness #SelfImprovement
Heal Your Spirit: Gullah Wisdom,Discover powerful Gullah Geechee insights for self-forgiveness and moving forward. Embrace inner peace & emotional healing with this transformative book. Start your journey today!,https://gullahgeecheebiz.com/shop.html,,#GullahGeechee #SelfForgiveness #HealYourSpirit
Gullah Geechee Motivation Daily,"Unlock daily motivation with Gullah Geechee wisdom! This book offers practical tips and inspiring stories to keep you focused and driven. Discover ancient traditions for modern success. Stay motivated, stay strong!",https://gullahgeecheebiz.com/shop.html,,#GullahGeechee #DailyMotivation #InspirationalReads
Gullah Resilience: Thrive & Overcome,"Unlock powerful Gullah Geechee wisdom for building unwavering resilience. Learn traditional strategies to navigate challenges, find strength, and overcome adversity. A must-read for personal growth and empowerment.",https://gullahgeecheebiz.com/shop.html,,#GullahGeechee #Resilience #PersonalGrowth
Gullah Geechee Mindful Living,"Unlock inner peace & ancestral wisdom with ""How to Practice Mindful Living."" Discover Gullah Geechee traditions for stress relief, calm, and joy. Learn practical mindfulness techniques and connect with your roots.",https://gullahgeecheebiz.com/shop.html,,#GullahGeechee #MindfulLiving #AncestralWisdom
Gullah Wisdom: Ditch Perfection!,Discover peace in letting go with Gullah Geechee wisdom. This book offers practical steps and cultural insights to help you overcome perfectionism and embrace self-acceptance. Find joy and freedom!,https://gullahgeecheebiz.com/shop.html,,#GullahGeechee #Perfectionism #SelfAcceptance
Find Your Purpose: Mission Statement,"Unlock your personal potential with this Gullah Geechee-inspired guide to crafting a powerful mission statement. Discover your values, set clear goals, and live with intention. Essential for personal growth and success!",https://gullahgeecheebiz.com/shop.html,,#PersonalMission #GullahGeechee #PurposeDriven
"Grow Your Mind, Gullah Geechee Way!","Unlock your potential with Gullah Geechee wisdom! This book guides you to develop a powerful growth mindset, overcome challenges, and achieve your dreams. Learn resilience, cultural strength, and personal development.",https://gullahgeecheebiz.com/shop.html,,#GrowthMindset #GullahGeechee #PersonalGrowth
Handle Criticism Like a Pro,"Unlock Gullah Geechee wisdom to navigate tough feedback. Learn graceful communication, build resilience, and transform criticism into growth. Essential guide for personal and professional development.",https://gullahgeecheebiz.com/shop.html,,#GullahGeecheeWisdom #CommunicationSkills #PersonalGrowth
Gullah Geechee Wisdom: Inner Peace,"Unlock ancient Gullah Geechee wisdom for a calmer, more centered you. Discover practical techniques rooted in culture to find inner peace and joy. Start your journey to serenity today! #GullahGeechee #InnerPeace #Mindfulness",https://gullahgeecheebiz.com/shop.html,,#GullahGeechee #InnerPeace #Mindfulness
Stop People-Pleasing: Gullah Wisdom,"Reclaim your power with Gullah Geechee insights! This book offers practical steps to overcome people-pleasing, set boundaries, and live authentically. Discover self-worth and inner peace. #SelfCare #Boundaries #Empowerment",https://gullahgeecheebiz.com/shop.html,,#GullahGeechee #PeoplePleasing #SelfWorth
Find Your True Gullah Geechee Self,"Unlock your authentic self with this empowering Gullah Geechee book. Discover wisdom, embrace heritage, and live a life aligned with your unique spirit. Self-discovery awaits!",https://gullahgeecheebiz.com/shop.html,,#GullahGeechee #AuthenticSelf #SelfDiscovery
Gullah Geechee Self-Compassion,"Unlock ancient Gullah Geechee wisdom for a kinder you. Learn to practice self-compassion, reduce stress, and find peace with this empowering book. Discover gentle self-care techniques rooted in rich cultural heritage.",https://gullahgeecheebiz.com/shop.html,,#GullahGeechee #SelfCompassion #Mindfulness
"Manifest Your Dreams, Gullah Style!",Unlock your potential with this Gullah Geechee guide to vision boards! Learn to visualize and achieve your goals with ancestral wisdom. Create a vision board that truly works!,https://gullahgeecheebiz.com/shop.html,,#VisionBoard #GullahGeechee #ManifestYourDreams
Gullah Discipline for Daily Wins,"Unlock your potential with Gullah Geechee wisdom! This book teaches practical daily discipline strategies for a focused, productive life. Build habits, achieve goals, and thrive with ancient Gullah principles. Start your journey today!",https://gullahgeecheebiz.com/shop.html,,#GullahGeechee #DailyDiscipline #SelfImprovement
"Conquer Fear, Gullah Geechee Way!","Unlock your potential with Gullah Geechee wisdom. This book provides powerful strategies to overcome fear of failure, embrace resilience, and achieve your dreams. Discover a path to personal growth and success, inspired by rich cultural heritage. #GullahGeechee #FearOfFailure #PersonalGrowth",https://gullahgeecheebiz.com/shop.html,,#GullahGeechee #FearOfFailure #PersonalGrowth
Patience from Gullah Wisdom,"Unlock ancient Gullah Geechee secrets to cultivate patience & inner peace. Discover mindful living, resilience, and joy through ancestral teachings. A timeless guide for a calmer you. ✨",https://gullahgeecheebiz.com/shop.html,,#GullahGeechee #CultivatePatience #MindfulLiving
Intentional Gullah Geechee Living,"Discover the wisdom of Gullah Geechee culture to live a life of purpose and intention. This book guides you through practical steps for mindful living, community connection, and honoring heritage. Embrace your best life!",https://gullahgeecheebiz.com/shop.html,,#GullahGeechee #IntentionalLiving #CulturalWisdom
Gullah Geechee Side Hustle Secrets!,"Unlock your potential with 'How to Start a Side Hustle,' specifically tailored for the Gullah Geechee community. Discover unique, culturally relevant business ideas, practical tips, and resources to build financial independence. Start your entrepreneurial journey today! #GullahGeechee #SideHustle #SmallBusiness",https://gullahgeecheebiz.com/shop.html,,#GullahGeechee #SideHustleIdeas #FinancialFreedom
Build Your Gullah Brand: A Guide,"Unlock your unique Gullah Geechee voice and build a powerful personal brand. This book offers practical strategies for creative entrepreneurs, artists, and community leaders to shine. Learn to share your story, grow your influence, and honor your heritage.",https://gullahgeecheebiz.com/shop.html,,#GullahGeechee #PersonalBranding #Entrepreneurship
Gullah Geechee Biz Plan Guide!,Unlock your entrepreneurial dreams! This Gullah Geechee-inspired guide helps you craft a winning business plan. Learn key strategies for success. Perfect for aspiring Gullah Geechee entrepreneurs and community builders. Start your business journey today!,https://gullahgeecheebiz.com/shop.html,,#GullahGeechee #BusinessPlan #Entrepreneurship
Gullah Geechee Social Media Secrets,"Unlock powerful social media marketing strategies rooted in Gullah Geechee wisdom! Learn to connect authentically, grow your brand, and thrive online. Perfect for small businesses & entrepreneurs.",https://gullahgeecheebiz.com/shop.html,,#GullahGeechee #SocialMediaMarketing #BlackOwnedBusiness
Launch Your Online Course!,"Dreaming of sharing your knowledge? This Gullah Geechee guide helps you create, market, and profit from your own online course. Learn the secrets to a successful launch!",https://gullahgeecheebiz.com/shop.html,,#OnlineCourse #GullahGeechee #CourseCreation
Win Grants: Gullah Geechee Guide,"Unlock funding for your Gullah Geechee projects! This book, 'How to Write a Winning Grant Proposal,' offers practical strategies, tips, and insights specific to the Gullah Geechee community. Secure the grants you need today!",https://gullahgeecheebiz.com/shop.html,,#GullahGeechee #GrantWriting #NonprofitFunding
"Grow Your Email List, Gullah Style!",Unlock the secrets to building a vibrant email list from zero! This Gullah Geechee-inspired guide offers actionable tips & strategies for entrepreneurs & creators. Start connecting with your audience today!,https://gullahgeecheebiz.com/shop.html,,#EmailMarketing #GullahGeechee #ListBuildingTips
"Price Right, Profit More!",Unlock the secrets to profitable pricing with our Gullah Geechee-inspired guide! Learn effective strategies to value your products and services. Maximize your income & grow your business today!,https://gullahgeecheebiz.com/shop.html,,#PricingStrategy #SmallBusinessTips #GullahGeechee
Network Like a Gullah Geechee Pro!,"Unlock powerful networking secrets from the Gullah Geechee community. Build authentic connections, grow your influence, and master the art of professional relationships. Learn to network with heart and heritage. #GullahGeechee #NetworkingTips #CareerGrowth",https://gullahgeecheebiz.com/shop.html,,#GullahGeechee #NetworkingTips #CareerGrowth
Gullah Biz Finance Secrets!,"Unlock financial wisdom passed down through generations. This Gullah Geechee guide empowers entrepreneurs with practical business finance tips, budgeting strategies, and wealth-building principles. Master your money, Gullah-style!",https://gullahgeecheebiz.com/shop.html,,#GullahGeechee #BusinessFinance #BlackOwnedBusiness
Speak Like a Gullah Geechee Pro!,"Unlock your voice with 'How to Master Public Speaking' – a Gullah Geechee inspired guide. Boost confidence, improve communication skills, and captivate any audience. Learn effective public speaking techniques and overcome stage fright. Essential for aspiring speakers!",https://gullahgeecheebiz.com/shop.html,,#PublicSpeaking #GullahGeechee #CommunicationSkills
Master Gullah Geechee Negotiation!,"Unlock the secrets to getting what you want! This Gullah Geechee guide teaches powerful negotiation techniques for better deals, stronger relationships, and cultural understanding. Learn practical strategies today!",https://gullahgeecheebiz.com/shop.html,,#GullahGeechee #NegotiationSkills #BookRecommendation
Remote Team Success: Gullah Wisdom,"Unlock the secrets to a thriving remote team with this unique Gullah Geechee-inspired guide. Learn leadership, communication, & culture building for distributed teams. #remotework #teammanagement #virtualteams",https://gullahgeecheebiz.com/shop.html,,#GullahGeechee #RemoteLeadership #TeamBuilding
Grow Your Gullah Geechee Biz!,"Unlock the secrets to scaling your Gullah Geechee small business! Learn practical strategies for growth, community engagement, and financial success. Empower your entrepreneurial journey today!",https://gullahgeecheebiz.com/shop.html,,#GullahGeecheeBiz #SmallBusinessGrowth #Entrepreneurship
Gullah Funnel Marketing Secrets!,"Unlock Gullah Geechee insights for your marketing funnel! Learn to attract, engage, and convert with culturally-rich strategies. Boost your business & reach new audiences. Perfect for entrepreneurs & small businesses seeking unique growth. Start building your successful funnel today!",https://gullahgeecheebiz.com/shop.html,,#GullahGeechee #MarketingFunnel #SmallBusinessTips
AI for Your Business: Gullah Style!,"Unlock the power of AI to transform your business! This Gullah Geechee guide makes artificial intelligence accessible and practical for entrepreneurs. Learn strategies, tools, and innovative applications. Boost efficiency, creativity, and growth. #GullahGeechee #BusinessAI #TechForGrowth",https://gullahgeecheebiz.com/shop.html,,#GullahGeechee #BusinessAI #SmallBusinessTech
Gullah Geechee Loyalty Secrets,Unlock the wisdom of Gullah Geechee culture to build unshakeable customer loyalty. Discover time-honored principles for genuine connections & thriving businesses. A must-read for entrepreneurs!,https://gullahgeecheebiz.com/shop.html,,#GullahGeechee #CustomerLoyalty #BusinessTips
Gullah Geechee Time Mastery Guide,"Unlock ancient wisdom for modern productivity! Learn effective time management techniques rooted in Gullah Geechee culture. Boost focus, reduce stress, and reclaim your day. A unique approach to productivity from a rich heritage.",https://gullahgeecheebiz.com/shop.html,,#GullahGeechee #TimeManagement #ProductivityTips
Gullah Sales Funnel Secrets,Unlock sales success with Gullah Geechee wisdom! Learn how to build a powerful sales funnel that converts. This book merges traditional insights with modern marketing strategies. Perfect for entrepreneurs & small businesses seeking growth. #SalesFunnel #GullahGeechee #MarketingTips,https://gullahgeecheebiz.com/shop.html,,#GullahGeechee #SalesFunnel #MarketingStrategy
Gullah Geechee Strategic Partnerships,"Unlock the secrets of building powerful partnerships with this insightful Gullah Geechee guide. Learn traditional wisdom for collaboration, community, and business growth. Essential for entrepreneurs & leaders!",https://gullahgeecheebiz.com/shop.html,,#GullahGeechee #StrategicPartnerships #BusinessGrowth
Email Marketing Mastery: Gullah Secrets,"Unlock powerful email marketing strategies with this unique Gullah Geechee-inspired guide. Boost your open rates, engage your audience, and grow your business. Perfect for small businesses & entrepreneurs!",https://gullahgeecheebiz.com/shop.html,,#EmailMarketingTips #GullahGeechee #SmallBusinessGrowth
Gullah Geechee Brand Style Guide,"Unlock the secrets to building a powerful, consistent Gullah Geechee brand! Learn how to craft an impactful style guide that honors your heritage and speaks to your audience. Essential for cultural entrepreneurs & creatives. #GullahGeechee #BrandStrategy",https://gullahgeecheebiz.com/shop.html,,#GullahGeechee #BrandStyleGuide #CulturalHeritage
Gullah Freelance Success Guide,"Unlock your potential! This Gullah Geechee-inspired guide shows you how to build a thriving freelance career from the ground up. Learn essential skills, find clients, and grow your business with practical advice and cultural wisdom. Start your freelance journey today!",https://gullahgeecheebiz.com/shop.html,,#GullahGeecheeFreelance #FreelanceSuccess #BlackOwnedBusiness
Gullah Geechee Copy That Sells!,Unlock the secrets of persuasive Gullah Geechee storytelling! Learn to write powerful copy that resonates and converts. This book blends traditional wisdom with modern marketing strategies. Perfect for entrepreneurs & creatives wanting to boost sales & connect authentically. #GullahGeechee #CopywritingTips #SellMore,https://gullahgeecheebiz.com/shop.html,,#GullahGeechee #CopywritingTips #MarketingStrategy
"Launch Your Product, Gullah Style!","Unlock the secrets of a successful product launch with our Gullah Geechee-inspired guide. Learn strategic planning, marketing tips, and cultural insights for a impactful release. Get your copy today!",https://gullahgeecheebiz.com/shop.html,,#ProductLaunch #GullahGeechee #BusinessStrategy
"Grow Your Brand, Gullah Geechee Way!","Unlock the secrets to building a vibrant brand community, inspired by Gullah Geechee traditions of connection & resilience. Learn actionable strategies for engagement, storytelling, and lasting loyalty. Perfect for entrepreneurs & small businesses!",https://gullahgeecheebiz.com/shop.html,,#GullahGeechee #BrandCommunity #Entrepreneurship
LinkedIn for Business Success!,"Unlock the power of LinkedIn for your business! Learn strategies, grow your network, and generate leads with this essential guide. Master LinkedIn marketing today!",https://gullahgeecheebiz.com/shop.html,,#LinkedInTips #BusinessGrowth #SocialMediaMarketing
Map Customer Journeys: Grow Biz!,"Unlock business growth with a Gullah Geechee approach to customer journey mapping. Learn to understand your customers, enhance their experience, and boost your sales. This essential guide helps small business owners thrive. Optimize your marketing strategy today!",https://gullahgeecheebiz.com/shop.html,,#CustomerJourney #SmallBizTips #GullahGeechee
Gullah Geechee Biz Secrets!,"Unlock the power of Gullah Geechee entrepreneurship! Learn to build a thriving subscription business with this essential guide. Discover cultural insights, practical strategies, and community-driven success. Perfect for aspiring founders & heritage lovers.",https://gullahgeecheebiz.com/shop.html,,#GullahGeechee #SubscriptionBusiness #Entrepreneurship
Grow Your Biz: Referral Program!,Unlock the power of word-of-mouth with this Gullah Geechee guide to building a booming referral program! Learn strategies to attract more customers and boost your business. Perfect for entrepreneurs & small business owners.,https://gullahgeecheebiz.com/shop.html,,#ReferralMarketing #SmallBusinessTips #GullahGeechee
Gullah Geechee Digital Empire!,"Unlock the secrets to building a thriving digital product empire with this essential guide, rooted in Gullah Geechee entrepreneurship. Learn strategies for creating and selling online products. Perfect for aspiring digital entrepreneurs & cultural innovators. #GullahGeechee #DigitalProducts #Entrepreneurship #OnlineBusiness",https://gullahgeecheebiz.com/shop.html,,#GullahGeechee #DigitalProducts #OnlineBusiness
Plan Your Business Exit Now!,"Don't get caught unprepared! This Gullah Geechee guide helps you create a robust business exit strategy. Learn to maximize value, ensure a smooth transition, and secure your legacy. Essential for business owners looking to sell, retire, or pass on their ventures. #BusinessSuccess #Entrepreneurship",https://gullahgeecheebiz.com/shop.html,,#BusinessExitStrategy #GullahGeechee #SmallBusiness
Gullah Red Rice: Your New Fave Recipe!,Unlock the secrets to authentic Gullah Red Rice! This cookbook makes mastering this flavorful Lowcountry dish easy. Learn traditional methods and spice blends for perfect results every time. Taste the heritage!,https://gullahgeecheebiz.com/shop.html,,#GullahGeechee #RedRiceRecipe #LowcountryCooking
Gullah Geechee Cornbread Secret!,"Unlock the authentic taste of Southern cornbread! This Gullah Geechee cookbook reveals traditional scratch recipes passed down through generations. Learn the secrets to fluffy, flavorful cornbread every time. Perfect for home bakers!",https://gullahgeecheebiz.com/shop.html,,#GullahGeechee #SouthernCooking #CornbreadRecipe
Gullah Geechee Fish Fry Secrets!,Unlock the authentic taste of the Gullah Geechee Lowcountry with this essential guide. Learn traditional recipes and techniques for frying the perfect fish every time. A must-have for Southern food lovers and home cooks!,https://gullahgeecheebiz.com/shop.html,,#GullahGeechee #FriedFish #SouthernCooking
Gullah Geechee Shrimp & Grits!,Unlock the secrets to authentic Gullah Geechee Shrimp and Grits! This essential cookbook shares traditional recipes and rich culinary heritage. Learn to make this Lowcountry classic perfectly every time. #GullahGeechee #ShrimpAndGrits #Cookbook,https://gullahgeecheebiz.com/shop.html,,#GullahGeechee #ShrimpAndGrits #LowcountryCooking
Gullah Geechee Sweet Potato Pie 🥧,"Unlock the secrets of traditional Gullah Geechee cooking! Learn to bake the most delicious, authentic sweet potato pie recipe. A taste of heritage in every bite. Perfect for dessert lovers!",https://gullahgeecheebiz.com/shop.html,,#GullahGeechee #SweetPotatoPie #SouthernCooking
Gullah Geechee Hoppin' John Recipe,"Unlock the secrets of traditional Gullah Geechee Hoppin' John! This cookbook shares authentic recipes, stories, and the rich history behind this New Year's Day classic. Bring good fortune to your table!",https://gullahgeecheebiz.com/shop.html,,#HoppinJohn #GullahGeechee #NewYearsFood
Perfect Gullah Collard Greens!,"Unlock the secrets to amazing Gullah Geechee collard greens! This book shares authentic recipes, tips, and traditions for the best Southern greens. Taste the heritage!",https://gullahgeecheebiz.com/shop.html,,#GullahGeechee #CollardGreens #SouthernCooking
Bake Gullah Geechee Benne Wafers!,"Unlock the secrets of Gullah Geechee cuisine! Learn to make traditional, buttery benne wafers with this easy-to-follow cookbook. Authentic flavors & heritage recipes await. Perfect for baking enthusiasts!",https://gullahgeecheebiz.com/shop.html,,#BenneWafers #GullahGeechee #SouthernBaking
Gullah Geechee Cooking Secrets!,"Unlock the rich flavors of Gullah Geechee cuisine! This book teaches you how to prepare authentic okra and tomatoes, connecting you to generations of tradition. Perfect for foodies and culinary explorers!",https://gullahgeecheebiz.com/shop.html,,#GullahGeechee #SouthernCooking #OkraRecipes
Gullah Tea Cakes: Sweet Tradition!,"Unlock the secrets to authentic Gullah Geechee tea cakes! This book shares traditional recipes, heritage, and the rich history behind these delicious, buttery treats. Perfect for bakers & history lovers!",https://gullahgeecheebiz.com/shop.html,,#GullahGeechee #TeaCakes #SouthernRecipes
Lowcountry Boil: Gullah Style!,"Unlock the secrets of authentic Gullah Geechee Lowcountry Boil! This cookbook brings you traditional recipes, rich flavors & cultural heritage. Perfect for seafood lovers & Southern cooking enthusiasts. Get your copy today!",https://gullahgeecheebiz.com/shop.html,,#LowcountryBoil #GullahGeechee #SouthernCooking
Gullah Geechee Pickled Shrimp!,"Unlock the secrets of Gullah Geechee cuisine! Learn to make traditional pickled shrimp with this easy, authentic recipe. Taste the Lowcountry!",https://gullahgeecheebiz.com/shop.html,,#GullahGeechee #PickledShrimp #SouthernCuisine
Gullah Buttermilk Cornbread Recipe!,"Unlock the secrets to authentic Gullah Geechee Buttermilk Cornbread! This easy, traditional recipe brings the rich flavors of the Lowcountry to your table. Perfect for family dinners & soul food nights. Learn how to bake delicious, moist cornbread today!",https://gullahgeecheebiz.com/shop.html,,#GullahGeechee #ButtermilkCornbread #SoulFood
Gullah Boiled Peanuts: Recipe!,"Unlock the secrets of traditional Gullah Geechee boiled peanuts! This book shares an authentic, easy-to-follow recipe for a true Southern snack. Learn how to make delicious boiled peanuts from scratch. #GullahGeechee #SouthernFood #BoiledPeanuts",https://gullahgeecheebiz.com/shop.html,,#GullahGeechee #BoiledPeanutsRecipe #SouthernCooking
Gullah Cabbage: Soul Food Secret!,"Unlock the authentic taste of Gullah Geechee cuisine! Learn to cook delicious Gullah cabbage with our easy-to-follow book. Flavorful, traditional recipes await you. #GullahGeechee #SouthernCooking #SoulFood",https://gullahgeecheebiz.com/shop.html,,#GullahGeechee #CabbageRecipes #SoulFood
Southern Mac & Cheese Secrets!,"Master the art of Gullah Geechee mac and cheese! Learn authentic Southern techniques, rich flavors, and creamy perfection. This cookbook is your guide to delicious comfort food. #SouthernCooking #MacAndCheese",https://gullahgeecheebiz.com/shop.html,,#GullahGeechee #MacAndCheeseRecipe #SouthernFood
Gullah Chicken Soup: Soulful Sips,"Unlock the secrets of authentic Gullah Geechee cuisine! This book teaches you how to prepare traditional, flavorful Gullah Chicken Soup. Easy recipes for a taste of the Lowcountry. Perfect for home cooks and foodies alike!",https://gullahgeecheebiz.com/shop.html,,#GullahGeechee #ChickenSoupRecipe #SouthernCooking
Gullah Geechee Rice Pudding Secrets!,Unlock the authentic taste of the Lowcountry with this Gullah Geechee rice pudding recipe book! Learn traditional cooking methods and celebrate rich heritage. #GullahGeechee #RicePudding #SouthernCooking,https://gullahgeecheebiz.com/shop.html,,#GullahGeechee #RicePudding #SouthernCooking
Gullah Pork Chop Magic: Cook This!,"Unlock the secrets of authentic Gullah Geechee cuisine! This cookbook teaches you to make succulent, flavorful pork chops with traditional recipes. A must-have for Southern food lovers and home cooks. Dive into rich heritage today!",https://gullahgeecheebiz.com/shop.html,,#GullahGeecheeFood #SouthernCooking #PorkChopRecipe
Gullah Potato Salad Recipe!,"Unlock the authentic taste of the Gullah Geechee Lowcountry with this amazing potato salad recipe book! Learn to make this creamy, flavorful dish, perfect for family gatherings. #GullahGeechee #SouthernFood",https://gullahgeecheebiz.com/shop.html,,#GullahGeechee #PotatoSalad #SouthernRecipes
Gullah Benne Chicken: Your New Fave!,"Unlock the secrets of Gullah Geechee cuisine with 'How to Cook Benne Chicken.' Discover authentic flavors, heritage recipes & delicious lowcountry meals. Perfect for foodies!",https://gullahgeecheebiz.com/shop.html,,#GullahGeechee #BenneChicken #SouthernCooking
Gullah Breakfast Recipes: A Taste of History!,"Unlock the secrets of traditional Gullah Geechee breakfast! This cookbook features authentic recipes, cultural insights, and heartwarming stories. Perfect for home cooks and foodies. Explore heritage through delicious meals!",https://gullahgeecheebiz.com/shop.html,,#GullahGeechee #SouthernCooking #BreakfastRecipes
Preserve Summer Veggies Gullah Way!,"Unlock Gullah Geechee secrets for preserving your garden's bounty! Learn traditional methods to save summer vegetables, reduce waste, and enjoy fresh flavors all year. Easy, delicious food preservation! #GullahGeechee #FoodPreservation #GardenTips",https://gullahgeecheebiz.com/shop.html,,#GullahGeechee #FoodPreservation #SummerHarvest
Gullah Geechee Cast Iron Secrets!,"Unlock the rich flavors of Gullah Geechee cuisine with this essential cast iron cookbook! Learn traditional techniques, savory recipes, and master your skillet. Perfect for home cooks and foodies seeking authentic Southern dishes. #GullahGeechee #CastIronCooking",https://gullahgeecheebiz.com/shop.html,,#GullahGeechee #CastIronCooking #SouthernCooking
Easy One-Pot Gullah Meals,"Unlock the rich flavors of Gullah Geechee cuisine! Learn to cook authentic, delicious, and easy one-pot meals. Perfect for busy weeknights and soulful family dinners. Get your cookbook today!",https://gullahgeecheebiz.com/shop.html,,#GullahGeechee #OnePotMeals #SouthernCooking
Gullah Geechee Seasonal Cooking,"Unlock the secrets of Lowcountry flavors! Learn to cook delicious, seasonal Gullah Geechee dishes. Authentic recipes & ingredients guide for a true taste of the South.",https://gullahgeecheebiz.com/shop.html,,#GullahGeechee #LowcountryCooking #SeasonalRecipes
Gullah Sauces & Seasonings Guide,Unlock the authentic flavors of Gullah Geechee cuisine! Learn to make vibrant sauces and savory seasonings from scratch. Elevate your cooking with traditional recipes and bring the taste of the Lowcountry to your kitchen. Perfect for foodies and home cooks!,https://gullahgeecheebiz.com/shop.html,,#GullahGeechee #SouthernCooking #HomemadeSauces
Gullah Desserts: Sweet Traditions,"Unlock the secrets of Gullah Geechee baking! Discover authentic, delicious dessert recipes passed down through generations. Learn how to bake Gullah cakes, pies, and more. A must-have cookbook for Southern food lovers and bakers!",https://gullahgeecheebiz.com/shop.html,,#GullahGeechee #SouthernDesserts #BakingRecipes
Gullah Holiday Feasts Made Easy!,"Unlock the secrets of authentic Gullah Geechee holiday cooking! This cookbook shares traditional recipes, vibrant stories, and cultural insights for memorable feasts. Perfect for foodies & culture lovers. #GullahGeechee #HolidayCooking #SoulFood",https://gullahgeecheebiz.com/shop.html,,#GullahGeechee #HolidayCooking #SoulFoodRecipes
Gullah Seafood Magic!,"Unlock the secrets of Gullah Geechee cuisine! Master authentic seafood recipes, from shrimp & grits to she-crab soup. Explore the rich flavors and heritage of the Lowcountry. #GullahCooking",https://gullahgeecheebiz.com/shop.html,,#GullahGeechee #SeafoodRecipes #LowcountryFood
Gullah Soups & Stews: Get Recipes!,"Unlock the secrets of authentic Gullah Geechee cuisine! This cookbook features delicious, traditional recipes for soups and stews. Perfect for home cooks and foodies exploring rich Southern flavors. Dive into culinary heritage!",https://gullahgeecheebiz.com/shop.html,,#GullahGeechee #SouthernCooking #SoupRecipes
Gullah Sides: Flavorful & Easy!,"Unlock the secrets of Gullah Geechee cuisine! Learn to make traditional, delicious side dishes that will transport your taste buds. Perfect for home cooks & foodies. #GullahGeechee #SouthernFood",https://gullahgeecheebiz.com/shop.html,,#GullahGeechee #SouthernCooking #SoulFoodRecipes
Gullah Breads: Bake Tradition!,"Unlock the secrets of Gullah Geechee baking! This cookbook teaches you how to make authentic, delicious Gullah breads, from cornbread to sweet potato bread. Explore rich culinary heritage and traditional recipes. Perfect for home bakers!",https://gullahgeecheebiz.com/shop.html,,#GullahGeechee #GullahCookbook #TraditionalBaking
Gullah Veggies: Cook Authentic,"Unlock the secrets of Gullah Geechee cooking! Learn traditional recipes for delicious, soulful vegetables. Discover heritage flavors & healthy eating. Get your copy today!",https://gullahgeecheebiz.com/shop.html,,#GullahGeechee #SouthernCooking #VegetableRecipes
Find Your Gullah Geechee Purpose,"Unlock your true calling with this inspiring Gullah Geechee guide! Discover spiritual wisdom, cultural insights, and practical steps to find your purpose and live authentically. Perfect for self-discovery and personal growth.",https://gullahgeecheebiz.com/shop.html,,#GullahGeechee #FindYourPurpose #SelfDiscovery
Gullah Power: Unshakeable Confidence!,Unlock your inner strength with this Gullah Geechee-inspired guide. Build lasting self-esteem and overcome doubts. Practical tips for a confident you! #GullahGeechee #SelfConfidence #Empowerment,https://gullahgeecheebiz.com/shop.html,,#GullahGeechee #SelfConfidence #Empowerment
Master Your Gullah Geechee Mornings!,"Unlock a powerful morning routine inspired by Gullah Geechee wisdom. Boost productivity, find peace, and start your day strong. Learn how to master your morning with ancient traditions and modern tips.",https://gullahgeecheebiz.com/shop.html,,#GullahGeechee #MorningRoutine #ProductivityTips
Conquer Imposter Syndrome NOW!,"Feeling like a fraud? This Gullah Geechee-inspired guide helps you overcome imposter syndrome & embrace your authentic self. Boost confidence, banish self-doubt, & thrive. Practical tips for personal growth & mental wellness.",https://gullahgeecheebiz.com/shop.html,,#ImposterSyndrome #GullahGeechee #SelfConfidence
Radical Self-Care: Gullah Geechee Wisdom,"Unlock deep healing & self-love with Gullah Geechee inspired radical self-care practices. Discover your inner peace, set boundaries, and thrive. #SelfCareJourney #GullahGeecheeHealing",https://gullahgeecheebiz.com/shop.html,,#GullahGeechee #RadicalSelfCare #BlackAuthors
"Break Bad Habits, Gullah Geechee Way!","Unlock the secrets to lasting change with this Gullah Geechee-inspired guide. Learn how to transform your life, break free from old patterns, and cultivate positive habits for good. Self-improvement, personal growth, habits.",https://gullahgeecheebiz.com/shop.html,,#BadHabits #GullahGeechee #SelfImprovement
Daily Gratitude: Gullah Geechee Way,"Unlock daily gratitude inspired by Gullah Geechee wisdom. This book guides you to cultivate thankfulness, find joy, and embrace a richer life. Start your journey today!",https://gullahgeecheebiz.com/shop.html,,#GullahGeechee #GratitudeJournal #Mindfulness
"Master Your Emotions, Grow Your EI","Unlock the secrets to emotional intelligence with our new Gullah Geechee-inspired guide! Learn practical strategies to understand, manage, and express your emotions effectively. Develop empathy, improve relationships, and thrive personally & professionally. ✨ #EmotionalIntelligence #GullahGeecheeWisdom #SelfImprovement",https://gullahgeecheebiz.com/shop.html,,#EmotionalIntelligence #GullahGeechee #SelfImprovement
Heal & Grow: Forgive Yourself,"Discover powerful Gullah Geechee wisdom for self-forgiveness and moving forward. Learn practical steps to release guilt, embrace healing, and find peace. Start your journey to a happier you today!",https://gullahgeecheebiz.com/shop.html,,#SelfForgiveness #GullahGeechee #HealingJourney
Gullah Resilience: Thrive Through Tough Times,"Unlock ancient Gullah Geechee wisdom to build unshakeable resilience. This powerful guide helps you navigate challenges, foster strength, and find peace in adversity. Learn practical strategies for emotional well-being and personal growth. #GullahGeechee #Resilience",https://gullahgeecheebiz.com/shop.html,,#GullahGeechee #Resilience #SelfHelpBooks
Gullah Geechee Mindful Living Guide,"Discover mindful living through the wisdom of Gullah Geechee culture. This book offers practical tips for peace, presence, and balance. Embrace a mindful journey, reconnect with ancestral traditions, and cultivate inner calm. Perfect for those seeking tranquility and spiritual growth.",https://gullahgeecheebiz.com/shop.html,,#GullahGeechee #MindfulLiving #SpiritualGrowth
"Ditch Perfectionism, Find Joy","Release the grip of perfectionism with this empowering Gullah Geechee-inspired guide. Learn practical steps to embrace progress, reduce stress, and live authentically. Find your freedom today!",https://gullahgeecheebiz.com/shop.html,,#Perfectionism #SelfHelpBook #GullahGeechee
Craft Your Life's Purpose,"Unlock your potential with our Gullah Geechee-inspired guide to creating a personal mission statement. Discover your values, set clear goals, and live with intention. This KDP draft helps you find your purpose and build a fulfilling life. Start your journey today!",https://gullahgeecheebiz.com/shop.html,,#PersonalMission #GullahGeechee #LifePurpose
Master Criticism Gracefully,Learn Gullah Geechee wisdom for handling criticism with peace & strength. This guide offers practical tips and spiritual insights to transform negative feedback into growth. Embrace a resilient mindset!,https://gullahgeecheebiz.com/shop.html,,#GullahGeechee #Criticism #PersonalGrowth
"Build Stronger Bonds, Gullah Geechee Way","Unlock the secrets to healthy relationships with Gullah Geechee wisdom. Learn communication, trust, and love. #GullahGeechee #Relationships #SelfImprovement",https://gullahgeecheebiz.com/shop.html,,#GullahGeechee #RelationshipGoals #LoveAndConnection
Find Your Peace: Gullah Wisdom,"Unlock inner tranquility with Gullah Geechee wisdom. This book guides you to calm, resilience, and spiritual harmony. Discover ancient practices for modern peace. Perfect for mindfulness and self-care journeys.",https://gullahgeecheebiz.com/shop.html,,#GullahGeechee #InnerPeace #Mindfulness
Break Free from People-Pleasing,"Tired of putting others first? This Gullah Geechee-inspired guide empowers you to set boundaries, build self-worth, and reclaim your power. Learn to say NO and live authentically. Stop people-pleasing today!",https://gullahgeecheebiz.com/shop.html,,#PeoplePleasing #GullahGeechee #SelfWorth
Embrace Your Authentic Self!,"Unlock your true potential with this inspiring Gullah Geechee book. Discover wisdom and practical steps to embrace your authentic self, build confidence, and live your best life. #GullahGeechee #SelfHelp #AuthenticLiving",https://gullahgeecheebiz.com/shop.html,,#GullahGeechee #AuthenticSelf #SelfImprovement
Gullah Wisdom: Life Transitions,"Unlock Gullah Geechee insights for navigating life's changes. Find strength, resilience, and wisdom to embrace new beginnings. Your guide to thriving through transition.",https://gullahgeecheebiz.com/shop.html,,#GullahGeechee #LifeTransitions #PersonalGrowth
Self-Compassion: Gullah Wisdom,"Discover the power of self-compassion with this insightful Gullah Geechee guide. Learn to cultivate kindness, self-care, and inner peace. Embrace ancestral wisdom for a resilient spirit. ✨ #GullahGeechee #SelfCompassion #MindfulnessBook",https://gullahgeecheebiz.com/shop.html,,#GullahGeechee #SelfCompassion #Mindfulness
Gullah Geechee Mental Toughness!,"Unlock your inner strength with this Gullah Geechee-inspired guide to mental toughness. Build resilience, conquer challenges, and thrive. Learn powerful strategies for a strong mind. #GullahGeechee #MentalToughness #Resilience",https://gullahgeecheebiz.com/shop.html,,#GullahGeechee #MentalToughness #Resilience
Manifest Dreams: Gullah Vision Board,Unlock your potential with this Gullah Geechee-inspired guide! Learn how to create a powerful vision board that truly works to manifest your dreams and goals. Embrace ancestral wisdom for a vibrant future. #VisionBoard #Manifestation #GullahGeechee,https://gullahgeecheebiz.com/shop.html,,#GullahGeechee #VisionBoard #ManifestYourDreams
Daily Discipline: Gullah Geechee Wisdom,"Unlock daily discipline with Gullah Geechee wisdom! This book offers practical strategies & timeless cultural insights for building habits, boosting productivity, and achieving your goals. Transform your life with consistent effort and a powerful mindset. Learn to develop daily discipline the Gullah Geechee way.",https://gullahgeecheebiz.com/shop.html,,#DailyDiscipline #GullahGeechee #SelfImprovement
Beat Fear of Failure: Gullah Wisdom,"Unlock your potential with Gullah Geechee insights! This book helps you overcome fear of failure, build resilience, and find success. Learn practical strategies for personal growth and empowerment. #GullahGeechee #PersonalDevelopment",https://gullahgeecheebiz.com/shop.html,,#GullahGeechee #OvercomeFear #SelfHelp
"Grow Patience, Gullah Geechee Way!","Unlock ancient wisdom for modern stress. This Gullah Geechee guide teaches you how to cultivate patience, find inner peace, and thrive in challenging times. Learn valuable life lessons for a calmer, more fulfilling life. #GullahGeechee #PatienceBook #Mindfulness",https://gullahgeecheebiz.com/shop.html,,#GullahGeechee #CultivatePatience #MindfulnessBook
"Live Intentionally, Gullah Style!","Unlock ancient wisdom for modern living. This Gullah Geechee guide helps you find purpose, set goals, and live with intention every single day. Transform your life with this powerful book!",https://gullahgeecheebiz.com/shop.html,,#GullahGeechee #LiveIntentionally #PurposefulLiving
Start Your Gullah Geechee Side Hustle!,"Unlock your potential with 'KDP Draft – How to Start a Side Hustle'! This book, rooted in Gullah Geechee wisdom, guides you to financial freedom. Learn practical steps to launch profitable ventures, preserve culture, and build generational wealth. Perfect for entrepreneurs & dreamers!",https://gullahgeecheebiz.com/shop.html,,#GullahGeechee #SideHustle #Entrepreneurship
"Build Your Brand, Gullah Geechee Way!","Unlock your unique story & build a powerful personal brand! This KDP Draft helps you stand out, authentically. Learn strategies for brand building, storytelling, and impactful presence. Start your journey today!",https://gullahgeecheebiz.com/shop.html,,#PersonalBranding #GullahGeechee #AuthorTips
Gullah Geechee Business Plan Guide,Unlock your entrepreneurial dreams with our Gullah Geechee-inspired guide to crafting a powerful business plan. Start your thriving venture today!,https://gullahgeecheebiz.com/shop.html,,#GullahGeechee #BusinessPlan #Entrepreneurship
Master Social Media: Gullah-Style!,"Unlock social media marketing secrets with this Gullah Geechee-inspired guide! Learn strategies for growth, engagement, and online success. Perfect for entrepreneurs & small businesses. Get your copy today!",https://gullahgeecheebiz.com/shop.html,,#SocialMediaMarketing #GullahGeechee #SmallBusinessTips
Win Grants: Gullah Geechee Guide,Unlock funding opportunities for your Gullah Geechee projects! Learn to write a winning grant proposal with this essential guide. Maximize your chances of success. #GullahGeechee #GrantWriting #Funding,https://gullahgeecheebiz.com/shop.html,,#GullahGeechee #GrantWriting #Funding
Email List from Scratch: KDP Guide,"Unlock KDP success! Learn to build your email list from scratch with this beginner-friendly guide. Essential strategies for authors, self-publishers, and marketers. Boost your book sales!",https://gullahgeecheebiz.com/shop.html,,#KDPSuccess #EmailMarketing #AuthorTips
Pricing Secrets: Gullah Geechee Guide,Unlock fair pricing for your products or services with this KDP Draft. Learn Gullah Geechee wisdom for sustainable business growth & profit. Perfect for entrepreneurs & small businesses seeking pricing strategies.,https://gullahgeecheebiz.com/shop.html,,#GullahGeechee #PricingStrategy #KDPDraft
Network Like a Pro (Gullah Geechee),"Unlock the secrets to powerful networking with this essential guide! Learn actionable strategies to build meaningful connections, elevate your career, and thrive. Perfect for aspiring professionals and entrepreneurs. Discover your Gullah Geechee networking advantage!",https://gullahgeecheebiz.com/shop.html,,#GullahGeechee #NetworkingTips #CareerGrowth
Gullah Biz Finance Made Easy!,"Unlock financial freedom with this guide tailored for Gullah Geechee entrepreneurs. Learn to manage your business finances, set budgets, and grow your wealth. Essential financial tips for small businesses and cultural preservation.",https://gullahgeecheebiz.com/shop.html,,#GullahGeechee #BusinessFinance #SmallBizTips
Gullah Geechee Content Strategy,"Unlock your brand's voice with a powerful Gullah Geechee content strategy! This book guides you through creating engaging content, connecting with your audience, and mastering SEO. Perfect for small businesses, creatives, and anyone looking to share their story. Start building your digital presence today!",https://gullahgeecheebiz.com/shop.html,,#GullahGeechee #ContentStrategy #SmallBusiness
Website on a Budget: Gullah Style!,"Unlock the secrets to building a stunning website without breaking the bank! This Gullah Geechee-inspired guide offers practical, affordable tips for entrepreneurs and creatives. Learn web design, SEO basics, and grow your online presence economically.",https://gullahgeecheebiz.com/shop.html,,#WebsiteBudget #GullahGeechee #WebDesignTips
Master Public Speaking: Gullah Wisdom,"Unlock your voice with Gullah Geechee insights! This book, ""KDP Draft — How to Master Public Speaking,"" empowers you to speak with confidence, clarity, and cultural pride. Learn techniques for engaging audiences & conquering stage fright. #PublicSpeaking #GullahGeechee",https://gullahgeecheebiz.com/shop.html,,#PublicSpeakingTips #GullahGeechee #SpeakWithConfidence
Gullah Geechee Negotiating Secrets,"Unlock powerful Gullah Geechee negotiation strategies! Learn to secure better deals, advocate for yourself, and succeed in business & life. Master the art of negotiation with cultural wisdom. #GullahGeechee #NegotiationTips #BusinessSuccess",https://gullahgeecheebiz.com/shop.html,,#GullahGeechee #NegotiationSkills #Empowerment
"Build a Remote Team, Gullah Style!","Unlock the secrets to a thriving remote workforce with this unique guide, blending modern strategies with the rich cultural wisdom of the Gullah Geechee people. Learn to lead, connect, and empower your distributed team effectively. Discover remote work best practices and cultural insights for success.",https://gullahgeecheebiz.com/shop.html,,#RemoteTeam #GullahGeechee #TeamBuilding
"Scale Your Business, Gullah Style!",Unlock growth for your small business! Learn scaling secrets rooted in Gullah Geechee resilience & entrepreneurship. Actionable strategies for lasting success. #GullahGeechee #SmallBusiness #BusinessGrowth,https://gullahgeecheebiz.com/shop.html,,#GullahGeechee #SmallBusinessTips #Entrepreneurship
Gullah Geechee Book Marketing Funnel,Unlock success for your Gullah Geechee book! Learn to build an effective KDP marketing funnel. Drive sales & reach your target audience with our proven strategies. Perfect for authors and publishers. #KDPMarketing #BookPromotion #GullahGeechee,https://gullahgeecheebiz.com/shop.html,,#GullahGeechee #KDPmarketing #BookPromotion
AI for Your Business: Gullah Style,"Unlock Gullah Geechee insights for your business! Learn to use AI for marketing, strategy, and content creation. Boost your online presence and streamline operations with KDP Draft's guide. AI tools for entrepreneurs made easy!",https://gullahgeecheebiz.com/shop.html,,#AIBusiness #GullahGeechee #Entrepreneurship
Gullah Geechee Customer Loyalty,Unlock the secrets of Gullah Geechee culture to build lasting customer loyalty. This book offers unique strategies for small businesses & entrepreneurs. Learn community-focused marketing and genuine connection. #GullahGeecheeBusiness #CustomerLoyaltyTips #SmallBizSuccess,https://gullahgeecheebiz.com/shop.html,,#GullahGeecheeBusiness #CustomerLoyaltyTips #SmallBizSuccess
"Master Your Time, Gullah Geechee Way!","Unlock the secrets to effective time management with wisdom inspired by Gullah Geechee heritage. Boost productivity, reduce stress, and reclaim your day. Learn practical strategies for a balanced life.",https://gullahgeecheebiz.com/shop.html,,#TimeManagement #GullahGeechee #ProductivityTips
Gullah Geechee Sales Funnel Guide,"Unlock KDP success! This guide shows you how to build a powerful sales funnel specifically for Gullah Geechee books. Boost visibility, attract readers, and increase your book sales effectively. Start growing your author platform today!",https://gullahgeecheebiz.com/shop.html,,#KDPPublishing #GullahGeecheeBooks #SalesFunnel
Gullah Geechee Strategic Partnerships,"Unlock the power of collaboration with this guide to building strategic partnerships, inspired by Gullah Geechee resilience and community. Learn how to foster strong alliances and grow your endeavors. Essential for entrepreneurs & community leaders.",https://gullahgeecheebiz.com/shop.html,,#StrategicPartnerships #GullahGeechee #BusinessGrowth
Master Email Marketing Now!,"Unlock the secrets of effective email marketing with this essential guide! Learn strategies, build lists, and convert subscribers into loyal customers. Perfect for small businesses, entrepreneurs, and anyone ready to boost their online presence. #EmailMarketingTips #DigitalMarketingStrategy #OnlineBusiness",https://gullahgeecheebiz.com/shop.html,,#EmailMarketingTips #DigitalMarketingStrategy #OnlineBusiness
Brand Style Guide: Your KDP Success!,"Unlock your KDP potential! Learn to create a powerful brand style guide with this Gullah Geechee-inspired book. Define your aesthetic, voice, and design elements for consistent branding and standout book covers. Perfect for authors and self-publishers looking to elevate their brand presence.",https://gullahgeecheebiz.com/shop.html,,#KDPBranding #AuthorLife #SelfPublishingTips
Gullah Geechee Freelance Guide!,"Unlock your freelance potential with this Gullah Geechee-inspired guide! Learn how to build a successful freelance career from the ground up, embracing unique cultural perspectives and practical strategies. Perfect for creative entrepreneurs and aspiring freelancers.",https://gullahgeecheebiz.com/shop.html,,#GullahGeechee #FreelanceCareer #CreativeEntrepreneur
Write Copy That Sells on KDP!,"Unlock KDP success! Learn to write powerful, high-converting sales copy. Master Gullah Geechee-inspired marketing strategies for authors. Boost your book's sales today! #KDPsuccess #bookmarketing",https://gullahgeecheebiz.com/shop.html,,#KDP #CopywritingTips #BookMarketing
Launch Your Book Like a Pro!,"Master your KDP product launch! This Gullah Geechee guide helps authors create a winning book launch plan, increase visibility, and boost sales. Get expert strategies for self-published success. #BookLaunchStrategy #KDP #AuthorLife",https://gullahgeecheebiz.com/shop.html,,#KDPLaunch #AuthorMarketing #SelfPublishing
Build Your Brand's Gullah Geechee Tribe,"Unlock the secrets to building a vibrant and engaged community around your brand, inspired by the resilient spirit of the Gullah Geechee. Learn authentic strategies for connection, growth, and lasting impact. Perfect for entrepreneurs & creatives!",https://gullahgeecheebiz.com/shop.html,,#GullahGeechee #BrandCommunity #EntrepreneurTips
Master LinkedIn for Gullah Biz,"Unlock LinkedIn's power for your Gullah Geechee business! This book guides entrepreneurs on networking, brand building, and lead generation using LinkedIn strategies. Grow your business & cultural heritage online.",https://gullahgeecheebiz.com/shop.html,,#LinkedInForBusiness #GullahGeechee #SmallBizTips
Map Your Customer's Journey!,"Unlock success with our Gullah Geechee guide to customer journey mapping. Learn to create powerful customer journey maps for your business and boost engagement. Perfect for entrepreneurs, marketers, and small business owners!",https://gullahgeecheebiz.com/shop.html,,#CustomerJourney #GullahGeecheeBusiness #MarketingStrategy
Gullah Geechee Biz: Build Subscriptions,"Unlock the secrets to a thriving subscription business with this Gullah Geechee-inspired guide. Learn to cultivate recurring revenue, delight customers, and grow your brand. Perfect for entrepreneurs & small businesses!",https://gullahgeecheebiz.com/shop.html,,#SubscriptionBusiness #GullahGeechee #Entrepreneurship
Gullah Geechee Referral Program,"Unlock the power of community! Learn how to create a successful referral program rooted in Gullah Geechee cultural values. Perfect for authors, artists & small businesses. Maximize your reach & celebrate heritage.",https://gullahgeecheebiz.com/shop.html,,#GullahGeechee #ReferralProgram #SmallBusinessTips
Master Gullah Geechee Storytelling,"Unlock the power of Gullah Geechee business storytelling! Learn to captivate audiences, build connections, and grow your brand. Discover authentic strategies for impactful communication. #GullahGeechee #BusinessStorytelling #Entrepreneur",https://gullahgeecheebiz.com/shop.html,,#GullahGeechee #BusinessStorytelling #MarketingTips
Build Your Digital Product Empire Now!,"Unlock the secrets to building a thriving digital product empire with this essential guide! Learn strategies for creating and launching successful digital products, from eBooks to online courses. Perfect for aspiring entrepreneurs and creators. Start your digital product business today!",https://gullahgeecheebiz.com/shop.html,,#DigitalProducts #KDPBusiness #Entrepreneurship
Sell Your Business: Exit Strategy,Planning to sell your business? Learn to craft a powerful business exit strategy. This Gullah Geechee guide helps you maximize value & ensure a smooth transition. Don't leave money on the table!,https://gullahgeecheebiz.com/shop.html,,#BusinessExitStrategy #SellYourBusiness #GullahGeechee
Master Gullah Red Rice Tonight!,"Unlock the secrets to authentic Gullah Red Rice with this essential cookbook! Learn traditional recipes, cooking techniques, and the rich history behind this beloved Geechee dish. Perfect for home cooks and food enthusiasts alike. #GullahCuisine #RedRiceRecipe #SouthernCooking",https://gullahgeecheebiz.com/shop.html,,#GullahGeechee #RedRice #SouthernRecipes
Gullah Geechee Cornbread Secret!,Unlock authentic Southern flavor! This book shares traditional Gullah Geechee recipes for making cornbread from scratch. Learn heritage cooking techniques & delicious results. #GullahGeechee #SouthernCornbread,https://gullahgeecheebiz.com/shop.html,,#GullahGeechee #CornbreadRecipe #SouthernCooking
Fry the Perfect Gullah Fish!,"Unlock the secrets to perfectly fried fish with this Gullah Geechee cookbook. Discover traditional recipes, techniques, and flavors passed down through generations. Master the art of crispy, flavorful fish every time! A must-have for seafood lovers & heritage food enthusiasts.",https://gullahgeecheebiz.com/shop.html,,#GullahGeechee #FriedFish #Cookbook
Gullah Geechee Shrimp & Grits!,Unlock the secrets to authentic Gullah Geechee Shrimp and Grits! This KDP draft takes you step-by-step through a traditional recipe. Perfect for home cooks and food lovers seeking genuine Southern flavor. #GullahGeecheeCuisine,https://gullahgeecheebiz.com/shop.html,,#GullahGeechee #ShrimpAndGrits #SouthernCooking
Gullah Geechee Hoppin' John Recipe!,Unlock the secrets of authentic Gullah Geechee Hoppin' John! This cookbook shares traditional methods & stories. Perfect for New Year's & Southern cooking. #GullahGeechee #HoppinJohn #NewYearsRecipe,https://gullahgeecheebiz.com/shop.html,,#GullahGeechee #HoppinJohn #NewYearsRecipe
Gullah Geechee Collard Greens!,Unlock the secrets of authentic Gullah Geechee collard greens! Learn to cook this soulful dish the right way with our new cookbook. Master traditional flavors & techniques for delicious results. #GullahGeechee #SouthernCooking #CollardGreens,https://gullahgeecheebiz.com/shop.html,,#GullahGeechee #SouthernCooking #CollardGreens
Bake Gullah Benne Wafers Today!,Unlock the secrets of Gullah Geechee cuisine with our easy guide to making traditional Benne Wafers. Perfect for beginners and foodies alike! Get your copy now and taste history. #GullahGeechee #BenneWafers #SouthernRecipes #HomeBaking #CulturalFood #RecipeBook,https://gullahgeecheebiz.com/shop.html,,#GullahGeechee #BenneWafers #SouthernRecipes
Gullah Okra & Tomatoes: Cook it!,"Unlock the secrets of Gullah Geechee cooking! Learn to prepare delicious okra and tomatoes with this easy-to-follow guide. Authentic flavors, traditional techniques. #GullahGeechee #SoulFood",https://gullahgeecheebiz.com/shop.html,,#GullahGeechee #OkraRecipes #SoulFoodCooking
Gullah Tea Cakes: Authentic Recipe!,"Unlock the secrets of traditional Gullah Tea Cakes! This easy-to-follow book teaches you how to bake these delicious, historic treats. Perfect for home bakers & dessert lovers. #GullahGeechee #BakingRecipe #SouthernDessert",https://gullahgeecheebiz.com/shop.html,,#GullahGeechee #TeaCakeRecipe #SouthernBaking
Lowcountry Boil: Gullah Geechee Style,Master the art of authentic Lowcountry Boil with this easy-to-follow guide! Learn traditional Gullah Geechee cooking techniques & secret ingredients. Perfect for seafood lovers!,https://gullahgeecheebiz.com/shop.html,,#LowcountryBoil #GullahGeecheeFood #SeafoodRecipes
Gullah Geechee Pickled Shrimp!,"Unlock the secrets of Gullah Geechee cuisine! Learn to make authentic pickled shrimp with this easy-to-follow guide. Delicious, traditional seafood recipes await. #GullahGeechee #SouthernFood #SeafoodRecipes",https://gullahgeecheebiz.com/shop.html,,#GullahGeecheeFood #PickledShrimp #SouthernCooking
Gullah Buttermilk Cornbread Magic,"Unlock the secrets to authentic Gullah Geechee Buttermilk Cornbread! This easy-to-follow cookbook draft shares traditional recipes & baking tips for perfect, fluffy cornbread every time. Perfect for home bakers & Southern food lovers.",https://gullahgeecheebiz.com/shop.html,,#GullahGeechee #ButtermilkCornbread #SouthernCooking
Gullah Geechee Boiled Peanuts!,"Unlock the authentic taste of the South! Learn to make traditional Gullah Geechee boiled peanuts with this easy-to-follow guide. Perfect for a savory snack, cultural cooking, or sharing Southern heritage. Get your copy today!",https://gullahgeecheebiz.com/shop.html,,#BoiledPeanuts #GullahGeechee #SouthernCooking
Gullah Cabbage: Soul Food Secret!,Unlock the authentic flavors of the Lowcountry! Learn how to cook delicious Gullah cabbage with this easy-to-follow cookbook. Explore traditional Gullah Geechee recipes for a taste of heritage. Southern cooking awaits!,https://gullahgeecheebiz.com/shop.html,,#GullahGeecheeFood #SoulFoodRecipes #CabbageRecipes
Southern Mac & Cheese Secrets!,"Unlock the authentic taste of the South with this Gullah Geechee mac and cheese recipe! Learn traditional cooking techniques for creamy, cheesy perfection. Dive into Southern comfort food history & flavor. #SouthernCooking #MacAndCheese #GullahGeechee",https://gullahgeecheebiz.com/shop.html,,#GullahGeechee #SouthernComfortFood #MacAndCheeseRecipe
Gullah Chicken Soup: Soulful Taste,Unlock the secrets of authentic Gullah Geechee cuisine! Learn to make traditional chicken soup with this easy-to-follow guide. Rich flavors & heritage in every bowl. #GullahRecipes,https://gullahgeecheebiz.com/shop.html,,#GullahGeechee #ChickenSoup #SoulFood
Gullah Geechee Rice Pudding Recipe,"Discover the delicious tradition of Gullah Geechee rice pudding! This easy recipe teaches you how to make a creamy, comforting dessert rooted in rich heritage. Perfect for any sweet tooth!",https://gullahgeecheebiz.com/shop.html,,#GullahGeechee #RicePudding #SouthernDessert
Gullah Pork Chops: Taste the Tradition,Unlock the secrets of authentic Gullah Geechee cuisine! Learn to cook mouth-watering Gullah Pork Chops with this easy-to-follow guide. Explore rich flavors & cultural heritage. #GullahFood #PorkRecipes,https://gullahgeecheebiz.com/shop.html,,#GullahGeechee #SouthernCooking #PorkChops
Sweetgrass Lemonade Recipe!,"Discover the refreshing taste of Gullah Geechee Sweetgrass Lemonade! Learn how to make this unique, cultural drink with our easy-to-follow book. Perfect for summer sips & heritage exploration. #GullahGeechee #Sweetgrass #Lemonade",https://gullahgeecheebiz.com/shop.html,,#SweetgrassLemonade #GullahGeecheeCuisine #SouthernRecipes
Gullah Potato Salad Secrets Revealed!,"Unlock the authentic flavors of Gullah Geechee cuisine! Learn to make traditional potato salad with this easy, step-by-step guide. Perfect for your next gathering!",https://gullahgeecheebiz.com/shop.html,,#GullahGeechee #PotatoSaladRecipe #SouthernCooking
Gullah Benne Chicken Recipe!,"Unlock the secrets of Gullah Geechee cuisine with this delicious Benne Chicken recipe! Learn to cook this flavorful, historic dish from the Lowcountry. Authentic Gullah food awaits!",https://gullahgeecheebiz.com/shop.html,,#GullahGeechee #BenneChicken #SoulFood
Gullah Breakfast: Flavorful Mornings!,"Unlock the secrets of Gullah Geechee cuisine! Learn to prepare delicious, traditional Southern breakfasts with this easy-to-follow cookbook. Authentic recipes, cultural insights & flavorful starts to your day. #GullahGeechee #SouthernCooking",https://gullahgeecheebiz.com/shop.html,,#GullahGeechee #SouthernBreakfast #SoulFood
"Preserve Summer Veggies, Gullah Style!","Unlock Gullah Geechee secrets to preserving summer vegetables! Learn traditional canning, pickling, and drying methods. Heirloom recipes, sustainable living, and fresh flavors await. Get your copy today!",https://gullahgeecheebiz.com/shop.html,,#GullahGeechee #SummerPreservation #CanningRecipes
Master Gullah Cast Iron Cooking,"Unlock the secrets of Gullah Geechee cuisine with your cast iron! Learn traditional recipes, seasoning tips, and techniques for delicious, authentic meals. Perfect for foodies & home cooks.",https://gullahgeecheebiz.com/shop.html,,#GullahGeechee #CastIronCooking #SoulFood
Easy One-Pot Gullah Meals!,"Unlock the secrets of authentic Gullah Geechee cuisine with our new cookbook! Delicious, easy one-pot recipes for flavorful dinners. Taste the heritage!",https://gullahgeecheebiz.com/shop.html,,#GullahGeechee #OnePotMeals #SouthernCooking
"Lowcountry Cooking, Seasonal Delights","Unlock the secrets of Gullah Geechee cuisine! Learn to cook with fresh, seasonal Lowcountry ingredients. Authentic recipes for delicious, flavorful meals.",https://gullahgeecheebiz.com/shop.html,,#GullahGeecheeFood #LowcountryCooking #SeasonalEating
Gullah Sauces & Seasonings Cookbook!,"Unlock authentic Gullah Geechee flavors! Learn to craft delicious, traditional sauces and seasonings with this easy-to-follow cookbook. Perfect for home cooks and foodies. #GullahGeecheeCuisine #SouthernCooking #Flavorful",https://gullahgeecheebiz.com/shop.html,,#GullahGeechee #SouthernCooking #HomemadeSauces
Bake Gullah Desserts!,"Unlock the sweet secrets of Gullah Geechee cuisine! This cookbook features authentic, easy-to-follow recipes for traditional Gullah desserts. Perfect for home bakers and foodies alike. Get your copy today!",https://gullahgeecheebiz.com/shop.html,,#GullahGeechee #SouthernCooking #DessertRecipes
Gullah Holiday Feasts: Cookbook,"Unlock the secrets of Gullah Geechee holiday cooking! This cookbook shares authentic, delicious recipes for your festive table. Learn traditional dishes, flavors & stories. Perfect for home cooks & foodies. #GullahRecipes #HolidayFood",https://gullahgeecheebiz.com/shop.html,,#GullahGeechee #HolidayRecipes #SouthernCooking
Gullah Seafood Secrets Revealed!,"Unlock the rich flavors of Gullah Geechee cuisine! Learn to cook authentic Gullah seafood dishes with this must-have cookbook. Delicious recipes, cultural insights. #GullahGeechee",https://gullahgeecheebiz.com/shop.html,,#GullahGeechee #SeafoodRecipes #SouthernCooking
Gullah Soups & Stews Cookbook!,Unlock the rich flavors of Gullah Geechee cuisine! Learn to make traditional soups and stews with authentic recipes. Explore Gullah culture through delicious food. Perfect for home cooks!,https://gullahgeecheebiz.com/shop.html,,#GullahGeechee #SouthernCooking #Cookbook
Gullah Sides: Flavorful & Easy,"Unlock the secrets of Gullah Geechee cuisine! Learn to prepare authentic, mouth-watering Gullah side dishes with our easy-to-follow guide. Perfect for home cooks and foodies exploring African American culinary traditions. #GullahGeechee #SouthernCooking #SoulFood",https://gullahgeecheebiz.com/shop.html,,#GullahGeechee #SouthernCooking #SoulFoodRecipes
Bake Gullah Breads!,"Unlock the secrets of Gullah Geechee baking! Learn to make traditional, delicious Gullah breads with this easy-to-follow guide. Authentic recipes & rich cultural history inside. Perfect for home bakers!",https://gullahgeecheebiz.com/shop.html,,#GullahGeechee #SouthernCooking #BakingRecipes
Gullah Veggie Cookbook!,"Unlock the secrets of Gullah Geechee cooking! Discover authentic Gullah vegetable recipes, rich flavors, and cultural heritage. Easy-to-follow guide for delicious, healthy meals. Perfect for foodies & culture lovers!",https://gullahgeecheebiz.com/shop.html,,#GullahGeechee #SouthernCooking #VegetableRecipes
Gullah Geechee Biz Plan Guide,"Unlock your entrepreneurial potential with our Gullah Geechee business planning book. Learn to build successful ventures, preserve heritage, and thrive in your community. Essential strategies for Gullah Geechee entrepreneurs.",https://gullahgeecheebiz.com/shop.html,,#GullahGeechee #BusinessPlanning #Entrepreneurship
Gullah Geechee Camp Cooking!,"Unlock the secrets of Gullah Geechee cuisine! Discover delicious, authentic camp cooking recipes passed down through generations. Perfect for outdoor adventures or home kitchens. #GullahGeechee",https://gullahgeecheebiz.com/shop.html,,#GullahGeecheeFood #CampCooking #SouthernCuisine
Gullah Geechee Biz Guide!,"Unlock the secrets of Gullah Geechee community commerce! This essential guide explores sustainable economic practices, preserving heritage through business, and empowering local entrepreneurs. Discover unique traditions and how to support this vibrant culture. Perfect for those interested in cultural preservation, Black history, and local economies.",https://gullahgeecheebiz.com/shop.html,,#GullahGeechee #CommunityCommerce #BlackOwnedBusiness
Gullah Geechee Condiments!,"Unlock the vibrant flavors of Gullah Geechee cuisine! Discover unique, authentic condiment recipes passed down through generations. Elevate your meals with a taste of Lowcountry tradition. #GullahGeechee #CondimentRecipes #SouthernCooking",https://gullahgeecheebiz.com/shop.html,,#GullahGeechee #SouthernFood #CondimentRecipes
Gullah Geechee Microbusiness Guide,"Unlock your potential with this essential guide to Gullah Geechee microenterprise. Learn business strategies, cultural preservation, and economic empowerment for your community. Perfect for entrepreneurs & small business owners!",https://gullahgeecheebiz.com/shop.html,,#GullahGeechee #Microenterprise #SmallBusiness
Gullah Geechee One-Pot Wonders!,"Taste the Lowcountry! 🍽️ Discover delicious & easy Gullah Geechee one-pot meals. Perfect for quick weeknight dinners or flavorful weekend feasts. Authentic recipes, rich heritage. #SoulFood #SouthernCooking",https://gullahgeecheebiz.com/shop.html,,#GullahGeechee #OnePotMeals #SouthernRecipes
Gullah Geechee Abundance Secrets,"Unlock generations of wisdom! This Gullah Geechee book reveals how to cultivate true abundance in your life, rooted in tradition and community. Discover sustainable practices & timeless principles for a richer future. #GullahGeechee #AbundanceBook #CulturalWisdom",https://gullahgeecheebiz.com/shop.html,,#GullahGeechee #AbundanceBook #CulturalWisdom
"Build Connections, Gullah Geechee Way","Unlock the power of Gullah Geechee wisdom to foster deeper relationships and community. This book guides you through practical steps for connection, belonging, and cultural understanding. Discover traditions, storytelling, and heritage that strengthen bonds.",https://gullahgeecheebiz.com/shop.html,,#GullahGeechee #BuildConnection #CommunityLove
Unlock Your Child's Imagination!,"Spark creativity with this enchanting Gullah Geechee children's book, ""How to Build Imagination."" Explore rich culture and vibrant stories that inspire young minds to dream and discover. Perfect for kids' education and storytelling!",https://gullahgeecheebiz.com/shop.html,,#GullahGeechee #KidsBooks #Imagination
Simplicity: Gullah Geechee Wisdom,"Unlock ancient Gullah Geechee secrets to a simpler, more fulfilling life. Discover practical wisdom for mindful living, community building, and finding peace. #GullahGeechee #Simplicity",https://gullahgeecheebiz.com/shop.html,,#GullahGeechee #MindfulLiving #SimpleLife
Unlock Your Gullah Geechee Roots,"Discover the powerful stories & enduring spirit of Gullah Geechee culture. 'How to Build Surrender' offers deep insights into heritage, resilience, and community. Explore this essential book today!",https://gullahgeecheebiz.com/shop.html,,#GullahGeechee #CulturalHeritage #BookRecommendation
"Build Vulnerability, Gullah Way","Unlock deep connections with 'How to Build Vulnerability,' a Gullah Geechee guide. Explore ancestral wisdom, communication, and emotional growth. Discover authentic self-expression and strengthen relationships. Gullah Geechee insights for a richer life.",https://gullahgeecheebiz.com/shop.html,,#GullahGeechee #Vulnerability #EmotionalWellness
Unlock Your Gullah Geechee Zeal!,"Discover the vibrant spirit and resilience of the Gullah Geechee people in 'How to Build Zeal.' This inspiring book offers cultural insights, life lessons, and ancestral wisdom to ignite your passion and purpose. Embrace a journey of empowerment today!",https://gullahgeecheebiz.com/shop.html,,#GullahGeechee #CulturalBooks #Inspiration
Gullah Geechee Discipline Guide,"Unlock the secrets of Gullah Geechee parenting! This guide offers traditional wisdom for raising respectful, resilient children. Discover cultural insights, practical discipline tips, and strong family values. Perfect for parents seeking unique approaches to child-rearing. #GullahGeechee #ParentingTips",https://gullahgeecheebiz.com/shop.html,,#GullahGeechee #ParentingTips #ChildDiscipline
Gullah Geechee Unity Guide,"Unlock the power of Gullah Geechee culture for unity and community building. Explore traditions, resilience, and wisdom in this essential guide. A must-read for cultural enthusiasts and those seeking connection. Discover the heritage!",https://gullahgeecheebiz.com/shop.html,,#GullahGeechee #CulturalHeritage #UnityBook
Unlock Your Gullah Geechee Roots,"Discover the vibrant culture & heritage of the Gullah Geechee. This guide to yearning will connect you to traditions, history, and community. Explore your roots today!",https://gullahgeecheebiz.com/shop.html,,#GullahGeechee #Lowcountry #CulturalHeritage
Explore Gullah Geechee Lowcountry!,"Unlock the secrets of the Lowcountry! This book offers an authentic guide to Gullah Geechee culture, history, and vibrant traditions. Perfect for planning your next trip or learning more about this unique heritage. Dive deep into the heart of coastal Georgia & South Carolina.",https://gullahgeecheebiz.com/shop.html,,#GullahGeechee #LowcountryTravel #CulturalHeritage
Master Gullah Geechee Negotiation!,"Unlock the secrets of powerful negotiation with this essential guide. Learn Gullah Geechee-inspired strategies to secure better deals, boost your finances, and thrive in business and life. Get your copy today!",https://gullahgeecheebiz.com/shop.html,,#NegotiationSkills #GullahGeechee #BusinessTips
Sweetgrass Basket: Gullah Heritage,"Discover the rich history & vibrant culture of the Gullah Geechee people. This book explores resilience, traditions, and the artistry of sweetgrass baskets. A must-read for cultural enthusiasts!",https://gullahgeecheebiz.com/shop.html,,#GullahGeechee #SweetgrassBasket #CulturalHeritage
Gullah Geechee Appetizers: Taste It!,"Explore vibrant Gullah Geechee flavors with these easy, delicious appetizer recipes! Perfect for entertaining, these traditional dishes bring a taste of the Lowcountry to your table. Get your cookbook today!",https://gullahgeecheebiz.com/shop.html,,#GullahGeechee #AppetizerRecipes #SouthernCooking
Gullah Geechee Biz Planning!,"Unlock your entrepreneurial potential with Gullah Geechee Business Planning! This guide offers essential strategies, cultural insights, and practical steps for thriving businesses within the Gullah Geechee community and beyond. Build a legacy, starting today!",https://gullahgeecheebiz.com/shop.html,,#GullahGeechee #BusinessPlanning #Entrepreneurship
Gullah Geechee Commerce Secrets,"Unlock the rich history and vibrant economic traditions of the Gullah Geechee people. Discover entrepreneurial spirit, sustainable practices, and community wealth-building in this essential book. #GullahGeechee",https://gullahgeecheebiz.com/shop.html,,#GullahGeechee #BlackOwnedBusiness #CulturalHeritage
Gullah Geechee Condiments: Flavorful!,"Unlock the vibrant flavors of Gullah Geechee cuisine with this cookbook! Explore traditional condiments, spices, and sauces that define Lowcountry cooking. Perfect for foodies, home cooks, and anyone interested in rich culinary history and authentic Southern recipes.",https://gullahgeecheebiz.com/shop.html,,#GullahGeechee #SouthernCooking #CondimentRecipes
Gullah Geechee Marketing Secrets,Unlock the power of Gullah Geechee culture in digital marketing! Learn strategies for businesses & entrepreneurs to authentically connect with audiences. Grow your brand with cultural insights.,https://gullahgeecheebiz.com/shop.html,,#GullahGeechee #DigitalMarketing #CulturalMarketing
Gullah Geechee Wealth Secrets,"Unlock generations of financial wisdom! This essential book bridges traditional Gullah Geechee heritage with modern financial literacy. Learn budgeting, saving, and investing while honoring your roots. Build lasting wealth for your family and community. 🌴💰",https://gullahgeecheebiz.com/shop.html,,#GullahGeechee #FinancialLiteracy #BlackWealth
Gullah Geechee Job Creation,"Unlock economic empowerment within the Gullah Geechee community! This book explores sustainable job creation, preserving culture while fostering prosperity. Discover innovative strategies for growth and opportunity in this vibrant heritage.",https://gullahgeecheebiz.com/shop.html,,#GullahGeechee #JobCreation #EconomicEmpowerment
Gullah Geechee Meal Prep Made Easy,"Unlock the secrets of Gullah Geechee cuisine with delicious, healthy meal prep! Savor authentic flavors and simplify your week. Perfect for busy foodies and cultural enthusiasts. #GullahGeechee #SoulFood #MealPrep",https://gullahgeecheebiz.com/shop.html,,#GullahGeechee #MealPrepIdeas #SouthernCuisine
Taste Gullah Geechee Smoothies!,"Discover vibrant flavors with these refreshing Gullah Geechee-inspired smoothie recipes! Healthy, delicious, and bursting with tropical goodness. Perfect for a quick breakfast or a revitalizing snack. Explore Gullah Geechee culture through food!",https://gullahgeecheebiz.com/shop.html,,#GullahGeechee #SmoothieRecipes #HealthyDrinks
Gullah Geechee Determination Guide!,"Unlock the secrets of resilience and strength with 'The Gullah Geechee Guide to Determination.' Discover inspiring stories, cultural wisdom, and practical advice rooted in Gullah Geechee heritage for personal growth. Empower your spirit!",https://gullahgeecheebiz.com/shop.html,,#GullahGeechee #Determination #CulturalHeritage
Discipline with Gullah Wisdom,"Unlock the secrets of positive discipline with this essential guide rooted in Gullah Geechee culture. Learn timeless techniques for raising respectful, resilient children. Perfect for parents seeking cultural parenting strategies & effective discipline tools.",https://gullahgeecheebiz.com/shop.html,,#GullahGeechee #ParentingTips #Discipline
Harmony: Gullah Geechee Wisdom,"Unlock ancient Gullah Geechee secrets for a balanced life! Discover traditions, food, and community wisdom for harmony. Perfect for personal growth and cultural enrichment. #GullahGeechee",https://gullahgeecheebiz.com/shop.html,,#GullahGeechee #HarmonyGuide #CulturalWisdom
Gullah Geechee Unity Guide,"Unlock the power of Gullah Geechee culture & community. This guide offers insights into traditions, language, & resilience. Embrace heritage and build stronger bonds. A must-read for cultural enrichment!",https://gullahgeecheebiz.com/shop.html,,#GullahGeechee #CulturalHeritage #CommunityBuilding
Unlock Gullah Geechee Wisdom,Discover timeless proverbs & spiritual insights from the Gullah Geechee culture. This guide offers ancestral wisdom for modern life. Explore heritage & deepen understanding.,https://gullahgeecheebiz.com/shop.html,,#GullahGeechee #AncestralWisdom #CulturalHeritage
Build Unshakeable Faith (Gullah Way),Discover powerful Gullah Geechee wisdom for a stronger spirit. Learn how to build lasting faith and overcome life's challenges with this inspiring book. Connect with ancestral traditions and nurture your inner peace. #GullahGeechee #FaithBuilding,https://gullahgeecheebiz.com/shop.html,,#GullahGeechee #FaithBuilding #SpiritualGrowth
Build Joy the Gullah Geechee Way!,"Discover ""How to Build Joy,"" a heartwarming Gullah Geechee book. Learn ancestral wisdom, resilience, and traditions for a joyful life. ✨ Explore culture, community, and happiness. #GullahGeechee #JoyfulLiving #CulturalHeritage",https://gullahgeecheebiz.com/shop.html,,#GullahGeechee #JoyfulLiving #CulturalHeritage
"Build Reflection, Gullah Style!","Unlock the wisdom of Gullah Geechee culture with 'How to Build Reflection'. Discover ancestral stories, traditions, and self-discovery. A journey into heritage and mindfulness. Gullah Geechee, self-reflection, personal growth, mindfulness, cultural heritage.",https://gullahgeecheebiz.com/shop.html,,#GullahGeechee #SelfReflection #CulturalHeritage
Sip into Gullah Geechee Culture,"Discover the vibrant world of Gullah Geechee beverages! Explore traditional recipes, learn about their rich history, and taste the flavors of the Lowcountry. Perfect for foodies, history buffs, and anyone curious about Southern culinary traditions. #GullahGeechee",https://gullahgeecheebiz.com/shop.html,,#GullahGeechee #SouthernRecipes #CulturalDrinks
Gullah Geechee Adaptability Secrets,Unlock resilience with Gullah Geechee wisdom! This guide shares practical strategies for thriving through change. Discover rich cultural insights and time-tested principles for modern challenges. Perfect for personal growth and cultural exploration.,https://gullahgeecheebiz.com/shop.html,,#GullahGeechee #Adaptability #CulturalWisdom
Gullah Geechee History: Vol 4,"Unlock the rich tapestry of Gullah Geechee culture with Encyclopedia Volume 04. Dive into fascinating stories, traditions, and the enduring legacy of this vibrant community. Perfect for history buffs and culture enthusiasts!",https://gullahgeecheebiz.com/shop.html,,#GullahGeechee #AfricanAmericanHistory #CulturalHeritage
Gullah Geechee Customer Loyalty,"Unlock the secrets of building lasting customer loyalty, inspired by Gullah Geechee community wisdom. This book offers unique insights for businesses to foster deep connections and retention. Learn how to create devoted customers and a thriving business. #CustomerLoyalty",https://gullahgeecheebiz.com/shop.html,,#GullahGeechee #CustomerRetention #BusinessStrategy
"Ditch Perfectionism, Embrace Growth","Ready to break free from perfectionism? This Gullah Geechee-inspired book offers practical steps and unique perspectives to help you let go, embrace your journey, and find peace. Start your healing today!",https://gullahgeecheebiz.com/shop.html,,#PerfectionismRecovery #GullahGeechee #SelfHelpBook
Gullah Geechee Cornbread Secret!,"Unlock the authentic taste of the Lowcountry with this traditional Gullah Geechee cornbread recipe. Learn to bake Southern cornbread from scratch with a rich, historic flavor. Perfect for your next meal!",https://gullahgeecheebiz.com/shop.html,,#GullahGeechee #SouthernCornbread #ScratchBaking
Gullah Boiled Peanuts: Recipe!,Unlock the secrets of traditional Gullah Geechee boiled peanuts! This book shares authentic methods and rich history. Learn to make this Southern staple from scratch. Delicious & easy!,https://gullahgeecheebiz.com/shop.html,,#BoiledPeanuts #GullahGeechee #SouthernCooking
Gullah Geechee Appetizers: Taste It!,"Explore the vibrant flavors of Gullah Geechee cuisine with these delicious appetizer recipes. Perfect for parties, gatherings, or a taste of tradition! Authentic, easy-to-follow recipes.",https://gullahgeecheebiz.com/shop.html,,#GullahGeechee #AppetizerRecipes #SouthernCooking
Gullah Tea Cakes: Sweet Heritage,"Unlock the secrets of Gullah Geechee baking! Learn to make authentic, delicious Gullah Tea Cakes with this easy-to-follow guide. Perfect for home bakers & foodies. #GullahGeechee #TeaCakes #BakingRecipe #SouthernCooking",https://gullahgeecheebiz.com/shop.html,,#GullahTeaCakes #GeecheeCuisine #SouthernBaking
Gullah Sales Funnel Secrets!,"Unlock the power of Gullah Geechee wisdom to build an unshakeable sales funnel. This unique book blends cultural heritage with modern business strategies, helping you attract customers, convert leads, and grow your enterprise. Discover authentic techniques for sustainable success.",https://gullahgeecheebiz.com/shop.html,,#GullahGeechee #SalesFunnel #BusinessGrowth
Gullah Geechee Hoppin' John Guide,"Unlock the secrets of authentic Gullah Geechee Hoppin' John! This book shares traditional recipes, cultural stories, and New Year's traditions. Perfect for home cooks and food history lovers. Learn to make this iconic dish!",https://gullahgeecheebiz.com/shop.html,,#GullahGeechee #HoppinJohn #NewYearsFood
Gullah Biz Plan Success!,Unlock your entrepreneurial dreams with our Gullah Geechee-focused business plan guide! Learn to craft a solid foundation for your venture. Perfect for aspiring Gullah Geechee entrepreneurs & small business owners. #GullahGeecheeBusiness #SmallBizTips,https://gullahgeecheebiz.com/shop.html,,#GullahGeechee #BusinessPlan #Entrepreneurship
Unlock Gullah Geechee Success!,"Discover the power of Gullah Geechee networking! This book offers unique strategies for building connections, fostering community, and achieving your goals within and beyond the Gullah Geechee culture. Learn how to leverage traditional wisdom for modern success. Get your copy today!",https://gullahgeecheebiz.com/shop.html,,#GullahGeechee #NetworkingTips #CulturalHeritage
"Lowcountry Cooking, Seasonal & Delicious","Unlock the secrets of Gullah Geechee cuisine! This cookbook guides you through delicious, seasonal recipes using fresh Lowcountry ingredients. Perfect for home cooks and foodies alike. #GullahGeechee #LowcountryFood",https://gullahgeecheebiz.com/shop.html,,#GullahGeechee #LowcountryRecipes #SeasonalCooking
Gullah Red Rice: Master the Recipe!,"Unlock the secrets to authentic Gullah Red Rice! This cookbook teaches you step-by-step how to make perfect, flavorful Gullah Geechee cuisine. Delicious & easy!",https://gullahgeecheebiz.com/shop.html,,#GullahGeechee #RedRiceRecipe #SouthernCooking
Gullah Geechee Dignity Revealed,"Unlock the rich heritage of the Gullah Geechee people. This essential guide explores their history, culture, and resilience. Discover traditions, language, and the vibrant spirit of the Lowcountry. A must-read for cultural enthusiasts and history buffs!",https://gullahgeecheebiz.com/shop.html,,#GullahGeechee #CulturalHeritage #Lowcountry
Gullah Geechee Mindful Living,"Discover peace & wisdom with 'How to Practice Mindful Living' – a Gullah Geechee guide. Embrace ancestral practices for stress relief, inner calm, and a more fulfilling life. Unlock ancient secrets today!",https://gullahgeecheebiz.com/shop.html,,#GullahGeechee #MindfulLiving #AncestralWisdom
Heal & Grow: Forgive Yourself,Unlock self-forgiveness and embrace a brighter future. This Gullah Geechee-inspired guide offers powerful steps to let go of the past and thrive. Start your journey to healing and peace today. #GullahGeechee #SelfForgiveness #HealingJourney,https://gullahgeecheebiz.com/shop.html,,#GullahGeechee #SelfForgiveness #HealingJourney
Patience: Gullah Geechee Wisdom,"Unlock tranquility with 'How to Cultivate Patience,' a KDP Draft rooted in Gullah Geechee heritage. Learn practical steps to embrace calm, reduce stress, and find inner peace. Discover mindful living through ancestral wisdom.",https://gullahgeecheebiz.com/shop.html,,#GullahGeechee #Patience #MindfulLiving
Gullah Geechee Social Media Guide,"Unlock the secrets to digital success with this Gullah Geechee-inspired social media marketing book! Learn authentic strategies to grow your brand, connect with your audience, and boost your online presence. Perfect for entrepreneurs & small businesses.",https://gullahgeecheebiz.com/shop.html,,#GullahGeechee #SocialMediaMarketing #DigitalMarketingTips
Gullah Geechee Vision Board Guide,Unlock your dreams with this Gullah Geechee-inspired vision board guide! Learn how to create a powerful vision board that truly works. Manifest your goals & transform your life. #gullahgeechee #visionboard #manifestation,https://gullahgeecheebiz.com/shop.html,,#GullahGeechee #VisionBoard #ManifestYourDreams
Build Zeal: Gullah Geechee Wisdom,"Unlock ancient Gullah Geechee wisdom to ignite your passion and purpose. Discover practical steps for building zeal, resilience, and spiritual strength. A guide to a fulfilling life rooted in rich cultural heritage. #GullahGeechee #CulturalHeritage #SelfImprovement",https://gullahgeecheebiz.com/shop.html,,#GullahGeechee #SelfImprovement #CulturalWisdom
Radical Self-Care: Gullah Geechee Way,"Unlock ancient wisdom for modern self-care. Learn powerful Gullah Geechee practices to nourish your mind, body, and spirit. Find peace & resilience.",https://gullahgeecheebiz.com/shop.html,,#GullahGeechee #SelfCareBook #RadicalSelfCare
Break Bad Habits: Gullah Way!,"Unlock lasting change with Gullah Geechee wisdom! This book offers practical, soulful strategies to overcome bad habits & cultivate positive living. Transform your life, Gullah style. #HabitBreakthrough #GullahWisdom #SelfImprovement",https://gullahgeecheebiz.com/shop.html,,#BadHabits #GullahGeechee #SelfHelp
Southern Mac & Cheese: Gullah Style!,"Unlock the secrets to the best homemade Southern Mac and Cheese! This cookbook, inspired by Gullah Geechee traditions, shares authentic recipes and techniques for a creamy, cheesy, and irresistible dish. Perfect for family meals & potlucks!",https://gullahgeecheebiz.com/shop.html,,#SouthernMacAndCheese #GullahGeecheeFood #MacAndCheeseRecipe
Gullah Geechee Cornbread Secret!,"Unlock the authentic taste of Southern heritage with this Gullah Geechee cookbook! Learn to make fluffy, golden cornbread from scratch with traditional recipes and stories. Perfect for home cooks and foodies wanting to explore Gullah Geechee culture.",https://gullahgeecheebiz.com/shop.html,,#GullahGeechee #SouthernCooking #CornbreadRecipe
Gullah Geechee Biz Plan Guide,"Unlock your entrepreneurial dreams with this Gullah Geechee KDP draft guide! Learn to create a powerful business plan, rooted in Gullah Geechee culture. Perfect for small businesses, startups, and community ventures. #BlackOwnedBusiness",https://gullahgeecheebiz.com/shop.html,,#GullahGeechee #BusinessPlan #Entrepreneurship
Plan Your Business Exit Now!,Don't get caught off guard! Learn to craft a smart business exit strategy with this essential guide. Maximize value & secure your future. Perfect for entrepreneurs & small business owners.,https://gullahgeecheebiz.com/shop.html,,#BusinessExitStrategy #EntrepreneurTips #SellYourBusiness
Gullah Cast Iron Mastery!,"Unlock delicious Gullah Geechee flavors with this cast iron cooking guide! Learn traditional recipes, seasoning tips, and how to perfect your skillet. Essential for home cooks & foodies. #GullahGeechee #CastIronCooking",https://gullahgeecheebiz.com/shop.html,,#GullahGeechee #CastIronCooking #SouthernCooking
Boost Your EQ: Gullah Geechee Wisdom,"Unlock emotional intelligence with this insightful book rooted in Gullah Geechee heritage. Learn practical skills for emotional regulation, empathy, and strong relationships. Perfect for personal growth and mindful living. #EmotionalIntelligence #GullahGeechee #PersonalGrowth",https://gullahgeecheebiz.com/shop.html,,#EmotionalIntelligence #GullahGeechee #PersonalGrowth
Gullah Potato Salad Secrets!,"Unlock the authentic taste of the Lowcountry! This cookbook shares traditional Gullah Geechee recipes for creamy, flavorful potato salad. Learn the culinary heritage and savor every bite. Perfect for family gatherings, potlucks, and anyone who loves Southern comfort food. #GullahRecipes #PotatoSalad",https://gullahgeecheebiz.com/shop.html,,#GullahGeechee #SouthernCooking #PotatoSaladRecipe
Gullah Geechee Business Boost!,"Unlock the power of Gullah Geechee microenterprises! This book is your guide to cultural entrepreneurship, sustainable economic development, and preserving heritage. Perfect for small businesses and community builders.",https://gullahgeecheebiz.com/shop.html,,#GullahGeechee #Microenterprise #SmallBusiness
Gullah Geechee Cornbread Secret!,"Unlock the authentic taste of Gullah Geechee Buttermilk Cornbread! This book shares traditional recipes and family secrets for the perfect, moist, and flavorful cornbread. Learn to bake it like a true Geechee. #GullahGeechee #Cornbread #SouthernCooking",https://gullahgeecheebiz.com/shop.html,,#GullahGeechee #CornbreadRecipe #SouthernFood
"Price Your Biz, Gullah Geechee Way!",Unlock smart pricing strategies from a Gullah Geechee perspective! Learn to value your work & grow your business. Essential guide for entrepreneurs and small businesses. #PricingStrategy #SmallBizTips,https://gullahgeecheebiz.com/shop.html,,#GullahGeecheeBiz #PricingTips #EntrepreneurLife
Gullah Geechee Business Success!,"Launch and grow your Gullah Geechee business dreams! This essential guide provides practical business planning strategies tailored for the Gullah Geechee community, preserving heritage while building wealth. Start your entrepreneurial journey today!",https://gullahgeecheebiz.com/shop.html,,#GullahGeechee #BusinessPlanning #Entrepreneurship
Gullah Geechee Grit & Wisdom,Unlock the power of determination with the Gullah Geechee spirit! This guide shares inspiring stories and practical wisdom from a rich cultural heritage. Embrace resilience and achieve your dreams. #GullahGeechee #Determination #CulturalHeritage,https://gullahgeecheebiz.com/shop.html,,#GullahGeechee #Determination #CulturalHeritage
"Grow Patience, Gullah Wisdom Way!","Unlock ancient Gullah Geechee secrets to cultivating deep patience. This book offers practical steps and spiritual insights for a calmer, more resilient life. Embrace enduring strength. #GullahGeechee #Patience #SelfHelp #Mindfulness",https://gullahgeecheebiz.com/shop.html,,#GullahGeechee #CultivatePatience #SpiritualGrowth
Gullah Freelance Career Guide,"Unlock your potential with this Gullah Geechee guide to building a successful freelance career! Learn strategies, find opportunities, and thrive in the gig economy. Perfect for creative entrepreneurs seeking financial freedom. Your journey starts here!",https://gullahgeecheebiz.com/shop.html,,#GullahGeechee #FreelanceTips #GigEconomy
Gullah Geechee Biz Secrets!,"Unlock the power of Gullah Geechee microenterprises! This book offers vital insights, strategies, and cultural wisdom for entrepreneurs. Perfect for business owners & those exploring Gullah Geechee heritage. #SmallBiz",https://gullahgeecheebiz.com/shop.html,,#GullahGeechee #Microenterprise #SmallBusiness
Gullah Geechee: Biz & Culture Guide,"Unlock the secrets of Gullah Geechee community commerce! Explore resilient traditions, sustainable practices, and vibrant enterprises rooted in this unique heritage. A must-read for cultural enthusiasts & business minds.",https://gullahgeecheebiz.com/shop.html,,#GullahGeechee #CommunityCommerce #CulturalHeritage
Embrace Your Authentic Gullah Self,"Discover your true self through the rich heritage of Gullah Geechee culture. This book offers a transformative journey to authenticity, self-love, and empowerment. Perfect for personal growth and cultural exploration.",https://gullahgeecheebiz.com/shop.html,,#GullahGeechee #AuthenticSelf #SelfDiscovery
Gullah Lowcountry Boil Made Easy!,Unlock the secrets of authentic Gullah Geechee Lowcountry Boil! This book teaches you traditional recipes & cooking techniques for a flavorful seafood feast. Perfect for home cooks & foodies exploring Southern cuisine. Get your copy now!,https://gullahgeecheebiz.com/shop.html,,#LowcountryBoil #GullahGeechee #SouthernCooking
Gullah Breakfast Recipes Await!,"Unlock the secrets of Gullah Geechee cooking! This book teaches you how to make authentic, delicious Gullah breakfast dishes. Explore traditional flavors, easy recipes, and cultural heritage. Perfect for foodies and home cooks!",https://gullahgeecheebiz.com/shop.html,,#GullahGeechee #SouthernFood #BreakfastRecipes
Gullah Geechee Collard Greens Secret!,Unlock the authentic taste of the Lowcountry! Learn how to cook mouthwatering Gullah Geechee collard greens with this essential cookbook. Perfect for soul food lovers & Southern cuisine enthusiasts.,https://gullahgeecheebiz.com/shop.html,,#GullahGeecheeFood #CollardGreensRecipe #SoulFood
Gullah Geechee Copy Secrets Revealed!,"Unlock powerful copywriting techniques rooted in Gullah Geechee storytelling. Learn to write copy that connects, persuades, and sells with authentic voice and cultural wisdom. Perfect for entrepreneurs & marketers!",https://gullahgeecheebiz.com/shop.html,,#GullahGeechee #CopywritingTips #CulturalMarketing
Gullah Morning: Master Your Day,"Unlock the secrets to a powerful morning with this Gullah Geechee-inspired guide. Learn mindful routines, traditional wisdom, and practical tips for a purposeful start. Transform your mornings, transform your life. #GullahGeechee #MorningRoutine #Wellness",https://gullahgeecheebiz.com/shop.html,,#GullahGeechee #MorningRoutine #MindfulLiving
"Ditch Bad Habits, Gullah Style!",Unlock lasting change with ancient wisdom! This Gullah Geechee guide helps you break bad habits forever. Discover practical steps & cultural insights for real transformation. #GullahGeechee #SelfImprovement #HabitBreaking,https://gullahgeecheebiz.com/shop.html,,#GullahGeechee #BreakBadHabits #SelfGrowth
Gullah Geechee Discipline Guide,"Unlock your daily potential with Gullah Geechee wisdom! This book, ""KDP Draft — How to Develop Daily Discipline,"" offers practical strategies and cultural insights to build strong habits. Achieve your goals with discipline, focus, and a touch of heritage.",https://gullahgeecheebiz.com/shop.html,,#GullahGeechee #DailyDiscipline #SelfImprovement
Gullah Gratitude: Daily Joy!,"Unlock daily peace & joy with Gullah Geechee wisdom. This book guides you to cultivate gratitude, find happiness, and connect with your roots. Perfect for personal growth and spiritual well-being.",https://gullahgeecheebiz.com/shop.html,,#GullahGeechee #DailyGratitude #Mindfulness
Sweetgrass Basket: Gullah Heritage,"Discover the rich history & culture of the Gullah Geechee people in this captivating book, 'Sweetgrass Basket.' Explore traditions, art, and resilience. Perfect for history buffs & cultural explorers!",https://gullahgeecheebiz.com/shop.html,,#GullahGeechee #SweetgrassBasket #CulturalBooks
Unlock Your Gullah Purpose!,"Discover your life's calling with this insightful Gullah Geechee book. Explore spiritual wisdom, cultural heritage, and practical steps to find purpose and meaning. Perfect for personal growth and empowerment.",https://gullahgeecheebiz.com/shop.html,,#GullahGeechee #PurposeDriven #PersonalGrowth
Gullah Tea Cakes: Easy Recipe!,"Unlock the secrets of traditional Gullah Geechee baking! Learn to make delicious, buttery Gullah Tea Cakes with this easy-to-follow recipe book. Perfect for home bakers and lovers of Southern heritage cuisine.",https://gullahgeecheebiz.com/shop.html,,#GullahGeechee #TeaCakeRecipe #SouthernBaking
Gullah Geechee Biz: Build Subscriptions,"Unlock the secrets to a thriving subscription business with this Gullah Geechee-inspired guide! Learn unique strategies, cultural insights, and practical steps to build a sustainable and profitable recurring revenue model. Perfect for entrepreneurs & small businesses. #GullahGeecheeBusiness #SubscriptionModel",https://gullahgeecheebiz.com/shop.html,,#GullahGeechee #SubscriptionBusiness #Entrepreneurship
Build Your Biz: Marketing Funnel,Unlock Gullah Geechee marketing secrets! Learn to create an effective marketing funnel from scratch with this essential guide. Boost your sales & grow your business today!,https://gullahgeecheebiz.com/shop.html,,#MarketingFunnel #SmallBizTips #GullahGeechee
Gullah Brand Guide: Build Your Legacy,"Unlock your brand's potential with our Gullah Geechee guide! Learn to craft a powerful brand style guide, honor heritage, and attract your ideal audience. Perfect for entrepreneurs & creatives.",https://gullahgeecheebiz.com/shop.html,,#GullahGeechee #BrandStyleGuide #CulturalBranding
Gullah Geechee Side Hustle Secrets!,"Unlock your potential with 'How to Start a Side Hustle,' featuring Gullah Geechee wisdom for financial freedom. Learn practical steps, budgeting tips, and cultural insights to launch your next successful venture. Start your entrepreneurial journey today!",https://gullahgeecheebiz.com/shop.html,,#GullahGeechee #SideHustle #FinancialFreedom
Release Perfect: Gullah Wisdom,Feeling overwhelmed by perfectionism? Discover ancient Gullah Geechee wisdom to find peace and let go of the pressure. Learn practical strategies for self-acceptance and a fulfilling life. Embrace your authentic self today!,https://gullahgeecheebiz.com/shop.html,,#GullahGeechee #Perfectionism #SelfAcceptance
Gullah Appetizers: Coastal Flavors,"Discover the vibrant tastes of the Gullah Geechee culture! This cookbook features delicious, authentic appetizer recipes perfect for your next gathering. Explore Lowcountry cuisine and heritage through food. #GullahGeechee #Appetizers #SouthernCooking",https://gullahgeecheebiz.com/shop.html,,#GullahGeechee #SouthernAppetizers #LowcountryFood
Gullah Geechee Vision Board Guide,Unlock your dreams with the KDP Draft—How to Create a Vision Board That Works! Learn Gullah Geechee wisdom to manifest your best life. Practical steps for effective vision boarding. #GullahGeechee #VisionBoard #ManifestDreams,https://gullahgeecheebiz.com/shop.html,,#GullahGeechee #VisionBoard #ManifestDreams
"Launch Your Course, Gullah Geechee Style","Unlock the secrets to a successful online course! This book guides you through every step, from planning to promotion, with a unique cultural perspective. Perfect for educators & entrepreneurs. #onlinecourse #coursecreation #gullahgeechee",https://gullahgeecheebiz.com/shop.html,,#GullahGeechee #OnlineCourse #CourseCreation
Build Your Unique Gullah Geechee Brand,"Unlock your potential! Learn to craft an authentic personal brand rooted in Gullah Geechee culture. This book offers practical steps and insights for community leaders, artists, and entrepreneurs. Discover your voice!",https://gullahgeecheebiz.com/shop.html,,#GullahGeechee #PersonalBranding #CulturalHeritage
"Stop People-Pleasing, Gullah Geechee Way",Reclaim your power & embrace self-worth with this Gullah Geechee guide to setting boundaries and living authentically. Learn to say 'no' and prioritize your needs. Find freedom!,https://gullahgeecheebiz.com/shop.html,,#PeoplePleasing #GullahGeechee #SelfWorth
Gullah Geechee Time Mastery,"Unlock ancient Gullah Geechee wisdom for modern time management. Learn effective strategies to balance your life, honor your heritage, and boost productivity. Essential reading for better living!",https://gullahgeecheebiz.com/shop.html,,#GullahGeechee #TimeManagement #CulturalWisdom
Gullah Pork Chops: Taste of Tradition,Unlock the secrets of Gullah Geechee cuisine with this authentic pork chop recipe! Learn traditional cooking methods & savory flavors. Perfect for home cooks and foodies alike. #GullahGeechee,https://gullahgeecheebiz.com/shop.html,,#GullahGeecheeFood #SouthernCooking #PorkChopRecipe
Grow Your Gullah Geechee Brand!,"Unlock digital success for your Gullah Geechee business! Learn modern marketing strategies, connect with your audience, and preserve your heritage online. #GullahGeechee #DigitalMarketing #CultureTech",https://gullahgeecheebiz.com/shop.html,,#GullahGeechee #DigitalMarketing #CulturalHeritage
Content Strategy: Gullah Geechee Way,"Unlock powerful content strategies with this Gullah Geechee-inspired guide! Learn how to plan engaging content, connect with your audience, and boost your brand. Perfect for creators, small businesses, and marketers seeking unique approaches. #ContentMarketing #DigitalStrategy",https://gullahgeecheebiz.com/shop.html,,#GullahGeechee #ContentStrategy #MarketingTips
"Embrace Change, Gullah Geechee Way","Navigate life's changes with wisdom from Gullah Geechee traditions. This book offers guidance, resilience, and spiritual insights for life transitions. Find peace & purpose.",https://gullahgeecheebiz.com/shop.html,,#GullahGeechee #LifeTransitions #SelfHelp
Gullah Breakfast Recipes!,"Unlock the secrets of Gullah Geechee cuisine! Learn to make traditional, soulful breakfast dishes from the Lowcountry. Authentic recipes & cultural insights inside! Perfect for foodies & history lovers.",https://gullahgeecheebiz.com/shop.html,,#GullahGeecheeFood #SouthernBreakfast #LowcountryRecipes
Gullah Sides: Taste the Heritage!,Unlock the secrets of authentic Gullah Geechee cuisine! This cookbook teaches you how to prepare delicious traditional side dishes with step-by-step recipes and cultural insights. Perfect for home cooks and food enthusiasts. #GullahFood #SouthernCooking,https://gullahgeecheebiz.com/shop.html,,#GullahGeechee #SoulFood #Cookbook
Build Zeal: Gullah Geechee Wisdom,Unlock ancient Gullah Geechee secrets to ignite your passion and purpose. This book is your guide to a life filled with vibrant zeal. Discover traditions and insights for personal growth and spiritual fulfillment.,https://gullahgeecheebiz.com/shop.html,,#GullahGeechee #PersonalGrowth #CulturalWisdom
Build a Brand Community (Gullah),"Unlock the secrets to community building with this Gullah Geechee-inspired guide. Learn how to connect, engage, and grow your brand audience authentically. Perfect for entrepreneurs & marketers!",https://gullahgeecheebiz.com/shop.html,,#CommunityBuilding #BrandStrategy #GullahGeechee
Daily Motivation: Gullah Geechee Wisdom,Unlock your inner strength with Gullah Geechee insights on staying motivated every day. Discover timeless wisdom for a purposeful life. Boost your daily inspiration and achieve your goals!,https://gullahgeecheebiz.com/shop.html,,#GullahGeechee #MotivationTips #DailyInspiration
"Beat Imposter Syndrome, Gullah Style","Unlock your authentic self with Gullah Geechee wisdom! This book offers practical steps and cultural insights to overcome imposter syndrome. Embrace your power, rooted in heritage. #GullahGeechee #ImposterSyndrome #SelfHelp",https://gullahgeecheebiz.com/shop.html,,#GullahGeecheeWisdom #ImposterSyndrome #Empowerment
Gullah Geechee Sales Funnel,Unlock sales secrets with this Gullah Geechee-inspired guide! Learn to build an effective sales funnel for your business. Grow your online presence & boost conversions today. Perfect for entrepreneurs & small businesses seeking unique marketing strategies.,https://gullahgeecheebiz.com/shop.html,,#GullahGeechee #SalesFunnel #BusinessGrowth
Grow Your Email List Fast!,"Unlock the secrets to building a powerful email list from scratch! This Gullah Geechee guide for beginners covers strategies, tools, and tips to grow your audience and boost your business. Start emailing your dream customers today!",https://gullahgeecheebiz.com/shop.html,,#EmailMarketing #BuildEmailList #GullahGeechee
"Master Your Emotions, Thrive in Life","Unlock your potential with this Gullah Geechee guide to emotional intelligence. Learn practical strategies for self-awareness, empathy, and social skills. Develop stronger relationships and overcome challenges. Essential for personal growth & success. #EmotionalIntelligence #EQ #SelfImprovement",https://gullahgeecheebiz.com/shop.html,,#EmotionalIntelligence #GullahGeechee #PersonalGrowth
Gullah Geechee Sales Funnel Guide,"Unlock KDP success with this Gullah Geechee-inspired guide! Learn to build an effective sales funnel for your books, increase discoverability, and boost your author income. Essential strategies for indie authors and self-publishers. #AuthorLife #BookMarketing",https://gullahgeecheebiz.com/shop.html,,#GullahGeecheeBooks #KDPMarketing #SalesFunnel
Taste of Gullah Geechee!,"Unlock the secrets of Gullah Geechee cuisine! Discover vibrant, authentic condiment recipes. Explore rich heritage & delicious flavors in this must-have cookbook. #GullahGeechee #SouthernFood",https://gullahgeecheebiz.com/shop.html,,#GullahGeechee #SouthernCooking #CondimentRecipes
Sweetgrass Basket: Gullah Geechee Tale,"Discover the vibrant heritage of the Gullah Geechee people in this captivating book, 'Sweetgrass Basket.' Explore traditions, resilience, and the power of storytelling. A must-read for cultural exploration and historical fiction fans. #GullahGeechee #SweetgrassBasket #CulturalHeritage",https://gullahgeecheebiz.com/shop.html,,#GullahGeechee #SweetgrassBasket #CulturalHeritage
Gullah Geechee Self-Compassion Guide,Unlock inner peace with this Gullah Geechee guide to self-compassion. Learn mindful practices and cultural wisdom for healing and well-being. A must-read for anyone seeking a path to self-love. #GullahGeechee #SelfCompassion #Mindfulness,https://gullahgeecheebiz.com/shop.html,,#GullahGeechee #SelfCompassion #Mindfulness
Gullah Geechee Hoppin' John Recipe,Unlock the secrets of traditional Gullah Geechee Hoppin' John for a prosperous New Year! Learn authentic flavors & family traditions. Perfect for Southern cooking & holiday meals. Easy step-by-step guide.,https://gullahgeecheebiz.com/shop.html,,#GullahGeechee #HoppinJohnRecipe #NewYearsFood
Gullah Geechee Marketing Funnel,Unlock KDP success! Learn to build an effective marketing funnel for your books. Master Gullah Geechee book promotion & reach more readers. Get your guide today!,https://gullahgeecheebiz.com/shop.html,,#KDPMarketing #GullahGeechee #BookFunnel
Unlock Your Gullah Geechee Roots,"Discover the vibrant heritage and yearning spirit of the Gullah Geechee people. This essential guide explores history, culture, traditions, and resilience. Perfect for cultural enthusiasts and those seeking connection to the Lowcountry. Explore the heart of Gullah Geechee life.",https://gullahgeecheebiz.com/shop.html,,#GullahGeechee #LowcountryCulture #HeritageBooks
Gullah Geechee Unity: Guide to Culture,"Unlock the rich heritage of the Gullah Geechee people. Discover traditions, stories, and the path to community unity. A must-read for cultural explorers and history buffs!",https://gullahgeecheebiz.com/shop.html,,#GullahGeechee #CulturalHeritage #CommunityUnity
Gullah Geechee Lowcountry Tour!,"Discover the vibrant heritage and rich culture of the Gullah Geechee Lowcountry. This book is your guide to historic sites, delicious cuisine, and untold stories. Perfect for history buffs and culture travelers seeking authentic experiences in the South Carolina & Georgia coastal regions.",https://gullahgeecheebiz.com/shop.html,,#GullahGeechee #LowcountryTravel #CulturalHeritage
Build Your Gullah Brand Power,"Unlock the secrets of building a powerful personal brand with this Gullah Geechee-inspired guide. Learn how to authentically share your unique story, connect with your audience, and thrive. Perfect for entrepreneurs & creatives!",https://gullahgeecheebiz.com/shop.html,,#PersonalBranding #GullahGeechee #EntrepreneurTips
Gullah Geechee Business Guide,Unlock the secrets of Gullah Geechee microenterprise! This book empowers you to start & grow your small business while preserving cultural heritage. Perfect for entrepreneurs & community builders.,https://gullahgeecheebiz.com/shop.html,,#GullahGeechee #Microenterprise #SmallBusiness
Gullah Cabbage: Soul Food Recipe,Unlock the authentic flavors of Gullah Geechee cuisine with this easy-to-follow cabbage recipe! Learn to cook delicious soul food. #GullahGeechee #SouthernCooking,https://gullahgeecheebiz.com/shop.html,,#GullahGeechee #SoulFoodRecipes #CabbageRecipe
Gullah Potato Salad Recipe!,Unlock the secrets to authentic Gullah Geechee cuisine with this delicious potato salad recipe book! Experience the unique flavors of the Lowcountry and share a taste of heritage. Perfect for home cooks and foodies.,https://gullahgeecheebiz.com/shop.html,,#GullahGeechee #PotatoSaladRecipe #SouthernCooking
Gullah Geechee Cast Iron Secrets!,"Unlock the rich flavors of Gullah Geechee cuisine with this essential cast iron cooking guide. Master techniques, create delicious recipes, and preserve culinary heritage. Perfect for home cooks & food lovers!",https://gullahgeecheebiz.com/shop.html,,#GullahGeechee #CastIronCooking #SouthernCooking
Map Your Customer's Journey,"Unlock success with our Gullah Geechee guide to customer journey mapping! Learn to understand your customers, optimize their experience, and boost your business. Perfect for entrepreneurs & marketers.",https://gullahgeecheebiz.com/shop.html,,#CustomerJourneyMap #GullahGeecheeBusiness #MarketingStrategy
"Daily Motivation, Gullah Geechee Style!","Unlock your inner strength with Gullah Geechee wisdom. Discover powerful strategies to stay motivated, overcome challenges, and thrive every day. This book offers timeless inspiration for a resilient spirit. Gullah Geechee culture, personal growth, daily inspiration.",https://gullahgeecheebiz.com/shop.html,,#GullahGeechee #MotivationDaily #InspirationBook
Lowcountry Cooking with Seasonal Eats!,"Unlock the secrets of Gullah Geechee cuisine! Discover delicious, easy recipes using fresh, seasonal Lowcountry ingredients. Perfect for home cooks and foodies alike. Get your copy today!",https://gullahgeecheebiz.com/shop.html,,#GullahGeechee #LowcountryFood #SeasonalCooking
Master Gullah Geechee Biz Finances,"Unlock financial wisdom rooted in Gullah Geechee heritage. This book offers practical business finance tips, budgeting strategies, and wealth-building insights for entrepreneurs. Learn to thrive with ancestral knowledge. #GullahGeechee #BusinessFinance #Entrepreneurship",https://gullahgeecheebiz.com/shop.html,,#GullahGeechee #BusinessFinance #Entrepreneurship
Handle Criticism Gracefully (Gullah),Unlock Gullah Geechee wisdom for responding to criticism with grace & strength. Learn practical tips for personal growth and resilience in this empowering book. Perfect for self-improvement and emotional intelligence.,https://gullahgeecheebiz.com/shop.html,,#GullahGeechee #SelfImprovement #EmotionalIntelligence
Unshakeable Confidence: Gullah Way,"Unlock your inner strength with Gullah Geechee wisdom! This book offers practical steps and cultural insights to build lasting confidence and self-belief. Embrace your heritage, empower your spirit. #GullahGeechee",https://gullahgeecheebiz.com/shop.html,,#GullahGeechee #SelfConfidence #Empowerment
Gullah Geechee One-Pot Magic!,"Unlock the rich flavors of Gullah Geechee cuisine with these easy, delicious one-pot meals! Authentic recipes for seafood, rice, and more. Simplify your cooking & savor history. #GullahGeechee #SouthernFood",https://gullahgeecheebiz.com/shop.html,,#GullahGeechee #OnePotMeals #SouthernCooking
Gullah Tea Cakes: Sweet Tradition!,"Unlock the secrets of Gullah Geechee baking! Learn to make authentic, delicious Gullah Tea Cakes with this easy-to-follow cookbook. A taste of Lowcountry heritage awaits you. Perfect for home bakers!",https://gullahgeecheebiz.com/shop.html,,#GullahGeechee #TeaCakesRecipe #SouthernBaking
Scale Your Gullah Geechee Business,"Unlock growth for your Gullah Geechee small business. Learn actionable strategies to scale your unique brand, preserve culture, and build economic power. Essential guide for entrepreneurs.",https://gullahgeecheebiz.com/shop.html,,#GullahGeecheeBusiness #SmallBusinessGrowth #Entrepreneurship
Grow Your Email List Fast!,"Unlock the secrets to building a powerful email list from scratch. This Gullah Geechee-inspired book provides actionable strategies for authors, entrepreneurs, and small businesses to connect with their audience and boost their online presence. Learn step-by-step methods for email marketing success!",https://gullahgeecheebiz.com/shop.html,,#EmailMarketingTips #BuildYourList #GullahGeechee
Network Pro: Gullah Geechee Guide,"Unlock career opportunities with ""How to Network Like a Pro""! This Gullah Geechee-inspired guide offers unique strategies for effective networking, relationship building, and career growth. Learn to connect authentically.",https://gullahgeecheebiz.com/shop.html,,#GullahGeechee #NetworkingTips #CareerGrowth
Master Gullah Geechee Negotiation,Unlock the secrets of powerful Gullah Geechee negotiation. Learn ancient wisdom & modern strategies for better deals in business & life. This book will transform your approach to securing favorable outcomes. Essential reading for entrepreneurs & aspiring leaders.,https://gullahgeecheebiz.com/shop.html,,#GullahGeechee #NegotiationSkills #BusinessStrategy
Boost Your Business Referrals!,"Unlock the power of word-of-mouth marketing! Learn how to create a successful referral program with this comprehensive Gullah Geechee guide. Drive sales, attract new clients, and build lasting relationships for your business. Perfect for entrepreneurs and small business owners.",https://gullahgeecheebiz.com/shop.html,,#ReferralMarketing #SmallBusinessTips #GullahGeechee
Gullah Geechee Content Strategy,"Unlock the power of your stories! This Gullah Geechee book guides you in crafting an authentic content strategy. Learn to share your unique heritage, build community, and grow your brand. Perfect for content creators, cultural educators, and entrepreneurs seeking impactful communication.",https://gullahgeecheebiz.com/shop.html,,#GullahGeechee #ContentStrategy #CulturalHeritage
Unshakeable Confidence: Gullah Wisdom,"Unlock your inner strength with Gullah Geechee wisdom! This book offers powerful strategies for building unshakeable confidence, embracing self-love, and thriving in all aspects of life. Discover resilient traditions.",https://gullahgeecheebiz.com/shop.html,,#GullahGeechee #SelfConfidence #Empowerment
Gullah Sides: Taste the Heritage!,"Unlock the secrets of Gullah Geechee cuisine! This cookbook guides you through preparing authentic, flavorful side dishes. Discover delicious recipes steeped in tradition. Perfect for home cooks and food enthusiasts. #GullahFood",https://gullahgeecheebiz.com/shop.html,,#GullahGeechee #SouthernCooking #RecipeBook
Build a Stellar Remote Team!,"Unlock the secrets to building high-performing remote teams with this essential Gullah Geechee guide. Learn recruitment, communication, and culture strategies for success. Perfect for business owners & managers navigating remote work.",https://gullahgeecheebiz.com/shop.html,,#RemoteTeam #GullahGeechee #BusinessTips
Grow Your Business: Gullah Geechee Way,"Unlock the secrets to scaling your small business with Gullah Geechee principles. Learn actionable strategies for sustainable growth, community building, and financial success. Transform your entrepreneurial journey!",https://gullahgeecheebiz.com/shop.html,,#GullahGeecheeBusiness #SmallBizGrowth #EntrepreneurshipTips
"Calm Your Mind, Naturally (Gullah)","Discover ancestral Gullah Geechee wisdom for managing anxiety naturally. This book offers practical, holistic techniques for peace and well-being. Find natural anxiety relief and stress management strategies.",https://gullahgeecheebiz.com/shop.html,,#GullahGeechee #AnxietyRelief #NaturalHealing
Gullah Geechee Biz Secrets,"Unlock the power of Gullah Geechee entrepreneurship! Learn to build a thriving subscription business with this essential guide. Discover cultural insights, practical strategies & authentic community engagement. Perfect for creators, small businesses & cultural preservationists.",https://gullahgeecheebiz.com/shop.html,,#GullahGeechee #SubscriptionBusiness #BlackOwnedBusiness
Grow Your Email List: Gullah Style!,Unlock the secrets to building a powerful email list from scratch with this Gullah Geechee-inspired guide! Learn proven strategies for entrepreneurs and creatives. Get your FREE email list building tips today!,https://gullahgeecheebiz.com/shop.html,,#EmailListBuilding #GullahGeechee #EntrepreneurTips
"Build Stronger Bonds, Gullah Style","Unlock the secrets to healthy relationships with this guide inspired by Gullah Geechee wisdom. Learn communication, trust, and love. #RelationshipGoals #GullahGeechee #HealthyRelationships",https://gullahgeecheebiz.com/shop.html,,#RelationshipGoals #GullahGeechee #HealthyRelationships
Boundaries That Stick: Gullah Wisdom,Unlock the power of Gullah Geechee wisdom to set strong boundaries. This essential guide helps you reclaim your peace and thrive. Learn practical strategies for healthy relationships & self-respect. #GullahGeechee #Boundaries,https://gullahgeecheebiz.com/shop.html,,#GullahGeechee #SetBoundaries #SelfCare
Master Negotiation: Gullah Wisdom,"Unlock the secrets to better deals with Gullah Geechee insights! This book teaches powerful negotiation strategies for business, personal life, and community building. Learn to haggle, persuade, and win fairly with cultural wisdom. #GullahGeechee #NegotiationSkills",https://gullahgeecheebiz.com/shop.html,,#GullahGeechee #NegotiationTips #BusinessSkills
"Find Inner Peace, Gullah Geechee Way","Discover tranquility through ancient Gullah Geechee wisdom. This book guides you to inner peace and mindfulness, drawing on rich cultural traditions. Embrace serenity today!",https://gullahgeecheebiz.com/shop.html,,#GullahGeechee #InnerPeace #Mindfulness
Email Marketing Mastery (Gullah Style),"Unlock email marketing secrets rooted in Gullah Geechee wisdom! Boost your business, connect with your audience, and thrive. Learn strategic email campaigns, build strong relationships, and achieve your marketing goals. Perfect for entrepreneurs & small business owners.",https://gullahgeecheebiz.com/shop.html,,#EmailMarketingTips #GullahGeechee #SmallBizMarketing
Remote Team Success: Gullah Wisdom,"Unlock the secrets of building and leading a thriving remote team, inspired by Gullah Geechee resilience and community. Learn strategies for effective communication, cultural connection, and productivity from this unique perspective. Master remote work! #remoteteam #workfromhome #gullahgeechee",https://gullahgeecheebiz.com/shop.html,,#RemoteTeam #GullahGeechee #WorkFromHomeTips
Gullah Biz Plan Guide,Unlock your entrepreneurial spirit with this Gullah Geechee-inspired guide to crafting a powerful business plan. Perfect for starting your venture. Learn strategies for success and cultural preservation. #GullahEntrepreneurship #BusinessPlanning #SmallBiz,https://gullahgeecheebiz.com/shop.html,,#GullahGeecheeBiz #BusinessPlan #EntrepreneurLife
Map Your Customer's Journey,"Unlock success with our Gullah Geechee guide to customer journey mapping. Learn to visualize touchpoints, improve experiences, and grow your business. Essential for entrepreneurs & marketers!",https://gullahgeecheebiz.com/shop.html,,#CustomerJourney #GullahGeecheeBusiness #MarketingStrategy
Gullah Soups & Stews Cookbook!,Unlock the authentic flavors of Gullah Geechee cuisine! Learn to make traditional soups and stews with this essential cookbook. Explore rich cultural heritage through delicious recipes. #GullahGeechee,https://gullahgeecheebiz.com/shop.html,,#GullahGeecheeFood #SouthernCooking #SoupRecipes
Embrace Your Authentic Gullah Self,"Unlock the power of your true Gullah Geechee identity! This inspiring book guides you to embrace heritage, culture, and self-love. Find your voice and thrive authentically.",https://gullahgeecheebiz.com/shop.html,,#GullahGeechee #AuthenticSelf #SelfLove
Master Email Marketing Now!,"Unlock the secrets to successful email campaigns with this comprehensive guide! Learn strategies, tools, and best practices to boost your open rates and conversions. Perfect for small businesses, entrepreneurs, and marketers looking to excel in digital communication.",https://gullahgeecheebiz.com/shop.html,,#EmailMarketingTips #DigitalMarketing #SmallBusinessMarketing
Master Lowcountry Boil (Gullah Style!),Unlock the secrets of authentic Gullah Geechee Lowcountry Boil! This book reveals traditional techniques and delicious recipes for a true taste of the South. Perfect for seafood lovers & aspiring chefs. #GullahGeechee #LowcountryRecipes #SeafoodBoil,https://gullahgeecheebiz.com/shop.html,,#GullahGeechee #LowcountryBoil #SouthernCooking
Gullah Desserts: Taste the Tradition!,"Unlock the secrets of Gullah Geechee baking! This cookbook brings you authentic, delicious recipes for traditional Gullah desserts. Perfect for home bakers and foodies. Explore Gullah culture through amazing sweets!",https://gullahgeecheebiz.com/shop.html,,#GullahGeechee #SouthernDesserts #BakingRecipes
"Build Stronger Bonds, Gullah Style!","Unlock ancient Gullah Geechee wisdom for thriving relationships. This book offers practical steps and cultural insights to deepen your connections. Learn communication, respect, and community values. #GullahGeechee #Relationships #SelfHelp",https://gullahgeecheebiz.com/shop.html,,#GullahGeechee #HealthyRelationships #CommunityLove
Hoppin' John: Gullah Geechee Recipe,"Unlock the secrets of traditional Gullah Geechee cooking! Learn to make authentic Hoppin' John for New Year's with this easy, soulful recipe book. Celebrate heritage & flavor!",https://gullahgeecheebiz.com/shop.html,,#HoppinJohn #GullahGeechee #NewYearsFood
Fry Like a Gullah Geechee Pro!,"Unlock the secrets to perfectly fried fish with this authentic Gullah Geechee cookbook! Discover traditional recipes, techniques, and the rich history behind each delicious bite. A must-have for seafood lovers and culinary explorers.",https://gullahgeecheebiz.com/shop.html,,#GullahGeechee #FriedFish #Cookbook
Gullah Okra & Tomatoes Magic!,"Unlock the secrets to delicious Gullah Geechee okra and tomatoes! Learn traditional Southern cooking techniques for a flavorful, authentic dish. Perfect for home cooks and foodies seeking new recipes.",https://gullahgeecheebiz.com/shop.html,,#GullahGeecheeFood #OkraAndTomatoes #SouthernCooking
Gullah Geechee Business Planner,"Unlock your entrepreneurial spirit with the Gullah Geechee Business Planning Guide! Learn essential business strategies, preserve cultural heritage, and build a successful venture. Perfect for aspiring Gullah Geechee business owners. #GullahGeecheeBusiness #Entrepreneurship",https://gullahgeecheebiz.com/shop.html,,#GullahGeechee #BusinessPlanning #CulturalHeritage
Boundaries That Stick: Gullah Wisdom,"Unlock the power of Gullah Geechee wisdom to set strong boundaries. This essential guide helps you protect your peace, energy, and relationships with timeless practices. Learn to say ""no"" confidently!",https://gullahgeecheebiz.com/shop.html,,#GullahGeechee #SetBoundaries #SelfCare
Build Vulnerability: Gullah Wisdom,"Unlock deeper connections and personal growth with Gullah Geechee insights. This book guides you through building authentic vulnerability, fostering resilience, and embracing your true self. Explore powerful Gullah traditions for inner strength and meaningful relationships. #GullahGeechee #Vulnerability",https://gullahgeecheebiz.com/shop.html,,#GullahGeechee #Vulnerability #PersonalGrowth
Gullah Desserts: Sweet Traditions!,"Unlock the secrets of Gullah Geechee baking! This cookbook features authentic recipes for delicious cakes, pies, and puddings. Explore rich flavors & cultural heritage. #GullahRecipes #DessertCookbook #SouthernBaking",https://gullahgeecheebiz.com/shop.html,,#GullahGeechee #SouthernDesserts #BakingBook
Break Free from People-Pleasing,"Tired of always putting others first? This Gullah Geechee guide helps you reclaim your power, set boundaries, and live authentically. Learn to say NO and prioritize YOU. #selfcare #boundaries #personalgrowth",https://gullahgeecheebiz.com/shop.html,,#GullahGeechee #StopPeoplePleasing #Empowerment
Gullah Geechee Pickled Shrimp!,"Unlock the secrets of Gullah Geechee cuisine! Learn to make traditional pickled shrimp with this authentic cookbook. Easy, flavorful, & rich in heritage. #GullahGeechee #SouthernCooking #PickledShrimp",https://gullahgeecheebiz.com/shop.html,,#GullahGeechee #PickledShrimpRecipe #SouthernCuisine
Gullah Freelance Success!,"Unlock your potential with 'KDP Draft — How to Build a Freelance Career.' This book, rooted in Gullah Geechee resilience, guides you to freelance independence. Learn to build a thriving business, find clients, and earn more. Start your journey today!",https://gullahgeecheebiz.com/shop.html,,#GullahGeechee #FreelanceCareer #BlackOwnedBusiness
Gullah Chicken Soup: Cook Like a Pro!,"Unlock the secrets to authentic Gullah Chicken Soup! This book guides you through preparing a delicious, soulful dish with traditional Gullah Geechee flavors. Learn a heritage recipe today!",https://gullahgeecheebiz.com/shop.html,,#GullahGeechee #ChickenSoupRecipe #SouthernCooking
Conquer Imposter Syndrome NOW!,Feeling like a fraud? This Gullah Geechee-inspired guide offers powerful strategies and wisdom to overcome imposter syndrome. Reclaim your confidence and shine! #GullahGeechee #ImposterSyndrome,https://gullahgeecheebiz.com/shop.html,,#ImposterSyndrome #GullahGeecheeWisdom #SelfConfidence
Gullah Discipline Wisdom,"Unlock the secrets of Gullah Geechee parenting! Learn effective, culturally-rich discipline techniques for a thriving family. Positive and respectful guidance for your children. #GullahGeechee #ParentingTips",https://gullahgeecheebiz.com/shop.html,,#GullahGeechee #ParentingTips #Discipline
Gullah Pork Chops: Authentic Recipe!,"Unlock the secrets of Gullah Geechee cuisine with this easy-to-follow recipe for delicious, soulful pork chops. Learn traditional cooking techniques and flavor profiles for an unforgettable meal. #GullahGeechee #SouthernCooking #PorkChops",https://gullahgeecheebiz.com/shop.html,,#GullahGeechee #SouthernCooking #PorkChops
Plan Your Business Exit Now!,"Don't get caught unprepared! Learn how to create a robust business exit strategy with this essential Gullah Geechee guide. Protect your legacy, maximize your value, and secure your future. Business planning, succession, entrepreneurship.",https://gullahgeecheebiz.com/shop.html,,#BusinessExitStrategy #GullahGeechee #EntrepreneurTips
Gullah Geechee One-Pot Wonders,"Discover authentic Gullah Geechee flavors with easy, delicious one-pot meals! This cookbook brings traditional recipes, rich culture, and soulful dishes straight to your kitchen. Perfect for quick, flavorful weeknight dinners and family gatherings. Explore seafood, rice, and vegetable-based delights.",https://gullahgeecheebiz.com/shop.html,,#GullahGeechee #OnePotMeals #SoulFood
Find Your Purpose: Gullah Geechee Guide,"Unlock your personal mission with this Gullah Geechee-inspired guide. Craft a powerful statement, honor your heritage, and live a purpose-driven life. Self-discovery awaits!",https://gullahgeecheebiz.com/shop.html,,#GullahGeechee #PersonalMission #PurposeDrivenLife
Cast Iron Mastery: Gullah Secrets,Unlock the secrets of Gullah Geechee cast iron cooking! This book teaches you essential techniques and delicious recipes for your skillet. Perfect for home cooks & foodies. #GullahGeechee #CastIronCooking,https://gullahgeecheebiz.com/shop.html,,#CastIronCooking #GullahGeechee #SouthernFood
Daily Discipline: Gullah Wisdom,"Unlock your potential with Gullah Geechee principles for daily discipline. Develop habits, achieve goals & embrace a purposeful life. Master self-control!",https://gullahgeecheebiz.com/shop.html,,#GullahGeechee #DailyDiscipline #SelfImprovement
Gullah Soups & Stews Cookbook!,Unlock the rich flavors of Gullah Geechee cuisine! Learn authentic recipes for hearty soups and savory stews. Explore cultural heritage through delicious food. Perfect for home cooks and foodies alike!,https://gullahgeecheebiz.com/shop.html,,#GullahGeechee #SouthernCooking #SoupRecipes
Gullah Geechee Biz Planning Guide,"Unlock your entrepreneurial spirit with this essential Gullah Geechee business planning book! Learn to build successful ventures, honor cultural heritage, and thrive in your community. Perfect for new entrepreneurs and established businesses seeking growth. #GullahGeecheeBusiness #Entrepreneurship",https://gullahgeecheebiz.com/shop.html,,#GullahGeechee #BusinessPlanning #Entrepreneurship
Boost Sales: Referral Program Guide,Unlock growth! Learn to create a powerful referral program for your Gullah Geechee business or any KDP draft. Drive sales & community with proven strategies. Perfect for entrepreneurs!,https://gullahgeecheebiz.com/shop.html,,#ReferralProgram #KDPBusiness #GullahGeechee
Daily Gratitude: Gullah Geechee Way,"Unlock the power of daily gratitude with Gullah Geechee wisdom. Learn how to cultivate a grateful heart, embrace positive thinking, and find joy in everyday life. Transform your mindset and well-being. #GullahGeechee #GratitudeJournal #Mindfulness",https://gullahgeecheebiz.com/shop.html,,#GullahGeechee #DailyGratitude #Mindfulness
"Launch Your Course, Gullah-Style!","Ready to share your wisdom? This Gullah Geechee guide helps you create, market, and launch your online course. Unlock your potential and build a thriving digital education business today! #OnlineCourse #GullahGeechee #DigitalProduct",https://gullahgeecheebiz.com/shop.html,,#OnlineCourse #GullahGeechee #DigitalProduct
Self-Compassion: A Gullah Guide,"Discover the art of self-compassion with this unique Gullah Geechee-inspired guide. Nurture your soul, find inner peace, and practice mindful living. Essential reading for self-care and personal growth. #selfcompassion #gullahgeechee #mindfulness",https://gullahgeecheebiz.com/shop.html,,#GullahGeechee #SelfCompassion #MindfulLiving
Manifest Dreams: Vision Board Guide,Unlock your potential with this Gullah Geechee-inspired guide to creating a powerful vision board. Learn proven techniques to manifest your dreams and achieve your goals. Start visualizing success today!,https://gullahgeecheebiz.com/shop.html,,#VisionBoard #ManifestDreams #GullahGeechee
"Boost Your EI, Gullah Geechee Way!","Unlock emotional intelligence with this insightful book rooted in Gullah Geechee wisdom. Improve relationships, leadership, and personal growth. Discover mindful practices & cultural insights. Transform your life today!",https://gullahgeecheebiz.com/shop.html,,#EmotionalIntelligence #GullahGeechee #PersonalGrowth
"Master Your Time, Gullah Style!",Unlock Gullah Geechee time management secrets! Boost productivity & reclaim your day with practical tips from this unique book. Learn to balance life & achieve your goals. #GullahGeechee #TimeManagement #Productivity,https://gullahgeecheebiz.com/shop.html,,#GullahGeechee #TimeManagement #ProductivityTips
Gullah Geechee Sales Funnel Guide,Unlock sales secrets with this Gullah Geechee-inspired guide! Learn to build an effective sales funnel that honors your heritage. Boost your business & connect with customers authentically. #GullahGeecheeBusiness #SalesFunnelStrategy #MarketingTips,https://gullahgeecheebiz.com/shop.html,,#GullahGeechee #SalesFunnel #BusinessGrowth
Bake Gullah Benne Wafers Today!,Unlock the secrets of Gullah Geechee cuisine! Learn to make traditional benne wafers with this easy-to-follow guide. Perfect for home bakers and foodies. #GullahGeecheeRecipes,https://gullahgeecheebiz.com/shop.html,,#BenneWafers #GullahGeecheeFood #SouthernDessert
Build Powerful Gullah Partnerships,"Unlock the secrets to strategic partnerships with this essential Gullah Geechee guide. Learn to collaborate, grow, and thrive in business and community. #GullahGeechee #Partnerships",https://gullahgeecheebiz.com/shop.html,,#GullahGeechee #StrategicPartnerships #BusinessGrowth
Gullah Geechee Daily Motivation,"Unlock your inner strength with Gullah Geechee wisdom! This book shares powerful daily motivation, inspiring success and resilience. Tap into ancient traditions for modern living. Your journey to lasting motivation starts here!",https://gullahgeecheebiz.com/shop.html,,#GullahGeechee #DailyMotivation #Inspiration
"Grow Your Mind, Gullah Geechee Way!",Unlock your potential with this Gullah Geechee guide to a growth mindset! Learn practical strategies rooted in resilience and cultural wisdom. Transform your life today!,https://gullahgeecheebiz.com/shop.html,,#GullahGeechee #GrowthMindset #PersonalGrowth
Gullah Sauces & Seasonings Guide,"Unlock the rich, vibrant flavors of Gullah Geechee cuisine! Learn to craft authentic Gullah sauces and seasonings at home with this essential recipe guide. Taste the tradition!",https://gullahgeecheebiz.com/shop.html,,#GullahGeechee #SouthernCooking #SauceRecipes
Gullah Geechee One-Pot Wonders!,"Discover the soulful flavors of Gullah Geechee cuisine with these easy one-pot recipes! Perfect for busy weeknights, these dishes bring authentic Lowcountry taste to your table. Explore traditional Gullah Geechee cooking!",https://gullahgeecheebiz.com/shop.html,,#GullahGeechee #OnePotMeals #SouthernCooking
Gullah Geechee Launch Secrets,Unlock the secrets to a successful product launch with our Gullah Geechee-inspired guide! Learn proven strategies for a thriving product launch. Perfect for entrepreneurs & small businesses. Get your Gullah Geechee book today!,https://gullahgeecheebiz.com/shop.html,,#GullahGeechee #ProductLaunch #BusinessStrategy
Build Connection the Gullah Way,"Unlock the secrets to deeper relationships with this Gullah Geechee guide. Learn community, family bonds, and cultural wisdom for stronger connections. Perfect for personal growth & cultural enrichment!",https://gullahgeecheebiz.com/shop.html,,#GullahGeechee #BuildConnection #CulturalWisdom
Gullah Geechee Cornbread Secret!,"Unlock the authentic taste of the Lowcountry with our new cookbook, 'How to Bake Buttermilk Cornbread.' Learn traditional Gullah Geechee recipes and the rich history behind them. Perfect for Southern food lovers and cultural explorers!",https://gullahgeecheebiz.com/shop.html,,#GullahGeechee #SouthernCooking #CornbreadRecipe
Gullah Resilience: Thrive Anywhere,"Unlock ancient wisdom & build unshakeable resilience with our new Gullah Geechee guide! Learn powerful strategies for navigating life's toughest challenges. Discover strength in community, culture, and spirit. Perfect for personal growth and empowerment. #GullahGeechee #ResilienceBook #OvercomeAdversity",https://gullahgeecheebiz.com/shop.html,,#GullahGeechee #ResilienceBook #PersonalGrowth
Gullah Seafood Magic in Your Kitchen!,"Unlock the secrets of Gullah Geechee cuisine! 🍽️ Master authentic seafood recipes, from shrimp and grits to crab boils. Explore rich Lowcountry flavors and cultural heritage. Get your copy today!",https://gullahgeecheebiz.com/shop.html,,#GullahGeechee #SeafoodRecipes #LowcountryCuisine
Gullah Desserts: Taste Tradition!,Unlock the secrets of authentic Gullah Geechee baking! This cookbook brings you traditional Southern recipes passed down through generations. Learn to bake delicious Gullah desserts today!,https://gullahgeecheebiz.com/shop.html,,#GullahGeechee #SouthernDesserts #BakingRecipes
Gullah Sauces & Seasonings Guide,Unlock the authentic flavors of Gullah Geechee cuisine! This book teaches you to craft vibrant sauces and rich seasonings at home. Elevate your cooking with traditional Gullah recipes and essential pantry staples. Taste the heritage!,https://gullahgeecheebiz.com/shop.html,,#GullahGeechee #SouthernCooking #RecipeBook
Southern Cornbread from Scratch!,Unlock the secrets of authentic Southern Cornbread! This Gullah Geechee cookbook teaches you how to bake delicious cornbread from scratch with traditional recipes. Perfect for home cooks!,https://gullahgeecheebiz.com/shop.html,,#SouthernCornbread #GullahGeechee #Cookbook
Gullah Geechee Condiments!,"Unlock the vibrant flavors of Gullah Geechee cuisine! This book is your guide to authentic, homemade sauces, rubs, and marinades. Spice up your dishes and explore a rich culinary heritage. Perfect for foodies & home cooks!",https://gullahgeecheebiz.com/shop.html,,#GullahGeechee #SouthernFood #Condiments
Gullah Benne Wafers Recipe!,"Unlock the secrets of Gullah Geechee cuisine with this easy guide to making delicious, crispy Benne Wafers. Perfect for gifting or a sweet treat! Learn authentic Southern baking.",https://gullahgeecheebiz.com/shop.html,,#BenneWafers #GullahGeechee #SouthernDessert
Benne Wafers: Gullah Delights!,"Unlock the secrets of Gullah Geechee baking! Learn to make traditional, crisp Benne Wafers with this authentic recipe book. Perfect for home bakers and those exploring Lowcountry culinary heritage. Dive into a sweet piece of history!",https://gullahgeecheebiz.com/shop.html,,#GullahGeechee #BenneWafers #SouthernBaking
Gullah Geechee Brand Style Guide,"Unlock your brand's unique identity! Learn to craft a powerful brand style guide inspired by Gullah Geechee heritage. Define your voice, visuals, and values. Essential for entrepreneurs & creatives. #GullahGeechee #BrandStrategy #SmallBusiness",https://gullahgeecheebiz.com/shop.html,,#GullahGeechee #BrandStyleGuide #CreativeEntrepreneur
"Grow Your Business, Gullah Geechee Way!",Unlock the secrets to scaling your small business with wisdom from the Gullah Geechee community. Learn practical strategies for sustainable growth and success. Perfect for entrepreneurs & business owners seeking unique insights.,https://gullahgeecheebiz.com/shop.html,,#SmallBusinessTips #GullahGeechee #BusinessGrowth
Unlock Your Gullah Geechee Purpose,"Discover your life's path through the wisdom of Gullah Geechee culture. This empowering guide helps you find purpose, meaning, and fulfillment. Explore self-discovery, heritage, and spiritual growth.",https://gullahgeecheebiz.com/shop.html,,#GullahGeechee #FindYourPurpose #SelfDiscovery
Gullah Geechee Balance: Build Yours!,Unlock ancient wisdom for modern life! Learn to build lasting balance with this essential Gullah Geechee guide. Discover cultural insights & practical tips for a harmonious life. #GullahGeechee #CulturalWisdom #SelfHelp,https://gullahgeecheebiz.com/shop.html,,#GullahGeechee #LifeBalance #CulturalBooks
Launch Your Book Like a Pro!,"Unlock the secrets to a successful product launch with our Gullah Geechee-inspired guide. Learn to craft a powerful launch plan, engage your audience, and maximize sales. Perfect for authors and entrepreneurs! #BookLaunchTips #GullahGeechee",https://gullahgeecheebiz.com/shop.html,,#BookLaunchTips #GullahGeechee #ProductLaunch
Master Business Storytelling NOW!,"Unlock the power of Gullah Geechee wisdom for compelling business storytelling. Learn to captivate audiences, build connections, and boost your brand with authentic narratives. Essential guide for entrepreneurs & marketers!",https://gullahgeecheebiz.com/shop.html,,#BusinessStorytelling #GullahGeechee #MarketingTips
"Grow Patience, Gullah Geechee Way",Unlock ancient wisdom for a calmer life. This Gullah Geechee guide helps you cultivate patience & inner peace through timeless traditions. Learn practical tips for mindful living & stress reduction. Find your calm today!,https://gullahgeecheebiz.com/shop.html,,#GullahGeechee #CultivatePatience #MindfulLiving
Discover Your Gullah Purpose,"Unlock your unique path with this inspiring Gullah Geechee book. Explore heritage, wisdom, and find your true calling. A transformative read for purpose-seekers and cultural enthusiasts.",https://gullahgeecheebiz.com/shop.html,,#GullahGeechee #FindYourPurpose #CulturalWisdom
Gullah Geechee Content Strategy,Unlock the power of your stories! Learn to craft a vibrant content strategy rooted in Gullah Geechee culture for your KDP books. Build your brand & reach your audience authentically. Perfect for authors and creatives!,https://gullahgeecheebiz.com/shop.html,,#GullahGeechee #ContentStrategy #KDPAuthors
"Bake Sweet Potato Pie, Gullah Style!","Unlock the secrets of authentic Gullah Geechee sweet potato pie with this heartwarming cookbook. Discover traditional recipes, cultural stories, and the rich heritage behind every slice. Perfect for home bakers and food history buffs!",https://gullahgeecheebiz.com/shop.html,,#GullahGeechee #SweetPotatoPie #SouthernCooking
Gullah Soups & Stews Cookbook!,Unlock the authentic flavors of Gullah Geechee cuisine! This cookbook features traditional recipes for delicious soups and stews. Perfect for home cooks and food lovers exploring African-American heritage cooking.,https://gullahgeecheebiz.com/shop.html,,#GullahGeechee #SouthernCooking #SoupRecipes
Gullah Boiled Peanuts Revealed!,"Unlock the secrets of traditional Gullah Geechee boiled peanuts! This book offers authentic recipes, cultural insights, and heartwarming stories from the Sea Islands. Perfect for foodies, history buffs, and anyone craving a taste of the Lowcountry. A culinary journey into Gullah heritage awaits!",https://gullahgeecheebiz.com/shop.html,,#GullahGeechee #BoiledPeanuts #LowcountryCuisine
Gullah Geechee Confidence Boost!,"Unlock your inner strength with this Gullah Geechee guide to unshakeable confidence. Discover ancestral wisdom, practical steps, and build self-assurance. Perfect for personal growth and empowering your spirit. #GullahGeechee #ConfidenceBuilding #SelfEmpowerment #PersonalGrowth",https://gullahgeecheebiz.com/shop.html,,#GullahGeechee #ConfidenceBuilding #SelfEmpowerment
Start Your Side Hustle Today!,Unlock your potential with 'KDP Draft – How to Start a Side Hustle'. Learn practical strategies to launch and grow your business. Perfect for aspiring entrepreneurs and those seeking extra income. #SideHustleTips #MakeMoneyOnline #Entrepreneurship,https://gullahgeecheebiz.com/shop.html,,#SideHustle #Entrepreneur #GullahGeechee
"Conquer Fear, Gullah Geechee Wisdom",Unlock ancient Gullah Geechee insights to overcome fear of failure. This transformative book offers practical strategies & powerful stories to build resilience & embrace your purpose. Start your journey to courage today!,https://gullahgeecheebiz.com/shop.html,,#GullahGeechee #FearOfFailure #SelfHelpBook
Unlock Your Growth Mindset!,"Transform your thinking with this inspiring Gullah Geechee guide. Learn how to cultivate a powerful growth mindset, overcome challenges, and achieve your goals. Discover the secrets to resilience and continuous self-improvement today!",https://gullahgeecheebiz.com/shop.html,,#GrowthMindset #GullahGeechee #PersonalGrowth
Gullah Veggie Delights!,Unlock the secrets of Gullah Geechee cuisine with this essential cookbook! Learn to prepare traditional Gullah vegetables & authentic flavors. Discover vibrant healthy recipes for delicious meals. Taste the heritage!,https://gullahgeecheebiz.com/shop.html,,#GullahGeechee #VegetableRecipes #SoulFood
Find Your Path: Gullah Geechee Wisdom,"Unlock your true calling with ancient Gullah Geechee insights. This empowering book guides you to discover purpose, embrace heritage, and live authentically. Perfect for spiritual growth and self-discovery journeys. #GullahGeechee #PurposeDriven",https://gullahgeecheebiz.com/shop.html,,#GullahGeechee #FindYourPurpose #SpiritualGrowth
Seasonal Lowcountry Cooking,"Unlock the flavors of the Gullah Geechee coast! Learn to cook delicious, seasonal dishes with fresh Lowcountry ingredients. A must-have for foodies and Southern cuisine lovers.",https://gullahgeecheebiz.com/shop.html,,#GullahGeechee #LowcountryFood #SouthernCooking
Gullah Geechee Hoppin' John Recipe!,Discover the heartwarming traditions & authentic flavors of Gullah Geechee Hoppin' John. This cookbook shares family recipes & stories for a lucky New Year. Learn to make this soulful dish!,https://gullahgeecheebiz.com/shop.html,,#HoppinJohn #GullahGeechee #NewYearsFood
Gullah Geechee Partnership Guide,Unlock the power of collaboration with this essential guide to building strategic partnerships in the Gullah Geechee community and beyond. Learn actionable strategies for success! #GullahGeechee #Partnerships #BusinessStrategy,https://gullahgeecheebiz.com/shop.html,,#GullahGeechee #StrategicPartnerships #CommunityBuilding
Gullah Breads: Recipes & Culture,"Unlock the secrets of Gullah Geechee baking! This cookbook brings authentic, easy-to-follow recipes for traditional Gullah breads, from benne cakes to hoecakes. Explore culinary heritage!",https://gullahgeecheebiz.com/shop.html,,#GullahGeechee #GullahFood #BreadRecipes
Win Grants: Gullah Geechee Guide,"Unlock grant funding for your Gullah Geechee community projects! This essential guide provides practical steps and cultural insights to write winning proposals. Secure resources for heritage preservation, education, and development. Learn to write grants, secure funding, and empower your community.",https://gullahgeecheebiz.com/shop.html,,#GullahGeechee #GrantWriting #CommunityDevelopment
Gullah Biz Secrets Unlocked!,"Unlock the power of your passion with Gullah Geechee wisdom! Learn how to build a thriving subscription business from scratch. Discover unique strategies, community building tips, and sustainable growth. Start your journey today!",https://gullahgeecheebiz.com/shop.html,,#GullahGeechee #SubscriptionBox #SmallBusiness
Gullah Biz TV Spot: Heritage Power!,Unlock the vibrant world of Gullah Geechee entrepreneurship! Discover inspiring stories and business strategies rooted in rich cultural heritage. Explore how Gullah Geechee traditions are shaping modern business. A must-read for cultural enthusiasts and business innovators. #GullahGeechee #BlackOwnedBusiness #CulturalHeritage,https://gullahgeecheebiz.com/shop.html,,#GullahGeechee #BlackOwnedBusiness #CulturalHeritage
Gullah Geechee Sweet Potato Pie 🥧,Unlock the secrets to a truly authentic sweet potato pie! This Gullah Geechee cookbook shares traditional recipes & culinary heritage. Perfect for home bakers & foodies.,https://gullahgeecheebiz.com/shop.html,,#GullahGeechee #SweetPotatoPie #Cookbook
Unlock Gullah Geechee History!,"Dive into Gullah Geechee culture with Encyclopedia Vol. 02! Discover rich heritage, vibrant traditions, and captivating stories. A must-read for history buffs & cultural explorers.",https://gullahgeecheebiz.com/shop.html,,#GullahGeechee #BlackHistory #CulturalHeritage
Master Gullah Geechee Negotiation,"Unlock powerful negotiation secrets with this Gullah Geechee-inspired guide! Learn how to get better deals, communicate effectively, and build stronger relationships. Essential for business, personal life, and cultural understanding. Discover Gullah Geechee wisdom for success!",https://gullahgeecheebiz.com/shop.html,,#GullahGeechee #NegotiationSkills #BookRecommendation
Gullah Sweet Potato Pie Recipe!,"Unlock the secrets of traditional Gullah Geechee sweet potato pie with this easy-to-follow recipe book. Learn how to bake a delicious, authentic dessert your family will love. Perfect for holiday gatherings!",https://gullahgeecheebiz.com/shop.html,,#SweetPotatoPie #GullahGeechee #SouthernDesserts
"Live Intentionally, Gullah Geechee Way","Unlock ancient wisdom for modern living. This Gullah Geechee guide helps you find purpose, set goals, and live with intention every day. Discover cultural insights and practical tips for a fulfilling life. #GullahGeechee #IntentionalLiving",https://gullahgeecheebiz.com/shop.html,,#GullahGeechee #IntentionalLiving #PurposefulLife
Gullah Wisdom for Life's Changes,Unlock ancient Gullah Geechee wisdom to navigate life's big transitions with grace and resilience. Find peace & strength in cultural teachings. #GullahGeechee #LifeTransitions,https://gullahgeecheebiz.com/shop.html,,#GullahGeechee #LifeTransitions #SelfHelpBook
Gullah Geechee Unity Guide,"Unlock the wisdom of the Gullah Geechee! This guide explores their rich culture & timeless principles of unity, community, and resilience. Discover heritage, strength, and connection.",https://gullahgeecheebiz.com/shop.html,,#GullahGeechee #CulturalHeritage #Unity
"Beat Imposter Syndrome, Gullah Style!","Unlock your potential & conquer imposter syndrome with this insightful Gullah Geechee guide. Discover strategies to build confidence, embrace your heritage, and thrive. Perfect for personal growth & self-empowerment. #GullahGeechee #ImposterSyndromeHelp",https://gullahgeecheebiz.com/shop.html,,#GullahGeechee #ImposterSyndrome #SelfHelp
AI for Your Business: Gullah Geechee Guide,"Unlock the power of AI with this Gullah Geechee-inspired guide for business owners! Learn practical strategies, discover AI tools, and elevate your enterprise. #AIDrivenBusiness #GullahGeecheeAI",https://gullahgeecheebiz.com/shop.html,,#AIBusiness #GullahGeechee #BusinessGrowth
Gullah Biz Success: Subscriptions!,Unlock the secrets to building a thriving subscription business with Gullah Geechee wisdom. Learn sustainable strategies & grow your recurring revenue. Perfect for entrepreneurs & creatives!,https://gullahgeecheebiz.com/shop.html,,#GullahGeechee #SubscriptionBox #BusinessGrowth
Heal Your Spirit: Gullah Wisdom,"Unlock ancient Gullah Geechee wisdom to forgive yourself and find peace. This book offers a transformative journey to heal, let go, and embrace a brighter future. Start your healing today!",https://gullahgeecheebiz.com/shop.html,,#GullahGeechee #SelfForgiveness #HealingJourney
Sweetgrass Lemonade: Gullah Recipe,Unlock the secrets of Gullah Geechee cooking with this refreshing sweetgrass lemonade recipe! Learn a unique cultural beverage. Perfect for summer and entertaining. #GullahGeechee #SouthernRecipes,https://gullahgeecheebiz.com/shop.html,,#GullahGeechee #SweetgrassLemonade #SouthernRecipes
Authentic Gullah Shrimp & Grits!,Unlock the secrets of traditional Gullah Geechee cooking with this easy-to-follow guide to making the best Shrimp and Grits. Dive into rich flavors and heritage recipes!,https://gullahgeecheebiz.com/shop.html,,#GullahGeechee #ShrimpAndGrits #SouthernCooking
LinkedIn Success: Gullah Geechee Guide,"Unlock your business potential with 'How to Master LinkedIn for Business'! This guide, rooted in Gullah Geechee wisdom, helps entrepreneurs master LinkedIn for networking, lead generation, and brand building. Grow your business today!",https://gullahgeecheebiz.com/shop.html,,#LinkedInMarketing #BusinessGrowth #GullahGeechee
Gullah Geechee Rice Pudding Secrets,"Unlock the rich culinary heritage of the Gullah Geechee! Learn to make authentic, delicious rice pudding from scratch with this captivating cookbook. Perfect for soul food lovers & dessert enthusiasts.",https://gullahgeecheebiz.com/shop.html,,#GullahGeechee #RicePudding #SoulFoodRecipes
Unleash Your True Gullah Geechee Self,"Discover the power within! This book guides you to embrace your authentic Gullah Geechee heritage. Explore self-love, cultural pride, and personal growth. Find your voice and shine! #GullahGeechee #Authenticity #SelfDiscovery",https://gullahgeecheebiz.com/shop.html,,#GullahGeechee #AuthenticSelf #CulturalPride
Craft Your Gullah Mission Statement,"Unlock your purpose with 'KDP Draft — How to Create a Personal Mission Statement.' This book, inspired by Gullah Geechee resilience and wisdom, guides you to define your core values and life goals. Start your transformative journey today!",https://gullahgeecheebiz.com/shop.html,,#GullahGeechee #PersonalMission #LifePurpose
Find Your Gullah Geechee Purpose,"Unlock your true calling with this inspiring Gullah Geechee guide. Discover purpose, embrace heritage, and live authentically. Your journey starts here!",https://gullahgeecheebiz.com/shop.html,,#GullahGeechee #FindYourPurpose #LifeCoaching
Gullah Pork Chops: Taste of Tradition!,"Unlock the secrets of Gullah Geechee cuisine! This cookbook brings authentic, flavorful Gullah pork chop recipes right to your kitchen. Discover rich heritage, easy steps & delicious results. Perfect for home cooks and foodies alike!",https://gullahgeecheebiz.com/shop.html,,#GullahGeechee #PorkChopRecipes #SouthernCooking
Master Gullah Red Rice!,"Unlock the secrets to authentic Gullah Geechee Red Rice! This cookbook teaches you step-by-step how to create this flavorful, traditional Southern dish perfectly every time. Easy recipes, rich heritage. #GullahFood #RedRiceRecipe #SouthernCooking",https://gullahgeecheebiz.com/shop.html,,#GullahGeechee #RedRice #SouthernCuisine
Gullah Biz Finance Secrets Revealed,"Unlock your business's financial potential with Gullah Geechee wisdom! Learn budgeting, saving, and investing strategies rooted in cultural heritage. Practical financial literacy for entrepreneurs. #GullahGeechee #BlackOwnedBusiness",https://gullahgeecheebiz.com/shop.html,,#GullahGeechee #BusinessFinance #FinancialLiteracy
"Grow Your Brand, Build Community","Unlock the secrets of Gullah Geechee culture to create a thriving brand community! Learn authentic strategies for connection, engagement, and lasting impact. Perfect for entrepreneurs & marketers.",https://gullahgeecheebiz.com/shop.html,,#BrandCommunity #GullahGeechee #MarketingTips
Find Your Purpose: Gullah Wisdom,"Unlock your personal mission with Gullah Geechee insights. This book guides you to craft a powerful mission statement, aligning your life with purpose and heritage. Discover your calling!",https://gullahgeecheebiz.com/shop.html,,#GullahGeechee #PersonalMission #LifePurpose
Win Grants: Gullah Geechee Guide,"Unlock grant funding for your projects! This Gullah Geechee-inspired guide shows you how to write winning grant proposals. Learn essential strategies, tips, and techniques to secure funding for your community. Get your copy today!",https://gullahgeecheebiz.com/shop.html,,#GrantWriting #GullahGeechee #FundingSuccess
Gullah Pork Chops: Cook Like a Pro!,"Unlock the secrets of Gullah Geechee cuisine with 'How to Cook Gullah Pork Chops'! This cookbook brings authentic flavors and cherished family recipes straight to your kitchen. Discover delicious, easy-to-follow instructions for tender, flavorful pork chops that will transport your taste buds to the Lowcountry. Perfect for home cooks and food lovers exploring Gullah culture. Grab your copy today!",https://gullahgeecheebiz.com/shop.html,,#GullahGeechee #SouthernCooking #PorkChopRecipes
Master Business Storytelling Now!,"Unlock the power of Gullah Geechee storytelling for your business! Learn to captivate audiences, build connections, and boost your brand with our essential guide to business storytelling. Perfect for entrepreneurs & marketers.",https://gullahgeecheebiz.com/shop.html,,#BusinessStorytelling #GullahGeechee #Entrepreneurship
Gullah Veggies: Cook Authentic!,"Unlock the secrets of Gullah Geechee cuisine! Learn to cook delicious, traditional Gullah vegetables with this authentic cookbook. Explore heritage recipes & flavors.",https://gullahgeecheebiz.com/shop.html,,#GullahGeechee #SouthernCooking #VegetableRecipes
Build a Remote Dream Team!,"Unlock the secrets to building a high-performing remote team. Gullah Geechee insights for a strong, connected virtual workplace. Expert strategies for remote leadership & collaboration. #RemoteWork",https://gullahgeecheebiz.com/shop.html,,#RemoteTeam #GullahGeechee #VirtualWork
Release Perfect: Gullah Wisdom,"Unlock peace with Gullah Geechee insights on perfectionism. Learn to embrace imperfection, reduce stress, and find joy in your authentic self. A must-read for personal growth and self-acceptance.",https://gullahgeecheebiz.com/shop.html,,#GullahGeechee #PerfectionismRecovery #SelfAcceptance
Unlock Your Growth Mindset!,"Discover the Gullah Geechee path to a powerful growth mindset! This book offers unique strategies to overcome challenges, embrace learning, and achieve your full potential. Perfect for personal development, success, and resilience.",https://gullahgeecheebiz.com/shop.html,,#GrowthMindset #GullahGeechee #PersonalDevelopment
Content Strategy: Gullah Geechee Guide,"Unlock the secrets of content planning with this unique Gullah Geechee-inspired guide. Learn to craft an impactful content strategy for your brand or business. Perfect for creators, marketers, and small businesses seeking to connect with their audience effectively. #ContentMarketing #BrandStrategy",https://gullahgeecheebiz.com/shop.html,,#ContentStrategy #GullahGeechee #MarketingTips
Gullah Geechee Shrimp & Grits!,Unlock the secrets to authentic Gullah Geechee Shrimp and Grits! This book reveals traditional recipes & rich culinary heritage. Taste history today!,https://gullahgeecheebiz.com/shop.html,,#GullahGeechee #ShrimpAndGrits #SouthernCooking
Map Your Customer Journey!,"Unlock customer insights with this Gullah Geechee guide to crafting powerful journey maps. Enhance UX, boost sales & build lasting relationships. Learn the steps!",https://gullahgeecheebiz.com/shop.html,,#CustomerJourney #CX #BusinessTips
Gullah Time Mastery for Success,"Unlock ancient Gullah Geechee wisdom for modern time management! This book offers practical, culturally-rich strategies to boost productivity, reduce stress, and reclaim your day. Learn effective time-saving techniques today!",https://gullahgeecheebiz.com/shop.html,,#GullahGeechee #TimeManagement #ProductivityTips
Gullah Sides: Flavorful & Easy,"Unlock the secrets of Gullah Geechee cooking! This cookbook shares authentic, easy-to-follow recipes for delicious Southern side dishes. Bring coastal Carolina flavors to your table!",https://gullahgeecheebiz.com/shop.html,,#GullahGeechee #SouthernCooking #SideDishes
Plan Your Business Exit Now!,"Secure your legacy! Learn to create a strategic business exit plan with this Gullah Geechee-inspired guide. Protect your assets, ensure a smooth transition, and maximize value. Essential for entrepreneurs & small business owners.",https://gullahgeecheebiz.com/shop.html,,#BusinessExitStrategy #GullahGeecheeBusiness #EntrepreneurTips
Gullah Geechee Discipline Guide,"Unlock traditional Gullah Geechee wisdom for raising resilient children. This guide offers culturally-rich parenting strategies rooted in heritage, respect, and community. Discover effective discipline methods for the modern family. #GullahGeechee",https://gullahgeecheebiz.com/shop.html,,#GullahGeechee #ParentingTips #CulturalWisdom
Website on a Budget? Gullah Geechee Guide!,"Unlock the secrets to building a stunning website without breaking the bank! This Gullah Geechee-inspired guide offers practical, affordable strategies for entrepreneurs and small businesses. Learn website design, hosting, and more for less!",https://gullahgeecheebiz.com/shop.html,,#WebsiteOnABudget #GullahGeecheeBusiness #SmallBizTips
Grow Your Small Business!,"Unlock Gullah Geechee wisdom for scaling your business. Get practical strategies to increase profits, expand your reach, and build a lasting legacy. Perfect for small business owners and entrepreneurs!",https://gullahgeecheebiz.com/shop.html,,#SmallBusinessGrowth #GullahGeechee #EntrepreneurTips
LinkedIn for Business: Gullah Style!,"Unlock LinkedIn success! This Gullah Geechee guide helps entrepreneurs, small businesses, & career changers master networking, branding, & lead gen on LinkedIn. Boost your business & career today!",https://gullahgeecheebiz.com/shop.html,,#LinkedInForBusiness #GullahGeechee #SmallBusinessTips
Gullah Geechee Mindful Living,"Unlock tranquility with this Gullah Geechee guide to mindful living. Discover ancient wisdom, practice daily mindfulness, and find inner peace. Perfect for cultivating a serene lifestyle.",https://gullahgeecheebiz.com/shop.html,,#GullahGeechee #MindfulLiving #InnerPeace
AI for Your Business: Gullah Style!,"Unlock business growth with AI! This Gullah Geechee-inspired guide shows entrepreneurs and small businesses how to leverage artificial intelligence for marketing, efficiency, and innovation. Learn practical AI strategies today!",https://gullahgeecheebiz.com/shop.html,,#AIBusiness #GullahGeechee #SmallBizAI
Build a Thriving Community!,"Unlock the secrets to building a powerful brand community, inspired by Gullah Geechee traditions. This book provides actionable strategies for growth, engagement, and lasting impact. Perfect for entrepreneurs & marketers!",https://gullahgeecheebiz.com/shop.html,,#BrandCommunity #GullahGeechee #MarketingTips
"Heal Your Soul, Forgive Yourself","Unlock the path to inner peace with this Gullah Geechee guide. Learn to forgive yourself, release burdens, and move forward. A journey of self-love & healing. #GullahGeecheeWisdom",https://gullahgeecheebiz.com/shop.html,,#GullahGeechee #SelfForgiveness #HealingJourney
"Break Bad Habits, Gullah Way!","Unlock ancient Gullah Geechee wisdom to permanently ditch unwanted habits. Discover powerful, practical strategies for lasting change & mindful living. Transform your life today! #GullahGeechee #HabitBreaking #SelfImprovement #Mindfulness",https://gullahgeecheebiz.com/shop.html,,#GullahGeechee #BadHabits #SelfImprovement
Build Your Digital Empire Now!,Unlock the secrets to creating and scaling your digital product empire. Learn from Gullah Geechee insights to build a profitable online business. Start your journey today! #DigitalProducts #GullahGeechee #OnlineBusiness #Entrepreneurship,https://gullahgeecheebiz.com/shop.html,,#DigitalProducts #GullahGeechee #OnlineBusiness
Sweetgrass Lemonade: Gullah Recipe,"Unlock the secrets of Gullah Geechee culture with this heartwarming book! Learn to craft refreshing sweetgrass lemonade, a taste of heritage. Discover authentic recipes and traditions. Perfect for foodies and cultural explorers. #GullahGeechee",https://gullahgeecheebiz.com/shop.html,,#GullahGeechee #SweetgrassLemonade #SouthernRecipes
Authentic Gullah Shrimp & Grits!,"Unlock the secrets of traditional Gullah Geechee cooking! This book teaches you to make delicious, authentic shrimp and grits at home. Perfect for foodies & Southern cuisine lovers. Grab your copy now!",https://gullahgeecheebiz.com/shop.html,,#GullahGeecheeFood #ShrimpAndGrits #SouthernCooking
"Build Connections, Gullah Geechee Way!",Unlock the secrets to deeper relationships with this insightful Gullah Geechee book. Learn traditional wisdom for fostering community and connection. Perfect for personal growth & cultural exploration.,https://gullahgeecheebiz.com/shop.html,,#GullahGeechee #BuildConnection #CommunityLove
Master Gullah Geechee Fried Fish!,"Unlock the secrets to crispy, flavorful fried fish with this authentic Gullah Geechee cookbook. Learn traditional techniques, savory recipes, and cultural insights. Perfect for seafood lovers!",https://gullahgeecheebiz.com/shop.html,,#GullahGeechee #FriedFishRecipe #Cookbook
Radical Self-Care: Gullah Geechee Way,"Discover transformative Gullah Geechee practices for radical self-care and well-being. Embrace ancestral wisdom, holistic health, and spiritual growth. Prioritize your mental health and inner peace with this empowering guide. #selfcare #gullahgeechee #holistichealth",https://gullahgeecheebiz.com/shop.html,,#GullahGeechee #SelfCare #RadicalSelfCare
Find Your Purpose: Mission Statement,"Unlock your potential with this Gullah Geechee guide to crafting a powerful personal mission statement. Discover clarity, define your values, and live intentionally. Your journey to purpose starts here!",https://gullahgeecheebiz.com/shop.html,,#PersonalMission #GullahGeechee #PurposeDrivenLife
Bake Gullah Desserts: Sweet Traditions!,"Unlock the secrets of Gullah Geechee baking! Discover authentic recipes for traditional desserts, passed down through generations. Learn to bake delicious sweet potato pies, benne wafers, and more with this essential cookbook. Perfect for home bakers & foodies!",https://gullahgeecheebiz.com/shop.html,,#GullahGeechee #SouthernDesserts #BakingRecipes
Build Powerful Gullah Geechee Ties,"Unlock the secrets to building strategic partnerships within the Gullah Geechee community and beyond. Essential reading for community leaders, entrepreneurs, and anyone seeking impactful collaborations. Learn growth strategies and cultural insights.",https://gullahgeecheebiz.com/shop.html,,#GullahGeechee #StrategicPartnerships #CommunityBuilding
Gullah Holiday Feasts: Your Guide!,"Unlock the rich flavors and traditions of Gullah Geechee holiday cooking! This book is your essential guide to authentic Gullah recipes, bringing heartwarming feasts to your table. Explore cultural cuisine, holiday meals, and Southern charm.",https://gullahgeecheebiz.com/shop.html,,#GullahGeechee #HolidayRecipes #SouthernCooking
Gullah Red Rice: Cook it Perfectly!,Unlock the secrets to authentic Gullah Red Rice! This cookbook makes mastering this flavorful Gullah Geechee culinary tradition easy. Learn expert tips and traditional recipes for a taste of the Lowcountry. Perfect for home cooks and foodies alike!,https://gullahgeecheebiz.com/shop.html,,#GullahGeechee #RedRiceRecipe #LowcountryCuisine
Southern Mac & Cheese Secrets!,Unlock the authentic taste of Gullah Geechee Mac and Cheese! This cookbook shares traditional Southern recipes and techniques for the ultimate comfort food. Perfect for home cooks and foodies alike!,https://gullahgeecheebiz.com/shop.html,,#GullahGeechee #SouthernCooking #MacAndCheese
Conquer Imposter Syndrome NOW!,"Feeling like a fraud? This Gullah Geechee-inspired guide offers powerful strategies and wisdom to overcome imposter syndrome. Learn to embrace your strengths, silence self-doubt, and reclaim your confidence. Unlock your true potential today!",https://gullahgeecheebiz.com/shop.html,,#ImposterSyndrome #GullahGeechee #SelfConfidence
Gullah Geechee Freelance Career Guide,"Unlock your potential with this Gullah Geechee-inspired guide to building a thriving freelance career. Learn practical tips, cultural insights, and strategies for success. Start your freelance journey today! #GullahGeechee #FreelanceTips #CareerGoals",https://gullahgeecheebiz.com/shop.html,,#GullahGeechee #FreelanceCareer #SmallBusiness
Gullah Geechee Side Hustle Guide,"Unlock your potential with this Gullah Geechee-inspired guide to starting a profitable side hustle! Learn unique strategies, cultural insights, and practical steps to build financial independence and preserve heritage. Perfect for entrepreneurs, creatives, and anyone seeking extra income. #SideHustle #GullahGeechee #Entrepreneurship",https://gullahgeecheebiz.com/shop.html,,#GullahGeechee #SideHustleTips #CulturalEntrepreneur
Digital Product Empire: Gullah Way,"Unlock the secrets to building a thriving digital product business. Learn from Gullah Geechee wisdom how to create, launch, and scale your digital products. Practical guide for entrepreneurs and creators. Start your online empire today!",https://gullahgeecheebiz.com/shop.html,,#DigitalProducts #GullahGeechee #OnlineBusiness
Gullah Resilience: Thrive & Grow,Unlock ancient Gullah Geechee wisdom to build unshakeable resilience. Discover timeless strategies for overcoming adversity & finding inner strength. A must-read for personal growth. #GullahGeechee #ResilienceBook #PersonalGrowth,https://gullahgeecheebiz.com/shop.html,,#GullahGeechee #ResilienceBook #LowcountryWisdom
Embrace Your Authentic Self!,"Discover your power with this Gullah Geechee guide. Uncover ancestral wisdom, build self-love, and live authentically. Perfect for personal growth and spiritual journeys. Find your true voice today!",https://gullahgeecheebiz.com/shop.html,,#GullahGeechee #AuthenticSelf #SelfLove
Sell More: Gullah Geechee Copy Secrets,"Unlock the power of Gullah Geechee storytelling in your marketing! This book teaches you how to write compelling copy that connects deeply and drives sales. Learn unique, culturally rich techniques for impactful messaging. Perfect for entrepreneurs & marketers!",https://gullahgeecheebiz.com/shop.html,,#GullahGeechee #CopywritingTips #MarketingStrategy
Gullah Geechee Yearning Guide,"Unlock the secrets of Gullah Geechee culture & heritage with this essential guide. Explore ancestral traditions, delicious recipes, and powerful stories of resilience. Perfect for cultural enthusiasts & history buffs! #GullahGeechee #CulturalHeritage #AncestralWisdom",https://gullahgeecheebiz.com/shop.html,,#GullahGeechee #CulturalHeritage #AfricanDiaspora
Gullah Pricing Secrets Revealed!,"Unlock the secrets to pricing your products and services the Gullah Geechee way! This book helps KDP authors, crafters & entrepreneurs master pricing strategies for profit & sustainability. Dive into cultural wisdom for financial success. #KDP #SmallBusiness",https://gullahgeecheebiz.com/shop.html,,#GullahGeechee #KDPAuthor #PricingStrategy
Easy One-Pot Gullah Meals,"Unlock the rich flavors of Gullah Geechee cuisine with this easy cookbook! Learn how to make delicious, authentic one-pot meals in your kitchen. Perfect for busy weeknights or special occasions. Taste history!",https://gullahgeecheebiz.com/shop.html,,#GullahGeechee #OnePotMeals #SouthernCooking
Uncover Gullah Geechee Wisdom,"Unlock the secrets of the Gullah Geechee culture with this insightful guide to yearning. Explore rich history, traditions, and resilience. Discover authentic Gullah Geechee stories and heritage. Perfect for cultural exploration, history buffs, and those seeking connection. #GullahGeechee",https://gullahgeecheebiz.com/shop.html,,#GullahGeechee #CulturalHeritage #BookRecommendation
Gullah Geechee Job Creation Guide,"Unlock economic opportunity within the vibrant Gullah Geechee community. This book explores sustainable job creation, cultural preservation, and entrepreneurship, empowering residents to thrive. Discover strategies for economic development and community building in the Lowcountry.",https://gullahgeecheebiz.com/shop.html,,#GullahGeechee #JobCreation #EconomicDevelopment
Gullah Sauces & Seasonings Secrets!,Unlock the authentic flavors of Gullah Geechee cuisine! Learn to craft delicious sauces and seasonings with this essential cookbook. Elevate your dishes with traditional Gullah recipes. Perfect for foodies!,https://gullahgeecheebiz.com/shop.html,,#GullahGeechee #GullahCooking #SouthernFood
Gullah Soups & Stews Cookbook!,Unlock the secrets of authentic Gullah Geechee cuisine! Learn to make traditional soups and stews with this easy-to-follow cookbook. Explore rich flavors and heritage. #GullahRecipes #LowcountryCooking,https://gullahgeecheebiz.com/shop.html,,#GullahGeechee #SoupRecipes #SouthernCooking
One-Pot Gullah: Easy Meals!,"Unlock the secrets of Gullah Geechee cooking with this easy one-pot recipe book! Delicious, authentic flavors without the fuss. Perfect for quick and flavorful weeknight dinners. Learn how to make traditional Gullah dishes effortlessly.",https://gullahgeecheebiz.com/shop.html,,#GullahGeechee #OnePotMeals #SouthernCooking
Boundaries That Stick! (Gullah Wise),Learn Gullah Geechee wisdom for setting strong boundaries. This empowering guide helps you communicate needs & protect your peace. Essential for personal growth & healthy relationships. Transform your life!,https://gullahgeecheebiz.com/shop.html,,#GullahGeechee #BoundarySetting #PersonalGrowth
"Network Smarter, Not Harder!",Unlock career success with Gullah Geechee wisdom! This book teaches you how to build powerful connections and elevate your professional network. Learn key networking strategies for business growth and community building.,https://gullahgeecheebiz.com/shop.html,,#GullahGeechee #NetworkingTips #CareerGrowth
Win Grants: Gullah Geechee Guide,"Unlock funding for your Gullah Geechee projects! This guide offers essential tips, strategies, and resources for crafting successful grant proposals. Learn to secure grants for cultural preservation, community development, and more. Grant writing made easy for Gullah Geechee initiatives.",https://gullahgeecheebiz.com/shop.html,,#GullahGeechee #GrantWriting #FundingSuccess
Gullah Geechee Sweet Potato Pie,Unlock the secrets of authentic Gullah Geechee sweet potato pie with this delicious recipe book! Learn traditional techniques and savor the flavors of the Lowcountry. Perfect for bakers and food enthusiasts. #GullahGeechee #SweetPotatoPie #RecipeBook #SouthernCooking,https://gullahgeecheebiz.com/shop.html,,#GullahGeechee #SweetPotatoPie #SouthernDessert
Gullah Tea Cakes: Easy Recipe!,"Unlock the secrets of Gullah Geechee baking! Learn to make authentic, delicious tea cakes with this step-by-step guide. Perfect for home bakers and Southern food lovers. #GullahGeechee #SouthernRecipes #TeaCakes #BakingBook",https://gullahgeecheebiz.com/shop.html,,#GullahTeaCakes #SouthernBaking #GeecheeCuisine
"Live Intentionally, Gullah Geechee Way","Unlock ancient wisdom & practical steps to live a purposeful life. This Gullah Geechee guide helps you find your path, cultivate mindfulness, and embrace your heritage. Start living intentionally today!",https://gullahgeecheebiz.com/shop.html,,#GullahGeechee #IntentionalLiving #Mindfulness
"Master Public Speaking, Gullah Style!","Unlock your voice with KDP Draft – How to Master Public Speaking. This book blends Gullah Geechee storytelling with practical tips. Boost confidence, captivate audiences, and speak with power. Learn from an ancient tradition!",https://gullahgeecheebiz.com/shop.html,,#GullahGeechee #PublicSpeaking #CommunicationSkills
Grow Your Gullah Geechee Biz,"Unlock the secrets to scaling your Gullah Geechee small business! Learn practical strategies for sustainable growth, increased profits, and expanding your reach. Essential guide for entrepreneurs.",https://gullahgeecheebiz.com/shop.html,,#SmallBusinessGrowth #GullahGeechee #BusinessTips
Gullah Breakfast Secrets Revealed!,Unlock the delicious flavors of Gullah Geechee cuisine! Learn to make traditional Gullah breakfast recipes with this easy-to-follow cookbook. Southern comfort food at its best! #GullahGeechee,https://gullahgeecheebiz.com/shop.html,,#GullahGeechee #SouthernCooking #BreakfastRecipes
Gullah Geechee Boiled Peanut Recipe!,"Unlock the authentic taste of the South! This Gullah Geechee cookbook shares the secrets to perfect boiled peanuts. Easy, traditional recipe for a delicious, savory snack. Get yours today!",https://gullahgeecheebiz.com/shop.html,,#BoiledPeanuts #GullahGeechee #SouthernCooking
Gullah Pork Chops: Southern Flavor!,"Unlock the secrets to authentic Gullah Geechee cuisine! Learn to cook delicious, tender pork chops with traditional Southern flair. Get your copy of 'KDP Draft — How to Cook Gullah Pork Chops' and bring soul food to your kitchen. #GullahGeechee #SouthernCooking #SoulFoodRecipes",https://gullahgeecheebiz.com/shop.html,,#GullahGeechee #PorkChops #SouthernCooking
Daily Gratitude: Gullah Wisdom,"Unlock joy and peace with Gullah Geechee-inspired gratitude practices. This book guides you through daily reflection and mindfulness, transforming your life one thankful moment at a time. Cultivate a grateful heart! #GratitudeJournal #MindfulnessBook #GullahCulture",https://gullahgeecheebiz.com/shop.html,,#GullahGeechee #DailyGratitude #Mindfulness
Forgive Yourself & Thrive!,"Unlock the power of self-forgiveness with this transformative Gullah Geechee guide. Learn practical steps to heal, release guilt, and move forward with peace. Essential self-care for your well-being. #GullahGeechee #SelfForgiveness #HealingJourney",https://gullahgeecheebiz.com/shop.html,,#GullahGeechee #SelfForgiveness #HealingJourney
Heal & Grow: Forgive Yourself Now,"Unlock peace with this Gullah Geechee guide to self-forgiveness. Learn ancient wisdom for emotional healing, letting go, and embracing a brighter future. Start your journey to self-love and inner peace today!",https://gullahgeecheebiz.com/shop.html,,#SelfForgiveness #GullahGeechee #EmotionalHealing
"Ditch Perfectionism, Find Joy","Ready to break free from the grip of perfectionism? This Gullah Geechee-inspired guide offers practical steps to let go, embrace progress, and find joy in your journey. Overcome self-doubt and unlock your true potential today!",https://gullahgeecheebiz.com/shop.html,,#Perfectionism #SelfImprovement #GullahGeechee
Gullah Benne Wafers: Easy Recipe!,"Unlock the secrets of Gullah Geechee cuisine with our easy-to-follow Benne Wafer recipe book! Learn to bake these delicious, nutty cookies, perfect for any occasion. Taste the tradition!",https://gullahgeecheebiz.com/shop.html,,#GullahGeechee #BenneWafers #SouthernBaking
Gullah Geechee One-Pot Wonders!,"Discover the soulful flavors of Gullah Geechee cuisine with this easy one-pot cookbook! Perfect for busy weeknights, these traditional Gullah Geechee recipes bring history & deliciousness to your table. Simple, authentic, and packed with flavor!",https://gullahgeecheebiz.com/shop.html,,#GullahGeecheeFood #OnePotMeals #SoulFoodRecipes
Freelance Career Guide: Gullah Style,"Unlock your potential with this unique guide to building a successful freelance career, inspired by Gullah Geechee wisdom. Learn business strategies, self-sufficiency, and community building for your entrepreneurial journey. Perfect for aspiring freelancers and creatives!",https://gullahgeecheebiz.com/shop.html,,#FreelanceTips #GullahGeechee #EntrepreneurLife
"Unlock Your Vision, Gullah Geechee Way","Discover 'How to Build Vision,' a powerful Gullah Geechee guide for personal growth & community building. Learn from rich cultural wisdom to shape your future. Gullah Geechee wisdom for visionaries.",https://gullahgeecheebiz.com/shop.html,,#GullahGeechee #VisionBoard #CulturalWisdom
Preserve Summer Veggies Gullah Way!,"Unlock Gullah Geechee wisdom for preserving summer vegetables! Learn traditional methods, delicious recipes, and food preservation tips passed down through generations. Essential guide for home cooks & garden enthusiasts.",https://gullahgeecheebiz.com/shop.html,,#GullahGeechee #FoodPreservation #SummerHarvest
Gullah Resilience: Thrive Through Tough Times,"Unlock ancient Gullah Geechee wisdom for building unshakable resilience. Learn practical strategies to navigate life's challenges, embrace strength, and find peace. Perfect for personal growth and empowerment.",https://gullahgeecheebiz.com/shop.html,,#GullahGeechee #Resilience #PersonalGrowth
Gullah Cabbage: Soulful & Easy,"Unlock the secrets of authentic Gullah Geechee cuisine with this easy-to-follow guide on cooking traditional Gullah Cabbage. Learn classic recipes, vibrant flavors, and the rich history behind this soulful dish. Perfect for home cooks and food enthusiasts. #GullahGeechee",https://gullahgeecheebiz.com/shop.html,,#GullahCabbage #GullahGeecheeFood #SoulFoodRecipes
"Master Your Voice, Gullah Geechee Way!","Unlock your public speaking potential with Gullah Geechee wisdom. Learn powerful communication techniques, overcome stage fright, and captivate any audience. Essential guide for impactful speaking. #PublicSpeakingTips #GullahGeechee #CommunicationSkills",https://gullahgeecheebiz.com/shop.html,,#PublicSpeakingTips #GullahGeechee #CommunicationSkills
Gullah Geechee Biz Planning!,"Unlock your entrepreneurial spirit with ""Gullah Geechee Business Planning."" This essential guide offers practical strategies for starting and growing successful businesses, rooted in Gullah Geechee culture and wisdom. Perfect for aspiring entrepreneurs and small business owners seeking community-focused growth.",https://gullahgeecheebiz.com/shop.html,,#GullahGeechee #BusinessPlanning #SmallBizTips
Patience from Gullah Wisdom,Unlock ancient Gullah Geechee secrets to cultivate lasting patience. This book offers practical wisdom & cultural insights for a calmer life. Learn to thrive with enduring strength. #GullahGeechee #PatienceBook #CulturalWisdom,https://gullahgeecheebiz.com/shop.html,,#GullahGeechee #PatienceBook #CulturalWisdom
"Master Email Marketing, Gullah Style!","Unlock email marketing secrets with this Gullah Geechee-inspired guide! Learn to craft captivating campaigns, build strong connections, and grow your business. Perfect for entrepreneurs & small businesses. #EmailMarketingTips #SmallBizSuccess #GullahGeechee",https://gullahgeecheebiz.com/shop.html,,#EmailMarketingTips #GullahGeechee #SmallBizMarketing
Daily Discipline: Gullah Wisdom,"Unlock your potential with Gullah Geechee principles for daily discipline. This book offers practical steps and inspiring wisdom to build habits, achieve goals, and cultivate a focused, fulfilling life. Start your journey today!",https://gullahgeecheebiz.com/shop.html,,#GullahGeechee #DailyDiscipline #SelfImprovement
"Conquer Your Fears, Unleash Success","Don't let fear hold you back! This Gullah Geechee-inspired book, ""How to Overcome Fear of Failure,"" offers practical strategies and empowering insights to help you build confidence and achieve your dreams. Learn to overcome self-doubt and embrace success today!",https://gullahgeecheebiz.com/shop.html,,#FearOfFailure #GullahGeechee #SelfImprovement
Gullah Geechee Mental Strength,"Unlock your inner resilience with Gullah Geechee wisdom! This book shares powerful strategies for building mental toughness, overcoming challenges, and thriving. Learn timeless lessons for a stronger mind. #GullahGeecheeWisdom",https://gullahgeecheebiz.com/shop.html,,#GullahGeechee #MentalToughness #Resilience
Sweetgrass Lemonade: Gullah Recipe!,"Discover the vibrant flavors of Gullah Geechee culture with this easy-to-follow recipe for Sweetgrass Lemonade. A refreshing, unique drink perfect for summer. Learn traditional Southern techniques!",https://gullahgeecheebiz.com/shop.html,,#GullahGeechee #SweetgrassLemonade #SouthernRecipes
Easy One-Pot Gullah Meals!,"Unlock the secrets of Gullah Geechee cuisine with this easy-to-follow cookbook! Discover delicious, soulful one-pot recipes that bring the taste of the Lowcountry to your kitchen. Perfect for quick and flavorful weeknight dinners. Southern cooking made simple!",https://gullahgeecheebiz.com/shop.html,,#GullahGeechee #OnePotMeals #SouthernCooking
"Preserve Summer Veggies, Gullah Style!","Unlock Gullah Geechee secrets to preserving summer vegetables! Learn traditional canning, pickling, and drying methods. Heirloom recipes for your pantry. #GullahGeechee #FoodPreservation",https://gullahgeecheebiz.com/shop.html,,#GullahGeechee #SummerHarvest #FoodPreservation
"Calm Anxiety, Naturally!",Discover Gullah Geechee wisdom for natural anxiety relief! This book offers holistic methods to find peace & manage stress. Learn time-tested techniques for a calmer you.,https://gullahgeecheebiz.com/shop.html,,#AnxietyRelief #GullahGeechee #NaturalWellness
Gullah Biz Plan Success!,"Unlock your entrepreneurial dreams with this Gullah Geechee-focused business plan guide. Learn essential steps to launch and grow your business, honoring heritage while building a thriving future. Perfect for aspiring Gullah Geechee entrepreneurs! #SmallBusinessTips #Entrepreneurship #GullahGeechee",https://gullahgeecheebiz.com/shop.html,,#GullahGeecheeBiz #BusinessPlanning #EntrepreneurLife
Gullah Mindful Living Guide,"Unlock tranquility with our Gullah Geechee-inspired mindfulness book. Discover ancient practices, find inner peace, and embrace a mindful lifestyle. Perfect for spiritual growth and stress relief. #mindfulness #GullahGeechee #mindfulliving",https://gullahgeecheebiz.com/shop.html,,#GullahGeechee #MindfulLiving #SpiritualGrowth
Fry the Perfect Fish Every Time!,"Unlock the secrets to crispy, flavorful fried fish with this Gullah Geechee cookbook! Discover traditional recipes, techniques, and heritage-rich flavors. Your perfect meal awaits!",https://gullahgeecheebiz.com/shop.html,,#GullahGeechee #FriedFishRecipe #Cookbook
Gullah Geechee Financial Wisdom,"Unlock generational wealth secrets with Gullah Geechee Financial Literacy! Learn essential money management, investing, and economic empowerment from a unique cultural perspective. Preserve heritage, build prosperity. #GullahGeechee #FinancialLiteracy #WealthBuilding",https://gullahgeecheebiz.com/shop.html,,#GullahGeechee #FinancialLiteracy #WealthBuilding
Gullah Holiday Feasts Made Easy!,"Unlock the secrets of authentic Gullah Geechee holiday cooking! This cookbook is packed with delicious, traditional recipes for your festive gatherings. Explore a rich culinary heritage today!",https://gullahgeecheebiz.com/shop.html,,#GullahGeechee #HolidayRecipes #GullahCookbook
Gullah Geechee Side Hustle Secrets!,"Unlock your entrepreneurial spirit with this Gullah Geechee guide to side hustles! Learn practical strategies, discover unique business ideas, and gain financial freedom. Perfect for aspiring entrepreneurs and anyone looking to build generational wealth. Start your journey today!",https://gullahgeecheebiz.com/shop.html,,#GullahGeechee #SideHustleIdeas #FinancialFreedom
Gullah Geechee Okra & Tomato Secrets,Unlock the culinary traditions of the Gullah Geechee! Learn authentic recipes for delicious okra and tomatoes. Explore Gullah Geechee cuisine & heritage with this must-have cookbook. #GullahGeechee,https://gullahgeecheebiz.com/shop.html,,#GullahGeecheeFood #OkraAndTomatoes #SouthernCooking
Unlock Your Gullah Geechee Power,Cultivate unwavering daily discipline with this inspiring book rooted in Gullah Geechee wisdom. Learn practical strategies to achieve your goals and build lasting habits. Start your transformative journey today!,https://gullahgeecheebiz.com/shop.html,,#GullahGeechee #DailyDiscipline #PersonalGrowth
Gullah Geechee Rice Pudding Secrets!,Unlock the rich culinary heritage of the Gullah Geechee with this authentic rice pudding recipe. Discover traditional ingredients and techniques for a truly soulful dessert. Learn to make this classic Gullah treat today!,https://gullahgeecheebiz.com/shop.html,,#GullahGeechee #RicePuddingRecipe #SouthernCooking
"Build Community, Gullah Geechee Way","Unlock secrets to fostering strong community, inspired by Gullah Geechee heritage. This book is your guide to authentic brand building and connecting with your audience. Learn to grow your network with purpose and passion.",https://gullahgeecheebiz.com/shop.html,,#GullahGeechee #CommunityBuilding #BrandStrategy
"Intentional Living, Gullah Style!","Unlock a richer life with Gullah Geechee wisdom. Discover how to live with intention, guided by ancestral traditions. Find purpose, peace, and cultural connection in this inspiring book.",https://gullahgeecheebiz.com/shop.html,,#GullahGeechee #IntentionalLiving #CulturalWisdom
Stop People-Pleasing: Gullah Wisdom,"Break free from the cycle of people-pleasing with Gullah Geechee insights. Learn to set boundaries, find your voice, and live authentically. Discover peace & purpose. #GullahGeechee #SelfHelp #Boundaries",https://gullahgeecheebiz.com/shop.html,,#GullahGeechee #PeoplePleasing #SelfImprovement
Lowcountry Boil: Gullah Geechee Guide,"Master the art of Lowcountry Boil with this authentic Gullah Geechee cookbook. Discover traditional recipes, seafood secrets, and vibrant flavors. Perfect for your next family feast or gathering! #GullahGeechee",https://gullahgeecheebiz.com/shop.html,,#LowcountryBoil #GullahGeecheeFood #SeafoodRecipe
Master Social Media: Gullah Geechee!,"Unlock social media success with this Gullah Geechee-inspired guide! Learn proven strategies for online marketing, engagement, and growth. Perfect for small businesses & entrepreneurs.",https://gullahgeecheebiz.com/shop.html,,#SocialMediaMarketing #GullahGeechee #OnlineBusiness
"Daily Motivation, Gullah Style","Unlock enduring motivation with wisdom rooted in Gullah Geechee culture. This inspirational book offers daily insights and practical strategies for staying positive and achieving your goals, every single day. Find your inner strength and thrive!",https://gullahgeecheebiz.com/shop.html,,#GullahGeechee #DailyMotivation #InspirationalBook
AI for Gullah Geechee Biz Owners,"Unlock business growth! This Gullah Geechee-focused book guides you through AI tools, strategies & benefits. Optimize operations, boost sales & embrace innovation. Learn to use AI effectively now!",https://gullahgeecheebiz.com/shop.html,,#GullahGeecheeAI #BusinessGrowth #AIforBusiness
"Master Storytelling, Grow Your Biz!","Unlock the power of Gullah Geechee storytelling to transform your business. This book guides you in crafting compelling narratives that resonate, build brand loyalty, and drive success. Learn to connect deeply with your audience. #BusinessGrowth #MarketingStrategy #Storytelling",https://gullahgeecheebiz.com/shop.html,,#GullahGeechee #BusinessStorytelling #BrandBuilding
Gullah Geechee Confidence Unlocked!,"Unlock your unshakeable confidence with this inspiring Gullah Geechee guide. Learn timeless wisdom, build self-esteem, and empower your spirit. Your journey to inner strength starts here! Perfect for personal growth and empowerment.",https://gullahgeecheebiz.com/shop.html,,#GullahGeechee #SelfConfidence #Empowerment
Gullah Geechee Morning Mastery,"Transform your mornings with Gullah Geechee wisdom! This book offers practical, soulful strategies to build a calm, productive routine. Discover traditional practices for a mindful start to your day. Get your copy today!",https://gullahgeecheebiz.com/shop.html,,#GullahGeechee #MorningRoutine #MindfulLiving
Plan Your Business Exit Strategy Now,"Unlock the secrets to a smooth business exit with this essential guide! Learn how to create a solid succession plan, maximize value, and ensure a prosperous future. Perfect for entrepreneurs & small business owners. #BusinessSuccess #ExitStrategy",https://gullahgeecheebiz.com/shop.html,,#BusinessPlanning #ExitStrategy #Entrepreneurship
Handle Criticism Like a Pro,Master the art of receiving feedback with grace and confidence! Learn Gullah Geechee wisdom to turn criticism into growth. Essential guide for personal and professional development. Transform your perspective on constructive criticism today!,https://gullahgeecheebiz.com/shop.html,,#GullahGeecheeWisdom #HandleCriticism #PersonalGrowth
Gullah Geechee Peace Within,"Discover ancient Gullah Geechee wisdom for lasting inner peace. This book guides you to calm your spirit, embrace your roots, and find serenity. Explore traditional practices and mindful living. #GullahGeechee #InnerPeace #Mindfulness",https://gullahgeecheebiz.com/shop.html,,#GullahGeechee #InnerPeace #MindfulLiving
Gullah Geechee Social Media Mastery,"Unlock the secrets to powerful social media marketing with this KDP Draft! Learn proven strategies, boost your brand, and connect with your audience. Perfect for small businesses & entrepreneurs. #GullahGeechee #SocialMediaMarketing #DigitalStrategy",https://gullahgeecheebiz.com/shop.html,,#GullahGeechee #SocialMediaTips #MarketingStrategy
Gullah Geechee Commerce Secrets,"Unlock the power of Gullah Geechee entrepreneurship and community building. Explore history, culture, and sustainable commerce in this insightful book. Perfect for Black history, economic development, and cultural preservation enthusiasts.",https://gullahgeecheebiz.com/shop.html,,#GullahGeechee #CommunityCommerce #BlackOwnedBusiness
Build Strong Gullah Relationships,"Unlock the secrets to healthier, lasting relationships with this Gullah Geechee guide. Learn communication, trust, and love inspired by rich cultural wisdom. Perfect for couples, families, and communities.",https://gullahgeecheebiz.com/shop.html,,#GullahGeechee #RelationshipGoals #CulturalWisdom
Gullah Buttermilk Cornbread Magic!,"Unlock the secrets of authentic Gullah Geechee cuisine with this easy-to-follow recipe. Learn how to bake the perfect fluffy, tender buttermilk cornbread. Taste the rich heritage and flavor of the Lowcountry in every bite. #GullahGeechee #SouthernCooking #CornbreadRecipe",https://gullahgeecheebiz.com/shop.html,,#GullahGeechee #SouthernCooking #CornbreadRecipe
AI for Gullah Geechee Business,"Unlock growth! Learn how Gullah Geechee businesses can use AI for marketing, efficiency & innovation. This book is your guide to modern business solutions. #GullahGeecheeAI",https://gullahgeecheebiz.com/shop.html,,#GullahGeechee #AIBusiness #SmallBusinessTips
Gullah Geechee Comfort: New Cookbook!,"Unlock the soulful flavors of the Gullah Geechee Lowcountry with this essential cookbook! Discover authentic recipes, rich history, and heartwarming comfort food. Taste tradition!",https://gullahgeecheebiz.com/shop.html,,#GullahGeecheeFood #ComfortFood #LowcountryCooking
Gullah Chicken Soup: Soulful Feast,"Unlock the secrets of Gullah Geechee cooking! This book guides you through preparing authentic Gullah Chicken Soup, a flavorful and hearty dish with rich cultural heritage. Master traditional flavors easily. Perfect for home cooks and food enthusiasts. #GullahFood #SouthernRecipes",https://gullahgeecheebiz.com/shop.html,,#GullahGeechee #ChickenSoupRecipe #SouthernCooking
Gullah Geechee Future: Jobs!,"Unlock economic empowerment for the Gullah Geechee community! Discover strategies for job creation, entrepreneurship, and sustainable growth. Support cultural preservation and community development. #GullahGeecheeJobs",https://gullahgeecheebiz.com/shop.html,,#GullahGeechee #JobCreation #CommunityDevelopment
Boost EQ: Gullah Geechee Wisdom,"Unlock emotional intelligence with ancient Gullah Geechee insights. Learn empathy, self-awareness, and resilience for a richer life. Dive into a unique cultural perspective on personal growth.",https://gullahgeecheebiz.com/shop.html,,#EmotionalIntelligence #GullahGeechee #PersonalGrowth
Daily Discipline: Gullah Wisdom,Unlock your potential with daily discipline inspired by Gullah Geechee resilience. This book offers practical steps and ancient wisdom to build lasting habits and achieve your goals. Start your transformation today!,https://gullahgeecheebiz.com/shop.html,,#GullahGeechee #DailyDiscipline #HabitBuilding
Your Gullah Geechee Purpose,Discover your authentic calling with this insightful Gullah Geechee guide to crafting a powerful personal mission statement. Uncover your values & leave a lasting legacy. Perfect for personal growth and empowerment.,https://gullahgeecheebiz.com/shop.html,,#GullahGeechee #PersonalMission #PurposeDriven
Gullah Buttermilk Cornbread Recipe,"Unlock the secrets of authentic Gullah Geechee cuisine with this delicious buttermilk cornbread recipe. Perfect for beginners, learn to bake a golden, fluffy, and flavorful cornbread that's a true taste of tradition. Southern comfort food at its best! #GullahGeechee #SouthernFood",https://gullahgeecheebiz.com/shop.html,,#GullahGeecheeFood #CornbreadRecipe #SouthernCooking
Master Gullah Red Rice Secrets!,"Unlock the authentic taste of the Lowcountry! This cookbook, 'How to Cook Perfect Gullah Red Rice,' dives deep into traditional Gullah Geechee recipes, techniques, and culinary heritage. Learn the secrets to flavorful, fluffy red rice every time. Essential for Southern food lovers and home cooks!",https://gullahgeecheebiz.com/shop.html,,#GullahGeecheeFood #RedRiceRecipe #SouthernCooking
Gullah Geechee Sales Funnel Guide,"Unlock the secrets to building a powerful sales funnel with this Gullah Geechee-inspired guide. Learn to attract customers, drive sales, and grow your KDP business. Essential strategies for authors!",https://gullahgeecheebiz.com/shop.html,,#GullahGeechee #KDPFunnel #AuthorMarketing
Network Like a Gullah Geechee Pro!,Unlock the secrets to powerful networking with this KDP Draft. Learn Gullah Geechee-inspired strategies for building authentic connections and boosting your career. Master networking skills today!,https://gullahgeecheebiz.com/shop.html,,#GullahGeechee #NetworkingTips #CareerGrowth
Gullah Geechee Cooking Secrets!,"Unlock the rich flavors of Gullah Geechee cuisine with 'How to Prepare Okra and Tomatoes'! Discover authentic recipes, cultural insights, and delicious dishes. A must-read for foodies and culinary explorers!",https://gullahgeecheebiz.com/shop.html,,#GullahGeechee #OkraRecipes #SouthernCooking
"Build a Referral Program, Gullah Style!",Unlock the secrets of creating a thriving referral program with this unique guide! Learn from Gullah Geechee wisdom to boost your business & community. KDP Draft insights for success.,https://gullahgeecheebiz.com/shop.html,,#ReferralProgram #GullahGeechee #KDPBook
Gullah Rice Pudding Recipe!,"Discover authentic Gullah Geechee rice pudding! Learn how to make this delicious, traditional dessert with our easy-to-follow recipe book. Perfect for comfort food lovers!",https://gullahgeecheebiz.com/shop.html,,#GullahGeechee #RicePudding #SouthernCooking
Build a Thriving Brand Community,"Unlock the secrets to cultivating a loyal and engaged community around your brand with this Gullah Geechee-inspired guide. Learn authentic strategies for connection, growth, and lasting impact. Perfect for entrepreneurs & marketers!",https://gullahgeecheebiz.com/shop.html,,#BrandCommunity #GullahGeechee #MarketingTips
Gullah Geechee Rice Pudding Secrets,"Unlock the rich culinary heritage of the Gullah Geechee! This book shares authentic, traditional recipes for delicious rice pudding. Learn history and flavors. #GullahGeecheeFood #SouthernCooking #RicePuddingRecipe",https://gullahgeecheebiz.com/shop.html,,#GullahGeechee #RicePudding #SouthernCuisine
Cook Authentic Benne Chicken!,"Unlock the secrets of Gullah Geechee cuisine with ""How to Cook Benne Chicken""! Learn traditional recipes, rich history, and authentic flavors. Perfect for home cooks and food lovers exploring Lowcountry cooking. Get your copy today!",https://gullahgeecheebiz.com/shop.html,,#GullahGeechee #BenneChicken #LowcountryCooking
Map Your Customer Journey! 🗺️,"Unlock success with our Gullah Geechee guide on creating powerful customer journey maps. Optimize user experience, boost conversions, and grow your business with proven strategies. Learn customer experience mapping today!",https://gullahgeecheebiz.com/shop.html,,#CustomerJourney #MarketingStrategy #GullahGeechee
Gullah Tea Cakes: Sweet Tradition!,"Unlock the secrets of Gullah Geechee baking! Learn to make authentic, delicious Gullah Tea Cakes with this easy-to-follow guide. A taste of heritage in every bite. Perfect for family and friends. #GullahGeechee",https://gullahgeecheebiz.com/shop.html,,#GullahTeaCakes #GullahGeecheeFood #SouthernBaking
Gullah Self-Compassion Guide,Discover peace & self-love the Gullah Geechee way. This book offers practices rooted in heritage to nurture your well-being. Find inner calm today! #GullahGeechee #SelfCompassion #WellnessBook,https://gullahgeecheebiz.com/shop.html,,#GullahGeechee #SelfCompassion #WellnessBook
"Conquer Fear, Gullah Geechee Way!","Unlock your potential with Gullah Geechee wisdom. This book offers practical steps to overcome fear of failure, embrace resilience, and achieve your dreams. Empowering strategies for success!",https://gullahgeecheebiz.com/shop.html,,#GullahGeechee #FearOfFailure #SelfImprovement
Gullah Geechee Pickled Shrimp!,"Unlock the secrets of Gullah Geechee cuisine! Learn to make authentic pickled shrimp with this easy, flavorful recipe. A taste of tradition awaits!",https://gullahgeecheebiz.com/shop.html,,#GullahGeechee #PickledShrimp #SouthernCooking
Gullah Veggies: Cook Authentic!,"Unlock the secrets of Gullah Geechee cuisine! Learn to cook delicious, traditional Gullah vegetables with this essential cookbook. Explore rich flavors & heritage recipes. Perfect for home cooks!",https://gullahgeecheebiz.com/shop.html,,#GullahGeechee #SouthernCooking #VegetableRecipes
Gullah Geechee Camp Cooking!,"Unlock the secrets of Gullah Geechee culinary traditions for your next outdoor adventure! Delicious, easy, and authentic recipes perfect for camping or home. Taste history!",https://gullahgeecheebiz.com/shop.html,,#GullahGeechee #CampCooking #SouthernFood
Gullah Holiday Feasts Made Easy!,"Unlock the secrets of authentic Gullah Geechee holiday cooking! This cookbook shares traditional recipes, vibrant stories, and cultural insights for memorable feasts. Perfect for foodies and cultural explorers. #GullahRecipes #HolidayCooking",https://gullahgeecheebiz.com/shop.html,,#GullahGeechee #HolidayRecipes #SouthernCooking
Sweetgrass Lemonade Recipe!,Discover the vibrant flavors of Gullah Geechee culture with this unique Sweetgrass Lemonade recipe! Learn traditional techniques and make a refreshing drink. Perfect for summer! #GullahGeechee #SouthernRecipes,https://gullahgeecheebiz.com/shop.html,,#GullahGeechee #SweetgrassLemonade #SouthernRecipes
Handle Criticism Like a Gullah Boss,"Unlock Gullah Geechee wisdom for gracefully handling criticism. This book offers practical tips, cultural insights, and empowering strategies to turn critiques into growth. Learn resilience & maintain your peace. #GullahGeechee #PersonalGrowth #CommunicationSkills",https://gullahgeecheebiz.com/shop.html,,#GullahGeechee #Criticism #SelfImprovement
"Master Your Morning, Gullah Geechee Way","Unlock a powerful, intentional morning routine inspired by Gullah Geechee wisdom. Boost productivity, find peace, and start your day strong. Your best mornings begin here!",https://gullahgeecheebiz.com/shop.html,,#GullahGeechee #MorningRoutine #ProductivityTips
Gullah Geechee Pickled Shrimp Recipe,"Unlock the flavors of the Gullah Geechee coast! Learn to make authentic pickled shrimp with this easy, delicious recipe. A true taste of Southern heritage.",https://gullahgeecheebiz.com/shop.html,,#GullahGeechee #PickledShrimp #SouthernCooking
Unlock Your Child's Imagination!,"Discover the magic of Gullah Geechee storytelling to ignite creativity in children. This book, ""How to Build Imagination,"" offers rich cultural insights & engaging activities. Perfect for parents & educators seeking unique ways to foster imaginative play and learning. Explore the vibrant Gullah Geechee heritage!",https://gullahgeecheebiz.com/shop.html,,#GullahGeechee #KidsBooks #Imagination
Gullah Geechee Business Boost!,"Unlock the power of Gullah Geechee community commerce! This essential guide offers insights and strategies for sustainable economic growth, preserving culture, and thriving in the Gullah Geechee Corridor. Perfect for entrepreneurs & advocates. #GullahGeechee #CommunityCommerce #SupportBlackOwned",https://gullahgeecheebiz.com/shop.html,,#GullahGeechee #CommunityCommerce #SupportBlackOwned
Gullah Geechee Secrets Revealed!,"Unlock the rich history and vibrant culture of the Gullah Geechee people with Encyclopedia Volume 03. Explore traditions, language, and heritage. A must-have for history buffs and cultural enthusiasts! #GullahGeechee",https://gullahgeecheebiz.com/shop.html,,#GullahGeecheeCulture #AfricanAmericanHistory #CulturalHeritage
Gullah Seafood Magic!,"Unlock the secrets of Gullah Geechee cuisine! Dive into authentic, delicious seafood recipes with 'How to Cook Gullah Seafood'. Explore heritage, flavor, and Southern cooking traditions. #GullahGeechee",https://gullahgeecheebiz.com/shop.html,,#GullahGeechee #SouthernCooking #SeafoodRecipes
"Master Public Speaking, Gullah Way","Unlock your voice with KDP Draft: How to Master Public Speaking. This Gullah Geechee-inspired guide teaches impactful communication, storytelling, and confidence for any stage. Learn to captivate your audience!",https://gullahgeecheebiz.com/shop.html,,#PublicSpeaking #GullahGeechee #CommunicationSkills
Launch Your Online Course Now!,"Ready to share your wisdom? This Gullah Geechee guide helps you create, market, and launch a successful online course. Learn course creation strategies, online marketing, and passive income generation. Your expertise deserves to be shared!",https://gullahgeecheebiz.com/shop.html,,#OnlineCourse #CourseCreation #PassiveIncome
Master Gullah Geechee Storytelling,"Unlock the power of your narrative with 'How to Master Business Storytelling.' Learn from Gullah Geechee traditions to captivate audiences, grow your business, and share your authentic voice. Essential for entrepreneurs and communicators seeking impact.",https://gullahgeecheebiz.com/shop.html,,#GullahGeechee #BusinessStorytelling #Entrepreneurship
Gullah Geechee Sweetgrass Lemonade!,Discover the vibrant flavors and rich history of Gullah Geechee culture with this unique sweetgrass lemonade recipe book. Learn how to brew this refreshing drink and connect with heritage. Perfect for summer sipping and cultural exploration!,https://gullahgeecheebiz.com/shop.html,,#GullahGeechee #SweetgrassLemonade #SouthernRecipes
Gullah Chicken Soup: Easy Recipe!,"Unlock the secrets of authentic Gullah Geechee cuisine! This book guides you through making delicious, soulful Gullah Chicken Soup. Learn traditional methods and savor the rich heritage of the Lowcountry. Perfect for home cooks and foodies seeking new flavors.",https://gullahgeecheebiz.com/shop.html,,#GullahGeechee #ChickenSoupRecipe #SoulFood
Launch Your Book: Gullah Geechee Guide,Unlock the secrets to a successful book launch! This Gullah Geechee-inspired guide provides a step-by-step product launch plan for KDP authors. Maximize your book's visibility and sales. #KDP #BookLaunch #GullahGeechee,https://gullahgeecheebiz.com/shop.html,,#KDPBook #BookMarketing #GullahGeechee
"Grow Patience, Gullah Geechee Way!","Unlock ancient wisdom for a calmer life. This Gullah Geechee guide helps you cultivate patience, reduce stress, and embrace mindful living. Discover timeless traditions for inner peace. #GullahGeecheeWisdom #MindfulLiving",https://gullahgeecheebiz.com/shop.html,,#GullahGeechee #PatienceBook #MindfulLiving
Gullah Geechee Social Media Mastery,"Unlock the secrets of social media marketing with this KDP Draft! Learn effective strategies to grow your brand, connect with your community, and master digital presence. Perfect for small businesses, creatives, and entrepreneurs. #GullahGeechee #SocialMediaMarketing #DigitalStrategy",https://gullahgeecheebiz.com/shop.html,,#GullahGeechee #SocialMediaTips #MarketingStrategy
Beat Fear: Gullah Geechee Wisdom,"Unlock your potential with Gullah Geechee insights! This book offers practical strategies to overcome fear of failure, build resilience, and achieve your dreams. Start your journey to success today!",https://gullahgeecheebiz.com/shop.html,,#FearOfFailure #GullahGeechee #SelfImprovement
Gullah Holiday Feasts Made Easy!,Unlock the secrets of authentic Gullah Geechee holiday cooking! This cookbook shares traditional recipes & vibrant flavors for your festive table. Learn to make delicious Gullah dishes at home.,https://gullahgeecheebiz.com/shop.html,,#GullahGeechee #HolidayRecipes #SoulFood
"Master Cast Iron, Gullah Geechee Style!","Unlock the secrets of cast iron cooking with this Gullah Geechee guide! Learn traditional techniques for flavorful, soulful dishes. Perfect for home cooks and foodies. #CastIronCooking #GullahGeecheeCuisine #SouthernFood",https://gullahgeecheebiz.com/shop.html,,#CastIronCooking #GullahGeecheeFood #SouthernCooking
Gullah One-Pot Meals Made Easy!,"Unlock the secrets of Gullah Geechee cooking with this essential cookbook! Learn to create delicious, authentic one-pot meals bursting with flavor. Perfect for quick and easy weeknight dinners.  #GullahCooking",https://gullahgeecheebiz.com/shop.html,,#GullahGeechee #OnePotMeals #SoulFood
"Heal Your Soul, Gullah Geechee Way","Discover powerful Gullah Geechee wisdom for self-compassion. Learn to nurture your spirit, find inner peace, and embrace self-love. This book offers practical guidance for a more compassionate life. Keywords: Gullah Geechee, self-compassion, healing, self-love, spiritual wellness.",https://gullahgeecheebiz.com/shop.html,,#GullahGeechee #SelfCompassion #SpiritualWellness
Gullah Geechee Okra & Tomato Secrets,"Unlock the rich flavors of Gullah Geechee cuisine! This book, 'How to Prepare Okra and Tomatoes,' shares traditional recipes, cultural insights, and cooking tips. Discover authentic Southern cooking today!",https://gullahgeecheebiz.com/shop.html,,#GullahGeechee #OkraRecipes #SouthernCooking
Gullah Geechee Social Media Secrets,"Unlock the power of social media marketing with Gullah Geechee wisdom! Learn strategies for businesses, entrepreneurs, and creatives to grow online. Practical tips & cultural insights for authentic engagement.",https://gullahgeecheebiz.com/shop.html,,#GullahGeechee #SocialMediaMarketing #BusinessTips
Dream Big: Vision Board Magic!,Unlock your potential with 'How to Create a Vision Board That Works'! Learn to manifest your dreams using Gullah Geechee principles & practical tips. Your guide to goal setting & visualization. ✨,https://gullahgeecheebiz.com/shop.html,,#VisionBoard #ManifestYourDreams #GullahGeechee
Authentic Gullah Shrimp & Grits!,"Unlock the secrets to the best Shrimp and Grits! This Gullah Geechee cookbook shares traditional recipes and heritage. Learn to make this Lowcountry classic perfectly. Easy to follow, full of flavor!",https://gullahgeecheebiz.com/shop.html,,#GullahGeechee #ShrimpAndGrits #SouthernCooking
Gullah Seafood Secrets Revealed!,"Unlock the rich flavors of Gullah Geechee cuisine! Learn to cook authentic seafood dishes with this new cookbook. Delicious recipes, cultural insights, and easy-to-follow steps await. #GullahFood",https://gullahgeecheebiz.com/shop.html,,#GullahGeechee #SeafoodRecipes #Cookbook
Gullah Geechee Wisdom for Kids,"Unlock powerful discipline techniques rooted in Gullah Geechee culture. Learn respectful, effective ways to guide children and foster strong family bonds. Essential reading for parents seeking cultural wisdom and practical advice.",https://gullahgeecheebiz.com/shop.html,,#GullahGeechee #ParentingTips #ChildDiscipline
Build Your Digital Product Empire!,"Unlock the secrets to building a thriving digital product business. Learn from Gullah Geechee insights to create, market, and scale your empire. Perfect for entrepreneurs & creators!",https://gullahgeecheebiz.com/shop.html,,#DigitalProducts #GullahGeechee #OnlineBusiness
Gullah Geechee Mindful Living,"Discover tranquility with this Gullah Geechee guide to mindful living. Learn practices rooted in cultural wisdom for stress reduction & inner peace. Embrace a balanced, soulful life. #MindfulLiving #GullahGeechee",https://gullahgeecheebiz.com/shop.html,,#MindfulLiving #GullahGeechee #SelfCare
Taste of Gullah Geechee Smoothies!,"Discover vibrant, healthy Gullah Geechee smoothie recipes! Bursting with fresh, local ingredients and island flavors. 🌱 Get your copy of Gullah Geechee Smoothies today and blend up a taste of heritage. Perfect for healthy eating and cultural exploration!",https://gullahgeecheebiz.com/shop.html,,#GullahGeechee #SmoothieRecipes #HealthyDrinks
Surrender: Gullah Geechee Wisdom,Unlock ancient Gullah Geechee secrets to inner peace & resilience. Learn to embrace letting go with this transformative book. Find strength in surrender.,https://gullahgeecheebiz.com/shop.html,,#GullahGeechee #SpiritualGrowth #InnerPeace
Plan Your Business Exit Now!,"Don't just build, plan your legacy! This Gullah Geechee guide helps entrepreneurs create a smart business exit strategy. Secure your future & maximize value. Essential for small business owners & legacy planning.",https://gullahgeecheebiz.com/shop.html,,#BusinessExitStrategy #GullahGeechee #LegacyPlanning
Unlock Your Inner Gullah Geechee Strength,Discover the powerful resilience and rich heritage of the Gullah Geechee people. This guide offers insights and inspiration for unwavering determination. Learn timeless wisdom for overcoming challenges and achieving your goals. Perfect for history lovers & self-improvement seekers!,https://gullahgeecheebiz.com/shop.html,,#GullahGeechee #Determination #BlackHistory
Master Lowcountry Boil at Home!,Unlock the secrets to an authentic Gullah Geechee Lowcountry Boil! This book guides you through traditional recipes and essential techniques for a perfect seafood feast. Cook like a true islander!,https://gullahgeecheebiz.com/shop.html,,#LowcountryBoil #GullahGeecheeFood #SeafoodRecipes
Gullah Geechee Subs: Your Business!,"Unlock the secrets of building a thriving subscription business with Gullah Geechee principles. This book provides a unique perspective on entrepreneurship, community, and sustainable growth. Start your journey today!",https://gullahgeecheebiz.com/shop.html,,#GullahGeechee #SubscriptionBusiness #Entrepreneurship
Gullah One-Pot Wonders!,"Unlock the secrets of Gullah Geechee cooking! Easy, flavorful one-pot meals perfect for busy weeknights. Explore authentic Gullah recipes and traditions.",https://gullahgeecheebiz.com/shop.html,,#GullahGeechee #OnePotMeals #SouthernCooking
Build Your Digital Product Empire,"Unlock the secrets to building a thriving digital product empire with this essential guide. Learn strategies for creating, marketing, and selling digital products. Perfect for entrepreneurs, creators, and online business owners. Start your digital product journey today!",https://gullahgeecheebiz.com/shop.html,,#DigitalProducts #OnlineBusiness #Entrepreneurship
Gullah Geechee Loyalty Secrets!,"Unlock the power of Gullah Geechee wisdom to build unshakeable customer loyalty. Learn timeless strategies for community, connection, and repeat business. Perfect for entrepreneurs & small businesses!",https://gullahgeecheebiz.com/shop.html,,#CustomerLoyalty #GullahGeechee #BusinessTips
Gullah Geechee Cornbread Secret!,Unlock authentic Gullah Geechee flavors! Learn to make delicious Southern cornbread from scratch with this easy-to-follow guide. Perfect for home cooks and foodies. #GullahGeechee #SouthernFood,https://gullahgeecheebiz.com/shop.html,,#GullahGeechee #SouthernCornbread #Cookbook
Gullah Buttermilk Cornbread Magic!,"Unlock the secrets of authentic Gullah Geechee buttermilk cornbread with our new cookbook! Discover traditional recipes, heartwarming stories, and the rich culinary heritage of the Lowcountry. Perfect for home bakers and foodies alike. Get your copy today!",https://gullahgeecheebiz.com/shop.html,,#GullahGeechee #CornbreadRecipe #SouthernCooking
Gullah Collards: The REAL Way!,"Unlock the secrets of authentic Gullah Geechee collard greens! Learn traditional techniques for the most flavorful, tender greens. Master this soulful Southern dish. Perfect for beginners and seasoned cooks!",https://gullahgeecheebiz.com/shop.html,,#GullahGeechee #CollardGreens #SouthernCooking
Gullah Wisdom for Inner Peace,"Unlock tranquility with Gullah Geechee teachings. This book offers timeless wisdom and practices for finding inner peace, mindfulness, and a balanced life. Discover spiritual healing rooted in rich cultural heritage. #GullahGeechee #Mindfulness",https://gullahgeecheebiz.com/shop.html,,#GullahGeechee #InnerPeace #SpiritualWisdom
Gullah Soups & Stews: A Culinary Journey,Unlock the secrets of Gullah Geechee cooking! Discover authentic Lowcountry recipes for delicious soups and hearty stews. Explore rich flavors and cultural heritage. Perfect for home cooks and food lovers!,https://gullahgeecheebiz.com/shop.html,,#GullahGeechee #SouthernCooking #SoupRecipes
Build Vision: Gullah Geechee Wisdom,"Unlock your potential with ""How to Build Vision."" Dive into Gullah Geechee teachings, cultural insights, and practical steps for clarity, purpose, and a brighter future. Discover heritage-rich strategies for personal growth and community empowerment.",https://gullahgeecheebiz.com/shop.html,,#GullahGeechee #BuildVision #CulturalWisdom
Gullah Geechee Benne Chicken!,"Unlock the secrets of authentic Gullah Geechee cuisine with this must-have cookbook! Learn to make the most flavorful Benne Chicken, a true taste of the Sea Islands. Perfect for home cooks and food history enthusiasts. Easy-to-follow recipes inside!",https://gullahgeecheebiz.com/shop.html,,#GullahGeecheeFood #BenneChicken #SouthernCooking
Freelance Career: Gullah Geechee Guide,"Unlock your potential with this unique Gullah Geechee approach to building a thriving freelance career. Learn practical tips, cultural insights, and strategies for success. Start your freelance journey today!",https://gullahgeecheebiz.com/shop.html,,#GullahGeechee #FreelanceLife #CareerTips
Gullah Geechee Unity Guide,Discover the vibrant heritage and powerful lessons of the Gullah Geechee culture for building unity. This guide offers insights for fostering community and understanding. Explore Gullah Geechee history and principles.,https://gullahgeecheebiz.com/shop.html,,#GullahGeechee #CulturalHeritage #CommunityUnity
Gullah Sauces & Seasonings,Unlock the authentic flavors of Gullah Geechee cuisine! Learn to make traditional sauces and seasonings with this essential cookbook. Spice up your cooking today! #GullahGeechee #SouthernCooking #FlavorfulRecipes,https://gullahgeecheebiz.com/shop.html,,#GullahGeechee #SouthernCooking #RecipeBook
Network Like a Gullah Geechee Pro!,Unlock the secrets of powerful networking with this unique Gullah Geechee perspective. Learn invaluable communication strategies and community-building techniques that will elevate your professional and personal connections. A must-read for anyone serious about growth!,https://gullahgeecheebiz.com/shop.html,,#GullahGeechee #NetworkingTips #ProfessionalDevelopment
Write Copy That Sells: KDP Draft,Unlock the secrets to compelling sales copy for your KDP books! Learn how to write irresistible descriptions that convert readers into buyers. Master KDP copywriting strategies. #KDP #BookMarketing #AuthorTips,https://gullahgeecheebiz.com/shop.html,,#KDPPublishing #CopywritingTips #AuthorLife
"Preserve Summer's Bounty, Gullah Style!","Unlock Gullah Geechee secrets to preserving summer vegetables! Learn traditional methods for canning, pickling & drying. Extend your harvest & savor fresh flavors all year long. Essential guide for home cooks!",https://gullahgeecheebiz.com/shop.html,,#GullahGeechee #PreservingFood #SummerVegetables
Gullah Geechee Veggie Preservation,Unlock ancient secrets! Learn Gullah Geechee techniques to preserve summer vegetables. Extend your harvest & savor authentic flavors all year. Essential food preservation tips for a bountiful pantry.,https://gullahgeecheebiz.com/shop.html,,#GullahGeechee #FoodPreservation #SummerHarvest
Gullah Breads: Bake Heritage!,"Unlock the secrets of Gullah Geechee baking! Learn to make traditional Gullah breads, biscuits, and more with this authentic cookbook. Recipes for sweet potato bread, benne wafers, & cornmeal dumplings. #GullahGeechee #SouthernCooking #BakingRecipes",https://gullahgeecheebiz.com/shop.html,,#GullahGeechee #GullahBreads #SouthernCooking
Gullah Geechee Commerce Secrets!,"Unlock the rich history and vibrant economic power of the Gullah Geechee community! This book explores sustainable commerce, cultural preservation, and entrepreneurship within this unique American heritage. Discover their traditions and innovative business strategies.",https://gullahgeecheebiz.com/shop.html,,#GullahGeechee #CommunityCommerce #BlackOwnedBusiness
Gullah Geechee Collards Recipe!,"Unlock the secrets to authentic, flavorful collard greens with this Gullah Geechee cookbook. Learn traditional techniques & ingredients for the best Southern collards. A must-have for soul food lovers!",https://gullahgeecheebiz.com/shop.html,,#GullahGeechee #CollardGreens #SoulFood
Website on a Budget? Yes!,"Unlock the secrets to building a stunning website without breaking the bank! This Gullah Geechee-inspired guide offers practical, affordable strategies for entrepreneurs, small businesses, and personal brands. Learn website creation, SEO, and more!",https://gullahgeecheebiz.com/shop.html,,#WebsiteBudget #SmallBizTips #OnlinePresence
Gullah Sauces & Seasonings Guide,Unlock authentic Gullah Geechee flavors! Learn to make traditional sauces and spice blends with this essential cookbook. Spice up your cooking today!,https://gullahgeecheebiz.com/shop.html,,#GullahGeechee #SouthernCooking #SpiceBlends
"Grow Your Mind, Gullah Geechee Style!","Unlock your potential with this Gullah Geechee-inspired guide to a growth mindset. Discover wisdom and actionable steps for personal development and resilience. Learn, grow, thrive!",https://gullahgeecheebiz.com/shop.html,,#GrowthMindset #GullahGeechee #PersonalGrowth
Gullah Geechee Unity: Your Guide,"Unlock the rich history & vibrant culture of the Gullah Geechee people. This guide fosters unity, understanding, and celebrates community. Explore traditions & strengthen bonds.",https://gullahgeecheebiz.com/shop.html,,#GullahGeechee #CulturalUnity #CommunityBuilding
"Set Boundaries, Live Freely!","Unlock your power with this Gullah Geechee guide to setting boundaries. Learn practical tools and wisdom to protect your energy, honor your spirit, and create healthier relationships. Reclaim your peace today!",https://gullahgeecheebiz.com/shop.html,,#GullahGeechee #BoundarySetting #SelfCare
Gullah Geechee Business Success!,Unlock your entrepreneurial dreams with our 'How to Create a Business Plan' guide. Learn essential steps to build a thriving business rooted in Gullah Geechee culture. Perfect for aspiring entrepreneurs & small business owners. Get your copy today!,https://gullahgeecheebiz.com/shop.html,,#GullahGeecheeBusiness #BusinessPlan #Entrepreneurship
Website on a Budget: Gullah Style!,"Unlock the secrets to building a stunning website without breaking the bank! This Gullah Geechee guide shares practical, affordable tips for creating your online presence. Perfect for entrepreneurs & creatives on a budget. #GullahGeechee",https://gullahgeecheebiz.com/shop.html,,#WebsiteBudget #GullahGeechee #SmallBusinessTips
Price Your Biz: Gullah Geechee Guide,Unlock smart pricing strategies with this Gullah Geechee-inspired guide. Learn to value your work & make more profits! Perfect for entrepreneurs & small businesses. Get your copy today!,https://gullahgeecheebiz.com/shop.html,,#GullahGeechee #PricingStrategy #SmallBusinessTips
Southern Mac & Cheese Secrets!,"Unlock the authentic taste of Gullah Geechee mac and cheese! This cookbook shares traditional Southern recipes and techniques for the creamiest, most flavorful mac you've ever had. Heirloom recipes await!",https://gullahgeecheebiz.com/shop.html,,#GullahGeechee #SouthernCooking #MacAndCheese
Gullah Geechee Resilience: Tough Times,"Unlock ancient wisdom for modern challenges. This Gullah Geechee guide offers powerful strategies and cultural insights to build your inner strength, overcome adversity, and thrive. Learn resilience today!",https://gullahgeecheebiz.com/shop.html,,#GullahGeechee #Resilience #SelfHelp
Gullah Gratitude Daily Guide,"Unlock the power of everyday gratitude with Gullah Geechee wisdom. Discover simple practices to cultivate joy, mindfulness, and appreciation in your life. Embrace heritage, find peace. 🙏",https://gullahgeecheebiz.com/shop.html,,#GullahGeechee #DailyGratitude #Mindfulness
Gullah Wisdom: Mindful Living,"Unlock tranquility with Gullah Geechee insights on mindful living. Discover ancient practices for inner peace, stress reduction, and well-being. Embrace a richer, more intentional life. Gullah Geechee culture.",https://gullahgeecheebiz.com/shop.html,,#GullahGeechee #MindfulLiving #InnerPeace
"Stop People-Pleasing, Find Your Voice","Feeling drained? This Gullah Geechee guide helps you break free from people-pleasing, set boundaries, and rediscover your authentic self. Learn to say ""no"" confidently and prioritize your well-being. Empower yourself today!",https://gullahgeecheebiz.com/shop.html,,#PeoplePleasing #GullahGeechee #SelfCare
Master Your Gullah Geechee Mornings!,"Unlock a powerful morning routine with Gullah Geechee wisdom. Transform your day, boost productivity, and find peace. Learn to craft a routine that empowers your spirit and mind. Start your journey to a better you!",https://gullahgeecheebiz.com/shop.html,,#GullahGeechee #MorningRoutine #SelfImprovement
Gullah Geechee Harmony Guide,"Unlock ancient Gullah Geechee wisdom for a balanced, harmonious life. This book offers cultural insights, traditions, and practices to nurture your spirit. Discover peace & well-being. #GullahGeechee #Harmony #Culture",https://gullahgeecheebiz.com/shop.html,,#GullahGeechee #CulturalWisdom #HarmonyBook
Gullah Geechee Flavors Unveiled!,"Spice up your kitchen with authentic Gullah Geechee condiments! Explore vibrant recipes, traditions, and the rich culinary heritage of the Lowcountry. A must-have for foodies & culture lovers.",https://gullahgeecheebiz.com/shop.html,,#GullahGeechee #SouthernCooking #CondimentRecipes
Gullah Simplicity: Build a Rich Life,"Unlock the secrets of Gullah Geechee wisdom to cultivate a life of meaningful simplicity. Discover practical traditions for mindfulness, community, and joy. A path to purposeful living awaits!",https://gullahgeecheebiz.com/shop.html,,#GullahGeechee #SimpleLiving #Mindfulness
"Network Like a Pro, Gullah Style!","Unlock career success with Gullah Geechee wisdom! This book shares powerful networking strategies for professionals. Learn to connect authentically, build relationships, and grow your opportunities. Essential for career development, entrepreneurs, and job seekers.",https://gullahgeecheebiz.com/shop.html,,#GullahGeechee #NetworkingTips #CareerGrowth
Gullah Geechee Rice Pudding Recipe,"Discover the delicious tradition of Gullah Geechee rice pudding! This authentic recipe brings generations of flavor to your kitchen. Learn how to make this comforting dessert, perfect for family and friends. #GullahGeechee #RicePudding #SouthernCooking",https://gullahgeecheebiz.com/shop.html,,#GullahGeechee #RicePuddingRecipe #SouthernDessert
Gullah Geechee Loyalty Secrets!,Unlock ancient wisdom for modern business! Learn customer loyalty strategies rooted in Gullah Geechee culture. Build lasting relationships and thrive. #GullahGeechee #CustomerLoyalty #BusinessTips,https://gullahgeecheebiz.com/shop.html,,#GullahGeechee #CustomerLoyalty #BusinessTips
Gullah Resilience: Thrive Anywhere,Unlock ancient Gullah Geechee wisdom to build unshakeable resilience. Learn practical strategies for navigating tough times and finding strength within. Discover a rich cultural legacy.,https://gullahgeecheebiz.com/shop.html,,#GullahGeechee #Resilience #SelfImprovement
LinkedIn Success: Gullah Geechee Guide,"Unlock LinkedIn's power for business growth! This Gullah Geechee-inspired guide offers strategic tips & community insights to elevate your brand. Master networking, content, and lead generation. Perfect for entrepreneurs & professionals!",https://gullahgeecheebiz.com/shop.html,,#GullahGeechee #LinkedInForBusiness #BusinessGrowth
Gullah Geechee Self-Compassion,"Unlock ancient wisdom for modern self-care. This Gullah Geechee-inspired guide helps you cultivate self-compassion, reduce stress, and embrace inner peace. Discover mindful practices & traditional insights for holistic well-being. Perfect for personal growth & emotional healing.",https://gullahgeecheebiz.com/shop.html,,#GullahGeechee #SelfCompassion #Mindfulness
Gullah Veggies: Cook Authentic,"Unlock the secrets of Gullah Geechee cooking! Learn traditional recipes for delicious, healthy vegetables straight from the Lowcountry. Explore authentic flavors & heritage.",https://gullahgeecheebiz.com/shop.html,,#GullahGeechee #SouthernCooking #VegetableRecipes
Gullah Geechee Benne Wafer Secrets!,"Unlock the delicious tradition of Gullah Geechee cooking with our easy guide to making perfect Benne Wafers! This cookbook shares authentic recipes, heritage, and the rich flavors of the Lowcountry. Perfect for bakers & foodies!",https://gullahgeecheebiz.com/shop.html,,#BenneWafers #GullahGeechee #SouthernRecipes
Gullah Geechee Boiled Peanut Magic!,Unlock the authentic taste of the South! Learn how to make traditional Gullah Geechee boiled peanuts with this easy-to-follow guide. A true Southern delicacy! #GullahGeechee #SouthernRecipe #BoiledPeanuts,https://gullahgeecheebiz.com/shop.html,,#GullahGeechee #BoiledPeanuts #SouthernCooking
Build Your Brand: Style Guide Secrets,"Unlock the power of a cohesive brand! This Gullah Geechee-inspired book provides essential steps to create a brand style guide, ensuring consistent messaging and a strong brand identity. Perfect for entrepreneurs & small businesses. Learn branding tips & brand strategy.",https://gullahgeecheebiz.com/shop.html,,#BrandStyleGuide #GullahGeecheeBusiness #BrandingTips
"Beat Imposter Syndrome, Gullah Style!","Unlock your true potential! This Gullah Geechee-inspired guide helps you overcome imposter syndrome, embrace your heritage, and shine authentically. Practical tips for self-doubt.",https://gullahgeecheebiz.com/shop.html,,#ImposterSyndrome #GullahGeechee #SelfDevelopment
Gullah Geechee Brand Building Guide,"Unlock your potential with this Gullah Geechee-inspired guide to personal branding. Learn to build an authentic, powerful brand identity. Perfect for entrepreneurs, creatives, and cultural enthusiasts looking for unique insights. #PersonalBranding #GullahGeechee #BrandStrategy",https://gullahgeecheebiz.com/shop.html,,#GullahGeechee #PersonalBrand #AuthenticBrand
Gullah Geechee Pickled Shrimp!,Unlock the secrets to authentic Gullah Geechee pickled shrimp! This easy guide brings traditional Lowcountry flavors to your kitchen. Learn step-by-step how to make this delicious seafood delicacy. Perfect for appetizers or snacks!,https://gullahgeecheebiz.com/shop.html,,#GullahGeechee #PickledShrimp #LowcountryFood
Fry Perfect Fish: Gullah Geechee Secrets!,"Unlock the secrets to perfectly fried fish with this authentic Gullah Geechee cookbook! Learn traditional recipes, techniques, and flavors passed down through generations. Easy to follow, delicious results. #GullahGeechee #FriedFish #Cookbook",https://gullahgeecheebiz.com/shop.html,,#GullahGeechee #FriedFish #Cookbook
Gullah Geechee Business Finance Guide,"Unlock financial freedom with this Gullah Geechee-focused guide! Learn to manage your small business finances, budgeting, and growth strategies. Perfect for entrepreneurs & financial literacy. #GullahGeecheeBusiness #FinancialLiteracy #SmallBusinessHelp",https://gullahgeecheebiz.com/shop.html,,#GullahGeechee #BusinessFinance #SmallBizTips
"Calm Your Mind, Naturally!",Discover Gullah Geechee wisdom for natural anxiety relief. This book offers holistic practices & ancient remedies to soothe your mind and body. Learn to manage stress effectively and find inner peace.,https://gullahgeecheebiz.com/shop.html,,#AnxietyRelief #GullahGeechee #NaturalWellness
Gullah Sides: Your New Favorite Recipes,"Unlock the authentic flavors of Gullah Geechee cuisine! Learn to prepare delicious, traditional side dishes that will elevate any meal. Easy-to-follow recipes for classic Gullah food. #GullahGeechee #SouthernCooking #SoulFood",https://gullahgeecheebiz.com/shop.html,,#GullahGeechee #SoulFoodRecipes #SouthernCuisine
Bake Authentic Gullah Breads!,Unlock the secrets of Gullah Geechee baking! Learn to make traditional Gullah breads with our easy-to-follow recipes. Explore rich flavors & cultural heritage. Perfect for home bakers & foodies!,https://gullahgeecheebiz.com/shop.html,,#GullahGeechee #GullahBreads #BakingRecipes
Cook Authentic Benne Chicken!,"Unlock the secrets of Gullah Geechee cuisine! This book teaches you to make delicious Benne Chicken. Learn traditional recipes, explore flavorful techniques, and savor a taste of the Lowcountry. Perfect for foodies & home cooks!",https://gullahgeecheebiz.com/shop.html,,#GullahGeechee #BenneChicken #SouthernCooking
Build Loyalty the Gullah Way!,Unlock the secrets to lasting customer loyalty with this unique Gullah Geechee-inspired guide. Learn relationship-building strategies for your business. Grow your community!,https://gullahgeecheebiz.com/shop.html,,#CustomerLoyalty #GullahGeecheeBusiness #BusinessStrategy
Gullah Seafood Magic at Home!,"Unlock the secrets of Gullah Geechee cuisine! This cookbook teaches you traditional Gullah seafood recipes. Delicious flavors, cultural heritage, and easy-to-follow guides for authentic Gullah cooking. Perfect for home cooks!",https://gullahgeecheebiz.com/shop.html,,#GullahGeechee #SeafoodRecipes #LowcountryCooking
Gullah Geechee Branding Secrets,"Unlock your unique voice with 'How to Build a Personal Brand,' a Gullah Geechee-inspired guide. Learn authentic branding strategies, storytelling, and cultural connection to make your mark. Empower yourself today!",https://gullahgeecheebiz.com/shop.html,,#GullahGeechee #PersonalBranding #CulturalEmpowerment
Gullah Geechee Gratitude Guide,"Unlock daily joy with this inspiring Gullah Geechee guide! Learn powerful traditions for cultivating gratitude, mindfulness, and a richer life. Discover cultural wisdom and practical tips for everyday living. #GullahGeechee #GratitudeBook #Mindfulness",https://gullahgeecheebiz.com/shop.html,,#GullahGeechee #GratitudeBook #DailyMindfulness
Website on a Budget: Gullah Geechee!,"Unlock the secrets to building a professional website without breaking the bank! This Gullah Geechee guide offers practical, actionable steps for a stunning online presence. Learn web design, marketing, and SEO for small businesses. #smallbusiness #gullahgeechee",https://gullahgeecheebiz.com/shop.html,,#GullahGeechee #WebsiteBuilding #BudgetWebsite
"Find Your Inner Peace, Gullah Way",Unlock tranquility & cultivate inner peace with this Gullah Geechee-inspired guide. Discover ancestral wisdom for a serene mind & joyful spirit. A journey to self-discovery and well-being. #GullahGeechee #InnerPeace #Mindfulness,https://gullahgeecheebiz.com/shop.html,,#GullahGeechee #InnerPeace #Mindfulness
Gullah Geechee Condiments!,"Unlock the vibrant flavors of Gullah Geechee cuisine! Discover unique recipes for homemade sauces, marinades, and spices. Elevate your cooking with authentic Lowcountry tastes. #GullahGeechee #Condiments #Cookbook",https://gullahgeecheebiz.com/shop.html,,#GullahGeechee #SouthernCooking #CondimentRecipes
Master Gullah Geechee Negotiations,"Unlock the secrets of effective deal-making with this essential Gullah Geechee guide. Learn negotiation strategies, build stronger relationships, and achieve success in every interaction. Perfect for entrepreneurs, leaders, and anyone seeking to improve their bargaining power.",https://gullahgeecheebiz.com/shop.html,,#GullahGeechee #NegotiationSkills #DealMaking
Lowcountry Seasonal Cooking Guide,"Unlock the secrets of Gullah Geechee cuisine! Learn to cook delicious, authentic dishes with fresh, seasonal Lowcountry ingredients. This cookbook is your guide to flavorful heritage cooking.",https://gullahgeecheebiz.com/shop.html,,#GullahGeechee #LowcountryCooking #SeasonalRecipes
Build a Stellar Remote Team!,"Unlock the secrets to building a high-performing remote team with this essential guide. Learn strategies for effective communication, collaboration, and fostering a strong team culture. Perfect for Gullah Geechee entrepreneurs and leaders! #remotework #teammanagement",https://gullahgeecheebiz.com/shop.html,,#RemoteTeams #GullahGeecheeBusiness #TeamBuilding
Gullah Geechee Pickled Shrimp,"Unlock authentic Gullah Geechee flavors! Learn to make tangy, delicious pickled shrimp with this easy recipe. Perfect for seafood lovers & Southern cooking enthusiasts.",https://gullahgeecheebiz.com/shop.html,,#GullahGeechee #PickledShrimp #SouthernCooking
Gullah Potato Salad Secrets Revealed!,Unlock the authentic taste of Gullah Geechee cuisine with our easy-to-follow recipe for delicious potato salad. Perfect for family gatherings & potlucks! #GullahGeechee,https://gullahgeecheebiz.com/shop.html,,#GullahGeecheeFood #PotatoSaladRecipe #SouthernCooking
Gullah Cabbage: Soulful & Easy!,"Unlock the secrets of authentic Gullah Geechee cuisine! Learn to cook delicious, traditional cabbage with our easy-to-follow guide. Perfect for home cooks and foodies seeking rich, cultural flavors. #GullahGeechee #SoulFood #CabbageRecipe",https://gullahgeecheebiz.com/shop.html,,#GullahGeechee #CabbageRecipe #SoulFood
Gullah Benne Chicken: Your New Fave!,"Unlock the secrets of Gullah Geechee cuisine! This cookbook teaches you to make authentic, flavorful Benne Chicken. Experience rich Lowcountry heritage & a delicious meal. Perfect for home cooks and foodies! #GullahGeechee #BenneChicken #SouthernCooking",https://gullahgeecheebiz.com/shop.html,,#GullahGeechee #BenneChicken #SouthernCooking
Gullah Geechee Harmony Guide!,"Unlock ancient wisdom & vibrant culture! Discover the Gullah Geechee Guide to Harmony and enrich your life. Learn traditions, resilience, and community. Perfect for cultural enthusiasts & seekers of peace. #GullahGeechee",https://gullahgeecheebiz.com/shop.html,,#GullahGeechee #CulturalWisdom #Harmony
Free Yourself: Stop People-Pleasing,"Break free from people-pleasing with this insightful Gullah Geechee guide. Learn to set boundaries, prioritize your needs, and reclaim your peace. Essential reading for personal growth & self-care.",https://gullahgeecheebiz.com/shop.html,,#PeoplePleasing #SelfCare #GullahGeechee
Strategic Partnerships: Gullah Geechee Guide,"Unlock the power of collaboration with this unique Gullah Geechee-inspired guide to building strategic partnerships. Learn to connect, grow, and thrive in business and community. Essential for entrepreneurs & community leaders.",https://gullahgeecheebiz.com/shop.html,,#StrategicPartnerships #GullahGeechee #BusinessGrowth
Bake Gullah Desserts: Soulful Recipes!,"Unlock the secrets of Gullah Geechee baking! This cookbook brings you authentic, delicious recipes for traditional Southern desserts. Perfect for home bakers & foodies alike. Taste the heritage!",https://gullahgeecheebiz.com/shop.html,,#GullahGeechee #SouthernDesserts #BakingRecipes
Gullah Geechee Camp Cooking!,"Discover delicious Gullah Geechee camp recipes! Dive into rich heritage, outdoor cooking, and traditional flavors. Perfect for your next adventure!",https://gullahgeecheebiz.com/shop.html,,#GullahGeechee #CampCooking #SouthernFood
Gullah Geechee Hoppin' John Recipe,Unlock the secrets of traditional Gullah Geechee Hoppin' John! Learn to cook this soulful New Year's dish for good luck & prosperity. Authentic recipe for a delicious holiday feast. #GullahGeechee #HoppinJohn,https://gullahgeecheebiz.com/shop.html,,#GullahGeechee #HoppinJohn #NewYearsFood
Build Your KDP Marketing Funnel!,Unlock KDP success with our guide! Learn to create effective marketing funnels to boost book sales & reach more readers. Essential for indie authors. #KDP #BookMarketing #AuthorLife,https://gullahgeecheebiz.com/shop.html,,#KDPMarketing #BookFunnel #SelfPublishingTips
Price Your Biz: Gullah Geechee Way,"Unlock the secrets to fair and profitable pricing! This Gullah Geechee-inspired guide helps entrepreneurs price products and services effectively, honoring community values while building sustainable businesses. Learn pricing strategies, value propositions, and more for your handmade goods or services. #GullahGeecheeBusiness #PricingStrategy #EntrepreneurTips",https://gullahgeecheebiz.com/shop.html,,#GullahGeecheeBusiness #PricingStrategy #EntrepreneurTips
AI for Business: Gullah Geechee Guide,"Unlock AI's potential in your Gullah Geechee business! This book, 'KDP Draft – How to Use AI in Your Business,' provides practical strategies & insights for entrepreneurs. Learn to leverage AI for growth & innovation. #AIforBusiness #GullahGeechee #BusinessGrowth",https://gullahgeecheebiz.com/shop.html,,#AIBusiness #GullahGeechee #Entrepreneurship
Sell More: Copy That Connects!,Unlock the secrets of Gullah Geechee storytelling to write captivating copy that converts. Learn persuasive techniques and cultural insights to boost your sales and engage your audience. Perfect for small businesses & entrepreneurs!,https://gullahgeecheebiz.com/shop.html,,#GullahGeechee #CopywritingTips #SmallBizMarketing
Gullah Seafood Secrets Revealed!,"Unlock the rich flavors of Gullah Geechee cuisine! Learn to cook authentic seafood dishes with this new cookbook. Traditional recipes, easy steps. Taste the lowcountry!",https://gullahgeecheebiz.com/shop.html,,#GullahGeecheeFood #SeafoodRecipes #LowcountryCooking
Email Marketing: Gullah Geechee Way!,"Unlock email marketing secrets with a Gullah Geechee twist! Learn to connect, convert, and grow your audience authentically. Master email campaigns, lists, and strategy. Perfect for small businesses, entrepreneurs, and marketers seeking unique insights. #EmailMarketingTips #GullahGeecheeBusiness",https://gullahgeecheebiz.com/shop.html,,#EmailMarketingTips #GullahGeecheeBusiness #DigitalMarketing
Live Intentionally: Gullah Wisdom,"Unlock a purposeful life with Gullah Geechee principles. Discover intention, mindfulness, and joy from ancestral wisdom. Embrace your best life today!",https://gullahgeecheebiz.com/shop.html,,#GullahGeechee #LiveIntentionally #MindfulnessBook
Embrace Your Authentic Gullah Self,"Unlock the power of your true self with this inspiring Gullah Geechee book. Discover your unique voice, heritage, and embrace personal growth. Perfect for anyone seeking self-discovery and cultural connection. #GullahGeechee #AuthenticSelf #PersonalGrowth",https://gullahgeecheebiz.com/shop.html,,#GullahGeechee #AuthenticSelf #SelfDiscovery
Gullah Geechee Camp Cooking!,"Unlock the secrets of Gullah Geechee cuisine with authentic camp cooking recipes! Explore traditional flavors, historic techniques, and cultural heritage. Perfect for foodies, history buffs, and outdoor enthusiasts. #GullahGeechee",https://gullahgeecheebiz.com/shop.html,,#GullahGeechee #CampCooking #SouthernFood
Gullah Geechee Biz: Local Gems,"Discover the vibrant world of Gullah Geechee entrepreneurs! Explore their stories, businesses, and cultural heritage on Gullah Geechee Biz TV. Support Black-owned businesses and dive into rich Southern culture. A must-read for fans of Gullah history and community upliftment.",https://gullahgeecheebiz.com/shop.html,,#GullahGeechee #BlackOwnedBusinesses #SouthernCulture
Boost Sales: Referral Program Guide!,"Unlock the secrets to a thriving business with our Gullah Geechee-inspired guide! Learn to build a powerful referral program that grows your customer base naturally. Discover strategies, templates & success stories for lasting growth.",https://gullahgeecheebiz.com/shop.html,,#ReferralProgram #BusinessGrowth #GullahGeechee
"Build Stronger Bonds, Gullah Style!","Unlock the secrets to healthy relationships with this enriching Gullah Geechee guide. Learn communication, trust, and love grounded in tradition. #RelationshipGoals #GullahCulture #CommunityLove",https://gullahgeecheebiz.com/shop.html,,#GullahGeechee #HealthyRelationships #LoveAndConnection
"Conquer Fear, Live Bravely!","Unlock your potential with this powerful Gullah Geechee guide! Learn practical strategies to overcome fear of failure, embrace resilience, and achieve your dreams. Start your journey to courage today!",https://gullahgeecheebiz.com/shop.html,,#GullahGeechee #FearOfFailure #SelfImprovement
Radical Self-Care: Gullah Geechee Wisdom,Unlock ancient wisdom for modern living. This Gullah Geechee guide empowers you with radical self-care practices. Reclaim your peace & well-being. #GullahGeechee #SelfCareJourney #Mindfulness,https://gullahgeecheebiz.com/shop.html,,#GullahGeechee #SelfCare #Wellness
Gullah Veggie Delights!,"Unlock the secrets of Gullah Geechee cooking! Discover authentic Gullah vegetable recipes, traditional flavors, and healthy eating straight from the Lowcountry. Learn to cook like a true Gullah chef. #GullahGeechee #SouthernCooking #VegetableRecipes",https://gullahgeecheebiz.com/shop.html,,#GullahGeechee #VegetableRecipes #SouthernCooking
Gullah Wisdom for Life's Shifts,"Unlock resilience with Gullah Geechee insights for navigating life transitions. Discover timeless wisdom for change, growth, and finding your path. Embrace your journey!",https://gullahgeecheebiz.com/shop.html,,#GullahGeechee #LifeTransitions #Wisdom
Speak Like a Gullah Geechee Pro!,"Unlock your voice with Gullah Geechee wisdom! This book, ""How to Master Public Speaking,"" empowers you to conquer fears, captivate audiences, and deliver powerful speeches. Learn ancient techniques for confident, impactful communication.",https://gullahgeecheebiz.com/shop.html,,#PublicSpeaking #GullahGeechee #CommunicationSkills
Gullah Geechee Camp Recipes!,"Unlock the secrets of Gullah Geechee camp cooking! Explore traditional Lowcountry flavors and heritage recipes perfect for outdoor adventures. Delicious, easy, and authentic Gullah cuisine awaits!",https://gullahgeecheebiz.com/shop.html,,#GullahGeechee #CampCooking #SouthernFood
Perfect Gullah Collard Greens!,"Unlock the secrets to amazing, flavorful Gullah Geechee collard greens! This book teaches you authentic recipes and techniques for the best Southern greens. #GullahGeechee #SoulFood",https://gullahgeecheebiz.com/shop.html,,#GullahGeechee #CollardGreens #SoulFoodRecipes
Grant Proposal Success: Gullah Guide,"Unlock funding for your community! This Gullah Geechee-inspired guide teaches you to write winning grant proposals. Learn practical steps & strategies to secure resources. Perfect for nonprofits, artists, and community leaders seeking grants. Get funded!",https://gullahgeecheebiz.com/shop.html,,#GrantWriting #GullahGeechee #NonprofitFunding
Gullah Potato Salad Secrets,Unlock the authentic flavors of the Lowcountry! Learn to make traditional Gullah Geechee potato salad with our easy recipe. Perfect for family gatherings & soulful meals. #GullahRecipe #SouthernFood,https://gullahgeecheebiz.com/shop.html,,#GullahGeechee #PotatoSalad #SouthernCooking
Gullah Geechee Biz Finance Guide,"Unlock financial success with this essential guide for Gullah Geechee entrepreneurs. Learn budgeting, managing profits, and smart growth strategies. #GullahGeechee #SmallBusiness #FinanceTips",https://gullahgeecheebiz.com/shop.html,,#GullahGeechee #SmallBizFinance #Entrepreneurship
Gullah Geechee Brand Style Guide,"Unlock the power of Gullah Geechee heritage for your brand! Learn to create a captivating style guide, honoring culture & creativity. Essential for authors, small businesses, and cultural entrepreneurs. #GullahGeechee #BrandStrategy #CulturalBusiness",https://gullahgeecheebiz.com/shop.html,,#GullahGeechee #BrandStyleGuide #CulturalBranding
Taste Gullah: Benne Chicken!,"Unlock the secrets of Gullah Geechee cuisine with our easy-to-follow guide to Benne Chicken. Learn this classic savory dish, steeped in rich tradition and flavor. A must-try Southern recipe!",https://gullahgeecheebiz.com/shop.html,,#GullahGeechee #BenneChicken #SouthernCooking
Gullah Sides: Flavorful & Easy,Unlock the secrets to authentic Gullah Geechee side dishes! This book teaches you how to prepare traditional recipes bursting with flavor. Perfect for home cooks and foodies wanting cultural cuisine.,https://gullahgeecheebiz.com/shop.html,,#GullahGeechee #SoulFood #SouthernCooking
Gullah Breads: Recipes & Culture,"Unlock the secrets of Gullah Geechee baking! This cookbook brings authentic recipes for benne wafers, sweet potato bread, and more. Explore rich heritage through delicious, homemade breads. Perfect for home bakers and foodies!",https://gullahgeecheebiz.com/shop.html,,#GullahGeechee #SouthernCooking #BreadRecipes
Master Cast Iron: Gullah Geechee Style,"Unlock the secrets of Gullah Geechee cast iron cooking! This book shares traditional recipes and techniques for flavorful, soulful dishes. Perfect for home cooks and foodies wanting to explore Southern heritage cuisine. #CastIronCooking #GullahGeechee #SoulFood",https://gullahgeecheebiz.com/shop.html,,#CastIronCooking #GullahGeechee #SouthernCooking
Gullah Biz Finance Made Easy!,"Unlock financial freedom with our Gullah Geechee guide! Learn to manage business finances, track expenses, and grow profits with cultural wisdom. Essential for entrepreneurs & small businesses.",https://gullahgeecheebiz.com/shop.html,,#GullahGeechee #BusinessFinance #SmallBizTips
Gullah Geechee Mental Toughness,"Unlock inner strength with this empowering guide rooted in Gullah Geechee wisdom. Learn resilience, overcome challenges, and build an unbreakable mindset. Dive into cultural insights for personal growth and spiritual fortitude. #GullahGeechee #MentalToughness #Resilience",https://gullahgeecheebiz.com/shop.html,,#GullahGeechee #MentalToughness #Resilience
Gullah Geechee Self-Care Wisdom,"Unlock ancient Gullah Geechee wisdom for radical self-care. This book offers spiritual practices, traditional remedies, and cultural insights to nurture your mind, body, and soul. Embrace ancestral strength and find your peace. #GullahGeechee #SelfCare",https://gullahgeecheebiz.com/shop.html,,#GullahGeechee #SelfCare #RadicalWellness
Southern Mac & Cheese Secrets!,"Unlock the authentic taste of the South with this Gullah Geechee mac and cheese recipe! Learn traditional techniques for a creamy, cheesy dish your family will adore. Perfect for soul food lovers and home cooks. #SoulFood #SouthernCooking #MacAndCheese",https://gullahgeecheebiz.com/shop.html,,#GullahGeechee #SouthernRecipes #MacAndCheese
Uncover Gullah Geechee Wisdom,"Unlock the secrets of Gullah Geechee culture with this essential guide. Explore traditions, history, and the vibrant spirit of the Lowcountry. A must-read for anyone seeking cultural richness and a deeper connection to heritage. #GullahGeechee #CulturalGuide",https://gullahgeecheebiz.com/shop.html,,#GullahGeechee #CulturalHeritage #BookRecommendation
"Launch Your Product, Gullah Style!","Unlock the secrets of a successful product launch with our Gullah Geechee-inspired guide. Learn strategic planning, marketing, and cultural insights for your next big reveal. #ProductLaunch #MarketingStrategy #BusinessTips",https://gullahgeecheebiz.com/shop.html,,#GullahGeecheeBusiness #ProductLaunchStrategy #SmallBusinessMarketing
"Website on a Budget? Yes, YOU Can!","Unlock the secrets to building a stunning website without breaking the bank! This Gullah Geechee-inspired guide offers practical, affordable strategies for entrepreneurs & creatives. Learn web design, SEO basics, and how to launch your online presence effectively. Perfect for small businesses and personal brands!",https://gullahgeecheebiz.com/shop.html,,#WebsiteBudget #SmallBizTips #GullahGeechee
Handle Criticism Like a Pro,"Unlock Gullah Geechee wisdom to navigate criticism with grace & confidence. Learn powerful communication skills, build resilience, and grow from feedback. Essential guide for personal development. #GullahGeecheeWisdom #CommunicationSkills #SelfImprovement",https://gullahgeecheebiz.com/shop.html,,#GullahGeechee #PersonalGrowth #Feedback
Handle Criticism Like a Pro,Unlock Gullah Geechee wisdom to navigate criticism with grace & confidence. Learn practical strategies for personal growth & healthy communication. Empower yourself today!,https://gullahgeecheebiz.com/shop.html,,#GullahGeecheeWisdom #PersonalGrowth #CommunicationSkills
Gullah Geechee Veggie Preserves!,"Unlock the secrets of Gullah Geechee food preservation! This book offers traditional techniques to preserve summer vegetables. Learn time-honored methods for delicious, lasting flavor. Essential for home cooks and foodies!",https://gullahgeecheebiz.com/shop.html,,#GullahGeechee #FoodPreservation #SummerVeggies
Gullah Geechee Microenterprise Guide,"Unlock the power of Gullah Geechee entrepreneurship! This book empowers aspiring business owners with culturally-rich strategies. Learn how to launch and grow microenterprises, preserving heritage while building economic independence. Perfect for community development & business startup.",https://gullahgeecheebiz.com/shop.html,,#GullahGeechee #Microenterprise #SmallBusiness
Build Vulnerability: Gullah Wisdom,Unlock the power of authentic connection with Gullah Geechee wisdom. This book guides you through building vulnerability for stronger relationships and personal growth. Embrace your true self. #GullahGeechee #VulnerabilityBook #PersonalGrowth,https://gullahgeecheebiz.com/shop.html,,#GullahGeechee #VulnerabilityBook #PersonalGrowth
Gullah Chicken Soup: Make It Now!,"Unlock the secrets of Gullah Geechee cooking! This cookbook teaches you how to make authentic, flavorful Gullah Chicken Soup from scratch. Taste the rich heritage and comforting flavors of the Lowcountry. Easy to follow, delicious results!",https://gullahgeecheebiz.com/shop.html,,#GullahGeechee #ChickenSoupRecipe #SouthernCooking
Taste Gullah Geechee Goodness!,"Discover vibrant, healthy Gullah Geechee smoothie recipes! Bursting with fresh, local ingredients and island flavors. 🌱 Perfect for a nutritious boost. #GullahGeecheeCuisine #SmoothieRecipes #HealthyDrinks",https://gullahgeecheebiz.com/shop.html,,#GullahGeechee #SmoothieRecipes #HealthyLiving
Gullah Geechee Cornbread Secret!,"Unlock the authentic taste of the South! Learn to make traditional Gullah Geechee cornbread from scratch with our easy-to-follow book. Rich heritage, delicious results!",https://gullahgeecheebiz.com/shop.html,,#GullahGeechee #SouthernCooking #CornbreadRecipe
Gullah Geechee Fish Fry Secrets!,Unlock the authentic flavors of the Gullah Geechee Lowcountry! This cookbook shares traditional recipes and time-honored techniques for the perfect fried fish. Discover culinary heritage and delicious seafood dishes.,https://gullahgeecheebiz.com/shop.html,,#GullahGeechee #FriedFishRecipe #LowcountryCooking
Gullah Power: Unshakeable Confidence!,Unlock your inner strength with this Gullah Geechee-inspired guide to building lasting confidence. Discover ancient wisdom for modern self-belief. Empower yourself today! #GullahGeechee #ConfidenceBoost #SelfImprovement,https://gullahgeecheebiz.com/shop.html,,#GullahGeechee #ConfidenceBook #Empowerment
Gullah Collard Greens: The Real Deal!,"Unlock the secrets of authentic Gullah Geechee collard greens! This book teaches you the traditional way to cook soul food collards, full of flavor and history. Get your copy today!",https://gullahgeecheebiz.com/shop.html,,#GullahGeechee #CollardGreens #SoulFood
Gullah Geechee Discipline Guide!,"Unlock traditional Gullah Geechee wisdom for raising resilient children. This guide offers unique cultural perspectives on discipline and family values. Perfect for parents seeking gentle, effective methods rooted in heritage. Discover the power of Gullah Geechee parenting! #GullahGeechee #ParentingTips #FamilyCulture #ChildDiscipline",https://gullahgeecheebiz.com/shop.html,,#GullahGeechee #ParentingTips #ChildDiscipline
Boundaries That Stick: Gullah Wisdom,Unlock Gullah Geechee secrets for setting boundaries that truly last. Learn powerful techniques for self-respect & clear communication. Transform your relationships today! #GullahGeechee #Boundaries #SelfCare #Empowerment,https://gullahgeecheebiz.com/shop.html,,#GullahGeechee #SetBoundaries #SelfImprovement
Build Powerful Gullah Geechee Ties,"Unlock the secrets to forging strong, strategic partnerships within the Gullah Geechee community and beyond. Essential reading for growth and collaboration. Learn to connect effectively!",https://gullahgeecheebiz.com/shop.html,,#GullahGeechee #PartnershipBuilding #CommunityGrowth
Gullah Resilience: Thrive & Overcome,"Unlock ancient wisdom for modern challenges! This Gullah Geechee-inspired book provides practical strategies and heartfelt stories to build powerful resilience. Learn to navigate tough times, cultivate inner strength, and find peace. Perfect for personal growth & overcoming adversity. #GullahGeechee",https://gullahgeecheebiz.com/shop.html,,#GullahGeechee #ResilienceBook #OvercomeAdversity
"Price Right, Profit More!",Unlock your business potential with expert Gullah Geechee insights on pricing! Learn to value your work fairly & boost your profits. Perfect for entrepreneurs & small businesses.,https://gullahgeecheebiz.com/shop.html,,#PricingStrategy #GullahGeechee #SmallBusinessTips
Gullah Red Rice: Your New Favorite Dish!,"Unlock the secrets to authentic Gullah Geechee Red Rice! This cookbook teaches you step-by-step how to make this flavorful, iconic Southern dish perfectly. Essential for Southern food lovers & aspiring cooks. #GullahCuisine #RedRice",https://gullahgeecheebiz.com/shop.html,,#GullahGeechee #SouthernFood #RedRiceRecipe
Build Stronger Gullah Relationships,"Unlock the secrets to thriving relationships with this insightful Gullah Geechee guide. Learn communication, trust, and connection. Cultivate loving, healthy partnerships & community bonds. Perfect for personal growth!",https://gullahgeecheebiz.com/shop.html,,#GullahGeechee #HealthyRelationships #RelationshipGoals
Gullah Cabbage: Soul Food Secret!,Unlock authentic Gullah Geechee flavors with this easy recipe for delicious cabbage. Learn traditional cooking techniques and savor a taste of the Lowcountry. Perfect for soul food lovers!,https://gullahgeecheebiz.com/shop.html,,#GullahGeechee #SoulFoodRecipes #CabbageRecipe
Gullah Geechee Secrets Revealed!,"Unlock the rich history and vibrant culture of the Gullah Geechee people with Encyclopedia Volume 01. Dive into fascinating stories, traditions, and heritage. A must-read for history buffs & culture seekers!",https://gullahgeecheebiz.com/shop.html,,#GullahGeechee #AfricanAmericanHistory #CulturalHeritage
Radical Self-Care: Gullah Wisdom,"Unlock deep healing with Gullah Geechee practices for radical self-care. Discover ancestral wisdom, mindfulness, and Black self-care strategies. Transform your well-being today!",https://gullahgeecheebiz.com/shop.html,,#GullahGeechee #BlackSelfCare #RadicalSelfCare
Map Your Customer's Journey!,Unlock sales with a powerful customer journey map! Learn how to create one for your business with this Gullah Geechee-inspired guide. Boost engagement & customer satisfaction.,https://gullahgeecheebiz.com/shop.html,,#CustomerJourney #MarketingTips #GullahGeechee
Build Your Gullah Geechee Brand!,"Unlock your potential with this essential guide to personal branding, rooted in Gullah Geechee wisdom. Learn to define your unique voice, craft an authentic story, and elevate your presence. Perfect for entrepreneurs, artists, and community leaders! #GullahGeechee #PersonalBrand #AuthenticVoice",https://gullahgeecheebiz.com/shop.html,,#GullahGeechee #PersonalBranding #BrandStrategy
Gullah Geechee Anxiety Relief!,Discover natural ways to manage anxiety using traditional Gullah Geechee wisdom. Find peace & calm with holistic wellness tips from KDP Draft. #AnxietyRelief #NaturalWellness #GullahGeechee,https://gullahgeecheebiz.com/shop.html,,#GullahGeechee #AnxietyRelief #NaturalWellness
Build Your Remote Dream Team,"Unlock the secrets to building and managing a thriving remote team with this essential guide! Learn practical strategies for communication, collaboration, and culture for remote work success. Perfect for entrepreneurs, leaders, and managers ready to embrace the future of work.",https://gullahgeecheebiz.com/shop.html,,#RemoteTeam #VirtualWork #TeamBuilding
Gullah Wisdom for Inner Peace,Discover serene Gullah Geechee traditions for a calm spirit. This book offers a unique path to mindfulness and inner peace rooted in rich cultural heritage. Find your zen today!,https://gullahgeecheebiz.com/shop.html,,#GullahGeechee #InnerPeace #MindfulnessBook
"Calm Your Mind, Gullah Geechee Way","Discover natural anxiety relief inspired by Gullah Geechee wisdom. This book offers holistic methods to manage stress, find peace, and live a balanced life. Embrace traditional healing for your well-being. #GullahGeechee #AnxietyRelief #NaturalHealing",https://gullahgeecheebiz.com/shop.html,,#GullahGeechee #AnxietyRelief #NaturalHealing
Gullah Geechee Wisdom Lives On!,"Unlock the rich history and vibrant culture of the Gullah Geechee people in Encyclopedia Volume 05. Discover traditions, language, and heritage passed down through generations. A must-read for cultural enthusiasts!",https://gullahgeecheebiz.com/shop.html,,#GullahGeechee #CulturalHeritage #AfricanAmericanHistory
Gullah Geechee Negotiation Secrets,"Unlock powerful Gullah Geechee strategies for better deals! Learn time-tested negotiation techniques rooted in rich cultural heritage. Improve communication, build stronger relationships, and achieve your goals with this essential guide. A must-read for business, personal life, and cultural insight.",https://gullahgeecheebiz.com/shop.html,,#GullahGeechee #NegotiationSkills #BusinessStrategy
Grow Your List: Gullah Geechee Guide,"Unlock email marketing secrets with our Gullah Geechee-inspired guide! Build a thriving email list from scratch, connect with your audience, and boost your business. Perfect for entrepreneurs & small businesses.",https://gullahgeecheebiz.com/shop.html,,#GullahGeechee #EmailMarketingTips #BuildYourList
Gullah Breakfast: Taste Tradition!,"Unlock the secrets of Gullah Geechee breakfast! This book, 'How to Make Gullah Breakfast,' guides you through authentic recipes, rich history, and vibrant flavors. Start your day the Gullah way! #GullahGeechee #SoulFood #BreakfastIdeas",https://gullahgeecheebiz.com/shop.html,,#GullahGeechee #SouthernCooking #BreakfastRecipes
Southern Mac & Cheese Secrets!,"Unlock the authentic taste of Gullah Geechee mac and cheese! This cookbook shares traditional recipes and family secrets for the creamiest, cheesiest dish. Perfect for Southern cooking enthusiasts!",https://gullahgeecheebiz.com/shop.html,,#GullahGeechee #SouthernCooking #MacAndCheese
Grow Your List: Gullah Geechee Guide,Unlock the secrets to building a powerful email list from scratch with this step-by-step Gullah Geechee-inspired guide. Learn proven strategies for entrepreneurs & creatives. Start connecting with your audience today!,https://gullahgeecheebiz.com/shop.html,,#EmailMarketing #GullahGeechee #BuildYourList
Gullah Wisdom for Life's Shifts,"Navigate change with grace! This Gullah Geechee guide offers ancestral wisdom for life transitions, personal growth & finding peace. Practical tools for everyday living. #GullahGeechee #LifeTransitions",https://gullahgeecheebiz.com/shop.html,,#GullahGeechee #LifeTransitions #PersonalGrowth
Build Lasting Customer Loyalty!,"Unlock the secrets of customer loyalty from a Gullah Geechee perspective. Discover unique strategies to build strong relationships, foster trust, and keep your customers coming back. Essential reading for entrepreneurs & small businesses!",https://gullahgeecheebiz.com/shop.html,,#CustomerLoyalty #SmallBusinessTips #GullahGeechee
Gullah Geechee Side Hustle Guide!,"Unlock financial freedom with Gullah Geechee wisdom! Learn how to start a side hustle and thrive. Discover unique, culturally-inspired business ideas and practical steps. This KDP draft helps you build income streams while honoring heritage.",https://gullahgeecheebiz.com/shop.html,,#GullahGeechee #SideHustleIdeas #FinancialFreedom
Lowcountry Boil: Gullah Style!,"Unlock the secrets of authentic Gullah Geechee Lowcountry Boil! This cookbook teaches you step-by-step how to make a delicious seafood feast. Perfect for gatherings, easy recipes, and rich cultural flavor. Get your copy now!",https://gullahgeecheebiz.com/shop.html,,#LowcountryBoil #GullahGeechee #SouthernCooking
Lowcountry Cooking: Seasonal Flavors,"Unlock the secrets of Gullah Geechee cuisine! Learn to cook delicious, seasonal dishes with fresh Lowcountry ingredients. This cookbook is your guide to authentic Southern flavors and healthy eating. Perfect for home cooks and foodies!",https://gullahgeecheebiz.com/shop.html,,#GullahGeechee #LowcountryCooking #SouthernFood
"Grow Your Mind, Gullah Geechee Way!","Unlock your potential with Gullah Geechee wisdom! Learn how to cultivate a resilient growth mindset, embrace challenges, and thrive. Discover practical tips for personal growth inspired by rich cultural heritage.",https://gullahgeecheebiz.com/shop.html,,#GrowthMindset #GullahGeechee #PersonalGrowth
Gullah Geechee Life Transitions,"Unlock wisdom for navigating life's changes with this inspiring Gullah Geechee guide. Embrace growth, find strength, and thrive during life transitions. #GullahGeecheeWisdom #LifeCoaching",https://gullahgeecheebiz.com/shop.html,,#GullahGeechee #LifeTransitions #PersonalGrowth
Gullah Geechee Boiled Peanuts!,Unlock the authentic taste of the South! Learn how to make traditional Gullah Geechee boiled peanuts with this easy-to-follow guide. Perfect for snack lovers and foodies. Get your copy today!,https://gullahgeecheebiz.com/shop.html,,#BoiledPeanuts #GullahGeechee #SouthernFood
Daily Motivation: Gullah Geechee Wisdom,"Unlock daily motivation with Gullah Geechee wisdom! Learn how to stay inspired, overcome challenges, and achieve your goals. Practical tips for daily success. #Motivation #GullahGeechee #Inspiration",https://gullahgeecheebiz.com/shop.html,,#GullahGeechee #MotivationTips #DailyInspiration
Speak Like a Gullah Geechee Pro!,"Unlock your public speaking potential with Gullah Geechee wisdom! This book offers unique insights & techniques to master your voice, captivate audiences, and overcome stage fright. Learn to speak with confidence and clarity. #GullahGeechee #PublicSpeakingTips #SpeakWithConfidence",https://gullahgeecheebiz.com/shop.html,,#GullahGeechee #PublicSpeaking #CommunicationSkills
Gullah Content Strategy Secrets,"Unlock the power of Gullah Geechee storytelling! Learn to craft an impactful content strategy with this essential guide. Boost engagement, preserve culture, and connect with your audience. Perfect for small businesses, creators & educators. #GullahGeechee #ContentMarketing #DigitalStrategy",https://gullahgeecheebiz.com/shop.html,,#GullahGeechee #ContentStrategy #DigitalMarketing
Gullah Geechee Mental Strength,"Unlock your inner strength with this empowering guide rooted in Gullah Geechee resilience. Learn to build mental toughness, overcome challenges, and thrive. Develop a powerful mindset!",https://gullahgeecheebiz.com/shop.html,,#GullahGeechee #MentalToughness #Resilience
Gullah Potato Salad Recipe Inside!,"Unlock the secrets of authentic Gullah Geechee potato salad! This cookbook, KDP Draft — How to Make Gullah Potato Salad, brings you a delicious, traditional recipe. Perfect for family gatherings and Southern cooking enthusiasts. Get your copy today!",https://gullahgeecheebiz.com/shop.html,,#GullahGeechee #PotatoSaladRecipe #SouthernCooking
Bake Gullah Breads Like a Pro!,"Unlock the secrets of Gullah Geechee baking! Learn traditional recipes for delicious Gullah breads, biscuits, and more. A must-have cookbook for home bakers & food history lovers. Taste the heritage!",https://gullahgeecheebiz.com/shop.html,,#GullahGeechee #SouthernCooking #BreadMaking
"Boost Your Confidence, Gullah Style!","Unlock your inner strength with this empowering Gullah Geechee guide. Learn practical tips to build confidence, embrace your heritage, and shine authentically. Discover resilience, self-love, and the power of your voice. Perfect for personal growth and cultural enrichment.",https://gullahgeecheebiz.com/shop.html,,#GullahGeechee #ConfidenceBuilding #SelfLove
Gullah Geechee Meal Prep Made Easy!,"Unlock the rich flavors of Gullah Geechee cuisine with our new meal prep book! Discover delicious, traditional recipes for healthy, homemade meals. Save time and savor heritage. Perfect for busy foodies and cultural explorers. #GullahGeechee #MealPrep #SoulFood",https://gullahgeecheebiz.com/shop.html,,#GullahGeechee #MealPrep #SoulFood
"Boost Your EI, Gullah Geechee Way!","Unlock emotional intelligence rooted in Gullah Geechee wisdom. Develop resilience, empathy, and strong relationships. Practical guide for personal growth & community connection. Start your journey today!",https://gullahgeecheebiz.com/shop.html,,#EmotionalIntelligence #GullahGeechee #PersonalGrowth
Gullah Geechee Wisdom: Ancient Secrets,"Unlock generations of Gullah Geechee wisdom! Discover rich traditions, folklore, and life lessons in this essential guide. A must-read for cultural insight and spiritual growth.",https://gullahgeecheebiz.com/shop.html,,#GullahGeechee #CulturalHeritage #WisdomBook
LinkedIn for Business: Your Guide!,"Unlock the power of LinkedIn for your business! Learn how to optimize your profile, network effectively, and generate leads with this comprehensive guide. Perfect for entrepreneurs & small businesses seeking growth strategies. #LinkedInTips #BusinessGrowth #SocialSelling",https://gullahgeecheebiz.com/shop.html,,#LinkedInMarketing #SmallBizTips #DigitalMarketing
Manifest Your Dreams: Vision Board!,Unlock your potential with this Gullah Geechee-inspired guide to creating a powerful vision board that truly works. Learn practical steps to manifest your goals & make your dreams a reality. #GullahGeechee #VisionBoard #ManifestDreams,https://gullahgeecheebiz.com/shop.html,,#VisionBoard #GullahGeechee #Manifestation
Explore Gullah Geechee Lowcountry!,"Discover the vibrant culture & rich history of the Gullah Geechee in this captivating Lowcountry tourism guide. Plan your trip, find hidden gems, and experience authentic coastal charm. #GullahGeechee #LowcountryTravel #CoastalCulture",https://gullahgeecheebiz.com/shop.html,,#GullahGeechee #LowcountryTravel #CoastalCulture
"Master Your Time, Gullah Geechee Way!",Unlock ancient wisdom for modern productivity! Learn effective time management strategies rooted in Gullah Geechee culture. Boost your focus & reclaim your day with this insightful book. #GullahGeechee #TimeManagement #ProductivityTips,https://gullahgeecheebiz.com/shop.html,,#GullahGeechee #TimeManagement #ProductivityTips
Gullah Geechee Marketing Funnels,Unlock marketing success with Gullah Geechee wisdom! This book guides you through creating effective funnels that convert. Learn cultural insights for your business strategy. #MarketingStrategy #BusinessGrowth,https://gullahgeecheebiz.com/shop.html,,#GullahGeechee #MarketingTips #SmallBusiness
Master LinkedIn for Biz Success!,"Unlock the power of LinkedIn for your business! Learn strategies to grow your network, generate leads, and boost your brand. Gullah Geechee insights for a unique business perspective. Get your copy today!",https://gullahgeecheebiz.com/shop.html,,#LinkedInForBusiness #GullahGeecheeBiz #BusinessStrategy
Launch Your Online Course!,"Dream of launching an online course? This Gullah Geechee guide makes it easy! Learn step-by-step strategies for creating, marketing, and selling your digital product. Master course creation now!",https://gullahgeecheebiz.com/shop.html,,#OnlineCourse #GullahGeechee #DigitalProduct
Master Email Marketing Now!,"Unlock the power of effective email marketing with this essential guide! Learn strategies for list building, crafting engaging content, and boosting conversions. Perfect for small businesses, entrepreneurs, and marketers looking to elevate their email campaigns and grow their audience. Start seeing results today!",https://gullahgeecheebiz.com/shop.html,,#EmailMarketingTips #DigitalMarketing #SmallBizTips
"Launch Your Product, Gullah Geechee Way","Unlock success with our Gullah Geechee-inspired guide to product launch planning. Learn strategies, marketing, and cultural insights to make your next product launch unforgettable. Perfect for entrepreneurs and small businesses!",https://gullahgeecheebiz.com/shop.html,,#ProductLaunch #GullahGeechee #BusinessTips
"Launch Your Course, Gullah Geechee Way!","Unlock the secrets to a successful online course! This Gullah Geechee guide offers practical steps, cultural insights, and a unique perspective to help you create and launch a thriving digital learning experience. Start your entrepreneurial journey today!",https://gullahgeecheebiz.com/shop.html,,#OnlineCourse #GullahGeechee #DigitalLearning
Gullah Geechee Toughness Secrets,"Unlock mental strength with Gullah Geechee wisdom. Build resilience, overcome challenges, and master your mindset. Discover ancient techniques for modern life. #MentalToughness #GullahGeecheeWisdom #Resilience",https://gullahgeecheebiz.com/shop.html,,#GullahGeechee #MentalToughness #Resilience
"Break Bad Habits, Gullah Geechee Way!",Unlock lasting change with ancient Gullah Geechee wisdom. Discover how to break bad habits forever and cultivate a life of resilience and joy. Your journey to self-mastery starts here! #GullahGeechee #HabitBreaking #SelfImprovement,https://gullahgeecheebiz.com/shop.html,,#GullahGeechee #HabitBreaking #SelfImprovement
Gullah Geechee Guide: Ditch Perfect!,Discover Gullah Geechee wisdom to break free from perfectionism. Embrace self-compassion and find joy in your unique journey. A powerful guide for a balanced life. Gullah heritage insights for modern wellness.,https://gullahgeecheebiz.com/shop.html,,#GullahGeecheeWisdom #PerfectionismRecovery #SelfCompassion
Gullah Geechee Secrets Revealed!,"Unlock the rich history and vibrant culture of the Gullah Geechee people with Encyclopedia Volume 01. Dive into ancestral traditions, unique language, and fascinating folklore. Essential reading for history buffs and cultural explorers!",https://gullahgeecheebiz.com/shop.html,,#GullahGeechee #BlackHistory #CulturalHeritage
"Master Your Time, Gullah Geechee Way","Unlock ancient wisdom for modern productivity! Learn effective time management techniques rooted in Gullah Geechee heritage. Boost focus, reduce stress, and reclaim your day with practical strategies. #GullahGeecheeWisdom #TimeManagementTips #ProductivityHacks",https://gullahgeecheebiz.com/shop.html,,#GullahGeechee #TimeManagement #Productivity
Gullah Holiday Feast Secrets!,"Unlock the rich flavors of Gullah Geechee holiday cooking! This cookbook shares traditional recipes, heritage stories, and tips to make your festive meals unforgettable. Perfect for delicious Gullah family gatherings and cultural celebrations.",https://gullahgeecheebiz.com/shop.html,,#GullahGeechee #HolidayRecipes #GullahCooking
Gullah Geechee Sweet Potato Pie 🥧,"Unlock the secrets to the best Gullah Geechee Sweet Potato Pie! This cookbook shares authentic recipes, traditions, and the rich culinary heritage of the Gullah Geechee people. Perfect for bakers!",https://gullahgeecheebiz.com/shop.html,,#GullahGeechee #SweetPotatoPie #Cookbook
Gullah Funnel: Grow Your Biz!,"Unlock Gullah Geechee wisdom for powerful marketing funnels! Learn to attract, engage, & convert customers with this unique guide. Perfect for small businesses, entrepreneurs, and anyone looking to boost sales the Gullah way.",https://gullahgeecheebiz.com/shop.html,,#GullahGeechee #MarketingTips #BusinessGrowth
Gullah Geechee Okra & Tomatoes!,"Unlock authentic Gullah Geechee flavors with this easy guide! Learn to prepare delicious okra and tomatoes, a true taste of coastal Carolina heritage. Perfect for home cooks and foodies seeking Southern comfort food. #GullahGeechee #SouthernCooking #OkraRecipes",https://gullahgeecheebiz.com/shop.html,,#GullahGeechee #OkraRecipes #SouthernCooking
Gullah Cabbage: Soulful & Easy!,"Unlock the secrets of authentic Gullah Geechee cuisine! Learn to cook delicious, traditional cabbage with this easy-to-follow cookbook. Flavorful, healthy, and a taste of history. #GullahFood #SouthernCooking",https://gullahgeecheebiz.com/shop.html,,#GullahGeechee #CabbageRecipes #SouthernFood
Win Grants: Gullah Geechee Guide!,Unlock funding! This Gullah Geechee-inspired guide teaches you to write winning grant proposals. Learn key strategies for grant writing and secure funding for your projects. Perfect for nonprofits & community initiatives.,https://gullahgeecheebiz.com/shop.html,,#GrantWritingTips #GullahGeechee #Fundraising
Sweetgrass in the Hands: A Gullah Tale,"Discover the vibrant Gullah Geechee culture. 'Sweetgrass in the Hands' weaves a beautiful story of heritage, resilience, and tradition. A must-read for fans of historical fiction & cultural stories.",https://gullahgeecheebiz.com/shop.html,,#GullahGeechee #HistoricalFiction #CulturalReads
Gullah Geechee History Unveiled!,"Unlock the rich culture and heritage of the Gullah Geechee people with Encyclopedia Volume 01. Dive into their fascinating history, traditions, and resilience. Essential reading for cultural enthusiasts and historians.",https://gullahgeecheebiz.com/shop.html,,#GullahGeechee #BlackHistory #CulturalHeritage
Discover Gullah Geechee History,"Unearth the rich heritage of the Gullah Geechee people in 'The Sea Islands Story'. Explore their vibrant culture, compelling history, and enduring traditions. A must-read for history buffs & culture lovers!",https://gullahgeecheebiz.com/shop.html,,#GullahGeechee #SeaIslands #BlackHistory
Gullah Geechee Purpose Guide,Unlock your true calling with Batch 001! This Gullah Geechee-inspired book blends ancestral wisdom with modern purpose-finding techniques. Discover your unique path & live authentically. Essential reading for spiritual growth & self-discovery.,https://gullahgeecheebiz.com/shop.html,,#GullahGeechee #FindYourPurpose #SelfDiscovery
Gullah Geechee Confidence Boost!,"Unlock your inner strength with ""Batch 002: How To Build Unshakeable Confidence."" This Gullah Geechee-inspired guide offers wisdom, resilience, and practical steps for a powerful, confident you. Embrace your heritage!",https://gullahgeecheebiz.com/shop.html,,#GullahGeechee #ConfidenceBook #SelfImprovement
Master Your Gullah Geechee Mornings!,"Transform your daily rhythm with Batch 003: How To Master Your Morning Routine. Embrace Gullah Geechee wisdom for a peaceful, productive start. Boost your day!",https://gullahgeecheebiz.com/shop.html,,#GullahGeechee #MorningRoutine #ProductivityTips
Beat Imposter Syndrome: Gullah Geechee Guide,"Unlock your authentic self with Batch 004! Overcome imposter syndrome using unique Gullah Geechee wisdom & practical strategies. Boost confidence, embrace your heritage & thrive. #GullahGeechee #ImposterSyndrome #SelfHelp",https://gullahgeecheebiz.com/shop.html,,#GullahGeechee #ImposterSyndrome #SelfConfidence
Gullah Geechee Self-Care Wisdom,"Unlock radical self-care with Batch 005! Discover ancestral Gullah Geechee practices for inner peace, healing, and well-being. Embrace cultural wisdom for a healthier you.",https://gullahgeecheebiz.com/shop.html,,#GullahGeechee #RadicalSelfCare #AncestralHealing
Boundaries That Stick: Gullah Wisdom,"Unlock the power of Gullah Geechee wisdom to set firm, lasting boundaries. This book guides you through practical strategies for healthier relationships and self-care. Learn to say ""no"" with confidence and reclaim your peace. Essential reading for personal growth.",https://gullahgeecheebiz.com/shop.html,,#GullahGeechee #SetBoundaries #SelfCare
"Break Bad Habits, Gullah Geechee Way!","Unlock lasting change with ""Batch 007 How To Break Bad Habits Forever."" This unique guide blends traditional Gullah Geechee wisdom with practical strategies to help you overcome procrastination, unhealthy choices, and more. Transform your life today!",https://gullahgeecheebiz.com/shop.html,,#GullahGeechee #BreakBadHabits #SelfImprovement
Gullah Gratitude Daily Journal,"Unlock daily joy with Batch 008's Gullah Geechee gratitude journal. Cultivate a thankful heart, embrace mindful living, and transform your everyday. Learn traditional practices for a richer life. Perfect for personal growth and spiritual well-being.",https://gullahgeecheebiz.com/shop.html,,#GullahGeechee #DailyGratitude #MindfulLiving
Gullah Geechee Guide to Calm,"Discover natural anxiety remedies rooted in Gullah Geechee wisdom. Batch 009 shares holistic stress relief techniques, herbs, and traditions for a peaceful mind. Embrace ancestral calm today!",https://gullahgeecheebiz.com/shop.html,,#GullahGeechee #AnxietyRelief #NaturalWellness
Boost Your EQ: Gullah Wisdom!,"Unlock emotional intelligence with Batch 010! Learn practical tips, inspired by Gullah Geechee culture, to master your emotions, build stronger relationships, and thrive. Develop self-awareness and empathy for a richer life. Perfect for personal growth and leadership skills.",https://gullahgeecheebiz.com/shop.html,,#EmotionalIntelligence #GullahGeechee #SelfImprovement
Forgive Yourself & Move On,"Discover Gullah Geechee wisdom for healing and self-forgiveness. Learn to release the past, embrace your journey, and find peace. A powerful guide for personal growth and emotional freedom.",https://gullahgeecheebiz.com/shop.html,,#GullahGeechee #SelfForgiveness #HealingJourney
Daily Motivation: Gullah Geechee Wisdom,"Unlock daily motivation with Batch 012! Discover timeless Gullah Geechee secrets for staying inspired, overcoming challenges, and thriving. Practical tips for a motivated life. Start your journey today!",https://gullahgeecheebiz.com/shop.html,,#GullahGeechee #MotivationDaily #InspirationBook
Gullah Resilience: Thrive & Overcome,"Unlock Gullah Geechee wisdom to build unshakeable resilience. Learn practical strategies for tough times, find strength, and cultivate a spirit of perseverance. Discover heritage, resilience, and growth.",https://gullahgeecheebiz.com/shop.html,,#GullahGeechee #Resilience #ToughTimes
Gullah Geechee Mindful Living,"Discover mindful living through the wisdom of Gullah Geechee culture. This guide offers practical tips for peace, resilience, and wellbeing. Embrace ancestral practices for a balanced life. #GullahGeechee #MindfulLiving #SpiritualGrowth",https://gullahgeecheebiz.com/shop.html,,#GullahGeechee #MindfulLiving #CulturalWisdom
Release Perfect: Gullah Geechee Guide,"Tired of perfectionism? This Gullah Geechee-inspired guide offers practical tools and wisdom to embrace imperfection and find peace. Learn to let go and live freely. Self-help for women, personal growth, and mindfulness.",https://gullahgeecheebiz.com/shop.html,,#Perfectionism #GullahGeechee #SelfHelp
Gullah Wisdom: Your Life's Purpose,"Unlock your personal mission with Gullah Geechee insights. This guide helps you craft a powerful mission statement, drawing on ancestral strength and cultural wisdom. Discover your unique path and make your mark. Perfect for personal growth and spiritual development.",https://gullahgeecheebiz.com/shop.html,,#GullahGeechee #PersonalMission #LifePurpose
"Grow Your Mind, Gullah Style!","Unlock your potential with 'Batch 017 How To Develop A Growth Mindset'! This Gullah Geechee-inspired guide empowers you to embrace challenges, learn from setbacks, and cultivate a resilient spirit. Discover strategies for personal growth, self-improvement, and building an unstoppable mindset. Perfect for anyone seeking motivation and a fresh perspective.",https://gullahgeecheebiz.com/shop.html,,#GrowthMindset #GullahGeechee #PersonalDevelopment
Handle Criticism Like a Gullah Boss!,Unlock Gullah Geechee wisdom for graceful criticism. Transform feedback into growth with Batch 018! Learn resilience & cultural insights for powerful communication. #GullahGeechee #LifeSkills #PersonalGrowth #Communication,https://gullahgeecheebiz.com/shop.html,,#GullahGeechee #CriticismGracefully #Wisdom
"Build Stronger Bonds, Gullah Style!","Unlock the secrets to healthy relationships with Batch 019, rooted in Gullah Geechee wisdom. Learn communication, trust, and connection strategies for lasting bonds. Relationships, Gullah, Community, Love.",https://gullahgeecheebiz.com/shop.html,,#GullahGeechee #HealthyRelationships #CommunityBuilding
"Find Inner Peace, Gullah Style","Unlock tranquility with Batch 020: How To Find Inner Peace. Explore Gullah Geechee wisdom for spiritual growth, mindfulness, and well-being. Start your journey to serenity today!",https://gullahgeecheebiz.com/shop.html,,#GullahGeechee #InnerPeace #Mindfulness
"Stop People Pleasing, Gullah Geechee Way",Unlock your power! Learn how to stop people pleasing with wisdom from the Gullah Geechee culture. Reclaim your voice and set healthy boundaries. Essential self-help for a stronger you. #GullahGeecheeWisdom,https://gullahgeecheebiz.com/shop.html,,#PeoplePleasing #GullahGeechee #SelfHelp
Embrace Your Authentic Gullah Self,"Unlock your true self with Batch 022! Discover Gullah Geechee wisdom to embrace your unique identity, culture, and power. A transformative guide for self-discovery and empowerment. #GullahGeechee",https://gullahgeecheebiz.com/shop.html,,#GullahGeechee #AuthenticSelf #SelfDiscovery
Navigate Life Changes with Gullah Wisdom,"Discover powerful Gullah Geechee insights for navigating life transitions. This book offers resilience, wisdom, and cultural heritage to guide you through any change. Embrace new beginnings with strength! #LifeTransitions #GullahGeechee",https://gullahgeecheebiz.com/shop.html,,#GullahGeechee #LifeTransitions #PersonalGrowth
Gullah Geechee Self-Compassion,"Unlock self-love with Batch 024! This empowering Gullah Geechee guide teaches you to practice self-compassion, heal your mind, and thrive. Embrace your heritage and find inner peace. Perfect for personal growth and mental wellness.",https://gullahgeecheebiz.com/shop.html,,#GullahGeechee #SelfCompassion #MentalWellness
Gullah Geechee Mental Strength,"Unlock your inner strength with Batch 025: How To Build Mental Toughness. This Gullah Geechee-inspired guide offers unique perspectives on resilience, mindset, and overcoming challenges. Develop unwavering grit and achieve your goals. #GullahGeechee #MentalToughness",https://gullahgeecheebiz.com/shop.html,,#GullahGeechee #MentalToughness #Resilience
Gullah Geechee Vision Board Success,"Unlock your dreams with the Batch 026 Gullah Geechee guide! Learn to create a powerful, working vision board. Manifest your goals with cultural wisdom & practical tips. #VisionBoard #GullahGeechee #Manifestation",https://gullahgeecheebiz.com/shop.html,,#GullahGeechee #VisionBoardGuide #ManifestYourDreams
Gullah Discipline: Daily Habits,"Unlock your potential with Gullah Geechee wisdom! This book, Batch 027, guides you to develop powerful daily discipline, cultivate resilience, and achieve your goals. Learn proven strategies for personal growth and success. #GullahGeechee #Discipline",https://gullahgeecheebiz.com/shop.html,,#GullahGeechee #DailyDiscipline #PersonalGrowth
"Conquer Fear, Embrace Success!",Unlock your potential with 'Batch 028: Overcome Fear of Failure'! This Gullah Geechee-inspired guide offers practical steps to boost confidence & achieve your dreams. #GullahGeecheeWisdom #PersonalGrowth #MindsetShift,https://gullahgeecheebiz.com/shop.html,,#GullahGeechee #FearOfFailure #SelfImprovement
"Grow Patience, Gullah Geechee Way!",Unlock ancient wisdom for a calmer life. Batch 029: How To Cultivate Patience offers timeless Gullah Geechee principles for inner peace and enduring strength. Discover resilience today!,https://gullahgeecheebiz.com/shop.html,,#GullahGeechee #Patience #SelfImprovement
Gullah Wisdom: Live with Intention,"Unlock ancient Gullah Geechee wisdom to live your best, most intentional life. Discover practices for mindful living, cultural preservation, and purpose-driven joy. Embrace your heritage with this empowering guide. #GullahGeechee",https://gullahgeecheebiz.com/shop.html,,#GullahGeechee #IntentionalLiving #CulturalWisdom
Gullah Geechee Hustle Guide!,"Unlock your potential with this Gullah Geechee guide to starting a successful side hustle! Learn practical steps, entrepreneurial wisdom, and cultural insights to build your dreams. Perfect for aspiring Black entrepreneurs and anyone seeking financial freedom.",https://gullahgeecheebiz.com/shop.html,,#GullahGeechee #SideHustle #BlackEntrepreneur
Build Your Gullah Geechee Brand!,Unlock your unique story & build a powerful personal brand with Batch 032! Learn actionable steps for success rooted in Gullah Geechee wisdom. Perfect for entrepreneurs & creatives. #PersonalBranding #GullahGeechee #BlackOwnedBusiness,https://gullahgeecheebiz.com/shop.html,,#GullahGeechee #PersonalBranding #BrandBuilding
Gullah Geechee Business Plan Guide,"Unlock your entrepreneurial spirit with Batch 033! This guide helps Gullah Geechee entrepreneurs craft powerful business plans. Learn to grow your business, secure funding, and thrive. Essential for community development and financial empowerment.",https://gullahgeecheebiz.com/shop.html,,#GullahGeechee #BusinessPlan #Entrepreneurship
Master Social Media: Batch 034,"Unlock Gullah Geechee social media marketing secrets! Learn effective strategies to grow your brand, engage your audience, and boost sales. Your guide to mastering social media. Digital marketing made easy.",https://gullahgeecheebiz.com/shop.html,,#SocialMediaMarketing #GullahGeechee #DigitalMarketingTips
"Launch Your Online Course, Gullah-Style","Dreaming of sharing your knowledge? This Gullah Geechee-inspired guide, Batch 035, shows you how to launch a successful online course. Unlock your potential, create engaging content, and build a thriving online business. Perfect for educators & entrepreneurs!",https://gullahgeecheebiz.com/shop.html,,#OnlineCourseLaunch #GullahGeechee #DigitalEntrepreneur
Win Grants: Gullah Geechee Guide,"Unlock grant funding for your Gullah Geechee projects! This essential guide, ""Batch 036 How To Write A Winning Grant Proposal,"" offers expert tips and strategies. Learn to craft compelling proposals, secure funding, and empower your community. Perfect for non-profits, cultural organizations, and community leaders.",https://gullahgeecheebiz.com/shop.html,,#GullahGeecheeGrants #GrantWritingTips #CommunityFunding
Gullah Geechee Email List Growth,Unlock the secrets of building an email list from scratch with this Gullah Geechee-inspired guide. Learn authentic strategies for connecting with your audience and growing your community. Perfect for entrepreneurs and creatives! #EmailMarketing #SmallBusiness,https://gullahgeecheebiz.com/shop.html,,#GullahGeechee #EmailListBuilding #DigitalMarketingTips
Price Products w/ Gullah Geechee Wisdom,Unlock your business potential! Learn effective product pricing strategies with Batch 038. Discover how to value your crafts & services fairly. Essential for Gullah Geechee entrepreneurs and creatives. Price your offerings for profit and impact!,https://gullahgeecheebiz.com/shop.html,,#GullahGeechee #PricingStrategy #SmallBusinessTips
"Network Like a Pro, Gullah Style!","Unlock Gullah Geechee secrets to powerful networking! This book teaches you how to build strong connections, foster community, and advance your career. Learn unique strategies for success. #GullahGeechee #NetworkingTips #CareerGrowth",https://gullahgeecheebiz.com/shop.html,,#GullahGeechee #NetworkingTips #ProfessionalDevelopment
Gullah Biz Finance Made Easy!,"Unlock financial freedom for your Gullah Geechee business! This book breaks down business finance essentials in a clear, culturally relevant way. Learn budgeting, cash flow, and growth strategies. #GullahGeechee #BusinessTips #FinancialLiteracy",https://gullahgeecheebiz.com/shop.html,,#GullahGeechee #SmallBizFinance #BusinessGrowth
Gullah Content Strategy Secrets,"Unlock your brand's voice with ""Batch 041: How To Create A Content Strategy."" Learn to craft engaging narratives, build a strong online presence, and connect with your audience. Perfect for small businesses, entrepreneurs, and content creators ready to thrive!",https://gullahgeecheebiz.com/shop.html,,#ContentStrategy #GullahGeechee #DigitalMarketing
Website On A Budget: Gullah Geechee!,Learn to build a stunning website affordably with Batch 042! This Gullah Geechee guide makes web design accessible & budget-friendly. Get online today!,https://gullahgeecheebiz.com/shop.html,,#GullahGeechee #WebsiteBuilding #BudgetWebsites
Master Public Speaking: Gullah Way,Unlock your voice with 'Batch 043 How To Master Public Speaking'! This Gullah Geechee-inspired guide offers unique insights and powerful techniques to boost your confidence and deliver impactful speeches. Transform your communication skills today!,https://gullahgeecheebiz.com/shop.html,,#PublicSpeakingTips #GullahGeechee #CommunicationSkills
"Master Your Deals, Gullah Style!","Unlock the secrets of successful negotiation with Batch 044! Learn proven Gullah Geechee wisdom to secure better deals, boost your financial savvy, and empower your community. Essential reading for entrepreneurs & everyday life.",https://gullahgeecheebiz.com/shop.html,,#GullahGeechee #NegotiationSkills #FinancialLiteracy
Build a Stellar Remote Team!,"Unlock the secrets to a thriving remote workforce with ""Batch 045 How To Build A Remote Team."" Essential for founders & managers! Learn to hire, manage, & grow a successful virtual team. Your guide to remote work success!",https://gullahgeecheebiz.com/shop.html,,#RemoteTeam #VirtualWork #GullahGeecheeBusiness
"Scale Your Biz, Gullah Geechee Way!","Unlock growth secrets with Batch 046! This Gullah Geechee inspired guide offers actionable strategies to scale your small business. Learn business growth, Gullah wisdom & entrepreneurial success.",https://gullahgeecheebiz.com/shop.html,,#SmallBusinessGrowth #GullahGeechee #EntrepreneurTips
Gullah Geechee Marketing Funnels!,Unlock marketing success with Batch 047! Learn to build effective funnels for your Gullah Geechee business or brand. Boost sales & reach your community. #GullahGeecheeMarketing #SmallBusinessTips #MarketingStrategy,https://gullahgeecheebiz.com/shop.html,,#GullahGeechee #MarketingFunnel #SmallBizGrowth
AI for Your Business: Gullah Style!,"Unlock the power of AI to grow your business, inspired by the rich cultural heritage of the Gullah Geechee. This book, Batch 048, provides practical strategies and insights for entrepreneurs and small businesses. Discover how AI can streamline operations and boost your success. #AIBusiness #SmallBizTips",https://gullahgeecheebiz.com/shop.html,,#GullahGeecheeAI #BusinessAI #TechForBusiness
Gullah Geechee: Loyalty Secrets!,Unlock the wisdom of Gullah Geechee culture to build unshakeable customer loyalty. Discover community-driven strategies for lasting connections. Perfect for small businesses & entrepreneurs!,https://gullahgeecheebiz.com/shop.html,,#GullahGeechee #CustomerLoyalty #SmallBusinessTips
Gullah Time Management Secrets,"Unlock Gullah Geechee wisdom for powerful time management! Boost productivity, reduce stress, and achieve your goals the Gullah way. Master your time effectively with Batch 050.",https://gullahgeecheebiz.com/shop.html,,#GullahGeechee #TimeManagementTips #ProductivityBook
Build Powerful Gullah Partnerships,"Unlock the secrets to building strategic partnerships within the Gullah Geechee community and beyond! This book provides actionable steps for cultural preservation, economic empowerment, and community growth. Essential for entrepreneurs & leaders.",https://gullahgeecheebiz.com/shop.html,,#GullahGeechee #StrategicPartnerships #CommunityBuilding
Master Email Marketing Now!,"Unlock the secrets to successful email campaigns with Batch 053! This Gullah Geechee book teaches you how to grow your audience, boost engagement, and drive sales through effective email marketing strategies. Perfect for entrepreneurs & small businesses.",https://gullahgeecheebiz.com/shop.html,,#EmailMarketingTips #GullahGeecheeBusiness #DigitalMarketing
Gullah Geechee Brand Style Guide,"Unlock the secrets to a captivating brand with Batch 054's Gullah Geechee Brand Style Guide. Learn how to define your visual identity, voice, and messaging for a powerful brand story. Perfect for entrepreneurs and creatives seeking authentic branding strategies.",https://gullahgeecheebiz.com/shop.html,,#BrandStyleGuide #GullahGeechee #BrandingTips
Freelance Success: Gullah Guide,"Unlock your freelance potential with Batch 055! This Gullah Geechee-inspired guide offers actionable steps to build a thriving freelance career, from finding clients to mastering your craft. Start your journey today!",https://gullahgeecheebiz.com/shop.html,,#FreelanceTips #GullahGeechee #CareerGrowth
Write Copy That Sells - Gullah!,Unlock Gullah Geechee secrets to compelling sales copy. Boost your business with Batch 056's expert tips. Copywriting success starts here!,https://gullahgeecheebiz.com/shop.html,,#GullahGeechee #CopywritingTips #SalesCopy
"Launch Your Product, Gullah Style!","Unlock the secrets to a successful product launch with Batch 057! This Gullah Geechee-inspired guide provides a step-by-step plan for entrepreneurs. Master product launch strategy, marketing, and sales for impactful results. Get your actionable plan today!",https://gullahgeecheebiz.com/shop.html,,#ProductLaunch #GullahGeechee #Entrepreneurship
Build Your Bra Community!,"Unlock the secrets to building a thriving community around your bra business, Gullah Geechee style! Learn how to connect, grow, and empower your customers. Essential reading for lingerie entrepreneurs & brand builders.",https://gullahgeecheebiz.com/shop.html,,#GullahGeecheeBusiness #BraCommunity #LingerieEntrepreneur
Master LinkedIn: Business Growth!,"Unlock the power of LinkedIn for your business! This Gullah Geechee guide, ""Batch 059,"" reveals top strategies for networking, lead generation, and brand building. Learn to master LinkedIn for business success and expand your reach. #LinkedInTips",https://gullahgeecheebiz.com/shop.html,,#LinkedInForBusiness #GullahGeecheeBooks #SocialMediaMarketing
Map Your Customer's Journey!,"Unlock sales with a powerful customer journey map! This Gullah Geechee guide, ""Batch 060,"" shows you how to understand your customers, optimize their experience, and boost your business. Perfect for entrepreneurs & marketers!",https://gullahgeecheebiz.com/shop.html,,#CustomerJourney #MarketingStrategy #SmallBusinessTips
Build Your Subscription Empire!,"Unlock the secrets of building a thriving subscription business! This Gullah Geechee-inspired guide, Batch 061, shares actionable strategies, marketing tips, and revenue models for entrepreneurs. Learn to grow your recurring income and create a loyal customer base.",https://gullahgeecheebiz.com/shop.html,,#SubscriptionBusiness #GullahGeechee #Entrepreneurship
Boost Sales: Referral Program Guide!,"Unlock growth for your Gullah Geechee business! Our eBook, 'Batch 062,' reveals secrets to crafting a powerful referral program. Learn to build trust, expand reach, and drive sales with proven strategies. Perfect for small businesses and entrepreneurs. #ReferralMarketing #BusinessGrowth #SalesStrategy #GullahGeechee",https://gullahgeecheebiz.com/shop.html,,#ReferralProgram #SmallBusinessTips #MarketingStrategy
Master Business Storytelling Now!,"Unlock the power of Gullah Geechee storytelling for your business! ""Batch 063"" teaches you to captivate audiences, build your brand, and boost sales. Learn authentic communication techniques today. #GullahGeechee #BusinessStorytelling #Entrepreneur",https://gullahgeecheebiz.com/shop.html,,#BusinessStorytelling #GullahGeechee #Entrepreneurship
Build Your Digital Empire Now!,"Unlock the secrets of digital product creation! This Gullah Geechee guide, ""Batch 064,"" empowers you to build a thriving online business. Learn strategies, find success, and create a lasting legacy. #GullahGeechee #DigitalProducts",https://gullahgeecheebiz.com/shop.html,,#DigitalProduct #GullahGeechee #OnlineBusiness
Gullah Geechee Business Exit Strategy,Unlock the secrets to a smooth business transition with Batch 065! Learn essential strategies for Gullah Geechee entrepreneurs to build lasting legacies and secure their future. Plan your exit confidently. #BusinessStrategy #GullahGeechee #Entrepreneurship,https://gullahgeecheebiz.com/shop.html,,#GullahGeechee #BusinessExitPlan #LegacyBuilding
Gullah Red Rice: Perfect Every Time!,"Unlock the secrets to authentic Gullah Red Rice with 'Batch 066'! Master this flavorful Lowcountry staple. Easy, delicious, and culturally rich. Perfect your Southern cooking skills today!",https://gullahgeecheebiz.com/shop.html,,#GullahGeechee #RedRiceRecipe #SouthernCooking
Gullah Geechee Cornbread Secret!,"Unlock the authentic taste of Southern heritage! Learn how to make Batch 067, a delicious, scratch-made Gullah Geechee cornbread recipe. Perfect for family meals & traditions. Soul food at its finest!",https://gullahgeecheebiz.com/shop.html,,#GullahGeechee #SouthernCornbread #SoulFoodRecipe
"Fry Flawless Fish, Gullah Style!","Unlock the secrets to perfectly fried fish with Batch 068! Dive into Gullah Geechee culinary traditions and master this essential dish. Delicious, crispy, and authentic recipes inside!",https://gullahgeecheebiz.com/shop.html,,#GullahGeechee #FriedFishRecipe #SouthernCooking
Authentic Gullah Shrimp & Grits!,"Unlock the secrets to real Gullah Geechee shrimp and grits! This cookbook, Batch 069, guides you through a flavorful journey. Learn traditional Southern cooking methods & elevate your meals. Perfect for foodies & Southern cuisine lovers!",https://gullahgeecheebiz.com/shop.html,,#GullahGeechee #ShrimpAndGrits #SouthernCooking
Gullah Geechee Sweet Potato Pie,Unlock the secrets to authentic Gullah Geechee sweet potato pie with Batch 070! Learn traditional baking techniques & delicious family recipes. Perfect for holiday desserts & Southern comfort food lovers.,https://gullahgeecheebiz.com/shop.html,,#GullahGeechee #SweetPotatoPie #SouthernRecipes
Hoppin' John for New Year's!,"Unlock the secrets to authentic Gullah Geechee Hoppin' John! This guide provides a simple, delicious recipe for New Year's prosperity. Learn the traditions & flavors today!",https://gullahgeecheebiz.com/shop.html,,#HoppinJohn #GullahGeechee #NewYearsFood
Collard Greens: The Gullah Geechee Way!,"Unlock the secrets of authentic Gullah Geechee collard greens with Batch 072! This book teaches you how to cook them the RIGHT way – tender, flavorful, and soul-satisfying. Master traditional techniques and elevate your southern cooking. Perfect for foodies and home cooks!",https://gullahgeecheebiz.com/shop.html,,#GullahGeechee #CollardGreens #SouthernCooking
Gullah Geechee Benne Wafer Recipe!,"Unlock the secrets of traditional Gullah Geechee cooking with Batch 073! Learn to make authentic, crispy Benne Wafers. Perfect for sharing or a sweet treat. #GullahGeechee #BenneWafers #SouthernDessert",https://gullahgeecheebiz.com/shop.html,,#GullahGeechee #BenneWafers #SouthernDessert
Gullah Okra & Tomatoes Magic!,"Unlock the secrets of authentic Gullah Geechee cooking! This guide reveals how to prepare flavorful okra and tomatoes, a traditional Lowcountry dish. Perfect for home cooks and foodies seeking new recipes. Learn Gullah Geechee food and culture today!",https://gullahgeecheebiz.com/shop.html,,#GullahGeechee #OkraAndTomatoes #LowcountryFood
Gullah Tea Cakes: Batch 075!,"Unlock the secrets to authentic Gullah Geechee tea cakes with Batch 075! This recipe book guides you through making these delicious, buttery, and traditional treats. Perfect for bakers of all levels. Learn the heritage, taste the flavor!",https://gullahgeecheebiz.com/shop.html,,#GullahGeechee #TeaCakesRecipe #SouthernBaking
Lowcountry Boil: Gullah Style!,"Unlock the secrets of authentic Gullah Geechee Lowcountry Boil with Batch 076! This cookbook shares traditional recipes, fresh seafood tips, and cultural insights for a delicious feast. Perfect for beginners and seasoned cooks!",https://gullahgeecheebiz.com/shop.html,,#LowcountryBoil #GullahGeechee #SouthernCooking
Gullah Geechee Pickled Shrimp Recipe,Unlock the authentic taste of the Gullah Geechee Lowcountry with Batch 077's easy pickled shrimp recipe! Learn traditional methods for this delicious seafood appetizer or side dish. Perfect for family gatherings!,https://gullahgeecheebiz.com/shop.html,,#GullahGeecheeFood #PickledShrimp #LowcountryCooking
Gullah Buttermilk Cornbread Recipe!,"Unlock the secrets of authentic Gullah Geechee baking with Batch 078's buttermilk cornbread. This easy, traditional recipe brings Southern comfort food to your kitchen. Perfect for family meals!",https://gullahgeecheebiz.com/shop.html,,#GullahGeechee #ButtermilkCornbread #SouthernCooking
Gullah Boiled Peanuts Made Easy!,Unlock the secret to perfect Gullah Geechee boiled peanuts with Batch 079! This easy-to-follow guide brings authentic Southern flavor to your kitchen. Get your copy today!,https://gullahgeecheebiz.com/shop.html,,#BoiledPeanuts #GullahGeechee #SouthernCooking
Gullah Cabbage: Soulful & Easy!,"Unlock the secrets of Gullah Geechee cuisine! Learn to make delicious, authentic Gullah Cabbage with Batch 080's easy recipe. Taste the heritage in every bite!",https://gullahgeecheebiz.com/shop.html,,#GullahGeechee #GullahCabbage #SoulFood
Gullah Mac & Cheese Secrets!,"Unlock the authentic taste of the South with Batch 081! Learn the traditional Gullah Geechee way to make creamy, delicious mac and cheese. Perfect for family gatherings, potlucks, and anyone craving soul food goodness. Easy-to-follow recipe for a true Southern classic.",https://gullahgeecheebiz.com/shop.html,,#GullahGeechee #SouthernMacAndCheese #SoulFood
Gullah Chicken Soup: Easy Recipe!,"Unlock the secrets of authentic Gullah Geechee cuisine! Learn to make traditional chicken soup with this step-by-step guide. Delicious, flavorful, and a taste of heritage. Perfect for home cooks!",https://gullahgeecheebiz.com/shop.html,,#GullahGeechee #ChickenSoupRecipe #SouthernCooking
Gullah Geechee Rice Pudding Secrets!,"Unlock the authentic taste of the Lowcountry with Batch 083: How To Make Rice Pudding. Discover traditional Gullah Geechee recipes, cultural insights, and easy-to-follow steps for the most delicious, creamy rice pudding. Perfect for home cooks and food history lovers!",https://gullahgeecheebiz.com/shop.html,,#GullahGeechee #RicePuddingRecipe #SouthernCooking
Gullah Pork Chops: Flavorful Feast!,"Unlock the secrets of authentic Gullah Geechee cuisine with Batch 084! Learn how to cook mouthwatering, tender pork chops infused with traditional Lowcountry flavors. Easy recipe for a delicious meal!",https://gullahgeecheebiz.com/shop.html,,#GullahGeechee #PorkChopsRecipe #SouthernCooking
Sweetgrass Lemonade Magic!,"Unlock the secrets of Gullah Geechee cooking! Learn to make traditional sweetgrass lemonade with this authentic recipe. Refreshing, vibrant, and a taste of heritage.",https://gullahgeecheebiz.com/shop.html,,#GullahGeechee #SweetgrassLemonade #SouthernRecipes
Gullah Potato Salad Recipe!,"Unlock the secrets to authentic Gullah Geechee potato salad! This easy, flavorful recipe from ""Batch 086"" brings a taste of the Lowcountry to your table. Learn how to make traditional Southern potato salad. Perfect for cookouts & family gatherings!",https://gullahgeecheebiz.com/shop.html,,#GullahGeechee #PotatoSaladRecipe #SouthernCooking
Gullah Geechee Benne Chicken Magic!,"Unlock the secrets of Gullah Geechee cooking with Batch 087! Learn to make authentic, flavor-packed benne chicken. Get your copy today!",https://gullahgeecheebiz.com/shop.html,,#GullahGeechee #BenneChicken #Cookbook
Gullah Breakfast: Batch 088 Guide!,"Unlock the secrets of authentic Gullah Geechee breakfast! This easy-to-follow guide, Batch 088, brings traditional Lowcountry recipes to your kitchen. Learn to cook delicious, soulful meals from scratch. #GullahGeechee",https://gullahgeecheebiz.com/shop.html,,#GullahGeecheeFood #LowcountryCooking #BreakfastRecipes
Preserve Summer Veggies Gullah Way!,Unlock Gullah Geechee secrets to preserving summer vegetables! Learn traditional canning and pickling techniques. Extend your harvest & savor fresh flavors all year. Essential guide for home cooks!,https://gullahgeecheebiz.com/shop.html,,#GullahGeechee #PreserveSummer #CanningRecipes
Gullah Geechee Cast Iron Secrets!,"Unlock the rich flavors of Gullah Geechee cuisine! Master cast iron cooking with Batch 090's essential guide. Learn traditional techniques & savory recipes. Perfect for beginners and seasoned cooks alike. Southern cooking, heirloom recipes, soul food.",https://gullahgeecheebiz.com/shop.html,,#GullahGeecheeCooking #CastIronCooking #SouthernFood
One-Pot Gullah Meals Made Easy!,"Unlock the secrets of Gullah Geechee cooking with Batch 091! Learn to make authentic, flavorful one-pot meals effortlessly. Perfect for busy weeknights and cultural food lovers. #GullahGeechee #SouthernCooking",https://gullahgeecheebiz.com/shop.html,,#GullahGeechee #OnePotMeals #SouthernCooking
Gullah Geechee Seasonal Cooking Guide,Unlock delicious Lowcountry flavors! Learn to cook vibrant Gullah Geechee dishes with seasonal ingredients from Batch 092. Authentic recipes for a taste of the South.,https://gullahgeecheebiz.com/shop.html,,#GullahGeecheeFood #LowcountryCooking #SeasonalRecipes
Gullah Sauces & Seasonings,"Unlock the authentic flavors of the Gullah Geechee Lowcountry! Learn to craft delicious sauces and seasonings with Batch 093. Taste the heritage, elevate your cooking. Perfect for foodies & home cooks!",https://gullahgeecheebiz.com/shop.html,,#GullahGeechee #SouthernCooking #SpiceBlends
Bake Gullah Desserts: Batch 094!,"Unlock the secrets of Gullah Geechee baking! Batch 094 teaches you authentic recipes for sweet potato pie, peach cobbler, and more. A delicious journey into Gullah culture. #GullahGeechee #SouthernDesserts #BakingRecipes",https://gullahgeecheebiz.com/shop.html,,#GullahGeechee #SouthernBaking #DessertRecipes
Gullah Holiday Feasts Made Easy!,"Unlock the secrets of Gullah Geechee holiday cooking with Batch 095! Learn traditional recipes for Thanksgiving, Christmas, and Kwanzaa. Delicious, authentic, and unforgettable. #GullahRecipes #HolidayCooking",https://gullahgeecheebiz.com/shop.html,,#GullahGeechee #HolidayRecipes #SoulFood
Gullah Seafood: Cook Like a Pro!,"Unlock the secrets of Gullah Geechee cuisine! This book, Batch 096, teaches you authentic seafood recipes, full of flavor & tradition. Taste the Lowcountry!",https://gullahgeecheebiz.com/shop.html,,#GullahGeechee #SeafoodRecipes #LowcountryCooking
Gullah Soups & Stews - Must-Try!,Unlock the authentic flavors of Gullah Geechee cuisine! Learn to make traditional soups and stews with this easy-to-follow cookbook. Explore heritage recipes for your kitchen.,https://gullahgeecheebiz.com/shop.html,,#GullahGeechee #SouthernCooking #Cookbook
Gullah Sides: Flavorful & Easy!,"Unlock the secrets of Gullah Geechee cuisine! Master authentic Gullah side dishes with this easy-to-follow cookbook. From rice to greens, elevate your meals with delicious, traditional recipes. Perfect for home cooks and food enthusiasts. Batch 098.",https://gullahgeecheebiz.com/shop.html,,#GullahGeechee #SouthernCooking #SoulFoodRecipes
Gullah Breads: Batch 099 Secrets!,"Unlock the secrets of traditional Gullah Geechee bread making! This essential guide, ""Batch 099,"" shares authentic recipes for delicious Gullah breads, biscuits, and more. Learn the heritage, taste the tradition. Perfect for home bakers & foodies!",https://gullahgeecheebiz.com/shop.html,,#GullahGeechee #GullahBreads #SouthernCooking
Cook Gullah Veggies Like a Pro!,"Unlock the secrets of Gullah Geechee cuisine! Learn to cook delicious and authentic Gullah vegetables with ""Batch 100."" Discover heritage recipes, vibrant flavors, and healthy eating traditions. Perfect for home cooks & food lovers. #GullahRecipes",https://gullahgeecheebiz.com/shop.html,,#GullahGeechee #SouthernCooking #VegetableRecipes
Gullah Geechee Culture Revealed!,"Unlock the rich history and vibrant traditions of the Gullah Geechee people with Encyclopedia Vol 01. Dive into their language, food, and heritage. A must-read for cultural enthusiasts!",https://gullahgeecheebiz.com/shop.html,,#GullahGeechee #BlackHistory #CulturalHeritage
Gullah Geechee History Unveiled,"Unlock the rich tapestry of Gullah Geechee culture with Encyclopedia Vol 02! Dive deep into history, traditions, language, and the vibrant legacy of these resilient people. Essential reading for cultural enthusiasts and historians alike.",https://gullahgeecheebiz.com/shop.html,,#GullahGeechee #CulturalHistory #AfricanAmericanStudies
Gullah Geechee History Unveiled,"Dive into the rich culture and vibrant history of the Gullah Geechee people with Encyclopedia Vol 03. Discover ancestral traditions, language, and resilience. Essential reading for history buffs & culture enthusiasts! #GullahGeechee #BlackHistory #CulturalHeritage",https://gullahgeecheebiz.com/shop.html,,#GullahGeechee #BlackHistory #CulturalHeritage
Gullah Geechee Secrets Revealed!,"Unlock the rich history and vibrant culture of the Gullah Geechee people with Encyclopedia Vol 04. Dive into traditions, language, and heritage. A must-read for history buffs & cultural explorers!",https://gullahgeecheebiz.com/shop.html,,#GullahGeechee #CulturalHeritage #BlackHistory
Gullah Geechee Wisdom: Vol 5,"Unlock the rich heritage of the Gullah Geechee people with Encyclopedia Vol 05! Explore fascinating traditions, history, and culture. A must-have for culture enthusiasts and history buffs.",https://gullahgeecheebiz.com/shop.html,,#GullahGeechee #CultureBook #History
"Gullah Geechee Wisdom, Vol 6","Unlock the rich history & vibrant culture of the Gullah Geechee people! This encyclopedia volume dives deep into traditions, language, and heritage. A must-read for cultural enthusiasts & history buffs. Discover untold stories!",https://gullahgeecheebiz.com/shop.html,,#GullahGeechee #BlackHistory #CulturalHeritage
Gullah Geechee Wisdom Awaits!,"Unlock the rich history, vibrant culture, and enduring legacy of the Gullah Geechee people with Encyclopedia Vol 07. Explore traditions, language, and untold stories. A must-have for history buffs and culture enthusiasts!",https://gullahgeecheebiz.com/shop.html,,#GullahGeechee #BlackHistory #CulturalHeritage
Gullah Geechee Vol 08,"Unlock the vibrant history & culture of the Gullah Geechee people with Encyclopedia Vol 08! Dive deep into traditions, language, and untold stories. Essential read for history buffs & culture enthusiasts.",https://gullahgeecheebiz.com/shop.html,,#GullahGeechee #BlackHistory #CulturalHeritage
Gullah Geechee History Unveiled,"Unlock the rich heritage of the Gullah Geechee people with Encyclopedia Vol 09. Discover captivating stories, traditions, and resilience in this essential guide. A must-read for anyone interested in African American history and culture. Explore Gullah Geechee roots!",https://gullahgeecheebiz.com/shop.html,,#GullahGeechee #AfricanAmericanHistory #LowcountryCulture
Gullah Geechee Secrets Revealed,"Unlock the rich history & vibrant culture of the Gullah Geechee people with Encyclopedia Vol 10. Discover traditions, language, and heritage in this essential guide. A must-read for history buffs & culture enthusiasts!",https://gullahgeecheebiz.com/shop.html,,#GullahGeechee #BlackHistory #CulturalHeritage
Gullah Geechee History Unveiled,"Unlock the rich tapestry of Gullah Geechee culture with 'Encyclopedia Vol 11'. Discover traditions, language, and heritage passed down through generations. A must-read for history buffs & cultural enthusiasts. Explore the heart of the Lowcountry!",https://gullahgeecheebiz.com/shop.html,,#GullahGeechee #BlackHistory #CulturalHeritage
Gullah Geechee History Unveiled,"Unlock the rich heritage of the Gullah Geechee people with ""Encyclopedia Vol 12."" Explore vibrant traditions, captivating stories, and vital cultural insights in this essential resource. Discover Gullah Geechee culture today!",https://gullahgeecheebiz.com/shop.html,,#GullahGeechee #BlackHistory #CulturalHeritage
Gullah Geechee Wisdom Unveiled,"Unlock the rich history and vibrant culture of the Gullah Geechee people with ""Encyclopedia Vol 13."" Explore traditions, language, and heritage in this essential resource. #GullahGeecheeCulture #HeritageBook #BlackHistory",https://gullahgeecheebiz.com/shop.html,,#GullahGeechee #BlackHistory #CulturalHeritage
Gullah Geechee Wisdom: Vol 14,"Unlock the rich cultural heritage of the Gullah Geechee people with Encyclopedia Vol 14. Discover their history, language, traditions, and vibrant stories. Essential for cultural enthusiasts and history buffs!",https://gullahgeecheebiz.com/shop.html,,#GullahGeechee #CulturalHeritage #BlackHistory
Gullah Geechee History Unveiled,"Unlock the rich heritage of the Gullah Geechee people with Encyclopedia Vol 15. Explore their vibrant culture, language, traditions, and resilience. A must-have for history buffs and culture enthusiasts!",https://gullahgeecheebiz.com/shop.html,,#GullahGeechee #BlackHistory #CulturalHeritage
Gullah Geechee Encyclopedia Vol 16,"Uncover the rich tapestry of Gullah Geechee culture, history, and traditions. Explore heritage, language, and resilience in this essential volume. A must-read for history buffs & culture enthusiasts!",https://gullahgeecheebiz.com/shop.html,,#GullahGeechee #BlackHistory #CulturalHeritage
Gullah Geechee History Unlocked!,"Unlock the rich tapestry of Gullah Geechee culture with 'Encyclopedia Vol 17'! Explore traditions, language, and heritage. A must-have for history buffs and cultural enthusiasts. Dive into African American history today!",https://gullahgeecheebiz.com/shop.html,,#GullahGeechee #AfricanAmericanHistory #CulturalHeritage
Gullah Geechee Wisdom Unlocked,"Discover the rich history & vibrant culture of the Gullah Geechee people in 'Encyclopedia Vol 18'. A captivating journey into their language, traditions, and resilience. Essential for cultural enthusiasts and history buffs!",https://gullahgeecheebiz.com/shop.html,,#GullahGeechee #CulturalHeritage #HistoryBook
Gullah Geechee Wisdom Unveiled,"Unlock the rich history, culture, and traditions of the Gullah Geechee people with Encyclopedia Vol 19. Explore captivating stories, vibrant heritage, and linguistic treasures. A must-read for history buffs & cultural enthusiasts!",https://gullahgeecheebiz.com/shop.html,,#GullahGeechee #AfricanAmericanHistory #CulturalHeritage
Gullah Geechee History Unveiled!,"Dive deep into the rich traditions, language, and resilience of the Gullah Geechee people with Encyclopedia Vol 20. Explore untold stories, heritage, and cultural insights. A must-read for history buffs & culture enthusiasts!",https://gullahgeecheebiz.com/shop.html,,#GullahGeechee #BlackHistory #CulturalHeritage
Gullah Geechee History Unveiled,"Unlock the rich heritage of the Gullah Geechee people with Encyclopedia Vol 21. Explore captivating stories, traditions, language, and culture. A must-read for history buffs & culture enthusiasts!",https://gullahgeecheebiz.com/shop.html,,#GullahGeechee #BlackHistory #CulturalHeritage
Gullah Geechee Untold Stories,"Unlock the vibrant heritage of the Gullah Geechee people with Encyclopedia Vol 22! Discover rich history, culture, and traditions. Essential reading for Black history, genealogy, and cultural studies enthusiasts. #GullahGeechee",https://gullahgeecheebiz.com/shop.html,,#GullahGeechee #BlackHistoryMonth #CulturalHeritage
Gullah Geechee Wisdom Awaits!,"Unlock the rich heritage of the Gullah Geechee people! Vol 23 of our Encyclopedia explores their vibrant culture, language, traditions, and resilience. Discover untold stories and historical insights. A must-read for history buffs & cultural explorers!",https://gullahgeecheebiz.com/shop.html,,#GullahGeechee #CulturalHeritage #BlackHistory
Gullah Geechee Wisdom Lives!,"Unlock the vibrant legacy of Gullah Geechee culture with Encyclopedia Vol 24! Dive into rich history, traditions, and stories. Essential reading for cultural enthusiasts & history buffs. Discover the heart of the Lowcountry.",https://gullahgeecheebiz.com/shop.html,,#GullahGeechee #LowcountryHistory #CulturalHeritage
Unlock Gullah Geechee History!,"Dive into the rich heritage of the Gullah Geechee people with Encyclopedia Vol 25! Discover their vibrant culture, language, traditions, and untold stories. Essential for history buffs & cultural explorers.",https://gullahgeecheebiz.com/shop.html,,#GullahGeechee #AfricanAmericanHistory #CulturalHeritage
"Gullah Geechee Wisdom, Vol. 26","Unlock the rich cultural tapestry of the Gullah Geechee people. Explore history, traditions, and language in this captivating volume. A must-read for anyone interested in Gullah heritage and Black history. #GullahGeechee",https://gullahgeecheebiz.com/shop.html,,#GullahGeechee #BlackHistory #CulturalHeritage
Gullah Geechee Vol 27 Revealed!,"Unlock the rich history and vibrant culture of the Gullah Geechee people with Encyclopedia Vol 27. Explore traditions, language, and heritage passed down through generations. A must-read for history buffs and cultural enthusiasts! Discover more today.",https://gullahgeecheebiz.com/shop.html,,#GullahGeechee #BlackHistory #CulturalHeritage
"Gullah Geechee Wisdom, Vol. 28","Unlock the rich heritage of the Gullah Geechee people! This encyclopedia explores their unique culture, history, language, and traditions. A must-read for anyone interested in African American heritage and Lowcountry history. Dive deep into their stories!",https://gullahgeecheebiz.com/shop.html,,#GullahGeechee #AfricanAmericanHistory #LowcountryCulture
Gullah Geechee Secrets Revealed,"Unlock the rich history, vibrant culture, and captivating stories of the Gullah Geechee people in Encyclopedia Vol 29. Explore traditions, language, and heritage. A must-read for history buffs & culture enthusiasts!",https://gullahgeecheebiz.com/shop.html,,#GullahGeechee #BlackHistory #CulturalHeritage
Gullah Geechee Wisdom Unveiled!,"Unlock the rich history and vibrant culture of the Gullah Geechee people with Encyclopedia Vol 30. Discover traditions, language, food, and heritage. A must-read for history buffs & culture enthusiasts!",https://gullahgeecheebiz.com/shop.html,,#GullahGeechee #BlackHistory #CulturalHeritage
Gullah Geechee Wisdom Unveiled,"Unlock the rich history, culture, and traditions of the Gullah Geechee people. This encyclopedia (Vol 31) is a must-have for history buffs, cultural enthusiasts, and anyone curious about this vibrant heritage. Explore untold stories!",https://gullahgeecheebiz.com/shop.html,,#GullahGeechee #BlackHistory #CulturalHeritage
"Gullah Geechee Wisdom, Vol. 32","Unlock the rich heritage of Gullah Geechee culture with Vol. 32 of this essential encyclopedia. Discover history, traditions, and language. A must-read for cultural enthusiasts and historians!",https://gullahgeecheebiz.com/shop.html,,#GullahGeechee #CulturalHeritage #Lowcountry
Gullah Geechee Secrets Revealed!,"Unlock the rich history and vibrant culture of the Gullah Geechee people with Encyclopedia Vol 33. Dive into their traditions, language, and resilience. Essential for historians, cultural enthusiasts, and anyone curious about this unique heritage.",https://gullahgeecheebiz.com/shop.html,,#GullahGeechee #BlackHistory #CulturalHeritage
Gullah Geechee Wisdom Awaits!,"Unlock the rich history and vibrant culture of the Gullah Geechee people with Volume 34 of this essential encyclopedia. Dive into their traditions, language, and enduring legacy. A must-read for history buffs & culture enthusiasts!",https://gullahgeecheebiz.com/shop.html,,#GullahGeechee #BlackHistory #CulturalHeritage
Unlock Gullah Geechee Secrets!,"Dive into the rich history & vibrant culture of the Gullah Geechee people with Encyclopedia Vol 35. Explore their language, traditions, and resilience. Essential for historians & cultural enthusiasts. #GullahGeechee",https://gullahgeecheebiz.com/shop.html,,#GullahGeechee #CulturalHistory #BlackHistory
"Gullah Geechee Wisdom, Vol 36!","Unlock the rich heritage of the Gullah Geechee people! Explore traditions, language, and culture in this essential Encyclopedia Vol 36. A must-have for history buffs & culture enthusiasts.",https://gullahgeecheebiz.com/shop.html,,#GullahGeechee #BlackHistory #CulturalHeritage
Gullah Geechee Wisdom Awaits!,"Unlock rich Gullah Geechee history, culture, and language with Encyclopedia Vol 37. Explore traditions, stories, and heritage from the Lowcountry. A must-read for history buffs & cultural explorers!",https://gullahgeecheebiz.com/shop.html,,#GullahGeechee #BlackHistory #CulturalHeritage
Gullah Geechee Wisdom Revealed,"Unlock the rich history and vibrant culture of the Gullah Geechee people with Encyclopedia Vol 38. Explore their unique language, traditions, and resilience. A must-read for history buffs and culture enthusiasts!",https://gullahgeecheebiz.com/shop.html,,#GullahGeechee #BlackHistory #CulturalHeritage
"Gullah Geechee Wisdom, Vol 39","Unlock the rich history, culture, and traditions of the Gullah Geechee people. This essential volume explores fascinating stories, language, and heritage. A must-have for history buffs and cultural enthusiasts!",https://gullahgeecheebiz.com/shop.html,,#GullahGeechee #BlackHistory #CulturalHeritage
Gullah Geechee Vol 40: Uncover History,"Dive deep into the rich tapestry of Gullah Geechee culture with Encyclopedia Vol 40. Explore traditions, language, and heritage passed down through generations. A must-read for history buffs & cultural enthusiasts!",https://gullahgeecheebiz.com/shop.html,,#GullahGeechee #BlackHistory #CulturalHeritage
Gullah Geechee Wisdom Unveiled,"Unlock the rich heritage of the Gullah Geechee people in Encyclopedia Vol 41. Explore their vibrant culture, language, and history through captivating stories and insights. Discover this essential cultural reference!",https://gullahgeecheebiz.com/shop.html,,#GullahGeechee #AfricanAmericanHistory #CulturalHeritage
Unlock Gullah Geechee Secrets!,"Dive into the rich heritage of the Gullah Geechee culture with 'Encyclopedia Vol 42'. Explore traditions, history, and stories of this vibrant community. Perfect for history buffs, educators, and anyone interested in African American history and Southern culture. A must-read for understanding Gullah Geechee language, art, and food.",https://gullahgeecheebiz.com/shop.html,,#GullahGeechee #AfricanAmericanHistory #SouthernCulture
Unlock Gullah Geechee Secrets!,"Dive deep into rich Gullah Geechee history and culture with Encyclopedia Vol 43. Explore traditions, language, and heritage. A must-read for history buffs & cultural explorers!",https://gullahgeecheebiz.com/shop.html,,#GullahGeechee #BlackHistory #CulturalHeritage
Gullah Geechee History & Culture,"Unlock the rich heritage of the Gullah Geechee people! This encyclopedia delves into their unique traditions, language, and resilience. Discover fascinating stories and vital contributions to American culture. Essential for history buffs & cultural explorers.",https://gullahgeecheebiz.com/shop.html,,#GullahGeechee #BlackHistory #CulturalHeritage
Gullah Geechee Wisdom Awaits!,"Unlock the rich heritage of the Gullah Geechee people with Encyclopedia Vol 45. Explore vibrant traditions, captivating stories, and vital history. A must-read for cultural enthusiasts and historians alike. Discover your roots!",https://gullahgeecheebiz.com/shop.html,,#GullahGeechee #CulturalHeritage #AfricanAmericanHistory
Gullah Geechee Vol 46 Revealed!,"Unlock the rich history and vibrant culture of the Gullah Geechee people with Encyclopedia Vol 46. Discover their unique language, traditions, and resilience. Essential reading for history buffs and culture enthusiasts. #GullahGeechee",https://gullahgeecheebiz.com/shop.html,,#GullahGeechee #BlackHistory #CulturalHeritage
"Gullah Geechee Wisdom, Vol. 47","Unlock the rich heritage of the Gullah Geechee people! This encyclopedia delves into their vibrant culture, language, and history. Discover traditions, recipes, and stories. A must-have for history buffs and culture enthusiasts.",https://gullahgeecheebiz.com/shop.html,,#GullahGeechee #AfricanAmericanHistory #CulturalHeritage
Gullah Geechee Secrets Revealed!,"Unlock the rich history and vibrant culture of the Gullah Geechee people with Encyclopedia Vol 48. Explore traditions, language, and heritage. A must-read for history buffs!",https://gullahgeecheebiz.com/shop.html,,#GullahGeechee #BlackHistory #CulturalHeritage
Gullah Geechee History Unveiled!,"Unlock the rich tapestry of Gullah Geechee culture with Encyclopedia Vol 49! Discover their vibrant heritage, language, traditions, and resilience. Essential reading for history buffs & culture enthusiasts.",https://gullahgeecheebiz.com/shop.html,,#GullahGeechee #BlackHistory #CulturalHeritage
Gullah Geechee Vol 50: Rich Heritage,"Unlock the vibrant stories, traditions, and resilience of the Gullah Geechee people in this essential Volume 50 of their encyclopedia. Explore history, culture, language, and art. A must-read for cultural enthusiasts and history buffs!",https://gullahgeecheebiz.com/shop.html,,#GullahGeechee #BlackHistory #CulturalHeritage
Unlock Your Purpose: Gullah Wisdom,"Discover your true calling with ""Es Batch 001 How To Find Your Purpose."" This Gullah Geechee guide offers profound insights and actionable steps to align with your destiny. Embrace ancestral wisdom for a fulfilling life. #GullahGeechee #PurposeDiscovery #LifeGoals",https://gullahgeecheebiz.com/shop.html,,#GullahGeechee #FindYourPurpose #SpiritualGrowth
Gullah Geechee Confidence!,"Unlock unshakeable confidence the Gullah Geechee way! This book, Es Batch 002, shares powerful wisdom and practical steps for inner strength. Embrace your heritage & build lasting self-assurance. Gullah Geechee wisdom, self-help, empowerment.",https://gullahgeecheebiz.com/shop.html,,#GullahGeechee #ConfidenceBuilding #SelfEmpowerment
Master Your Gullah Geechee Mornings!,"Unlock a powerful morning routine inspired by Gullah Geechee wisdom! This guide helps you cultivate focus, peace, and productivity. Transform your day with cultural insights and practical tips. Start strong, stay energized!",https://gullahgeecheebiz.com/shop.html,,#GullahGeechee #MorningRoutine #ProductivityTips
"Beat Imposter Syndrome, Gullah Way!","Unlock your inner strength with 'Es Batch 004'! Discover Gullah Geechee wisdom to overcome imposter syndrome, build confidence, and shine. Embrace your worth. #ImposterSyndrome #GullahGeechee #SelfHelp #Confidence",https://gullahgeecheebiz.com/shop.html,,#ImposterSyndrome #GullahGeechee #SelfConfidence
Radical Self-Care: Gullah Wisdom,"Unlock radical self-care with Es Batch 005! Dive into Gullah Geechee practices for well-being, mindfulness, and resilience. Discover ancient wisdom for modern self-love. #GullahGeechee #SelfCareTips",https://gullahgeecheebiz.com/shop.html,,#GullahGeechee #RadicalSelfCare #WellnessJourney
"Set Boundaries, Gullah Style!","Learn to set powerful, lasting boundaries with Es Batch 006! Discover practical Gullah Geechee wisdom for clear communication & protecting your peace. Master self-respect & healthy relationships. Get your copy now!",https://gullahgeecheebiz.com/shop.html,,#GullahGeechee #SetBoundaries #SelfCare
"Break Bad Habits, Gullah Style!","Unlock ancient Gullah Geechee wisdom to permanently break bad habits. This book offers practical, soulful strategies for lasting change. Transform your life today!",https://gullahgeecheebiz.com/shop.html,,#GullahGeechee #BadHabits #SelfImprovement
Gullah Gratitude: Daily Joy!,"Unlock daily joy with Gullah wisdom! Es Batch 008 teaches simple, powerful gratitude practices. Cultivate a positive mindset, reduce stress, and find happiness in every day. Perfect for spiritual growth and mindfulness. Embrace the Gullah Geechee way of life!",https://gullahgeecheebiz.com/shop.html,,#GullahGeechee #DailyGratitude #Mindfulness
Gullah Geechee Guide: Anxiety Relief,Discover natural anxiety management with Gullah Geechee wisdom! This book offers holistic strategies for peace & calm. Learn traditional remedies & mindfulness techniques. #GullahGeechee #AnxietyRelief #NaturalHealing,https://gullahgeecheebiz.com/shop.html,,#GullahGeechee #AnxietyRelief #NaturalHealing
Boost Your Gullah EQ!,"Unlock your emotional intelligence with this Gullah Geechee guide! Learn to understand and manage emotions, build stronger connections, and thrive. Develop key emotional skills today!",https://gullahgeecheebiz.com/shop.html,,#EmotionalIntelligence #GullahGeechee #PersonalGrowth
Forgive Yourself & Move On,"Discover peace with ""Es Batch 011: How To Forgive Yourself And Move On."" This Gullah Geechee guide offers profound wisdom, healing, and steps to release guilt and embrace a new beginning. Find inner peace and move forward with this inspiring book.",https://gullahgeecheebiz.com/shop.html,,#GullahGeechee #ForgivenessJourney #SelfHealing
Stay Motivated: Gullah Wisdom,Unlock daily motivation with Es Batch 012! Discover Gullah Geechee secrets for lasting drive & empowerment. Boost your well-being and productivity every single day. #GullahMotivation #DailyInspiration #SelfHelp,https://gullahgeecheebiz.com/shop.html,,#GullahGeechee #MotivationTips #DailyMotivation
Gullah Resilience: Tough Times,"Learn powerful Gullah Geechee wisdom for building resilience and thriving through life's challenges. Discover strength, community, and survival strategies in 'Es Batch 013'. #GullahGeechee #Resilience #Empowerment",https://gullahgeecheebiz.com/shop.html,,#GullahGeechee #Resilience #SelfHelp
Gullah Geechee Mindful Living,"Unlock tranquility with Es Batch 014. Learn Gullah Geechee wisdom for mindful living, stress reduction, and inner peace. Embrace ancient practices for a calmer, more fulfilling life. Transform your daily routine with this insightful book.",https://gullahgeecheebiz.com/shop.html,,#GullahGeechee #MindfulLiving #EsBatch014
Release Perfect: Gullah Wisdom,"Struggling with perfectionism? This Gullah Geechee guide offers ancestral wisdom to help you embrace imperfection, find peace, and flourish. Let go of what holds you back.",https://gullahgeecheebiz.com/shop.html,,#GullahGeechee #Perfectionism #SelfCare
Craft Your Gullah Geechee Mission,"Unlock your purpose with Es Batch 016! Learn to create a powerful personal mission statement, rooted in Gullah Geechee wisdom. Define your goals & live authentically. Essential for personal growth & community impact. Grab your copy!",https://gullahgeecheebiz.com/shop.html,,#GullahGeechee #PersonalMission #PurposeDriven
"Grow Your Mind, Gullah Geechee Way",Unlock your potential with 'Es Batch 017 How To Develop A Growth Mindset'! Learn Gullah Geechee wisdom for resilience & personal growth. Cultivate a mindset that empowers you to thrive. Perfect for personal development & cultural learning.,https://gullahgeecheebiz.com/shop.html,,#GrowthMindset #GullahGeechee #PersonalDevelopment
Handle Criticism Like a Pro,"Learn Gullah Geechee wisdom to navigate criticism gracefully. This audiobook empowers you with practical strategies for resilience, self-reflection, and growth. Master the art of responding with peace and strength. #GullahGeechee #PersonalGrowth #CommunicationSkills",https://gullahgeecheebiz.com/shop.html,,#GullahGeecheeWisdom #CriticismGrace #SelfImprovement
Build Stronger Gullah Relationships,"Unlock the secrets to thriving relationships with 'Es Batch 019: How To Build Healthy Relationships.' Learn Gullah Geechee wisdom for connection, family bonds, and communication. Improve your love life and friendships today!",https://gullahgeecheebiz.com/shop.html,,#GullahGeechee #HealthyRelationships #RelationshipGoals
Gullah Wisdom for Inner Peace,"Unlock tranquility with Es Batch 020! Discover ancient Gullah Geechee wisdom & practical steps to find inner peace. Embrace heritage, mindfulness & spiritual growth. Your journey to calm starts here. #GullahGeechee #InnerPeace #Mindfulness",https://gullahgeecheebiz.com/shop.html,,#GullahGeechee #InnerPeace #Mindfulness
"Stop People Pleasing, Gullah Way!","Break free from people-pleasing with Gullah Geechee wisdom! Learn how to set boundaries, prioritize yourself, and live authentically. Discover ancient teachings for modern self-care. Empowerment awaits!",https://gullahgeecheebiz.com/shop.html,,#GullahGeechee #PeoplePleasing #SelfCareTips
Embrace Your Authentic Self!,"Unlock your true potential with ""Es Batch 022: How To Embrace Your Authentic Self."" Discover Gullah Geechee wisdom for self-discovery, confidence, and living authentically. Find your power within!",https://gullahgeecheebiz.com/shop.html,,#GullahGeechee #AuthenticSelf #SelfDiscovery
Navigate Life Changes w/ Gullah Wisdom,Unlock Gullah Geechee insights for navigating life transitions. This empowering book offers practical guidance and cultural wisdom to embrace change and thrive. Discover resilience and purpose.,https://gullahgeecheebiz.com/shop.html,,#GullahGeechee #LifeTransitions #PersonalGrowth
Gullah Geechee Self-Compassion,Unlock inner peace with Es Batch 024! Discover Gullah Geechee wisdom for cultivating self-compassion. Learn practical techniques to nurture your spirit and embrace your journey. Essential reading for personal growth.,https://gullahgeecheebiz.com/shop.html,,#GullahGeechee #SelfCompassion #PersonalGrowth
Gullah Geechee Mental Toughness,"Unlock your inner strength with ""Es Batch 025: How To Build Mental Toughness."" Discover powerful Gullah Geechee wisdom for resilience, grit, and overcoming life's challenges. Learn to thrive with ancestral insights. Perfect for personal growth and empowerment.",https://gullahgeecheebiz.com/shop.html,,#GullahGeechee #MentalToughness #PersonalGrowth
"Dream Big, Manifest Now!",Unlock your vision! Learn how to create a vision board that truly works with Gullah Geechee wisdom. Manifest your dreams & goals. ✨ #GullahGeechee #VisionBoard #ManifestDreams,https://gullahgeecheebiz.com/shop.html,,#GullahGeechee #VisionBoard #Manifestation
Unlock Your Daily Discipline!,"Master daily discipline with this Gullah Geechee guide! Learn powerful techniques for consistency, productivity, and success. Build habits for a better you. #GullahGeechee #DailyDiscipline #SelfImprovement",https://gullahgeecheebiz.com/shop.html,,#GullahGeechee #DailyDiscipline #SelfImprovement
"Beat Failure Fear, Gullah Geechee Way!","Unlock courage with Es Batch 028! Overcome your fear of failure, embrace growth, and achieve your dreams. This Gullah Geechee guide offers wisdom and practical steps for a resilient mindset. #GullahGeecheeWisdom #PersonalGrowth #SuccessMindset",https://gullahgeecheebiz.com/shop.html,,#GullahGeechee #FearOfFailure #MindsetMatters
Gullah Geechee Patience Wisdom,"Unlock ancient Gullah Geechee secrets to cultivating patience. Learn practical techniques from ""Es Batch 029"" for a calmer, more resilient life. Dive into this unique cultural guide. #GullahGeechee #PatienceBook #CulturalWisdom",https://gullahgeecheebiz.com/shop.html,,#GullahGeechee #Patience #CulturalWisdom
Gullah Geechee Intentional Living,"Discover Gullah Geechee wisdom for a purposeful life. This book guides you to live with intention, embracing cultural roots and personal growth. Find your path to mindful living today!",https://gullahgeecheebiz.com/shop.html,,#GullahGeechee #IntentionalLiving #CulturalWisdom
Gullah Hustle: Start Your Side Gig!,Unlock your potential with Gullah Geechee wisdom! Learn how to start a side hustle with practical tips and cultural insights. Your journey to financial freedom begins now. #SideHustle #GullahGeechee #BlackOwnedBusiness,https://gullahgeecheebiz.com/shop.html,,#SideHustleTips #GullahGeecheeCulture #EntrepreneurLife
"Build Your Brand, Gullah Geechee Way!","Unlock the secrets to building a powerful personal brand with Es Batch 032. Learn Gullah Geechee-inspired strategies for authentic growth and impact. Personal branding, entrepreneurship, Gullah Geechee wisdom.",https://gullahgeecheebiz.com/shop.html,,#GullahGeechee #PersonalBranding #BrandBuildingTips
Gullah Biz Plan Success!,"Unlock your entrepreneurial dreams with this Gullah Geechee guide! Learn to create a powerful business plan, identify funding, and launch your venture. Essential for aspiring business owners. Get started today!",https://gullahgeecheebiz.com/shop.html,,#GullahGeechee #BusinessPlan #Entrepreneurship
Gullah Geechee Social Media Mastery!,"Unlock social media success with ""Es Batch 034."" Learn authentic strategies inspired by Gullah Geechee wisdom for powerful online marketing. Grow your brand & connect authentically! #SocialMediaMarketing #GullahGeecheeCulture #DigitalMarketingTips",https://gullahgeecheebiz.com/shop.html,,#SocialMediaMarketing #GullahGeecheeCulture #DigitalMarketingTips
Launch Your Online Course (Gullah),Unlock the secrets to building and launching a successful online course! This Gullah Geechee guide empowers you with practical steps and cultural insights. Learn how to share your knowledge and build a thriving online business. Perfect for educators & entrepreneurs. #GullahGeechee #OnlineCourse #Entrepreneurship,https://gullahgeecheebiz.com/shop.html,,#GullahGeechee #OnlineCourseTips #BlackEntrepreneurs
Win Grants: Gullah Geechee Guide,Unlock grant funding for your Gullah Geechee projects! Learn to craft winning proposals with this essential guide. Maximize your impact and secure resources for your community. Perfect for non-profits and community leaders.,https://gullahgeecheebiz.com/shop.html,,#GullahGeechee #GrantWriting #NonprofitResources
"Grow Your Email List, Geechee Style!","Unlock Gullah Geechee wisdom to build a powerful email list from scratch! Learn how to connect with your audience, share your voice, and grow your business the authentic way. Perfect for entrepreneurs & creators. #EmailMarketingTips #SmallBusinessGrowth",https://gullahgeecheebiz.com/shop.html,,#GullahGeechee #EmailListBuilding #EntrepreneurLife
"Price Right, Gullah Geechee Way!",Unlock fair pricing for your business! Learn Gullah Geechee strategies to value your products & services. Maximize profits and thrive. Essential guide for entrepreneurs.,https://gullahgeecheebiz.com/shop.html,,#GullahGeecheeBusiness #PricingStrategy #SmallBusinessTips
Network Like a Gullah Geechee Pro!,Unlock powerful networking secrets from the Gullah Geechee tradition! 'Es Batch 039 How To Network Like A Pro' offers unique insights for building connections & community. Boost your career & relationships with this essential guide.,https://gullahgeecheebiz.com/shop.html,,#GullahGeechee #NetworkingTips #CareerDevelopment
Master Gullah Business Finances!,"Unlock financial wisdom from the Gullah Geechee community! Learn to manage your small business finances, grow wealth, and thrive. Essential guide for entrepreneurs and anyone interested in Gullah heritage. #BusinessTips #FinancialLiteracy",https://gullahgeecheebiz.com/shop.html,,#GullahGeechee #SmallBusiness #FinancialFreedom
Content Strategy for Your Biz,"Unlock your brand's potential! Learn Gullah Geechee-inspired content strategy secrets from Es Batch 041. Create engaging content plans, reach your audience, and grow your business. Get your guide today!",https://gullahgeecheebiz.com/shop.html,,#ContentStrategy #GullahGeechee #SmallBusinessTips
Build a Website on a Budget!,"Unlock the secrets to creating your own professional website without breaking the bank! This Gullah Geechee guide, 'Es Batch 042', offers actionable tips and tricks for affordable website building. Learn to code, design, and launch your online presence easily. Perfect for small businesses, entrepreneurs, and creatives on a budget.",https://gullahgeecheebiz.com/shop.html,,#WebsiteBudget #GullahGeechee #BuildAWebsite
Speak Like a Gullah Geechee Pro!,"Unlock powerful public speaking skills with Es Batch 043! Master the art of captivating audiences, overcoming stage fright, and delivering impactful messages with authentic Gullah Geechee wisdom. Boost your confidence and leadership today!",https://gullahgeecheebiz.com/shop.html,,#GullahGeechee #PublicSpeaking #CommunicationSkills
Gullah Negotiate: Better Deals!,Unlock Gullah Geechee wisdom for powerful negotiation! 'Es Batch 044' offers unique strategies for better deals in business and life. Learn to advocate for yourself effectively. #GullahGeechee #NegotiationSkills,https://gullahgeecheebiz.com/shop.html,,#GullahGeechee #NegotiationTips #BusinessBooks
Remote Team Success: Gullah Wisdom,"Unlock the secrets to building a thriving remote team with Gullah Geechee principles. Learn effective strategies for communication, collaboration, and cultural integration in your distributed workplace. A must-read for leaders!",https://gullahgeecheebiz.com/shop.html,,#RemoteTeam #GullahGeechee #LeadershipTips
"Scale Your Biz, Gullah Geechee Way!","Unlock growth secrets with ""Es Batch 046: How To Scale Your Small Business."" Discover actionable strategies, rooted in Gullah Geechee wisdom, to expand your venture. Perfect for entrepreneurs seeking sustainable growth and business scalability. #SmallBusinessTips #EntrepreneurLife",https://gullahgeecheebiz.com/shop.html,,#GullahGeecheeBusiness #SmallBizGrowth #BusinessStrategy
Gullah Geechee Marketing Funnels!,Unlock marketing success with Gullah Geechee wisdom! Learn to build effective funnels for your business. Es Batch 047 reveals secrets to attract and convert customers the Gullah way. Dive into cultural insights for modern marketing strategies. Get your copy today!,https://gullahgeecheebiz.com/shop.html,,#GullahGeechee #MarketingFunnel #BusinessStrategy
AI for Business: Gullah Geechee Guide,"Unlock the power of AI for your Gullah Geechee business! Learn practical strategies to integrate artificial intelligence, boost efficiency, and grow your enterprise. This book simplifies AI for every entrepreneur. #GullahGeechee #AIinBusiness #SmallBizAI",https://gullahgeecheebiz.com/shop.html,,#GullahGeechee #AIinBusiness #SmallBizAI
Gullah Loyalty Secrets Revealed!,"Unlock customer loyalty the Gullah Geechee way! This book, Es Batch 049, shares time-tested wisdom for building strong, lasting customer relationships. Discover community-focused strategies for sustainable business growth & customer retention. Essential reading for entrepreneurs!",https://gullahgeecheebiz.com/shop.html,,#GullahGeechee #CustomerLoyalty #BusinessStrategy
Gullah Geechee Time Mastery,"Unlock the secrets to effective time management with this unique Gullah Geechee guide! Boost productivity, reduce stress, and achieve your goals with ancestral wisdom. Essential for entrepreneurs & busy individuals.",https://gullahgeecheebiz.com/shop.html,,#GullahGeechee #TimeManagement #ProductivityTips
"Build a Sales Funnel, Gullah Style!","Unlock the secrets of sales funnel creation with Es Batch 051! This unique Gullah Geechee-inspired guide makes marketing fun & effective. Learn how to attract customers, convert leads, and grow your business today. Perfect for entrepreneurs & small businesses!",https://gullahgeecheebiz.com/shop.html,,#SalesFunnelTips #GullahGeecheeBusiness #MarketingStrategy
Build Powerful Gullah Partnerships!,Unlock strategic partnership secrets with Es Batch 052! Gullah Geechee wisdom for sustainable growth & community building. Learn how to forge lasting collaborations. #GullahGeecheeBusiness #StrategicPartnerships,https://gullahgeecheebiz.com/shop.html,,#GullahGeechee #BusinessStrategy #Partnerships
"Master Email Marketing, Gullah Style!","Unlock email marketing secrets with Es Batch 053! Learn how to craft engaging emails, grow your list, and boost sales. This Gullah Geechee-inspired guide offers unique strategies for small businesses & entrepreneurs. Get your copy now!",https://gullahgeecheebiz.com/shop.html,,#EmailMarketingTips #GullahGeechee #SmallBizMarketing
Gullah Geechee Brand Style Guide,"Unlock your brand's unique identity! Learn to craft a powerful brand style guide with this essential Gullah Geechee-inspired resource. Define your visuals, voice, and values for a cohesive, memorable brand presence. Perfect for entrepreneurs & creatives!",https://gullahgeecheebiz.com/shop.html,,#BrandStyleGuide #GullahGeechee #BrandingTips
Freelance Success: Gullah Geechee Way,"Unlock the secrets to building a thriving freelance career with this insightful Gullah Geechee guide. Learn practical steps, gain valuable tips, and find your entrepreneurial spirit. Perfect for aspiring freelancers and small business owners!",https://gullahgeecheebiz.com/shop.html,,#FreelanceTips #GullahGeechee #EntrepreneurLife
Write Sales Copy: Gullah Geechee Style!,"Unlock the secrets to persuasive sales copy with a unique Gullah Geechee twist! Learn how to write copy that connects, convinces, and converts. Perfect for entrepreneurs, marketers, and small businesses seeking an authentic voice. Boost your sales today!",https://gullahgeecheebiz.com/shop.html,,#GullahGeechee #SalesCopy #MarketingTips
Product Launch Plan for Success!,"Unlock the secrets to a winning product launch with our Gullah Geechee-inspired guide! Master your product launch strategy, elevate your business, and achieve success. Perfect for entrepreneurs & small businesses seeking growth.",https://gullahgeecheebiz.com/shop.html,,#ProductLaunch #BusinessStrategy #GullahGeechee
Build Your Bra Community!,"Unlock the secrets to building a thriving community around your brand! Learn Gullah Geechee strategies for connection, growth, and empowerment. Perfect for small businesses & entrepreneurs. #CommunityBuilding #BrandGrowth #GullahGeechee",https://gullahgeecheebiz.com/shop.html,,#GullahGeechee #CommunityBuilding #BrandStrategy
Master LinkedIn for Gullah Biz,"Unlock LinkedIn's power for your Gullah Geechee business! Learn strategies, grow your network & boost visibility with 'Es Batch 059.' Get vital LinkedIn tips & business growth hacks. #LinkedInForBusiness #GullahGeechee",https://gullahgeecheebiz.com/shop.html,,#GullahGeecheeBusiness #LinkedInMarketing #BusinessGrowth
"Map Your Customer Journey, Gullah Style!",Unlock Gullah Geechee insights to craft powerful customer journey maps! This guide (ES Batch 060) teaches you how to understand your audience and boost engagement. Learn customer journey mapping with a unique cultural twist. Essential for small businesses & marketers!,https://gullahgeecheebiz.com/shop.html,,#CustomerJourney #GullahGeechee #MarketingTips
Gullah Geechee Biz Secrets!,"Unlock the secrets to building a thriving subscription business the Gullah Geechee way! Learn actionable strategies, cultural insights, and proven techniques from Es Batch 061. Perfect for entrepreneurs & business builders.",https://gullahgeecheebiz.com/shop.html,,#GullahGeechee #SubscriptionBusiness #Entrepreneurship
Grow Your Biz: Referral Program!,"Unlock growth for your Gullah Geechee business! Learn how to create an effective referral program with 'Es Batch 062.' Boost sales, build community, and thrive. Gullah Geechee business owners, this is for you!",https://gullahgeecheebiz.com/shop.html,,#GullahGeechee #ReferralProgram #BusinessGrowth
Master Business Storytelling Now!,"Unlock the secrets of Gullah Geechee storytelling for your business! Learn to captivate audiences, build connections, and boost your brand with authentic narratives. This book, 'Es Batch 063,' reveals powerful techniques to master business storytelling. Grow your business through compelling stories!",https://gullahgeecheebiz.com/shop.html,,#BusinessStorytelling #GullahGeechee #BrandGrowth
Build Your Digital Product Empire Now!,"Unlock the secrets to a thriving digital product business! Learn how to create, market, and scale your online offerings with Es Batch 064. Gullah Geechee wisdom meets modern entrepreneurship. Perfect for aspiring digital entrepreneurs & creative business owners.",https://gullahgeecheebiz.com/shop.html,,#DigitalProducts #GullahGeechee #Entrepreneurship
Gullah Geechee Exit Strategy Guide,Unlock your business's future! Learn how to create a powerful exit strategy with this Gullah Geechee-inspired guide. Secure your legacy & maximize value. Essential for entrepreneurs & small business owners. #BusinessGrowth #LegacyBuilding,https://gullahgeecheebiz.com/shop.html,,#GullahGeecheeBusiness #ExitStrategy #SmallBizSuccess
Perfect Gullah Red Rice: My Way!,"Unlock the secrets to authentic Gullah Red Rice with this easy guide! Learn traditional techniques for flavorful, fluffy results. A must-have for Gullah Geechee cuisine lovers & home cooks. 🍚😋 #GullahGeechee #RedRice",https://gullahgeecheebiz.com/shop.html,,#GullahGeechee #RedRiceRecipe #SouthernCooking
Gullah Cornbread: From Scratch!,"Unlock the secrets to authentic Southern cornbread! This Gullah Geechee recipe is easy, delicious, and brings tradition to your table. Learn how to make it from scratch with simple ingredients.",https://gullahgeecheebiz.com/shop.html,,#GullahGeechee #SouthernCornbread #HomemadeBread
"Fry Flawless Fish, Gullah Geechee Style!","Unlock the secrets to crispy, flavorful fried fish with our new Gullah Geechee cookbook! ""Es Batch 068 How To Fry The Perfect Fish"" shares authentic recipes, tips, and traditions for a taste of the Lowcountry. Perfect your frying technique today!",https://gullahgeecheebiz.com/shop.html,,#GullahGeecheeCuisine #FriedFishRecipe #LowcountryCooking
Gullah Shrimp & Grits: My Secret!,"Unlock the authentic taste of the Gullah Geechee Lowcountry! This book reveals traditional techniques for perfect shrimp and grits. Learn classic recipes, history & more. #GullahGeechee #ShrimpAndGrits #LowcountryCooking",https://gullahgeecheebiz.com/shop.html,,#GullahGeechee #ShrimpAndGrits #LowcountryFood
Gullah Sweet Potato Pie Recipe!,"Unlock the secrets to a perfect, authentic Gullah Geechee sweet potato pie with this cookbook! Delicious, traditional Southern baking awaits. Learn to bake pie like Grandma!",https://gullahgeecheebiz.com/shop.html,,#GullahGeechee #SweetPotatoPie #SouthernBaking
Gullah Hoppin' John for New Year's,Learn the authentic Gullah Geechee way to make traditional Hoppin' John! This easy recipe brings good luck and flavor to your New Year's feast. Discover the rich history and taste of Southern heritage food. Perfect for New Year's dinner!,https://gullahgeecheebiz.com/shop.html,,#HoppinJohnRecipe #GullahGeecheeFood #NewYearsFood
Gullah Collard Greens: The Real Deal,"Unlock the secrets to perfectly cooked, flavorful collard greens with this authentic Gullah Geechee recipe. Learn traditional techniques for tender, delicious greens every time! Southern comfort food at its best.",https://gullahgeecheebiz.com/shop.html,,#GullahGeechee #CollardGreens #SouthernCooking
Gullah Geechee Benne Wafers!,"Unlock the secrets of traditional Gullah Geechee cooking! Learn to make authentic, crispy Benne Wafers with this easy-to-follow guide. A taste of Lowcountry history in every bite. #GullahGeecheeCuisine",https://gullahgeecheebiz.com/shop.html,,#BenneWafers #GullahGeechee #SouthernRecipes
Gullah Geechee Okra & Tomatoes!,"Unlock authentic Gullah Geechee flavors with this easy guide! Learn to prepare delicious okra and tomatoes the traditional way. Soul food, cooking, heritage, recipes. #GullahGeechee #OkraRecipes #SouthernCooking",https://gullahgeecheebiz.com/shop.html,,#GullahGeechee #OkraRecipes #SouthernCooking
Gullah Tea Cakes: Easy Recipe!,"Unlock the secrets of Gullah Geechee baking! Learn to make traditional, delicious tea cakes with this easy-to-follow recipe from Es Batch 075. Perfect for sweet treats & cultural exploration. #GullahGeechee #SouthernDessert",https://gullahgeecheebiz.com/shop.html,,#GullahGeechee #TeaCakes #SouthernBaking
Gullah Lowcountry Boil Recipe!,"Unlock the secrets of authentic Gullah Geechee Lowcountry Boil! This book, Es Batch 076, shares traditional recipes and cooking tips for a delicious seafood feast. Learn how to cook like a true Geechee. #LowcountryBoil #GullahGeechee",https://gullahgeecheebiz.com/shop.html,,#GullahGeecheeFood #LowcountryCooking #SeafoodBoil
Pickled Shrimp: Gullah Geechee Recipe,"Unlock the authentic taste of the Lowcountry with Es Batch 077! Learn how to make traditional Gullah Geechee pickled shrimp. A flavorful, easy recipe perfect for appetizers or snacks. Get your copy today and savor coastal flavors!",https://gullahgeecheebiz.com/shop.html,,#GullahGeechee #PickledShrimp #LowcountryCuisine
Gullah Buttermilk Cornbread Magic,"Unlock the secrets of Gullah Geechee cooking with this authentic buttermilk cornbread recipe! Delicious, easy, and steeped in tradition. Perfect for any meal.",https://gullahgeecheebiz.com/shop.html,,#GullahGeechee #CornbreadRecipe #SouthernCooking
Gullah Boiled Peanut Magic!,"Unlock the secrets to authentic, savory Gullah Geechee boiled peanuts! This book, Es Batch 079, shares traditional recipes and techniques for the perfect Southern snack. Dive into culinary heritage today! #GullahGeechee #SouthernCooking",https://gullahgeecheebiz.com/shop.html,,#BoiledPeanuts #GullahGeechee #SouthernRecipes
Gullah Cabbage: Soul Food Secret!,"Unlock the authentic taste of the Gullah Geechee Lowcountry with this delicious cabbage recipe! Learn to cook vibrant, flavorful Gullah cabbage. Perfect for any meal! #GullahGeechee",https://gullahgeecheebiz.com/shop.html,,#GullahCabbage #SoulFoodRecipes #GullahGeechee
Gullah Geechee Mac & Cheese!,"Unlock the secrets of authentic Southern mac and cheese with this Gullah Geechee cookbook! Learn traditional recipes, explore Gullah culture, and master a family favorite. Perfect for home cooks and foodies. #SoulFood #ComfortFood",https://gullahgeecheebiz.com/shop.html,,#GullahGeechee #SouthernCooking #MacAndCheese
Gullah Chicken Soup: Easy Recipe!,Unlock the secrets of authentic Gullah Geechee cooking! Learn how to make a delicious and soulful Gullah Chicken Soup with this easy-to-follow guide. Perfect for comforting meals. #GullahGeechee #SouthernCooking,https://gullahgeecheebiz.com/shop.html,,#GullahGeechee #ChickenSoup #SoulFood
Gullah Geechee Rice Pudding Secret!,Unlock the authentic flavor of Gullah Geechee rice pudding with 'Es Batch 083'. This cookbook brings traditional recipes and culinary heritage to your kitchen. Learn how to make the perfect creamy dessert!,https://gullahgeecheebiz.com/shop.html,,#GullahGeechee #RicePuddingRecipe #SouthernCooking
Gullah Pork Chops: Es Batch 084,Unlock the secrets to mouthwatering Gullah Geechee pork chops! This easy recipe from Es Batch 084 brings authentic Lowcountry flavor to your kitchen. Learn to cook like a true Gullah chef!,https://gullahgeecheebiz.com/shop.html,,#GullahGeechee #PorkChopsRecipe #SouthernCooking
Gullah Sweetgrass Lemonade Secret!,"Unlock the Gullah Geechee secret to delicious Sweetgrass Lemonade! Learn traditional techniques for this refreshing drink. Southern charm, unique flavor, and cultural heritage in every sip. Grab your copy!",https://gullahgeecheebiz.com/shop.html,,#GullahGeechee #SweetgrassLemonade #SouthernRecipes
Gullah Potato Salad Secrets Revealed!,"Unlock the authentic flavors of Gullah Geechee cooking! Learn to make traditional potato salad with this easy, delicious recipe. Perfect for your next potluck or family meal. #GullahRecipe #SouthernFood",https://gullahgeecheebiz.com/shop.html,,#GullahGeechee #PotatoSaladRecipe #SouthernCooking
Gullah Geechee Benne Chicken Magic!,"Unlock the secrets of Gullah Geechee cooking with this authentic Benne Chicken recipe! Learn traditional flavors & techniques. Perfect for Southern food lovers. Easy to follow, delicious results. #GullahGeechee",https://gullahgeecheebiz.com/shop.html,,#GullahGeecheeFood #BenneChickenRecipe #SouthernCooking
Gullah Breakfast Secrets Revealed!,"Unlock the flavors of Gullah Geechee cuisine! Learn to make traditional, delicious Gullah breakfast dishes with Es Batch 088. Heirloom recipes, soulful cooking, and a taste of history. Perfect for home cooks & food lovers. #GullahGeechee #SoulFood #SouthernCooking",https://gullahgeecheebiz.com/shop.html,,#GullahGeechee #SouthernCooking #BreakfastRecipes
Gullah Geechee Veggie Preserves!,"Unlock Gullah Geechee secrets to preserving summer vegetables! Learn traditional methods for canning, pickling & more. Essential guide for seasonal eating & food preservation. #GullahGeechee #FoodPreservation #HeirloomRecipes",https://gullahgeecheebiz.com/shop.html,,#GullahGeechee #FoodPreservation #SummerVeggies
"Master Cast Iron, Gullah Geechee Way!","Unlock the secrets of Gullah Geechee cooking with cast iron! This book teaches you essential techniques, delicious recipes, and heritage flavors. Perfect for home cooks and food lovers. Learn cast iron care, seasoning, and traditional dishes.",https://gullahgeecheebiz.com/shop.html,,#GullahGeechee #CastIronCooking #SouthernCooking
Gullah Geechee Manifest History,"Unlock the rich tapestry of Gullah Geechee culture with 'Ggb Manifest 09611E9'. Explore history, traditions, and resilience. A must-read for cultural enthusiasts and history buffs. Dive into heritage today!",https://gullahgeecheebiz.com/shop.html,,#GullahGeechee #CulturalHeritage #HistoryBook
Gullah Geechee Manifest: Unearth History,"Unlock the rich history and vibrant culture of the Gullah Geechee people with this captivating book. Explore heritage, traditions, and resilience. Essential reading for history buffs and cultural enthusiasts. Discover the unique legacy!",https://gullahgeecheebiz.com/shop.html,,#GullahGeechee #AfricanAmericanHistory #CulturalHeritage
Unlock Gullah Geechee Secrets!,"Dive deep into Gullah Geechee culture with 'Ggb Manifest 0D3E740'! Discover history, traditions, and resilience. Essential reading for cultural enthusiasts and those interested in Black history, folklore, and heritage.",https://gullahgeecheebiz.com/shop.html,,#GullahGeechee #BlackHistory #CulturalHeritage
