Title,Subtitle,Author,Description,Language,ISBN,GGKEY,Publisher,Publication Date,Categories,Keywords,Price,Currency,DRM,Distribution Territory,File Name
Book and-move,,Darryl Elliott Brown,Book and-move — Gullah Geechee Biz publication.,en,,and-move-on,Gullah Geechee Biz,2026-08-30,Books > Self-Help > General,"Gullah Geechee,African American,Culture",3.99,USD,false,WORLD,and-move-on.epub
Book build-fa,,Darryl Elliott Brown,Book build-fa — Gullah Geechee Biz publication.,en,,build-faith,Gullah Geechee Biz,2026-08-30,Books > Self-Help > General,"Gullah Geechee,African American,Culture",3.99,USD,false,WORLD,build-faith.epub
Book effectiv,,Darryl Elliott Brown,Book effectiv — Gullah Geechee Biz publication.,en,,effectively,Gullah Geechee Biz,2026-08-30,Books > Self-Help > General,"Gullah Geechee,African American,Culture",3.99,USD,false,WORLD,effectively.epub
Book imaginat,,Darryl Elliott Brown,Book imaginat — Gullah Geechee Biz publication.,en,,imagination,Gullah Geechee Biz,2026-08-30,Books > Self-Help > General,"Gullah Geechee,African American,Culture",3.99,USD,false,WORLD,imagination.epub
Book inner-pe,,Darryl Elliott Brown,Book inner-pe — Gullah Geechee Biz publication.,en,,inner-peace,Gullah Geechee Biz,2026-08-30,Books > Self-Help > General,"Gullah Geechee,African American,Culture",3.99,USD,false,WORLD,inner-peace.epub
Book journey-,,Darryl Elliott Brown,Book journey- — Gullah Geechee Biz publication.,en,,journey-map,Gullah Geechee Biz,2026-08-30,Books > Self-Help > General,"Gullah Geechee,African American,Culture",3.99,USD,false,WORLD,journey-map.epub
Book launch-p,,Darryl Elliott Brown,Book launch-p — Gullah Geechee Biz publication.,en,,launch-plan,Gullah Geechee Biz,2026-08-30,Books > Self-Help > General,"Gullah Geechee,African American,Culture",3.99,USD,false,WORLD,launch-plan.epub
Book on-a-bud,,Darryl Elliott Brown,Book on-a-bud — Gullah Geechee Biz publication.,en,,on-a-budget,Gullah Geechee Biz,2026-08-30,Books > Self-Help > General,"Gullah Geechee,African American,Culture",3.99,USD,false,WORLD,on-a-budget.epub
Book or-servi,,Darryl Elliott Brown,Book or-servi — Gullah Geechee Biz publication.,en,,or-services,Gullah Geechee Biz,2026-08-30,Books > Self-Help > General,"Gullah Geechee,African American,Culture",3.99,USD,false,WORLD,or-services.epub
Book remote-t,,Darryl Elliott Brown,Book remote-t — Gullah Geechee Biz publication.,en,,remote-team,Gullah Geechee Biz,2026-08-30,Books > Self-Help > General,"Gullah Geechee,African American,Culture",3.99,USD,false,WORLD,remote-team.epub
Book side-dis,,Darryl Elliott Brown,Book side-dis — Gullah Geechee Biz publication.,en,,side-dishes,Gullah Geechee Biz,2026-08-30,Books > Self-Help > General,"Gullah Geechee,African American,Culture",3.99,USD,false,WORLD,side-dishes.epub
Book side-hus,,Darryl Elliott Brown,Book side-hus — Gullah Geechee Biz publication.,en,,side-hustle,Gullah Geechee Biz,2026-08-30,Books > Self-Help > General,"Gullah Geechee,African American,Culture",3.99,USD,false,WORLD,side-hustle.epub
Book stories-,,Darryl Elliott Brown,Book stories- — Gullah Geechee Biz publication.,en,,stories-008,Gullah Geechee Biz,2026-08-30,Books > Self-Help > General,"Gullah Geechee,African American,Culture",3.99,USD,false,WORLD,stories-008.epub
Book style-gu,,Darryl Elliott Brown,Book style-gu — Gullah Geechee Biz publication.,en,,style-guide,Gullah Geechee Biz,2026-08-30,Books > Self-Help > General,"Gullah Geechee,African American,Culture",3.99,USD,false,WORLD,style-guide.epub
Book to-yearn,,Darryl Elliott Brown,Book to-yearn — Gullah Geechee Biz publication.,en,,to-yearning,Gullah Geechee Biz,2026-08-30,Books > Self-Help > General,"Gullah Geechee,African American,Culture",3.99,USD,false,WORLD,to-yearning.epub
Book tough-ti,,Darryl Elliott Brown,Book tough-ti — Gullah Geechee Biz publication.,en,,tough-times,Gullah Geechee Biz,2026-08-30,Books > Self-Help > General,"Gullah Geechee,African American,Culture",3.99,USD,false,WORLD,tough-times.epub
Book transiti,,Darryl Elliott Brown,Book transiti — Gullah Geechee Biz publication.,en,,transitions,Gullah Geechee Biz,2026-08-30,Books > Self-Help > General,"Gullah Geechee,African American,Culture",3.99,USD,false,WORLD,transitions.epub
Book 010e09e3,,Darryl Elliott Brown,Book 010e09e3 — Gullah Geechee Biz publication.,en,,010e09e3b112,Gullah Geechee Biz,2026-08-30,Books > Self-Help > General,"Gullah Geechee,African American,Culture",3.99,USD,false,WORLD,010e09e3b112.epub
Book 02168815,,Darryl Elliott Brown,Book 02168815 — Gullah Geechee Biz publication.,en,,02168815e65f,Gullah Geechee Biz,2026-08-30,Books > Self-Help > General,"Gullah Geechee,African American,Culture",3.99,USD,false,WORLD,02168815e65f.epub
Book 0234650c,,Darryl Elliott Brown,Book 0234650c — Gullah Geechee Biz publication.,en,,0234650cb86f,Gullah Geechee Biz,2026-08-30,Books > Self-Help > General,"Gullah Geechee,African American,Culture",3.99,USD,false,WORLD,0234650cb86f.epub
Book 025fa464,,Darryl Elliott Brown,Book 025fa464 — Gullah Geechee Biz publication.,en,,025fa46487bf,Gullah Geechee Biz,2026-08-30,Books > Self-Help > General,"Gullah Geechee,African American,Culture",3.99,USD,false,WORLD,025fa46487bf.epub
Book 029eeee4,,Darryl Elliott Brown,Book 029eeee4 — Gullah Geechee Biz publication.,en,,029eeee4a78d,Gullah Geechee Biz,2026-08-30,Books > Self-Help > General,"Gullah Geechee,African American,Culture",3.99,USD,false,WORLD,029eeee4a78d.epub
Book 03105aeb,,Darryl Elliott Brown,Book 03105aeb — Gullah Geechee Biz publication.,en,,03105aeb40f7,Gullah Geechee Biz,2026-08-30,Books > Self-Help > General,"Gullah Geechee,African American,Culture",3.99,USD,false,WORLD,03105aeb40f7.epub
Book 03822b1f,,Darryl Elliott Brown,Book 03822b1f — Gullah Geechee Biz publication.,en,,03822b1f5f42,Gullah Geechee Biz,2026-08-30,Books > Self-Help > General,"Gullah Geechee,African American,Culture",3.99,USD,false,WORLD,03822b1f5f42.epub
Book 03a1cf76,,Darryl Elliott Brown,Book 03a1cf76 — Gullah Geechee Biz publication.,en,,03a1cf76b1d5,Gullah Geechee Biz,2026-08-30,Books > Self-Help > General,"Gullah Geechee,African American,Culture",3.99,USD,false,WORLD,03a1cf76b1d5.epub
Book 0427d5b3,,Darryl Elliott Brown,Book 0427d5b3 — Gullah Geechee Biz publication.,en,,0427d5b3303e,Gullah Geechee Biz,2026-08-30,Books > Self-Help > General,"Gullah Geechee,African American,Culture",3.99,USD,false,WORLD,0427d5b3303e.epub
Book 04368b5b,,Darryl Elliott Brown,Book 04368b5b — Gullah Geechee Biz publication.,en,,04368b5b001f,Gullah Geechee Biz,2026-08-30,Books > Self-Help > General,"Gullah Geechee,African American,Culture",3.99,USD,false,WORLD,04368b5b001f.epub
Book 09c9e8a6,,Darryl Elliott Brown,Book 09c9e8a6 — Gullah Geechee Biz publication.,en,,09c9e8a62372,Gullah Geechee Biz,2026-08-30,Books > Self-Help > General,"Gullah Geechee,African American,Culture",3.99,USD,false,WORLD,09c9e8a62372.epub
Book 0bfdfa65,,Darryl Elliott Brown,Book 0bfdfa65 — Gullah Geechee Biz publication.,en,,0bfdfa651fdf,Gullah Geechee Biz,2026-08-30,Books > Self-Help > General,"Gullah Geechee,African American,Culture",3.99,USD,false,WORLD,0bfdfa651fdf.epub
Book 0d5deefa,,Darryl Elliott Brown,Book 0d5deefa — Gullah Geechee Biz publication.,en,,0d5deefabd55,Gullah Geechee Biz,2026-08-30,Books > Self-Help > General,"Gullah Geechee,African American,Culture",3.99,USD,false,WORLD,0d5deefabd55.epub
Book 0d7292eb,,Darryl Elliott Brown,Book 0d7292eb — Gullah Geechee Biz publication.,en,,0d7292eb8c1f,Gullah Geechee Biz,2026-08-30,Books > Self-Help > General,"Gullah Geechee,African American,Culture",3.99,USD,false,WORLD,0d7292eb8c1f.epub
Book 0d8e27b1,,Darryl Elliott Brown,Book 0d8e27b1 — Gullah Geechee Biz publication.,en,,0d8e27b1f9a0,Gullah Geechee Biz,2026-08-30,Books > Self-Help > General,"Gullah Geechee,African American,Culture",3.99,USD,false,WORLD,0d8e27b1f9a0.epub
Book 0e46d262,,Darryl Elliott Brown,Book 0e46d262 — Gullah Geechee Biz publication.,en,,0e46d262c4ca,Gullah Geechee Biz,2026-08-30,Books > Self-Help > General,"Gullah Geechee,African American,Culture",3.99,USD,false,WORLD,0e46d262c4ca.epub
Book 11efea16,,Darryl Elliott Brown,Book 11efea16 — Gullah Geechee Biz publication.,en,,11efea168766,Gullah Geechee Biz,2026-08-30,Books > Self-Help > General,"Gullah Geechee,African American,Culture",3.99,USD,false,WORLD,11efea168766.epub
Book 12b80c64,,Darryl Elliott Brown,Book 12b80c64 — Gullah Geechee Biz publication.,en,,12b80c645015,Gullah Geechee Biz,2026-08-30,Books > Self-Help > General,"Gullah Geechee,African American,Culture",3.99,USD,false,WORLD,12b80c645015.epub
Book 17517640,,Darryl Elliott Brown,Book 17517640 — Gullah Geechee Biz publication.,en,,175176403933,Gullah Geechee Biz,2026-08-30,Books > Self-Help > General,"Gullah Geechee,African American,Culture",3.99,USD,false,WORLD,175176403933.epub
Book 1777d667,,Darryl Elliott Brown,Book 1777d667 — Gullah Geechee Biz publication.,en,,1777d6678b64,Gullah Geechee Biz,2026-08-30,Books > Self-Help > General,"Gullah Geechee,African American,Culture",3.99,USD,false,WORLD,1777d6678b64.epub
Book 180425ab,,Darryl Elliott Brown,Book 180425ab — Gullah Geechee Biz publication.,en,,180425ab4530,Gullah Geechee Biz,2026-08-30,Books > Self-Help > General,"Gullah Geechee,African American,Culture",3.99,USD,false,WORLD,180425ab4530.epub
Book 185d12b7,,Darryl Elliott Brown,Book 185d12b7 — Gullah Geechee Biz publication.,en,,185d12b79d14,Gullah Geechee Biz,2026-08-30,Books > Self-Help > General,"Gullah Geechee,African American,Culture",3.99,USD,false,WORLD,185d12b79d14.epub
Book 197c8c6c,,Darryl Elliott Brown,Book 197c8c6c — Gullah Geechee Biz publication.,en,,197c8c6cbdde,Gullah Geechee Biz,2026-08-30,Books > Self-Help > General,"Gullah Geechee,African American,Culture",3.99,USD,false,WORLD,197c8c6cbdde.epub
Book 1bad99d0,,Darryl Elliott Brown,Book 1bad99d0 — Gullah Geechee Biz publication.,en,,1bad99d0d821,Gullah Geechee Biz,2026-08-30,Books > Self-Help > General,"Gullah Geechee,African American,Culture",3.99,USD,false,WORLD,1bad99d0d821.epub
Book 1cc327ac,,Darryl Elliott Brown,Book 1cc327ac — Gullah Geechee Biz publication.,en,,1cc327ac653a,Gullah Geechee Biz,2026-08-30,Books > Self-Help > General,"Gullah Geechee,African American,Culture",3.99,USD,false,WORLD,1cc327ac653a.epub
Book 1d98ecd5,,Darryl Elliott Brown,Book 1d98ecd5 — Gullah Geechee Biz publication.,en,,1d98ecd53d28,Gullah Geechee Biz,2026-08-30,Books > Self-Help > General,"Gullah Geechee,African American,Culture",3.99,USD,false,WORLD,1d98ecd53d28.epub
Book 1e0584c4,,Darryl Elliott Brown,Book 1e0584c4 — Gullah Geechee Biz publication.,en,,1e0584c46878,Gullah Geechee Biz,2026-08-30,Books > Self-Help > General,"Gullah Geechee,African American,Culture",3.99,USD,false,WORLD,1e0584c46878.epub
Book 1e812b9e,,Darryl Elliott Brown,Book 1e812b9e — Gullah Geechee Biz publication.,en,,1e812b9e5caf,Gullah Geechee Biz,2026-08-30,Books > Self-Help > General,"Gullah Geechee,African American,Culture",3.99,USD,false,WORLD,1e812b9e5caf.epub
Book 1ee60932,,Darryl Elliott Brown,Book 1ee60932 — Gullah Geechee Biz publication.,en,,1ee609321333,Gullah Geechee Biz,2026-08-30,Books > Self-Help > General,"Gullah Geechee,African American,Culture",3.99,USD,false,WORLD,1ee609321333.epub
Book 1ef2e49a,,Darryl Elliott Brown,Book 1ef2e49a — Gullah Geechee Biz publication.,en,,1ef2e49aa467,Gullah Geechee Biz,2026-08-30,Books > Self-Help > General,"Gullah Geechee,African American,Culture",3.99,USD,false,WORLD,1ef2e49aa467.epub
Book 20252d0b,,Darryl Elliott Brown,Book 20252d0b — Gullah Geechee Biz publication.,en,,20252d0b60eb,Gullah Geechee Biz,2026-08-30,Books > Self-Help > General,"Gullah Geechee,African American,Culture",3.99,USD,false,WORLD,20252d0b60eb.epub
Book 211028fe,,Darryl Elliott Brown,Book 211028fe — Gullah Geechee Biz publication.,en,,211028fec40b,Gullah Geechee Biz,2026-08-30,Books > Self-Help > General,"Gullah Geechee,African American,Culture",3.99,USD,false,WORLD,211028fec40b.epub
Book 21ad6961,,Darryl Elliott Brown,Book 21ad6961 — Gullah Geechee Biz publication.,en,,21ad69616ef3,Gullah Geechee Biz,2026-08-30,Books > Self-Help > General,"Gullah Geechee,African American,Culture",3.99,USD,false,WORLD,21ad69616ef3.epub
Book 22a0753e,,Darryl Elliott Brown,Book 22a0753e — Gullah Geechee Biz publication.,en,,22a0753e8bfa,Gullah Geechee Biz,2026-08-30,Books > Self-Help > General,"Gullah Geechee,African American,Culture",3.99,USD,false,WORLD,22a0753e8bfa.epub
Book 22ae75d0,,Darryl Elliott Brown,Book 22ae75d0 — Gullah Geechee Biz publication.,en,,22ae75d0f96a,Gullah Geechee Biz,2026-08-30,Books > Self-Help > General,"Gullah Geechee,African American,Culture",3.99,USD,false,WORLD,22ae75d0f96a.epub
Book 23cf2b0f,,Darryl Elliott Brown,Book 23cf2b0f — Gullah Geechee Biz publication.,en,,23cf2b0f6d8e,Gullah Geechee Biz,2026-08-30,Books > Self-Help > General,"Gullah Geechee,African American,Culture",3.99,USD,false,WORLD,23cf2b0f6d8e.epub
Book 23d07448,,Darryl Elliott Brown,Book 23d07448 — Gullah Geechee Biz publication.,en,,23d074486bc1,Gullah Geechee Biz,2026-08-30,Books > Self-Help > General,"Gullah Geechee,African American,Culture",3.99,USD,false,WORLD,23d074486bc1.epub
Book 23f2c1c1,,Darryl Elliott Brown,Book 23f2c1c1 — Gullah Geechee Biz publication.,en,,23f2c1c1086f,Gullah Geechee Biz,2026-08-30,Books > Self-Help > General,"Gullah Geechee,African American,Culture",3.99,USD,false,WORLD,23f2c1c1086f.epub
Book 25101a37,,Darryl Elliott Brown,Book 25101a37 — Gullah Geechee Biz publication.,en,,25101a37f8c0,Gullah Geechee Biz,2026-08-30,Books > Self-Help > General,"Gullah Geechee,African American,Culture",3.99,USD,false,WORLD,25101a37f8c0.epub
Book 25975c5c,,Darryl Elliott Brown,Book 25975c5c — Gullah Geechee Biz publication.,en,,25975c5c68c0,Gullah Geechee Biz,2026-08-30,Books > Self-Help > General,"Gullah Geechee,African American,Culture",3.99,USD,false,WORLD,25975c5c68c0.epub
Book 25bc8749,,Darryl Elliott Brown,Book 25bc8749 — Gullah Geechee Biz publication.,en,,25bc87492228,Gullah Geechee Biz,2026-08-30,Books > Self-Help > General,"Gullah Geechee,African American,Culture",3.99,USD,false,WORLD,25bc87492228.epub
Book 269d0aac,,Darryl Elliott Brown,Book 269d0aac — Gullah Geechee Biz publication.,en,,269d0aacb0e4,Gullah Geechee Biz,2026-08-30,Books > Self-Help > General,"Gullah Geechee,African American,Culture",3.99,USD,false,WORLD,269d0aacb0e4.epub
Book 28604a15,,Darryl Elliott Brown,Book 28604a15 — Gullah Geechee Biz publication.,en,,28604a1577e6,Gullah Geechee Biz,2026-08-30,Books > Self-Help > General,"Gullah Geechee,African American,Culture",3.99,USD,false,WORLD,28604a1577e6.epub
Book 2966bdc6,,Darryl Elliott Brown,Book 2966bdc6 — Gullah Geechee Biz publication.,en,,2966bdc6f325,Gullah Geechee Biz,2026-08-30,Books > Self-Help > General,"Gullah Geechee,African American,Culture",3.99,USD,false,WORLD,2966bdc6f325.epub
Book 2a2de252,,Darryl Elliott Brown,Book 2a2de252 — Gullah Geechee Biz publication.,en,,2a2de252b4bc,Gullah Geechee Biz,2026-08-30,Books > Self-Help > General,"Gullah Geechee,African American,Culture",3.99,USD,false,WORLD,2a2de252b4bc.epub
Book 2a2f28ae,,Darryl Elliott Brown,Book 2a2f28ae — Gullah Geechee Biz publication.,en,,2a2f28aebfe7,Gullah Geechee Biz,2026-08-30,Books > Self-Help > General,"Gullah Geechee,African American,Culture",3.99,USD,false,WORLD,2a2f28aebfe7.epub
Book 2b312503,,Darryl Elliott Brown,Book 2b312503 — Gullah Geechee Biz publication.,en,,2b3125039e26,Gullah Geechee Biz,2026-08-30,Books > Self-Help > General,"Gullah Geechee,African American,Culture",3.99,USD,false,WORLD,2b3125039e26.epub
Book 2bce2bb9,,Darryl Elliott Brown,Book 2bce2bb9 — Gullah Geechee Biz publication.,en,,2bce2bb9fa50,Gullah Geechee Biz,2026-08-30,Books > Self-Help > General,"Gullah Geechee,African American,Culture",3.99,USD,false,WORLD,2bce2bb9fa50.epub
Book 2be5743f,,Darryl Elliott Brown,Book 2be5743f — Gullah Geechee Biz publication.,en,,2be5743f20c7,Gullah Geechee Biz,2026-08-30,Books > Self-Help > General,"Gullah Geechee,African American,Culture",3.99,USD,false,WORLD,2be5743f20c7.epub
Book 2c116a81,,Darryl Elliott Brown,Book 2c116a81 — Gullah Geechee Biz publication.,en,,2c116a81ce20,Gullah Geechee Biz,2026-08-30,Books > Self-Help > General,"Gullah Geechee,African American,Culture",3.99,USD,false,WORLD,2c116a81ce20.epub
Book 2c6254da,,Darryl Elliott Brown,Book 2c6254da — Gullah Geechee Biz publication.,en,,2c6254dab413,Gullah Geechee Biz,2026-08-30,Books > Self-Help > General,"Gullah Geechee,African American,Culture",3.99,USD,false,WORLD,2c6254dab413.epub
Book 2dfeefe6,,Darryl Elliott Brown,Book 2dfeefe6 — Gullah Geechee Biz publication.,en,,2dfeefe673c6,Gullah Geechee Biz,2026-08-30,Books > Self-Help > General,"Gullah Geechee,African American,Culture",3.99,USD,false,WORLD,2dfeefe673c6.epub
Book 2e2f14e9,,Darryl Elliott Brown,Book 2e2f14e9 — Gullah Geechee Biz publication.,en,,2e2f14e90aee,Gullah Geechee Biz,2026-08-30,Books > Self-Help > General,"Gullah Geechee,African American,Culture",3.99,USD,false,WORLD,2e2f14e90aee.epub
Book 2e8b441a,,Darryl Elliott Brown,Book 2e8b441a — Gullah Geechee Biz publication.,en,,2e8b441ae3b9,Gullah Geechee Biz,2026-08-30,Books > Self-Help > General,"Gullah Geechee,African American,Culture",3.99,USD,false,WORLD,2e8b441ae3b9.epub
Book 2f5563ac,,Darryl Elliott Brown,Book 2f5563ac — Gullah Geechee Biz publication.,en,,2f5563acba84,Gullah Geechee Biz,2026-08-30,Books > Self-Help > General,"Gullah Geechee,African American,Culture",3.99,USD,false,WORLD,2f5563acba84.epub
Book 2f5a8871,,Darryl Elliott Brown,Book 2f5a8871 — Gullah Geechee Biz publication.,en,,2f5a8871a757,Gullah Geechee Biz,2026-08-30,Books > Self-Help > General,"Gullah Geechee,African American,Culture",3.99,USD,false,WORLD,2f5a8871a757.epub
Book 2f87833f,,Darryl Elliott Brown,Book 2f87833f — Gullah Geechee Biz publication.,en,,2f87833fe92e,Gullah Geechee Biz,2026-08-30,Books > Self-Help > General,"Gullah Geechee,African American,Culture",3.99,USD,false,WORLD,2f87833fe92e.epub
Book 307cd54b,,Darryl Elliott Brown,Book 307cd54b — Gullah Geechee Biz publication.,en,,307cd54b9a87,Gullah Geechee Biz,2026-08-30,Books > Self-Help > General,"Gullah Geechee,African American,Culture",3.99,USD,false,WORLD,307cd54b9a87.epub
Book 311f4f2f,,Darryl Elliott Brown,Book 311f4f2f — Gullah Geechee Biz publication.,en,,311f4f2f0b81,Gullah Geechee Biz,2026-08-30,Books > Self-Help > General,"Gullah Geechee,African American,Culture",3.99,USD,false,WORLD,311f4f2f0b81.epub
Book 315a8af2,,Darryl Elliott Brown,Book 315a8af2 — Gullah Geechee Biz publication.,en,,315a8af273d3,Gullah Geechee Biz,2026-08-30,Books > Self-Help > General,"Gullah Geechee,African American,Culture",3.99,USD,false,WORLD,315a8af273d3.epub
Book 33a10938,,Darryl Elliott Brown,Book 33a10938 — Gullah Geechee Biz publication.,en,,33a109386803,Gullah Geechee Biz,2026-08-30,Books > Self-Help > General,"Gullah Geechee,African American,Culture",3.99,USD,false,WORLD,33a109386803.epub
Book 36b9ede4,,Darryl Elliott Brown,Book 36b9ede4 — Gullah Geechee Biz publication.,en,,36b9ede4e858,Gullah Geechee Biz,2026-08-30,Books > Self-Help > General,"Gullah Geechee,African American,Culture",3.99,USD,false,WORLD,36b9ede4e858.epub
Book 387d745f,,Darryl Elliott Brown,Book 387d745f — Gullah Geechee Biz publication.,en,,387d745f31fe,Gullah Geechee Biz,2026-08-30,Books > Self-Help > General,"Gullah Geechee,African American,Culture",3.99,USD,false,WORLD,387d745f31fe.epub
Book 38d903d6,,Darryl Elliott Brown,Book 38d903d6 — Gullah Geechee Biz publication.,en,,38d903d6cc2a,Gullah Geechee Biz,2026-08-30,Books > Self-Help > General,"Gullah Geechee,African American,Culture",3.99,USD,false,WORLD,38d903d6cc2a.epub
Book 38df8921,,Darryl Elliott Brown,Book 38df8921 — Gullah Geechee Biz publication.,en,,38df8921c54b,Gullah Geechee Biz,2026-08-30,Books > Self-Help > General,"Gullah Geechee,African American,Culture",3.99,USD,false,WORLD,38df8921c54b.epub
Book 39b33f10,,Darryl Elliott Brown,Book 39b33f10 — Gullah Geechee Biz publication.,en,,39b33f102c4d,Gullah Geechee Biz,2026-08-30,Books > Self-Help > General,"Gullah Geechee,African American,Culture",3.99,USD,false,WORLD,39b33f102c4d.epub
Book 3a131b24,,Darryl Elliott Brown,Book 3a131b24 — Gullah Geechee Biz publication.,en,,3a131b24f426,Gullah Geechee Biz,2026-08-30,Books > Self-Help > General,"Gullah Geechee,African American,Culture",3.99,USD,false,WORLD,3a131b24f426.epub
Book 3aa12c4e,,Darryl Elliott Brown,Book 3aa12c4e — Gullah Geechee Biz publication.,en,,3aa12c4e3c1e,Gullah Geechee Biz,2026-08-30,Books > Self-Help > General,"Gullah Geechee,African American,Culture",3.99,USD,false,WORLD,3aa12c4e3c1e.epub
Book 3ba809e1,,Darryl Elliott Brown,Book 3ba809e1 — Gullah Geechee Biz publication.,en,,3ba809e1b94f,Gullah Geechee Biz,2026-08-30,Books > Self-Help > General,"Gullah Geechee,African American,Culture",3.99,USD,false,WORLD,3ba809e1b94f.epub
Book 3bb26893,,Darryl Elliott Brown,Book 3bb26893 — Gullah Geechee Biz publication.,en,,3bb268934116,Gullah Geechee Biz,2026-08-30,Books > Self-Help > General,"Gullah Geechee,African American,Culture",3.99,USD,false,WORLD,3bb268934116.epub
Book 3d029211,,Darryl Elliott Brown,Book 3d029211 — Gullah Geechee Biz publication.,en,,3d029211f907,Gullah Geechee Biz,2026-08-30,Books > Self-Help > General,"Gullah Geechee,African American,Culture",3.99,USD,false,WORLD,3d029211f907.epub
Book 3dd87259,,Darryl Elliott Brown,Book 3dd87259 — Gullah Geechee Biz publication.,en,,3dd87259575d,Gullah Geechee Biz,2026-08-30,Books > Self-Help > General,"Gullah Geechee,African American,Culture",3.99,USD,false,WORLD,3dd87259575d.epub
Book 3e1051a7,,Darryl Elliott Brown,Book 3e1051a7 — Gullah Geechee Biz publication.,en,,3e1051a71de5,Gullah Geechee Biz,2026-08-30,Books > Self-Help > General,"Gullah Geechee,African American,Culture",3.99,USD,false,WORLD,3e1051a71de5.epub
Book 40a126dd,,Darryl Elliott Brown,Book 40a126dd — Gullah Geechee Biz publication.,en,,40a126dd23ac,Gullah Geechee Biz,2026-08-30,Books > Self-Help > General,"Gullah Geechee,African American,Culture",3.99,USD,false,WORLD,40a126dd23ac.epub
Book 43293f1a,,Darryl Elliott Brown,Book 43293f1a — Gullah Geechee Biz publication.,en,,43293f1ae464,Gullah Geechee Biz,2026-08-30,Books > Self-Help > General,"Gullah Geechee,African American,Culture",3.99,USD,false,WORLD,43293f1ae464.epub
Book 43a293ce,,Darryl Elliott Brown,Book 43a293ce — Gullah Geechee Biz publication.,en,,43a293ce3f2d,Gullah Geechee Biz,2026-08-30,Books > Self-Help > General,"Gullah Geechee,African American,Culture",3.99,USD,false,WORLD,43a293ce3f2d.epub
Book 44d24ebb,,Darryl Elliott Brown,Book 44d24ebb — Gullah Geechee Biz publication.,en,,44d24ebb6e99,Gullah Geechee Biz,2026-08-30,Books > Self-Help > General,"Gullah Geechee,African American,Culture",3.99,USD,false,WORLD,44d24ebb6e99.epub
Book 45035da1,,Darryl Elliott Brown,Book 45035da1 — Gullah Geechee Biz publication.,en,,45035da1c7a8,Gullah Geechee Biz,2026-08-30,Books > Self-Help > General,"Gullah Geechee,African American,Culture",3.99,USD,false,WORLD,45035da1c7a8.epub
Book 45078073,,Darryl Elliott Brown,Book 45078073 — Gullah Geechee Biz publication.,en,,45078073c910,Gullah Geechee Biz,2026-08-30,Books > Self-Help > General,"Gullah Geechee,African American,Culture",3.99,USD,false,WORLD,45078073c910.epub
Book 4540ddeb,,Darryl Elliott Brown,Book 4540ddeb — Gullah Geechee Biz publication.,en,,4540ddeb07d6,Gullah Geechee Biz,2026-08-30,Books > Self-Help > General,"Gullah Geechee,African American,Culture",3.99,USD,false,WORLD,4540ddeb07d6.epub
Book 45b84a04,,Darryl Elliott Brown,Book 45b84a04 — Gullah Geechee Biz publication.,en,,45b84a0491f5,Gullah Geechee Biz,2026-08-30,Books > Self-Help > General,"Gullah Geechee,African American,Culture",3.99,USD,false,WORLD,45b84a0491f5.epub
Book 45edf349,,Darryl Elliott Brown,Book 45edf349 — Gullah Geechee Biz publication.,en,,45edf3493bc5,Gullah Geechee Biz,2026-08-30,Books > Self-Help > General,"Gullah Geechee,African American,Culture",3.99,USD,false,WORLD,45edf3493bc5.epub
Book 46453676,,Darryl Elliott Brown,Book 46453676 — Gullah Geechee Biz publication.,en,,46453676b3d8,Gullah Geechee Biz,2026-08-30,Books > Self-Help > General,"Gullah Geechee,African American,Culture",3.99,USD,false,WORLD,46453676b3d8.epub
Book 47f01e7a,,Darryl Elliott Brown,Book 47f01e7a — Gullah Geechee Biz publication.,en,,47f01e7aa587,Gullah Geechee Biz,2026-08-30,Books > Self-Help > General,"Gullah Geechee,African American,Culture",3.99,USD,false,WORLD,47f01e7aa587.epub
Book 481338c8,,Darryl Elliott Brown,Book 481338c8 — Gullah Geechee Biz publication.,en,,481338c881ec,Gullah Geechee Biz,2026-08-30,Books > Self-Help > General,"Gullah Geechee,African American,Culture",3.99,USD,false,WORLD,481338c881ec.epub
Book 4955bb0f,,Darryl Elliott Brown,Book 4955bb0f — Gullah Geechee Biz publication.,en,,4955bb0f77d5,Gullah Geechee Biz,2026-08-30,Books > Self-Help > General,"Gullah Geechee,African American,Culture",3.99,USD,false,WORLD,4955bb0f77d5.epub
Book 4958c273,,Darryl Elliott Brown,Book 4958c273 — Gullah Geechee Biz publication.,en,,4958c273ecc4,Gullah Geechee Biz,2026-08-30,Books > Self-Help > General,"Gullah Geechee,African American,Culture",3.99,USD,false,WORLD,4958c273ecc4.epub
Book 4a5e0151,,Darryl Elliott Brown,Book 4a5e0151 — Gullah Geechee Biz publication.,en,,4a5e01514ba0,Gullah Geechee Biz,2026-08-30,Books > Self-Help > General,"Gullah Geechee,African American,Culture",3.99,USD,false,WORLD,4a5e01514ba0.epub
Book 4ba23d2c,,Darryl Elliott Brown,Book 4ba23d2c — Gullah Geechee Biz publication.,en,,4ba23d2c9caf,Gullah Geechee Biz,2026-08-30,Books > Self-Help > General,"Gullah Geechee,African American,Culture",3.99,USD,false,WORLD,4ba23d2c9caf.epub
Book 4cffeca5,,Darryl Elliott Brown,Book 4cffeca5 — Gullah Geechee Biz publication.,en,,4cffeca5ceba,Gullah Geechee Biz,2026-08-30,Books > Self-Help > General,"Gullah Geechee,African American,Culture",3.99,USD,false,WORLD,4cffeca5ceba.epub
Book 4d2c367f,,Darryl Elliott Brown,Book 4d2c367f — Gullah Geechee Biz publication.,en,,4d2c367fefc1,Gullah Geechee Biz,2026-08-30,Books > Self-Help > General,"Gullah Geechee,African American,Culture",3.99,USD,false,WORLD,4d2c367fefc1.epub
Book 4dcb5ff2,,Darryl Elliott Brown,Book 4dcb5ff2 — Gullah Geechee Biz publication.,en,,4dcb5ff28737,Gullah Geechee Biz,2026-08-30,Books > Self-Help > General,"Gullah Geechee,African American,Culture",3.99,USD,false,WORLD,4dcb5ff28737.epub
Book 4ec7489a,,Darryl Elliott Brown,Book 4ec7489a — Gullah Geechee Biz publication.,en,,4ec7489aba68,Gullah Geechee Biz,2026-08-30,Books > Self-Help > General,"Gullah Geechee,African American,Culture",3.99,USD,false,WORLD,4ec7489aba68.epub
Book 4f4bc0c2,,Darryl Elliott Brown,Book 4f4bc0c2 — Gullah Geechee Biz publication.,en,,4f4bc0c2028a,Gullah Geechee Biz,2026-08-30,Books > Self-Help > General,"Gullah Geechee,African American,Culture",3.99,USD,false,WORLD,4f4bc0c2028a.epub
Book 5003c552,,Darryl Elliott Brown,Book 5003c552 — Gullah Geechee Biz publication.,en,,5003c55288b3,Gullah Geechee Biz,2026-08-30,Books > Self-Help > General,"Gullah Geechee,African American,Culture",3.99,USD,false,WORLD,5003c55288b3.epub
Book 512dc688,,Darryl Elliott Brown,Book 512dc688 — Gullah Geechee Biz publication.,en,,512dc6885be9,Gullah Geechee Biz,2026-08-30,Books > Self-Help > General,"Gullah Geechee,African American,Culture",3.99,USD,false,WORLD,512dc6885be9.epub
Book 519d675d,,Darryl Elliott Brown,Book 519d675d — Gullah Geechee Biz publication.,en,,519d675d9d1e,Gullah Geechee Biz,2026-08-30,Books > Self-Help > General,"Gullah Geechee,African American,Culture",3.99,USD,false,WORLD,519d675d9d1e.epub
Book 52040ebc,,Darryl Elliott Brown,Book 52040ebc — Gullah Geechee Biz publication.,en,,52040ebc3dec,Gullah Geechee Biz,2026-08-30,Books > Self-Help > General,"Gullah Geechee,African American,Culture",3.99,USD,false,WORLD,52040ebc3dec.epub
Book 5375d3b8,,Darryl Elliott Brown,Book 5375d3b8 — Gullah Geechee Biz publication.,en,,5375d3b83063,Gullah Geechee Biz,2026-08-30,Books > Self-Help > General,"Gullah Geechee,African American,Culture",3.99,USD,false,WORLD,5375d3b83063.epub
Book 55a66ec3,,Darryl Elliott Brown,Book 55a66ec3 — Gullah Geechee Biz publication.,en,,55a66ec3f26e,Gullah Geechee Biz,2026-08-30,Books > Self-Help > General,"Gullah Geechee,African American,Culture",3.99,USD,false,WORLD,55a66ec3f26e.epub
Book 565ca1cc,,Darryl Elliott Brown,Book 565ca1cc — Gullah Geechee Biz publication.,en,,565ca1cce257,Gullah Geechee Biz,2026-08-30,Books > Self-Help > General,"Gullah Geechee,African American,Culture",3.99,USD,false,WORLD,565ca1cce257.epub
Book 57c30ab5,,Darryl Elliott Brown,Book 57c30ab5 — Gullah Geechee Biz publication.,en,,57c30ab5fe86,Gullah Geechee Biz,2026-08-30,Books > Self-Help > General,"Gullah Geechee,African American,Culture",3.99,USD,false,WORLD,57c30ab5fe86.epub
Book 58f670a4,,Darryl Elliott Brown,Book 58f670a4 — Gullah Geechee Biz publication.,en,,58f670a4e9e1,Gullah Geechee Biz,2026-08-30,Books > Self-Help > General,"Gullah Geechee,African American,Culture",3.99,USD,false,WORLD,58f670a4e9e1.epub
Book 590fc240,,Darryl Elliott Brown,Book 590fc240 — Gullah Geechee Biz publication.,en,,590fc240e04d,Gullah Geechee Biz,2026-08-30,Books > Self-Help > General,"Gullah Geechee,African American,Culture",3.99,USD,false,WORLD,590fc240e04d.epub
Book 591e6d4a,,Darryl Elliott Brown,Book 591e6d4a — Gullah Geechee Biz publication.,en,,591e6d4ad51b,Gullah Geechee Biz,2026-08-30,Books > Self-Help > General,"Gullah Geechee,African American,Culture",3.99,USD,false,WORLD,591e6d4ad51b.epub
Book 59bcd026,,Darryl Elliott Brown,Book 59bcd026 — Gullah Geechee Biz publication.,en,,59bcd026e6d4,Gullah Geechee Biz,2026-08-30,Books > Self-Help > General,"Gullah Geechee,African American,Culture",3.99,USD,false,WORLD,59bcd026e6d4.epub
Book 59cc105d,,Darryl Elliott Brown,Book 59cc105d — Gullah Geechee Biz publication.,en,,59cc105d8f49,Gullah Geechee Biz,2026-08-30,Books > Self-Help > General,"Gullah Geechee,African American,Culture",3.99,USD,false,WORLD,59cc105d8f49.epub
Book 5a8a8332,,Darryl Elliott Brown,Book 5a8a8332 — Gullah Geechee Biz publication.,en,,5a8a83326b0f,Gullah Geechee Biz,2026-08-30,Books > Self-Help > General,"Gullah Geechee,African American,Culture",3.99,USD,false,WORLD,5a8a83326b0f.epub
Book 5afda551,,Darryl Elliott Brown,Book 5afda551 — Gullah Geechee Biz publication.,en,,5afda551a463,Gullah Geechee Biz,2026-08-30,Books > Self-Help > General,"Gullah Geechee,African American,Culture",3.99,USD,false,WORLD,5afda551a463.epub
Book 5b2574ac,,Darryl Elliott Brown,Book 5b2574ac — Gullah Geechee Biz publication.,en,,5b2574acba3d,Gullah Geechee Biz,2026-08-30,Books > Self-Help > General,"Gullah Geechee,African American,Culture",3.99,USD,false,WORLD,5b2574acba3d.epub
Book 5da087cb,,Darryl Elliott Brown,Book 5da087cb — Gullah Geechee Biz publication.,en,,5da087cbd453,Gullah Geechee Biz,2026-08-30,Books > Self-Help > General,"Gullah Geechee,African American,Culture",3.99,USD,false,WORLD,5da087cbd453.epub
Book 5e2d3662,,Darryl Elliott Brown,Book 5e2d3662 — Gullah Geechee Biz publication.,en,,5e2d36625e76,Gullah Geechee Biz,2026-08-30,Books > Self-Help > General,"Gullah Geechee,African American,Culture",3.99,USD,false,WORLD,5e2d36625e76.epub
Book 5ea066e4,,Darryl Elliott Brown,Book 5ea066e4 — Gullah Geechee Biz publication.,en,,5ea066e4d915,Gullah Geechee Biz,2026-08-30,Books > Self-Help > General,"Gullah Geechee,African American,Culture",3.99,USD,false,WORLD,5ea066e4d915.epub
Book 5f843e6f,,Darryl Elliott Brown,Book 5f843e6f — Gullah Geechee Biz publication.,en,,5f843e6f169f,Gullah Geechee Biz,2026-08-30,Books > Self-Help > General,"Gullah Geechee,African American,Culture",3.99,USD,false,WORLD,5f843e6f169f.epub
Book 60290909,,Darryl Elliott Brown,Book 60290909 — Gullah Geechee Biz publication.,en,,602909097129,Gullah Geechee Biz,2026-08-30,Books > Self-Help > General,"Gullah Geechee,African American,Culture",3.99,USD,false,WORLD,602909097129.epub
Book 607f8fae,,Darryl Elliott Brown,Book 607f8fae — Gullah Geechee Biz publication.,en,,607f8fae4579,Gullah Geechee Biz,2026-08-30,Books > Self-Help > General,"Gullah Geechee,African American,Culture",3.99,USD,false,WORLD,607f8fae4579.epub
Book 61bd1fa9,,Darryl Elliott Brown,Book 61bd1fa9 — Gullah Geechee Biz publication.,en,,61bd1fa99931,Gullah Geechee Biz,2026-08-30,Books > Self-Help > General,"Gullah Geechee,African American,Culture",3.99,USD,false,WORLD,61bd1fa99931.epub
Book 621d618b,,Darryl Elliott Brown,Book 621d618b — Gullah Geechee Biz publication.,en,,621d618b02a8,Gullah Geechee Biz,2026-08-30,Books > Self-Help > General,"Gullah Geechee,African American,Culture",3.99,USD,false,WORLD,621d618b02a8.epub
Book 630b96af,,Darryl Elliott Brown,Book 630b96af — Gullah Geechee Biz publication.,en,,630b96af698b,Gullah Geechee Biz,2026-08-30,Books > Self-Help > General,"Gullah Geechee,African American,Culture",3.99,USD,false,WORLD,630b96af698b.epub
Book 651b7c2c,,Darryl Elliott Brown,Book 651b7c2c — Gullah Geechee Biz publication.,en,,651b7c2c65d5,Gullah Geechee Biz,2026-08-30,Books > Self-Help > General,"Gullah Geechee,African American,Culture",3.99,USD,false,WORLD,651b7c2c65d5.epub
Book 658fcf99,,Darryl Elliott Brown,Book 658fcf99 — Gullah Geechee Biz publication.,en,,658fcf99d758,Gullah Geechee Biz,2026-08-30,Books > Self-Help > General,"Gullah Geechee,African American,Culture",3.99,USD,false,WORLD,658fcf99d758.epub
Book 65ee0c68,,Darryl Elliott Brown,Book 65ee0c68 — Gullah Geechee Biz publication.,en,,65ee0c68c9e5,Gullah Geechee Biz,2026-08-30,Books > Self-Help > General,"Gullah Geechee,African American,Culture",3.99,USD,false,WORLD,65ee0c68c9e5.epub
Book 6638a78f,,Darryl Elliott Brown,Book 6638a78f — Gullah Geechee Biz publication.,en,,6638a78f709f,Gullah Geechee Biz,2026-08-30,Books > Self-Help > General,"Gullah Geechee,African American,Culture",3.99,USD,false,WORLD,6638a78f709f.epub
Book 665a4d91,,Darryl Elliott Brown,Book 665a4d91 — Gullah Geechee Biz publication.,en,,665a4d9194e5,Gullah Geechee Biz,2026-08-30,Books > Self-Help > General,"Gullah Geechee,African American,Culture",3.99,USD,false,WORLD,665a4d9194e5.epub
Book 66ed0e5a,,Darryl Elliott Brown,Book 66ed0e5a — Gullah Geechee Biz publication.,en,,66ed0e5a8cea,Gullah Geechee Biz,2026-08-30,Books > Self-Help > General,"Gullah Geechee,African American,Culture",3.99,USD,false,WORLD,66ed0e5a8cea.epub
Book 683493a8,,Darryl Elliott Brown,Book 683493a8 — Gullah Geechee Biz publication.,en,,683493a84b50,Gullah Geechee Biz,2026-08-30,Books > Self-Help > General,"Gullah Geechee,African American,Culture",3.99,USD,false,WORLD,683493a84b50.epub
Book 68d699f3,,Darryl Elliott Brown,Book 68d699f3 — Gullah Geechee Biz publication.,en,,68d699f37a80,Gullah Geechee Biz,2026-08-30,Books > Self-Help > General,"Gullah Geechee,African American,Culture",3.99,USD,false,WORLD,68d699f37a80.epub
Book 68dd4a90,,Darryl Elliott Brown,Book 68dd4a90 — Gullah Geechee Biz publication.,en,,68dd4a90761b,Gullah Geechee Biz,2026-08-30,Books > Self-Help > General,"Gullah Geechee,African American,Culture",3.99,USD,false,WORLD,68dd4a90761b.epub
Book 6901ceff,,Darryl Elliott Brown,Book 6901ceff — Gullah Geechee Biz publication.,en,,6901ceff989c,Gullah Geechee Biz,2026-08-30,Books > Self-Help > General,"Gullah Geechee,African American,Culture",3.99,USD,false,WORLD,6901ceff989c.epub
Book 6ac6aefe,,Darryl Elliott Brown,Book 6ac6aefe — Gullah Geechee Biz publication.,en,,6ac6aefee87e,Gullah Geechee Biz,2026-08-30,Books > Self-Help > General,"Gullah Geechee,African American,Culture",3.99,USD,false,WORLD,6ac6aefee87e.epub
Book 6af25184,,Darryl Elliott Brown,Book 6af25184 — Gullah Geechee Biz publication.,en,,6af2518482ff,Gullah Geechee Biz,2026-08-30,Books > Self-Help > General,"Gullah Geechee,African American,Culture",3.99,USD,false,WORLD,6af2518482ff.epub
Book 6b3731fb,,Darryl Elliott Brown,Book 6b3731fb — Gullah Geechee Biz publication.,en,,6b3731fb6d64,Gullah Geechee Biz,2026-08-30,Books > Self-Help > General,"Gullah Geechee,African American,Culture",3.99,USD,false,WORLD,6b3731fb6d64.epub
Book 6ccc99ee,,Darryl Elliott Brown,Book 6ccc99ee — Gullah Geechee Biz publication.,en,,6ccc99eee7b0,Gullah Geechee Biz,2026-08-30,Books > Self-Help > General,"Gullah Geechee,African American,Culture",3.99,USD,false,WORLD,6ccc99eee7b0.epub
Book 6e897093,,Darryl Elliott Brown,Book 6e897093 — Gullah Geechee Biz publication.,en,,6e8970939881,Gullah Geechee Biz,2026-08-30,Books > Self-Help > General,"Gullah Geechee,African American,Culture",3.99,USD,false,WORLD,6e8970939881.epub
Book 6f7414e7,,Darryl Elliott Brown,Book 6f7414e7 — Gullah Geechee Biz publication.,en,,6f7414e72765,Gullah Geechee Biz,2026-08-30,Books > Self-Help > General,"Gullah Geechee,African American,Culture",3.99,USD,false,WORLD,6f7414e72765.epub
Book 6fac364e,,Darryl Elliott Brown,Book 6fac364e — Gullah Geechee Biz publication.,en,,6fac364e6503,Gullah Geechee Biz,2026-08-30,Books > Self-Help > General,"Gullah Geechee,African American,Culture",3.99,USD,false,WORLD,6fac364e6503.epub
Book 70c276a6,,Darryl Elliott Brown,Book 70c276a6 — Gullah Geechee Biz publication.,en,,70c276a616f8,Gullah Geechee Biz,2026-08-30,Books > Self-Help > General,"Gullah Geechee,African American,Culture",3.99,USD,false,WORLD,70c276a616f8.epub
Book 71539f86,,Darryl Elliott Brown,Book 71539f86 — Gullah Geechee Biz publication.,en,,71539f869db3,Gullah Geechee Biz,2026-08-30,Books > Self-Help > General,"Gullah Geechee,African American,Culture",3.99,USD,false,WORLD,71539f869db3.epub
Book 72f44f2b,,Darryl Elliott Brown,Book 72f44f2b — Gullah Geechee Biz publication.,en,,72f44f2b1567,Gullah Geechee Biz,2026-08-30,Books > Self-Help > General,"Gullah Geechee,African American,Culture",3.99,USD,false,WORLD,72f44f2b1567.epub
Book 730ac8ed,,Darryl Elliott Brown,Book 730ac8ed — Gullah Geechee Biz publication.,en,,730ac8ed8353,Gullah Geechee Biz,2026-08-30,Books > Self-Help > General,"Gullah Geechee,African American,Culture",3.99,USD,false,WORLD,730ac8ed8353.epub
Book 73bf602f,,Darryl Elliott Brown,Book 73bf602f — Gullah Geechee Biz publication.,en,,73bf602fe09e,Gullah Geechee Biz,2026-08-30,Books > Self-Help > General,"Gullah Geechee,African American,Culture",3.99,USD,false,WORLD,73bf602fe09e.epub
Book 7476721e,,Darryl Elliott Brown,Book 7476721e — Gullah Geechee Biz publication.,en,,7476721e986b,Gullah Geechee Biz,2026-08-30,Books > Self-Help > General,"Gullah Geechee,African American,Culture",3.99,USD,false,WORLD,7476721e986b.epub
Book 74bf1bd3,,Darryl Elliott Brown,Book 74bf1bd3 — Gullah Geechee Biz publication.,en,,74bf1bd36957,Gullah Geechee Biz,2026-08-30,Books > Self-Help > General,"Gullah Geechee,African American,Culture",3.99,USD,false,WORLD,74bf1bd36957.epub
Book 770a7f2f,,Darryl Elliott Brown,Book 770a7f2f — Gullah Geechee Biz publication.,en,,770a7f2fc7bb,Gullah Geechee Biz,2026-08-30,Books > Self-Help > General,"Gullah Geechee,African American,Culture",3.99,USD,false,WORLD,770a7f2fc7bb.epub
Book 77318ff8,,Darryl Elliott Brown,Book 77318ff8 — Gullah Geechee Biz publication.,en,,77318ff88af5,Gullah Geechee Biz,2026-08-30,Books > Self-Help > General,"Gullah Geechee,African American,Culture",3.99,USD,false,WORLD,77318ff88af5.epub
Book 7750fdf8,,Darryl Elliott Brown,Book 7750fdf8 — Gullah Geechee Biz publication.,en,,7750fdf8e322,Gullah Geechee Biz,2026-08-30,Books > Self-Help > General,"Gullah Geechee,African American,Culture",3.99,USD,false,WORLD,7750fdf8e322.epub
Book 77cc1a30,,Darryl Elliott Brown,Book 77cc1a30 — Gullah Geechee Biz publication.,en,,77cc1a3060a2,Gullah Geechee Biz,2026-08-30,Books > Self-Help > General,"Gullah Geechee,African American,Culture",3.99,USD,false,WORLD,77cc1a3060a2.epub
Book 7849a949,,Darryl Elliott Brown,Book 7849a949 — Gullah Geechee Biz publication.,en,,7849a9495346,Gullah Geechee Biz,2026-08-30,Books > Self-Help > General,"Gullah Geechee,African American,Culture",3.99,USD,false,WORLD,7849a9495346.epub
Book 7877e1b3,,Darryl Elliott Brown,Book 7877e1b3 — Gullah Geechee Biz publication.,en,,7877e1b3658f,Gullah Geechee Biz,2026-08-30,Books > Self-Help > General,"Gullah Geechee,African American,Culture",3.99,USD,false,WORLD,7877e1b3658f.epub
Book 7926172f,,Darryl Elliott Brown,Book 7926172f — Gullah Geechee Biz publication.,en,,7926172fe8a2,Gullah Geechee Biz,2026-08-30,Books > Self-Help > General,"Gullah Geechee,African American,Culture",3.99,USD,false,WORLD,7926172fe8a2.epub
Book 7b5951e0,,Darryl Elliott Brown,Book 7b5951e0 — Gullah Geechee Biz publication.,en,,7b5951e0b2e4,Gullah Geechee Biz,2026-08-30,Books > Self-Help > General,"Gullah Geechee,African American,Culture",3.99,USD,false,WORLD,7b5951e0b2e4.epub
Book 7c5b348d,,Darryl Elliott Brown,Book 7c5b348d — Gullah Geechee Biz publication.,en,,7c5b348d4169,Gullah Geechee Biz,2026-08-30,Books > Self-Help > General,"Gullah Geechee,African American,Culture",3.99,USD,false,WORLD,7c5b348d4169.epub
Book 7cb1fabf,,Darryl Elliott Brown,Book 7cb1fabf — Gullah Geechee Biz publication.,en,,7cb1fabffc6a,Gullah Geechee Biz,2026-08-30,Books > Self-Help > General,"Gullah Geechee,African American,Culture",3.99,USD,false,WORLD,7cb1fabffc6a.epub
Book 7d9fb67e,,Darryl Elliott Brown,Book 7d9fb67e — Gullah Geechee Biz publication.,en,,7d9fb67ebd93,Gullah Geechee Biz,2026-08-30,Books > Self-Help > General,"Gullah Geechee,African American,Culture",3.99,USD,false,WORLD,7d9fb67ebd93.epub
Book 7e4530f1,,Darryl Elliott Brown,Book 7e4530f1 — Gullah Geechee Biz publication.,en,,7e4530f102cf,Gullah Geechee Biz,2026-08-30,Books > Self-Help > General,"Gullah Geechee,African American,Culture",3.99,USD,false,WORLD,7e4530f102cf.epub
Book 7efaded5,,Darryl Elliott Brown,Book 7efaded5 — Gullah Geechee Biz publication.,en,,7efaded5ec30,Gullah Geechee Biz,2026-08-30,Books > Self-Help > General,"Gullah Geechee,African American,Culture",3.99,USD,false,WORLD,7efaded5ec30.epub
Book 7fdd7296,,Darryl Elliott Brown,Book 7fdd7296 — Gullah Geechee Biz publication.,en,,7fdd729689f6,Gullah Geechee Biz,2026-08-30,Books > Self-Help > General,"Gullah Geechee,African American,Culture",3.99,USD,false,WORLD,7fdd729689f6.epub
Book 8067a6cc,,Darryl Elliott Brown,Book 8067a6cc — Gullah Geechee Biz publication.,en,,8067a6ccc1ed,Gullah Geechee Biz,2026-08-30,Books > Self-Help > General,"Gullah Geechee,African American,Culture",3.99,USD,false,WORLD,8067a6ccc1ed.epub
Book 80c8cb3e,,Darryl Elliott Brown,Book 80c8cb3e — Gullah Geechee Biz publication.,en,,80c8cb3e7b48,Gullah Geechee Biz,2026-08-30,Books > Self-Help > General,"Gullah Geechee,African American,Culture",3.99,USD,false,WORLD,80c8cb3e7b48.epub
Book 80ceaef3,,Darryl Elliott Brown,Book 80ceaef3 — Gullah Geechee Biz publication.,en,,80ceaef39ba3,Gullah Geechee Biz,2026-08-30,Books > Self-Help > General,"Gullah Geechee,African American,Culture",3.99,USD,false,WORLD,80ceaef39ba3.epub
Book 819152ee,,Darryl Elliott Brown,Book 819152ee — Gullah Geechee Biz publication.,en,,819152ee765b,Gullah Geechee Biz,2026-08-30,Books > Self-Help > General,"Gullah Geechee,African American,Culture",3.99,USD,false,WORLD,819152ee765b.epub
Book 81b0f089,,Darryl Elliott Brown,Book 81b0f089 — Gullah Geechee Biz publication.,en,,81b0f089f550,Gullah Geechee Biz,2026-08-30,Books > Self-Help > General,"Gullah Geechee,African American,Culture",3.99,USD,false,WORLD,81b0f089f550.epub
Book 82c46a52,,Darryl Elliott Brown,Book 82c46a52 — Gullah Geechee Biz publication.,en,,82c46a52eb20,Gullah Geechee Biz,2026-08-30,Books > Self-Help > General,"Gullah Geechee,African American,Culture",3.99,USD,false,WORLD,82c46a52eb20.epub
Book 84716038,,Darryl Elliott Brown,Book 84716038 — Gullah Geechee Biz publication.,en,,8471603845c2,Gullah Geechee Biz,2026-08-30,Books > Self-Help > General,"Gullah Geechee,African American,Culture",3.99,USD,false,WORLD,8471603845c2.epub
Book 8709f7eb,,Darryl Elliott Brown,Book 8709f7eb — Gullah Geechee Biz publication.,en,,8709f7eb6833,Gullah Geechee Biz,2026-08-30,Books > Self-Help > General,"Gullah Geechee,African American,Culture",3.99,USD,false,WORLD,8709f7eb6833.epub
Book 871e14ae,,Darryl Elliott Brown,Book 871e14ae — Gullah Geechee Biz publication.,en,,871e14aed6d3,Gullah Geechee Biz,2026-08-30,Books > Self-Help > General,"Gullah Geechee,African American,Culture",3.99,USD,false,WORLD,871e14aed6d3.epub
Book 87cca376,,Darryl Elliott Brown,Book 87cca376 — Gullah Geechee Biz publication.,en,,87cca3761c92,Gullah Geechee Biz,2026-08-30,Books > Self-Help > General,"Gullah Geechee,African American,Culture",3.99,USD,false,WORLD,87cca3761c92.epub
Book 8911f81b,,Darryl Elliott Brown,Book 8911f81b — Gullah Geechee Biz publication.,en,,8911f81b77ff,Gullah Geechee Biz,2026-08-30,Books > Self-Help > General,"Gullah Geechee,African American,Culture",3.99,USD,false,WORLD,8911f81b77ff.epub
Book 8a97df8e,,Darryl Elliott Brown,Book 8a97df8e — Gullah Geechee Biz publication.,en,,8a97df8e40e1,Gullah Geechee Biz,2026-08-30,Books > Self-Help > General,"Gullah Geechee,African American,Culture",3.99,USD,false,WORLD,8a97df8e40e1.epub
Book 8aaa8b16,,Darryl Elliott Brown,Book 8aaa8b16 — Gullah Geechee Biz publication.,en,,8aaa8b164e83,Gullah Geechee Biz,2026-08-30,Books > Self-Help > General,"Gullah Geechee,African American,Culture",3.99,USD,false,WORLD,8aaa8b164e83.epub
Book 8ba0648d,,Darryl Elliott Brown,Book 8ba0648d — Gullah Geechee Biz publication.,en,,8ba0648d3a39,Gullah Geechee Biz,2026-08-30,Books > Self-Help > General,"Gullah Geechee,African American,Culture",3.99,USD,false,WORLD,8ba0648d3a39.epub
Book 8cc2fe8c,,Darryl Elliott Brown,Book 8cc2fe8c — Gullah Geechee Biz publication.,en,,8cc2fe8cc391,Gullah Geechee Biz,2026-08-30,Books > Self-Help > General,"Gullah Geechee,African American,Culture",3.99,USD,false,WORLD,8cc2fe8cc391.epub
Book 8d33be0c,,Darryl Elliott Brown,Book 8d33be0c — Gullah Geechee Biz publication.,en,,8d33be0cfc10,Gullah Geechee Biz,2026-08-30,Books > Self-Help > General,"Gullah Geechee,African American,Culture",3.99,USD,false,WORLD,8d33be0cfc10.epub
Book 8e5661f2,,Darryl Elliott Brown,Book 8e5661f2 — Gullah Geechee Biz publication.,en,,8e5661f250d2,Gullah Geechee Biz,2026-08-30,Books > Self-Help > General,"Gullah Geechee,African American,Culture",3.99,USD,false,WORLD,8e5661f250d2.epub
Book 8f48286f,,Darryl Elliott Brown,Book 8f48286f — Gullah Geechee Biz publication.,en,,8f48286f7c31,Gullah Geechee Biz,2026-08-30,Books > Self-Help > General,"Gullah Geechee,African American,Culture",3.99,USD,false,WORLD,8f48286f7c31.epub
Book 8fc8b087,,Darryl Elliott Brown,Book 8fc8b087 — Gullah Geechee Biz publication.,en,,8fc8b0877d04,Gullah Geechee Biz,2026-08-30,Books > Self-Help > General,"Gullah Geechee,African American,Culture",3.99,USD,false,WORLD,8fc8b0877d04.epub
Book 8fe02608,,Darryl Elliott Brown,Book 8fe02608 — Gullah Geechee Biz publication.,en,,8fe026086606,Gullah Geechee Biz,2026-08-30,Books > Self-Help > General,"Gullah Geechee,African American,Culture",3.99,USD,false,WORLD,8fe026086606.epub
Book 90a8c9b7,,Darryl Elliott Brown,Book 90a8c9b7 — Gullah Geechee Biz publication.,en,,90a8c9b781cb,Gullah Geechee Biz,2026-08-30,Books > Self-Help > General,"Gullah Geechee,African American,Culture",3.99,USD,false,WORLD,90a8c9b781cb.epub
Book 91783cf0,,Darryl Elliott Brown,Book 91783cf0 — Gullah Geechee Biz publication.,en,,91783cf0d9c4,Gullah Geechee Biz,2026-08-30,Books > Self-Help > General,"Gullah Geechee,African American,Culture",3.99,USD,false,WORLD,91783cf0d9c4.epub
Book 925a1915,,Darryl Elliott Brown,Book 925a1915 — Gullah Geechee Biz publication.,en,,925a19157015,Gullah Geechee Biz,2026-08-30,Books > Self-Help > General,"Gullah Geechee,African American,Culture",3.99,USD,false,WORLD,925a19157015.epub
Book 92b78692,,Darryl Elliott Brown,Book 92b78692 — Gullah Geechee Biz publication.,en,,92b7869212d5,Gullah Geechee Biz,2026-08-30,Books > Self-Help > General,"Gullah Geechee,African American,Culture",3.99,USD,false,WORLD,92b7869212d5.epub
Book 931ebb55,,Darryl Elliott Brown,Book 931ebb55 — Gullah Geechee Biz publication.,en,,931ebb5589fd,Gullah Geechee Biz,2026-08-30,Books > Self-Help > General,"Gullah Geechee,African American,Culture",3.99,USD,false,WORLD,931ebb5589fd.epub
Book 964d5437,,Darryl Elliott Brown,Book 964d5437 — Gullah Geechee Biz publication.,en,,964d5437fe19,Gullah Geechee Biz,2026-08-30,Books > Self-Help > General,"Gullah Geechee,African American,Culture",3.99,USD,false,WORLD,964d5437fe19.epub
Book 972dfbc5,,Darryl Elliott Brown,Book 972dfbc5 — Gullah Geechee Biz publication.,en,,972dfbc5d63e,Gullah Geechee Biz,2026-08-30,Books > Self-Help > General,"Gullah Geechee,African American,Culture",3.99,USD,false,WORLD,972dfbc5d63e.epub
Book 978195a2,,Darryl Elliott Brown,Book 978195a2 — Gullah Geechee Biz publication.,en,,978195a26eb8,Gullah Geechee Biz,2026-08-30,Books > Self-Help > General,"Gullah Geechee,African American,Culture",3.99,USD,false,WORLD,978195a26eb8.epub
Book 98fd3512,,Darryl Elliott Brown,Book 98fd3512 — Gullah Geechee Biz publication.,en,,98fd3512e372,Gullah Geechee Biz,2026-08-30,Books > Self-Help > General,"Gullah Geechee,African American,Culture",3.99,USD,false,WORLD,98fd3512e372.epub
Book 99939d92,,Darryl Elliott Brown,Book 99939d92 — Gullah Geechee Biz publication.,en,,99939d9283e9,Gullah Geechee Biz,2026-08-30,Books > Self-Help > General,"Gullah Geechee,African American,Culture",3.99,USD,false,WORLD,99939d9283e9.epub
Book 9aba8e84,,Darryl Elliott Brown,Book 9aba8e84 — Gullah Geechee Biz publication.,en,,9aba8e84d1ad,Gullah Geechee Biz,2026-08-30,Books > Self-Help > General,"Gullah Geechee,African American,Culture",3.99,USD,false,WORLD,9aba8e84d1ad.epub
Book 9ad464e1,,Darryl Elliott Brown,Book 9ad464e1 — Gullah Geechee Biz publication.,en,,9ad464e10fc1,Gullah Geechee Biz,2026-08-30,Books > Self-Help > General,"Gullah Geechee,African American,Culture",3.99,USD,false,WORLD,9ad464e10fc1.epub
Book 9b345768,,Darryl Elliott Brown,Book 9b345768 — Gullah Geechee Biz publication.,en,,9b3457689380,Gullah Geechee Biz,2026-08-30,Books > Self-Help > General,"Gullah Geechee,African American,Culture",3.99,USD,false,WORLD,9b3457689380.epub
Book 9c0a78e7,,Darryl Elliott Brown,Book 9c0a78e7 — Gullah Geechee Biz publication.,en,,9c0a78e701fa,Gullah Geechee Biz,2026-08-30,Books > Self-Help > General,"Gullah Geechee,African American,Culture",3.99,USD,false,WORLD,9c0a78e701fa.epub
Book 9d4fc034,,Darryl Elliott Brown,Book 9d4fc034 — Gullah Geechee Biz publication.,en,,9d4fc03489e0,Gullah Geechee Biz,2026-08-30,Books > Self-Help > General,"Gullah Geechee,African American,Culture",3.99,USD,false,WORLD,9d4fc03489e0.epub
Book 9e32e3e7,,Darryl Elliott Brown,Book 9e32e3e7 — Gullah Geechee Biz publication.,en,,9e32e3e72ffb,Gullah Geechee Biz,2026-08-30,Books > Self-Help > General,"Gullah Geechee,African American,Culture",3.99,USD,false,WORLD,9e32e3e72ffb.epub
Book 9f89f74a,,Darryl Elliott Brown,Book 9f89f74a — Gullah Geechee Biz publication.,en,,9f89f74a50a4,Gullah Geechee Biz,2026-08-30,Books > Self-Help > General,"Gullah Geechee,African American,Culture",3.99,USD,false,WORLD,9f89f74a50a4.epub
Book a0ea7663,,Darryl Elliott Brown,Book a0ea7663 — Gullah Geechee Biz publication.,en,,a0ea76633c6f,Gullah Geechee Biz,2026-08-30,Books > Self-Help > General,"Gullah Geechee,African American,Culture",3.99,USD,false,WORLD,a0ea76633c6f.epub
Book a265021c,,Darryl Elliott Brown,Book a265021c — Gullah Geechee Biz publication.,en,,a265021c1798,Gullah Geechee Biz,2026-08-30,Books > Self-Help > General,"Gullah Geechee,African American,Culture",3.99,USD,false,WORLD,a265021c1798.epub
Book a29050e3,,Darryl Elliott Brown,Book a29050e3 — Gullah Geechee Biz publication.,en,,a29050e341fe,Gullah Geechee Biz,2026-08-30,Books > Self-Help > General,"Gullah Geechee,African American,Culture",3.99,USD,false,WORLD,a29050e341fe.epub
Book a334d8cb,,Darryl Elliott Brown,Book a334d8cb — Gullah Geechee Biz publication.,en,,a334d8cbacee,Gullah Geechee Biz,2026-08-30,Books > Self-Help > General,"Gullah Geechee,African American,Culture",3.99,USD,false,WORLD,a334d8cbacee.epub
Book a37ecf7c,,Darryl Elliott Brown,Book a37ecf7c — Gullah Geechee Biz publication.,en,,a37ecf7c0757,Gullah Geechee Biz,2026-08-30,Books > Self-Help > General,"Gullah Geechee,African American,Culture",3.99,USD,false,WORLD,a37ecf7c0757.epub
Book a73be9c9,,Darryl Elliott Brown,Book a73be9c9 — Gullah Geechee Biz publication.,en,,a73be9c91ce4,Gullah Geechee Biz,2026-08-30,Books > Self-Help > General,"Gullah Geechee,African American,Culture",3.99,USD,false,WORLD,a73be9c91ce4.epub
Book a7e0eff8,,Darryl Elliott Brown,Book a7e0eff8 — Gullah Geechee Biz publication.,en,,a7e0eff8f879,Gullah Geechee Biz,2026-08-30,Books > Self-Help > General,"Gullah Geechee,African American,Culture",3.99,USD,false,WORLD,a7e0eff8f879.epub
Book a81eefd9,,Darryl Elliott Brown,Book a81eefd9 — Gullah Geechee Biz publication.,en,,a81eefd9089e,Gullah Geechee Biz,2026-08-30,Books > Self-Help > General,"Gullah Geechee,African American,Culture",3.99,USD,false,WORLD,a81eefd9089e.epub
Book a92f9d20,,Darryl Elliott Brown,Book a92f9d20 — Gullah Geechee Biz publication.,en,,a92f9d201702,Gullah Geechee Biz,2026-08-30,Books > Self-Help > General,"Gullah Geechee,African American,Culture",3.99,USD,false,WORLD,a92f9d201702.epub
Book a9d41e7c,,Darryl Elliott Brown,Book a9d41e7c — Gullah Geechee Biz publication.,en,,a9d41e7ca08c,Gullah Geechee Biz,2026-08-30,Books > Self-Help > General,"Gullah Geechee,African American,Culture",3.99,USD,false,WORLD,a9d41e7ca08c.epub
Book abd74b93,,Darryl Elliott Brown,Book abd74b93 — Gullah Geechee Biz publication.,en,,abd74b933391,Gullah Geechee Biz,2026-08-30,Books > Self-Help > General,"Gullah Geechee,African American,Culture",3.99,USD,false,WORLD,abd74b933391.epub
Book ac1652e2,,Darryl Elliott Brown,Book ac1652e2 — Gullah Geechee Biz publication.,en,,ac1652e2afc5,Gullah Geechee Biz,2026-08-30,Books > Self-Help > General,"Gullah Geechee,African American,Culture",3.99,USD,false,WORLD,ac1652e2afc5.epub
Book acac3e5f,,Darryl Elliott Brown,Book acac3e5f — Gullah Geechee Biz publication.,en,,acac3e5f7952,Gullah Geechee Biz,2026-08-30,Books > Self-Help > General,"Gullah Geechee,African American,Culture",3.99,USD,false,WORLD,acac3e5f7952.epub
Book ad-from-,,Darryl Elliott Brown,Book ad-from- — Gullah Geechee Biz publication.,en,,ad-from-scra,Gullah Geechee Biz,2026-08-30,Books > Self-Help > General,"Gullah Geechee,African American,Culture",3.99,USD,false,WORLD,ad-from-scra.epub
Book ad0a5201,,Darryl Elliott Brown,Book ad0a5201 — Gullah Geechee Biz publication.,en,,ad0a5201156c,Gullah Geechee Biz,2026-08-30,Books > Self-Help > General,"Gullah Geechee,African American,Culture",3.99,USD,false,WORLD,ad0a5201156c.epub
Book ad5dcae6,,Darryl Elliott Brown,Book ad5dcae6 — Gullah Geechee Biz publication.,en,,ad5dcae6d8e2,Gullah Geechee Biz,2026-08-30,Books > Self-Help > General,"Gullah Geechee,African American,Culture",3.99,USD,false,WORLD,ad5dcae6d8e2.epub
Book ad8ccccb,,Darryl Elliott Brown,Book ad8ccccb — Gullah Geechee Biz publication.,en,,ad8ccccbfe03,Gullah Geechee Biz,2026-08-30,Books > Self-Help > General,"Gullah Geechee,African American,Culture",3.99,USD,false,WORLD,ad8ccccbfe03.epub
Book ad9030a0,,Darryl Elliott Brown,Book ad9030a0 — Gullah Geechee Biz publication.,en,,ad9030a09662,Gullah Geechee Biz,2026-08-30,Books > Self-Help > General,"Gullah Geechee,African American,Culture",3.99,USD,false,WORLD,ad9030a09662.epub
Book adaptabi,,Darryl Elliott Brown,Book adaptabi — Gullah Geechee Biz publication.,en,,adaptability,Gullah Geechee Biz,2026-08-30,Books > Self-Help > General,"Gullah Geechee,African American,Culture",3.99,USD,false,WORLD,adaptability.epub
Book ade48d13,,Darryl Elliott Brown,Book ade48d13 — Gullah Geechee Biz publication.,en,,ade48d13d00e,Gullah Geechee Biz,2026-08-30,Books > Self-Help > General,"Gullah Geechee,African American,Culture",3.99,USD,false,WORLD,ade48d13d00e.epub
Book ah-break,,Darryl Elliott Brown,Book ah-break — Gullah Geechee Biz publication.,en,,ah-breakfast,Gullah Geechee Biz,2026-08-30,Books > Self-Help > General,"Gullah Geechee,African American,Culture",3.99,USD,false,WORLD,ah-breakfast.epub
Book ah-tea-c,,Darryl Elliott Brown,Book ah-tea-c — Gullah Geechee Biz publication.,en,,ah-tea-cakes,Gullah Geechee Biz,2026-08-30,Books > Self-Help > General,"Gullah Geechee,African American,Culture",3.99,USD,false,WORLD,ah-tea-cakes.epub
Book al-marke,,Darryl Elliott Brown,Book al-marke — Gullah Geechee Biz publication.,en,,al-marketing,Gullah Geechee Biz,2026-08-30,Books > Self-Help > General,"Gullah Geechee,African American,Culture",3.99,USD,false,WORLD,al-marketing.epub
Book al-self-,,Darryl Elliott Brown,Book al-self- — Gullah Geechee Biz publication.,en,,al-self-care,Gullah Geechee Biz,2026-08-30,Books > Self-Help > General,"Gullah Geechee,African American,Culture",3.99,USD,false,WORLD,al-self-care.epub
Book al-tough,,Darryl Elliott Brown,Book al-tough — Gullah Geechee Biz publication.,en,,al-toughness,Gullah Geechee Biz,2026-08-30,Books > Self-Help > General,"Gullah Geechee,African American,Culture",3.99,USD,false,WORLD,al-toughness.epub
Book all-busi,,Darryl Elliott Brown,Book all-busi — Gullah Geechee Biz publication.,en,,all-business,Gullah Geechee Biz,2026-08-30,Books > Self-Help > General,"Gullah Geechee,African American,Culture",3.99,USD,false,WORLD,all-business.epub
Book and-toma,,Darryl Elliott Brown,Book and-toma — Gullah Geechee Biz publication.,en,,and-tomatoes,Gullah Geechee Biz,2026-08-30,Books > Self-Help > General,"Gullah Geechee,African American,Culture",3.99,USD,false,WORLD,and-tomatoes.epub
Book ant-prop,,Darryl Elliott Brown,Book ant-prop — Gullah Geechee Biz publication.,en,,ant-proposal,Gullah Geechee Biz,2026-08-30,Books > Self-Help > General,"Gullah Geechee,African American,Culture",3.99,USD,false,WORLD,ant-proposal.epub
Book ass-lemo,,Darryl Elliott Brown,Book ass-lemo — Gullah Geechee Biz publication.,en,,ass-lemonade,Gullah Geechee Biz,2026-08-30,Books > Self-Help > General,"Gullah Geechee,African American,Culture",3.99,USD,false,WORLD,ass-lemonade.epub
Book ate-pati,,Darryl Elliott Brown,Book ate-pati — Gullah Geechee Biz publication.,en,,ate-patience,Gullah Geechee Biz,2026-08-30,Books > Self-Help > General,"Gullah Geechee,African American,Culture",3.99,USD,false,WORLD,ate-patience.epub
Book b000b564,,Darryl Elliott Brown,Book b000b564 — Gullah Geechee Biz publication.,en,,b000b564ee9c,Gullah Geechee Biz,2026-08-30,Books > Self-Help > General,"Gullah Geechee,African American,Culture",3.99,USD,false,WORLD,b000b564ee9c.epub
Book b0fb3ece,,Darryl Elliott Brown,Book b0fb3ece — Gullah Geechee Biz publication.,en,,b0fb3eceeeb3,Gullah Geechee Biz,2026-08-30,Books > Self-Help > General,"Gullah Geechee,African American,Culture",3.99,USD,false,WORLD,b0fb3eceeeb3.epub
Book b1d8b860,,Darryl Elliott Brown,Book b1d8b860 — Gullah Geechee Biz publication.,en,,b1d8b860b015,Gullah Geechee Biz,2026-08-30,Books > Self-Help > General,"Gullah Geechee,African American,Culture",3.99,USD,false,WORLD,b1d8b860b015.epub
Book b278450e,,Darryl Elliott Brown,Book b278450e — Gullah Geechee Biz publication.,en,,b278450e7205,Gullah Geechee Biz,2026-08-30,Books > Self-Help > General,"Gullah Geechee,African American,Culture",3.99,USD,false,WORLD,b278450e7205.epub
Book b332b9b0,,Darryl Elliott Brown,Book b332b9b0 — Gullah Geechee Biz publication.,en,,b332b9b06e03,Gullah Geechee Biz,2026-08-30,Books > Self-Help > General,"Gullah Geechee,African American,Culture",3.99,USD,false,WORLD,b332b9b06e03.epub
Book b3ba59cd,,Darryl Elliott Brown,Book b3ba59cd — Gullah Geechee Biz publication.,en,,b3ba59cd4dc2,Gullah Geechee Biz,2026-08-30,Books > Self-Help > General,"Gullah Geechee,African American,Culture",3.99,USD,false,WORLD,b3ba59cd4dc2.epub
Book b3f4afeb,,Darryl Elliott Brown,Book b3f4afeb — Gullah Geechee Biz publication.,en,,b3f4afebf2fe,Gullah Geechee Biz,2026-08-30,Books > Self-Help > General,"Gullah Geechee,African American,Culture",3.99,USD,false,WORLD,b3f4afebf2fe.epub
Book b68ba3e4,,Darryl Elliott Brown,Book b68ba3e4 — Gullah Geechee Biz publication.,en,,b68ba3e4142c,Gullah Geechee Biz,2026-08-30,Books > Self-Help > General,"Gullah Geechee,African American,Culture",3.99,USD,false,WORLD,b68ba3e4142c.epub
Book b8573acd,,Darryl Elliott Brown,Book b8573acd — Gullah Geechee Biz publication.,en,,b8573acde2f7,Gullah Geechee Biz,2026-08-30,Books > Self-Help > General,"Gullah Geechee,African American,Culture",3.99,USD,false,WORLD,b8573acde2f7.epub
Book bbce1491,,Darryl Elliott Brown,Book bbce1491 — Gullah Geechee Biz publication.,en,,bbce14917965,Gullah Geechee Biz,2026-08-30,Books > Self-Help > General,"Gullah Geechee,African American,Culture",3.99,USD,false,WORLD,bbce14917965.epub
Book bc6d77a9,,Darryl Elliott Brown,Book bc6d77a9 — Gullah Geechee Biz publication.,en,,bc6d77a9ee1d,Gullah Geechee Biz,2026-08-30,Books > Self-Help > General,"Gullah Geechee,African American,Culture",3.99,USD,false,WORLD,bc6d77a9ee1d.epub
Book bc78ed90,,Darryl Elliott Brown,Book bc78ed90 — Gullah Geechee Biz publication.,en,,bc78ed9037dd,Gullah Geechee Biz,2026-08-30,Books > Self-Help > General,"Gullah Geechee,African American,Culture",3.99,USD,false,WORLD,bc78ed9037dd.epub
Book be877628,,Darryl Elliott Brown,Book be877628 — Gullah Geechee Biz publication.,en,,be877628f142,Gullah Geechee Biz,2026-08-30,Books > Self-Help > General,"Gullah Geechee,African American,Culture",3.99,USD,false,WORLD,be877628f142.epub
Book benne-wa,,Darryl Elliott Brown,Book benne-wa — Gullah Geechee Biz publication.,en,,benne-wafers,Gullah Geechee Biz,2026-08-30,Books > Self-Help > General,"Gullah Geechee,African American,Culture",3.99,USD,false,WORLD,benne-wafers.epub
Book better-d,,Darryl Elliott Brown,Book better-d — Gullah Geechee Biz publication.,en,,better-deals,Gullah Geechee Biz,2026-08-30,Books > Self-Help > General,"Gullah Geechee,African American,Culture",3.99,USD,false,WORLD,better-deals.epub
Book bf77e6db,,Darryl Elliott Brown,Book bf77e6db — Gullah Geechee Biz publication.,en,,bf77e6db1440,Gullah Geechee Biz,2026-08-30,Books > Self-Help > General,"Gullah Geechee,African American,Culture",3.99,USD,false,WORLD,bf77e6db1440.epub
Book bfae9680,,Darryl Elliott Brown,Book bfae9680 — Gullah Geechee Biz publication.,en,,bfae96804617,Gullah Geechee Biz,2026-08-30,Books > Self-Help > General,"Gullah Geechee,African American,Culture",3.99,USD,false,WORLD,bfae96804617.epub
Book bits-for,,Darryl Elliott Brown,Book bits-for — Gullah Geechee Biz publication.,en,,bits-forever,Gullah Geechee Biz,2026-08-30,Books > Self-Help > General,"Gullah Geechee,African American,Culture",3.99,USD,false,WORLD,bits-forever.epub
Book build-vi,,Darryl Elliott Brown,Book build-vi — Gullah Geechee Biz publication.,en,,build-vision,Gullah Geechee Biz,2026-08-30,Books > Self-Help > General,"Gullah Geechee,African American,Culture",3.99,USD,false,WORLD,build-vision.epub
Book c2dc066f,,Darryl Elliott Brown,Book c2dc066f — Gullah Geechee Biz publication.,en,,c2dc066fc484,Gullah Geechee Biz,2026-08-30,Books > Self-Help > General,"Gullah Geechee,African American,Culture",3.99,USD,false,WORLD,c2dc066fc484.epub
Book c3517c4a,,Darryl Elliott Brown,Book c3517c4a — Gullah Geechee Biz publication.,en,,c3517c4a2127,Gullah Geechee Biz,2026-08-30,Books > Self-Help > General,"Gullah Geechee,African American,Culture",3.99,USD,false,WORLD,c3517c4a2127.epub
Book c4f6f138,,Darryl Elliott Brown,Book c4f6f138 — Gullah Geechee Biz publication.,en,,c4f6f13825a2,Gullah Geechee Biz,2026-08-30,Books > Self-Help > General,"Gullah Geechee,African American,Culture",3.99,USD,false,WORLD,c4f6f13825a2.epub
Book c5ce324b,,Darryl Elliott Brown,Book c5ce324b — Gullah Geechee Biz publication.,en,,c5ce324b1465,Gullah Geechee Biz,2026-08-30,Books > Self-Help > General,"Gullah Geechee,African American,Culture",3.99,USD,false,WORLD,c5ce324b1465.epub
Book c6683110,,Darryl Elliott Brown,Book c6683110 — Gullah Geechee Biz publication.,en,,c6683110b6a6,Gullah Geechee Biz,2026-08-30,Books > Self-Help > General,"Gullah Geechee,African American,Culture",3.99,USD,false,WORLD,c6683110b6a6.epub
Book c78afb82,,Darryl Elliott Brown,Book c78afb82 — Gullah Geechee Biz publication.,en,,c78afb822765,Gullah Geechee Biz,2026-08-30,Books > Self-Help > General,"Gullah Geechee,African American,Culture",3.99,USD,false,WORLD,c78afb822765.epub
Book c7a994c7,,Darryl Elliott Brown,Book c7a994c7 — Gullah Geechee Biz publication.,en,,c7a994c7cb47,Gullah Geechee Biz,2026-08-30,Books > Self-Help > General,"Gullah Geechee,African American,Culture",3.99,USD,false,WORLD,c7a994c7cb47.epub
Book c90fa169,,Darryl Elliott Brown,Book c90fa169 — Gullah Geechee Biz publication.,en,,c90fa1695b0b,Gullah Geechee Biz,2026-08-30,Books > Self-Help > General,"Gullah Geechee,African American,Culture",3.99,USD,false,WORLD,c90fa1695b0b.epub
Book c946948d,,Darryl Elliott Brown,Book c946948d — Gullah Geechee Biz publication.,en,,c946948db645,Gullah Geechee Biz,2026-08-30,Books > Self-Help > General,"Gullah Geechee,African American,Culture",3.99,USD,false,WORLD,c946948db645.epub
Book c97abc09,,Darryl Elliott Brown,Book c97abc09 — Gullah Geechee Biz publication.,en,,c97abc096fdd,Gullah Geechee Biz,2026-08-30,Books > Self-Help > General,"Gullah Geechee,African American,Culture",3.99,USD,false,WORLD,c97abc096fdd.epub
Book caf20f02,,Darryl Elliott Brown,Book caf20f02 — Gullah Geechee Biz publication.,en,,caf20f024e88,Gullah Geechee Biz,2026-08-30,Books > Self-Help > General,"Gullah Geechee,African American,Culture",3.99,USD,false,WORLD,caf20f024e88.epub
Book camp-coo,,Darryl Elliott Brown,Book camp-coo — Gullah Geechee Biz publication.,en,,camp-cooking,Gullah Geechee Biz,2026-08-30,Books > Self-Help > General,"Gullah Geechee,African American,Culture",3.99,USD,false,WORLD,camp-cooking.epub
Book cbd48e74,,Darryl Elliott Brown,Book cbd48e74 — Gullah Geechee Biz publication.,en,,cbd48e7475e7,Gullah Geechee Biz,2026-08-30,Books > Self-Help > General,"Gullah Geechee,African American,Culture",3.99,USD,false,WORLD,cbd48e7475e7.epub
Book cbee50d1,,Darryl Elliott Brown,Book cbee50d1 — Gullah Geechee Biz publication.,en,,cbee50d1cfdb,Gullah Geechee Biz,2026-08-30,Books > Self-Help > General,"Gullah Geechee,African American,Culture",3.99,USD,false,WORLD,cbee50d1cfdb.epub
Book cbf1fd98,,Darryl Elliott Brown,Book cbf1fd98 — Gullah Geechee Biz publication.,en,,cbf1fd98f39c,Gullah Geechee Biz,2026-08-30,Books > Self-Help > General,"Gullah Geechee,African American,Culture",3.99,USD,false,WORLD,cbf1fd98f39c.epub
Book ce7e9027,,Darryl Elliott Brown,Book ce7e9027 — Gullah Geechee Biz publication.,en,,ce7e9027f633,Gullah Geechee Biz,2026-08-30,Books > Self-Help > General,"Gullah Geechee,African American,Culture",3.99,USD,false,WORLD,ce7e9027f633.epub
Book cf95cfea,,Darryl Elliott Brown,Book cf95cfea — Gullah Geechee Biz publication.,en,,cf95cfea4eef,Gullah Geechee Biz,2026-08-30,Books > Self-Help > General,"Gullah Geechee,African American,Culture",3.99,USD,false,WORLD,cf95cfea4eef.epub
Book chicken-,,Darryl Elliott Brown,Book chicken- — Gullah Geechee Biz publication.,en,,chicken-soup,Gullah Geechee Biz,2026-08-30,Books > Self-Help > General,"Gullah Geechee,African American,Culture",3.99,USD,false,WORLD,chicken-soup.epub
Book ckled-sh,,Darryl Elliott Brown,Book ckled-sh — Gullah Geechee Biz publication.,en,,ckled-shrimp,Gullah Geechee Biz,2026-08-30,Books > Self-Help > General,"Gullah Geechee,African American,Culture",3.99,USD,false,WORLD,ckled-shrimp.epub
Book country-,,Darryl Elliott Brown,Book country- — Gullah Geechee Biz publication.,en,,country-boil,Gullah Geechee Biz,2026-08-30,Books > Self-Help > General,"Gullah Geechee,African American,Culture",3.99,USD,false,WORLD,country-boil.epub
Book d-connec,,Darryl Elliott Brown,Book d-connec — Gullah Geechee Biz publication.,en,,d-connection,Gullah Geechee Biz,2026-08-30,Books > Self-Help > General,"Gullah Geechee,African American,Culture",3.99,USD,false,WORLD,d-connection.epub
Book d-reflec,,Darryl Elliott Brown,Book d-reflec — Gullah Geechee Biz publication.,en,,d-reflection,Gullah Geechee Biz,2026-08-30,Books > Self-Help > General,"Gullah Geechee,African American,Culture",3.99,USD,false,WORLD,d-reflection.epub
Book d-season,,Darryl Elliott Brown,Book d-season — Gullah Geechee Biz publication.,en,,d-seasonings,Gullah Geechee Biz,2026-08-30,Books > Self-Help > General,"Gullah Geechee,African American,Culture",3.99,USD,false,WORLD,d-seasonings.epub
Book d-simpli,,Darryl Elliott Brown,Book d-simpli — Gullah Geechee Biz publication.,en,,d-simplicity,Gullah Geechee Biz,2026-08-30,Books > Self-Help > General,"Gullah Geechee,African American,Culture",3.99,USD,false,WORLD,d-simplicity.epub
Book d-that-w,,Darryl Elliott Brown,Book d-that-w — Gullah Geechee Biz publication.,en,,d-that-works,Gullah Geechee Biz,2026-08-30,Books > Self-Help > General,"Gullah Geechee,African American,Culture",3.99,USD,false,WORLD,d-that-works.epub
Book d196462c,,Darryl Elliott Brown,Book d196462c — Gullah Geechee Biz publication.,en,,d196462caac1,Gullah Geechee Biz,2026-08-30,Books > Self-Help > General,"Gullah Geechee,African American,Culture",3.99,USD,false,WORLD,d196462caac1.epub
Book d25d4079,,Darryl Elliott Brown,Book d25d4079 — Gullah Geechee Biz publication.,en,,d25d4079ad3a,Gullah Geechee Biz,2026-08-30,Books > Self-Help > General,"Gullah Geechee,African American,Culture",3.99,USD,false,WORLD,d25d4079ad3a.epub
Book d2a271ea,,Darryl Elliott Brown,Book d2a271ea — Gullah Geechee Biz publication.,en,,d2a271ea8e54,Gullah Geechee Biz,2026-08-30,Books > Self-Help > General,"Gullah Geechee,African American,Culture",3.99,USD,false,WORLD,d2a271ea8e54.epub
Book d2f1381b,,Darryl Elliott Brown,Book d2f1381b — Gullah Geechee Biz publication.,en,,d2f1381b7faf,Gullah Geechee Biz,2026-08-30,Books > Self-Help > General,"Gullah Geechee,African American,Culture",3.99,USD,false,WORLD,d2f1381b7faf.epub
Book d3d595e8,,Darryl Elliott Brown,Book d3d595e8 — Gullah Geechee Biz publication.,en,,d3d595e890f6,Gullah Geechee Biz,2026-08-30,Books > Self-Help > General,"Gullah Geechee,African American,Culture",3.99,USD,false,WORLD,d3d595e890f6.epub
Book d48a7269,,Darryl Elliott Brown,Book d48a7269 — Gullah Geechee Biz publication.,en,,d48a72694278,Gullah Geechee Biz,2026-08-30,Books > Self-Help > General,"Gullah Geechee,African American,Culture",3.99,USD,false,WORLD,d48a72694278.epub
Book d4e3f757,,Darryl Elliott Brown,Book d4e3f757 — Gullah Geechee Biz publication.,en,,d4e3f757a52f,Gullah Geechee Biz,2026-08-30,Books > Self-Help > General,"Gullah Geechee,African American,Culture",3.99,USD,false,WORLD,d4e3f757a52f.epub
Book d50e9476,,Darryl Elliott Brown,Book d50e9476 — Gullah Geechee Biz publication.,en,,d50e9476d3d8,Gullah Geechee Biz,2026-08-30,Books > Self-Help > General,"Gullah Geechee,African American,Culture",3.99,USD,false,WORLD,d50e9476d3d8.epub
Book d5c2f1ec,,Darryl Elliott Brown,Book d5c2f1ec — Gullah Geechee Biz publication.,en,,d5c2f1ece3ec,Gullah Geechee Biz,2026-08-30,Books > Self-Help > General,"Gullah Geechee,African American,Culture",3.99,USD,false,WORLD,d5c2f1ece3ec.epub
Book d6c295e9,,Darryl Elliott Brown,Book d6c295e9 — Gullah Geechee Biz publication.,en,,d6c295e9f582,Gullah Geechee Biz,2026-08-30,Books > Self-Help > General,"Gullah Geechee,African American,Culture",3.99,USD,false,WORLD,d6c295e9f582.epub
Book d6ed863b,,Darryl Elliott Brown,Book d6ed863b — Gullah Geechee Biz publication.,en,,d6ed863be738,Gullah Geechee Biz,2026-08-30,Books > Self-Help > General,"Gullah Geechee,African American,Culture",3.99,USD,false,WORLD,d6ed863be738.epub
Book d7238583,,Darryl Elliott Brown,Book d7238583 — Gullah Geechee Biz publication.,en,,d7238583d1fc,Gullah Geechee Biz,2026-08-30,Books > Self-Help > General,"Gullah Geechee,African American,Culture",3.99,USD,false,WORLD,d7238583d1fc.epub
Book d7954d3b,,Darryl Elliott Brown,Book d7954d3b — Gullah Geechee Biz publication.,en,,d7954d3b684a,Gullah Geechee Biz,2026-08-30,Books > Self-Help > General,"Gullah Geechee,African American,Culture",3.99,USD,false,WORLD,d7954d3b684a.epub
Book d9218b25,,Darryl Elliott Brown,Book d9218b25 — Gullah Geechee Biz publication.,en,,d9218b25eca7,Gullah Geechee Biz,2026-08-30,Books > Self-Help > General,"Gullah Geechee,African American,Culture",3.99,USD,false,WORLD,d9218b25eca7.epub
Book daacab5b,,Darryl Elliott Brown,Book daacab5b — Gullah Geechee Biz publication.,en,,daacab5b2204,Gullah Geechee Biz,2026-08-30,Books > Self-Help > General,"Gullah Geechee,African American,Culture",3.99,USD,false,WORLD,daacab5b2204.epub
Book db1bca69,,Darryl Elliott Brown,Book db1bca69 — Gullah Geechee Biz publication.,en,,db1bca69b7d8,Gullah Geechee Biz,2026-08-30,Books > Self-Help > General,"Gullah Geechee,African American,Culture",3.99,USD,false,WORLD,db1bca69b7d8.epub
Book db4f4aef,,Darryl Elliott Brown,Book db4f4aef — Gullah Geechee Biz publication.,en,,db4f4aef54ad,Gullah Geechee Biz,2026-08-30,Books > Self-Help > General,"Gullah Geechee,African American,Culture",3.99,USD,false,WORLD,db4f4aef54ad.epub
Book db5316d6,,Darryl Elliott Brown,Book db5316d6 — Gullah Geechee Biz publication.,en,,db5316d62294,Gullah Geechee Biz,2026-08-30,Books > Self-Help > General,"Gullah Geechee,African American,Culture",3.99,USD,false,WORLD,db5316d62294.epub
Book dd3cdb55,,Darryl Elliott Brown,Book dd3cdb55 — Gullah Geechee Biz publication.,en,,dd3cdb5521b2,Gullah Geechee Biz,2026-08-30,Books > Self-Help > General,"Gullah Geechee,African American,Culture",3.99,USD,false,WORLD,dd3cdb5521b2.epub
Book ddb233d9,,Darryl Elliott Brown,Book ddb233d9 — Gullah Geechee Biz publication.,en,,ddb233d9518f,Gullah Geechee Biz,2026-08-30,Books > Self-Help > General,"Gullah Geechee,African American,Culture",3.99,USD,false,WORLD,ddb233d9518f.epub
Book ddc4f5ad,,Darryl Elliott Brown,Book ddc4f5ad — Gullah Geechee Biz publication.,en,,ddc4f5ad922b,Gullah Geechee Biz,2026-08-30,Books > Self-Help > General,"Gullah Geechee,African American,Culture",3.99,USD,false,WORLD,ddc4f5ad922b.epub
Book de-to-wi,,Darryl Elliott Brown,Book de-to-wi — Gullah Geechee Biz publication.,en,,de-to-wisdom,Gullah Geechee Biz,2026-08-30,Books > Self-Help > General,"Gullah Geechee,African American,Culture",3.99,USD,false,WORLD,de-to-wisdom.epub
Book df001899,,Darryl Elliott Brown,Book df001899 — Gullah Geechee Biz publication.,en,,df0018997663,Gullah Geechee Biz,2026-08-30,Books > Self-Help > General,"Gullah Geechee,African American,Culture",3.99,USD,false,WORLD,df0018997663.epub
Book df1a6489,,Darryl Elliott Brown,Book df1a6489 — Gullah Geechee Biz publication.,en,,df1a6489fdca,Gullah Geechee Biz,2026-08-30,Books > Self-Help > General,"Gullah Geechee,African American,Culture",3.99,USD,false,WORLD,df1a6489fdca.epub
Book dfc7f181,,Darryl Elliott Brown,Book dfc7f181 — Gullah Geechee Biz publication.,en,,dfc7f181a8ad,Gullah Geechee Biz,2026-08-30,Books > Self-Help > General,"Gullah Geechee,African American,Culture",3.99,USD,false,WORLD,dfc7f181a8ad.epub
Book e-appeti,,Darryl Elliott Brown,Book e-appeti — Gullah Geechee Biz publication.,en,,e-appetizers,Gullah Geechee Biz,2026-08-30,Books > Self-Help > General,"Gullah Geechee,African American,Culture",3.99,USD,false,WORLD,e-appetizers.epub
Book e-condim,,Darryl Elliott Brown,Book e-condim — Gullah Geechee Biz publication.,en,,e-condiments,Gullah Geechee Biz,2026-08-30,Books > Self-Help > General,"Gullah Geechee,African American,Culture",3.99,USD,false,WORLD,e-condiments.epub
Book e-confid,,Darryl Elliott Brown,Book e-confid — Gullah Geechee Biz publication.,en,,e-confidence,Gullah Geechee Biz,2026-08-30,Books > Self-Help > General,"Gullah Geechee,African American,Culture",3.99,USD,false,WORLD,e-confidence.epub
Book e-to-har,,Darryl Elliott Brown,Book e-to-har — Gullah Geechee Biz publication.,en,,e-to-harmony,Gullah Geechee Biz,2026-08-30,Books > Self-Help > General,"Gullah Geechee,African American,Culture",3.99,USD,false,WORLD,e-to-harmony.epub
Book e2a9c038,,Darryl Elliott Brown,Book e2a9c038 — Gullah Geechee Biz publication.,en,,e2a9c038544e,Gullah Geechee Biz,2026-08-30,Books > Self-Help > General,"Gullah Geechee,African American,Culture",3.99,USD,false,WORLD,e2a9c038544e.epub
Book e30e9a89,,Darryl Elliott Brown,Book e30e9a89 — Gullah Geechee Biz publication.,en,,e30e9a89821d,Gullah Geechee Biz,2026-08-30,Books > Self-Help > General,"Gullah Geechee,African American,Culture",3.99,USD,false,WORLD,e30e9a89821d.epub
Book e3798191,,Darryl Elliott Brown,Book e3798191 — Gullah Geechee Biz publication.,en,,e37981913fa4,Gullah Geechee Biz,2026-08-30,Books > Self-Help > General,"Gullah Geechee,African American,Culture",3.99,USD,false,WORLD,e37981913fa4.epub
Book e399bc98,,Darryl Elliott Brown,Book e399bc98 — Gullah Geechee Biz publication.,en,,e399bc982104,Gullah Geechee Biz,2026-08-30,Books > Self-Help > General,"Gullah Geechee,African American,Culture",3.99,USD,false,WORLD,e399bc982104.epub
Book e410f26c,,Darryl Elliott Brown,Book e410f26c — Gullah Geechee Biz publication.,en,,e410f26cc7c3,Gullah Geechee Biz,2026-08-30,Books > Self-Help > General,"Gullah Geechee,African American,Culture",3.99,USD,false,WORLD,e410f26cc7c3.epub
Book e883b38f,,Darryl Elliott Brown,Book e883b38f — Gullah Geechee Biz publication.,en,,e883b38f9178,Gullah Geechee Biz,2026-08-30,Books > Self-Help > General,"Gullah Geechee,African American,Culture",3.99,USD,false,WORLD,e883b38f9178.epub
Book e8ee1f50,,Darryl Elliott Brown,Book e8ee1f50 — Gullah Geechee Biz publication.,en,,e8ee1f50dc4b,Gullah Geechee Biz,2026-08-30,Books > Self-Help > General,"Gullah Geechee,African American,Culture",3.99,USD,false,WORLD,e8ee1f50dc4b.epub
Book e9e8ffb3,,Darryl Elliott Brown,Book e9e8ffb3 — Gullah Geechee Biz publication.,en,,e9e8ffb3cd06,Gullah Geechee Biz,2026-08-30,Books > Self-Help > General,"Gullah Geechee,African American,Culture",3.99,USD,false,WORLD,e9e8ffb3cd06.epub
Book ea2ecdc3,,Darryl Elliott Brown,Book ea2ecdc3 — Gullah Geechee Biz publication.,en,,ea2ecdc34bce,Gullah Geechee Biz,2026-08-30,Books > Self-Help > General,"Gullah Geechee,African American,Culture",3.99,USD,false,WORLD,ea2ecdc34bce.epub
Book ea41a8ad,,Darryl Elliott Brown,Book ea41a8ad — Gullah Geechee Biz publication.,en,,ea41a8add5c9,Gullah Geechee Biz,2026-08-30,Books > Self-Help > General,"Gullah Geechee,African American,Culture",3.99,USD,false,WORLD,ea41a8add5c9.epub
Book ed-every,,Darryl Elliott Brown,Book ed-every — Gullah Geechee Biz publication.,en,,ed-every-day,Gullah Geechee Biz,2026-08-30,Books > Self-Help > General,"Gullah Geechee,African American,Culture",3.99,USD,false,WORLD,ed-every-day.epub
Book ed7a6843,,Darryl Elliott Brown,Book ed7a6843 — Gullah Geechee Biz publication.,en,,ed7a6843ab37,Gullah Geechee Biz,2026-08-30,Books > Self-Help > General,"Gullah Geechee,African American,Culture",3.99,USD,false,WORLD,ed7a6843ab37.epub
Book edd571bb,,Darryl Elliott Brown,Book edd571bb — Gullah Geechee Biz publication.,en,,edd571bbcc5d,Gullah Geechee Biz,2026-08-30,Books > Self-Help > General,"Gullah Geechee,African American,Culture",3.99,USD,false,WORLD,edd571bbcc5d.epub
Book ee-bever,,Darryl Elliott Brown,Book ee-bever — Gullah Geechee Biz publication.,en,,ee-beverages,Gullah Geechee Biz,2026-08-30,Books > Self-Help > General,"Gullah Geechee,African American,Culture",3.99,USD,false,WORLD,ee-beverages.epub
Book ee-meal-,,Darryl Elliott Brown,Book ee-meal- — Gullah Geechee Biz publication.,en,,ee-meal-prep,Gullah Geechee Biz,2026-08-30,Books > Self-Help > General,"Gullah Geechee,African American,Culture",3.99,USD,false,WORLD,ee-meal-prep.epub
Book ee-smoot,,Darryl Elliott Brown,Book ee-smoot — Gullah Geechee Biz publication.,en,,ee-smoothies,Gullah Geechee Biz,2026-08-30,Books > Self-Help > General,"Gullah Geechee,African American,Culture",3.99,USD,false,WORLD,ee-smoothies.epub
Book ee0dafd7,,Darryl Elliott Brown,Book ee0dafd7 — Gullah Geechee Biz publication.,en,,ee0dafd7c605,Gullah Geechee Biz,2026-08-30,Books > Self-Help > General,"Gullah Geechee,African American,Culture",3.99,USD,false,WORLD,ee0dafd7c605.epub
Book ee406a18,,Darryl Elliott Brown,Book ee406a18 — Gullah Geechee Biz publication.,en,,ee406a18b3f1,Gullah Geechee Biz,2026-08-30,Books > Self-Help > General,"Gullah Geechee,African American,Culture",3.99,USD,false,WORLD,ee406a18b3f1.epub
Book eefbade0,,Darryl Elliott Brown,Book eefbade0 — Gullah Geechee Biz publication.,en,,eefbade0742d,Gullah Geechee Biz,2026-08-30,Books > Self-Help > General,"Gullah Geechee,African American,Culture",3.99,USD,false,WORLD,eefbade0742d.epub
Book ef8498b4,,Darryl Elliott Brown,Book ef8498b4 — Gullah Geechee Biz publication.,en,,ef8498b4f536,Gullah Geechee Biz,2026-08-30,Books > Self-Help > General,"Gullah Geechee,African American,Culture",3.99,USD,false,WORLD,ef8498b4f536.epub
Book elations,,Darryl Elliott Brown,Book elations — Gullah Geechee Biz publication.,en,,elationships,Gullah Geechee Biz,2026-08-30,Books > Self-Help > General,"Gullah Geechee,African American,Culture",3.99,USD,false,WORLD,elationships.epub
Book enne-chi,,Darryl Elliott Brown,Book enne-chi — Gullah Geechee Biz publication.,en,,enne-chicken,Gullah Geechee Biz,2026-08-30,Books > Self-Help > General,"Gullah Geechee,African American,Culture",3.99,USD,false,WORLD,enne-chicken.epub
Book ent-stra,,Darryl Elliott Brown,Book ent-stra — Gullah Geechee Biz publication.,en,,ent-strategy,Gullah Geechee Biz,2026-08-30,Books > Self-Help > General,"Gullah Geechee,African American,Culture",3.99,USD,false,WORLD,ent-strategy.epub
Book erfectio,,Darryl Elliott Brown,Book erfectio — Gullah Geechee Biz publication.,en,,erfectionism,Gullah Geechee Biz,2026-08-30,Books > Self-Help > General,"Gullah Geechee,African American,Culture",3.99,USD,false,WORLD,erfectionism.epub
Book ess-fina,,Darryl Elliott Brown,Book ess-fina — Gullah Geechee Biz publication.,en,,ess-finances,Gullah Geechee Biz,2026-08-30,Books > Self-Help > General,"Gullah Geechee,African American,Culture",3.99,USD,false,WORLD,ess-finances.epub
Book ess-plan,,Darryl Elliott Brown,Book ess-plan — Gullah Geechee Biz publication.,en,,ess-planning,Gullah Geechee Biz,2026-08-30,Books > Self-Help > General,"Gullah Geechee,African American,Culture",3.99,USD,false,WORLD,ess-planning.epub
Book etermina,,Darryl Elliott Brown,Book etermina — Gullah Geechee Biz publication.,en,,etermination,Gullah Geechee Biz,2026-08-30,Books > Self-Help > General,"Gullah Geechee,African American,Culture",3.99,USD,false,WORLD,etermination.epub
Book eting-fu,,Darryl Elliott Brown,Book eting-fu — Gullah Geechee Biz publication.,en,,eting-funnel,Gullah Geechee Biz,2026-08-30,Books > Self-Help > General,"Gullah Geechee,African American,Culture",3.99,USD,false,WORLD,eting-funnel.epub
Book f-compas,,Darryl Elliott Brown,Book f-compas — Gullah Geechee Biz publication.,en,,f-compassion,Gullah Geechee Biz,2026-08-30,Books > Self-Help > General,"Gullah Geechee,African American,Culture",3.99,USD,false,WORLD,f-compassion.epub
Book f06af6b6,,Darryl Elliott Brown,Book f06af6b6 — Gullah Geechee Biz publication.,en,,f06af6b63903,Gullah Geechee Biz,2026-08-30,Books > Self-Help > General,"Gullah Geechee,African American,Culture",3.99,USD,false,WORLD,f06af6b63903.epub
Book f1790773,,Darryl Elliott Brown,Book f1790773 — Gullah Geechee Biz publication.,en,,f1790773cd5b,Gullah Geechee Biz,2026-08-30,Books > Self-Help > General,"Gullah Geechee,African American,Culture",3.99,USD,false,WORLD,f1790773cd5b.epub
Book f2b8dc6b,,Darryl Elliott Brown,Book f2b8dc6b — Gullah Geechee Biz publication.,en,,f2b8dc6bc44f,Gullah Geechee Biz,2026-08-30,Books > Self-Help > General,"Gullah Geechee,African American,Culture",3.99,USD,false,WORLD,f2b8dc6bc44f.epub
Book f334e13a,,Darryl Elliott Brown,Book f334e13a — Gullah Geechee Biz publication.,en,,f334e13a67a3,Gullah Geechee Biz,2026-08-30,Books > Self-Help > General,"Gullah Geechee,African American,Culture",3.99,USD,false,WORLD,f334e13a67a3.epub
Book f3d4a3ee,,Darryl Elliott Brown,Book f3d4a3ee — Gullah Geechee Biz publication.,en,,f3d4a3ee1195,Gullah Geechee Biz,2026-08-30,Books > Self-Help > General,"Gullah Geechee,African American,Culture",3.99,USD,false,WORLD,f3d4a3ee1195.epub
Book f3e7aca9,,Darryl Elliott Brown,Book f3e7aca9 — Gullah Geechee Biz publication.,en,,f3e7aca98ff7,Gullah Geechee Biz,2026-08-30,Books > Self-Help > General,"Gullah Geechee,African American,Culture",3.99,USD,false,WORLD,f3e7aca98ff7.epub
Book f3e7dfdc,,Darryl Elliott Brown,Book f3e7dfdc — Gullah Geechee Biz publication.,en,,f3e7dfdc14ea,Gullah Geechee Biz,2026-08-30,Books > Self-Help > General,"Gullah Geechee,African American,Culture",3.99,USD,false,WORLD,f3e7dfdc14ea.epub
Book f4618923,,Darryl Elliott Brown,Book f4618923 — Gullah Geechee Biz publication.,en,,f4618923ddb3,Gullah Geechee Biz,2026-08-30,Books > Self-Help > General,"Gullah Geechee,African American,Culture",3.99,USD,false,WORLD,f4618923ddb3.epub
Book f53821c8,,Darryl Elliott Brown,Book f53821c8 — Gullah Geechee Biz publication.,en,,f53821c8cecc,Gullah Geechee Biz,2026-08-30,Books > Self-Help > General,"Gullah Geechee,African American,Culture",3.99,USD,false,WORLD,f53821c8cecc.epub
Book f53a5885,,Darryl Elliott Brown,Book f53a5885 — Gullah Geechee Biz publication.,en,,f53a58854733,Gullah Geechee Biz,2026-08-30,Books > Self-Help > General,"Gullah Geechee,African American,Culture",3.99,USD,false,WORLD,f53a58854733.epub
Book f6713083,,Darryl Elliott Brown,Book f6713083 — Gullah Geechee Biz publication.,en,,f6713083eb08,Gullah Geechee Biz,2026-08-30,Books > Self-Help > General,"Gullah Geechee,African American,Culture",3.99,USD,false,WORLD,f6713083eb08.epub
Book f7f89526,,Darryl Elliott Brown,Book f7f89526 — Gullah Geechee Biz publication.,en,,f7f895261646,Gullah Geechee Biz,2026-08-30,Books > Self-Help > General,"Gullah Geechee,African American,Culture",3.99,USD,false,WORLD,f7f895261646.epub
Book f83ffd87,,Darryl Elliott Brown,Book f83ffd87 — Gullah Geechee Biz publication.,en,,f83ffd87acf7,Gullah Geechee Biz,2026-08-30,Books > Self-Help > General,"Gullah Geechee,African American,Culture",3.99,USD,false,WORLD,f83ffd87acf7.epub
Book fb6d70ee,,Darryl Elliott Brown,Book fb6d70ee — Gullah Geechee Biz publication.,en,,fb6d70eed2a0,Gullah Geechee Biz,2026-08-30,Books > Self-Help > General,"Gullah Geechee,African American,Culture",3.99,USD,false,WORLD,fb6d70eed2a0.epub
Book fc09bf79,,Darryl Elliott Brown,Book fc09bf79 — Gullah Geechee Biz publication.,en,,fc09bf793674,Gullah Geechee Biz,2026-08-30,Books > Self-Help > General,"Gullah Geechee,African American,Culture",3.99,USD,false,WORLD,fc09bf793674.epub
Book fda3c909,,Darryl Elliott Brown,Book fda3c909 — Gullah Geechee Biz publication.,en,,fda3c9090bda,Gullah Geechee Biz,2026-08-30,Books > Self-Help > General,"Gullah Geechee,African American,Culture",3.99,USD,false,WORLD,fda3c9090bda.epub
Book fe83f308,,Darryl Elliott Brown,Book fe83f308 — Gullah Geechee Biz publication.,en,,fe83f3082fc6,Gullah Geechee Biz,2026-08-30,Books > Self-Help > General,"Gullah Geechee,African American,Culture",3.99,USD,false,WORLD,fe83f3082fc6.epub
Book feb6c997,,Darryl Elliott Brown,Book feb6c997 — Gullah Geechee Biz publication.,en,,feb6c9979599,Gullah Geechee Biz,2026-08-30,Books > Self-Help > General,"Gullah Geechee,African American,Culture",3.99,USD,false,WORLD,feb6c9979599.epub
Book ff853ced,,Darryl Elliott Brown,Book ff853ced — Gullah Geechee Biz publication.,en,,ff853ced2a51,Gullah Geechee Biz,2026-08-30,Books > Self-Help > General,"Gullah Geechee,African American,Culture",3.99,USD,false,WORLD,ff853ced2a51.epub
Book for-busi,,Darryl Elliott Brown,Book for-busi — Gullah Geechee Biz publication.,en,,for-business,Gullah Geechee Biz,2026-08-30,Books > Self-Help > General,"Gullah Geechee,African American,Culture",3.99,USD,false,WORLD,for-business.epub
Book from-scr,,Darryl Elliott Brown,Book from-scr — Gullah Geechee Biz publication.,en,,from-scratch,Gullah Geechee Biz,2026-08-30,Books > Self-Help > General,"Gullah Geechee,African American,Culture",3.99,USD,false,WORLD,from-scratch.epub
Book gullah-m,,Darryl Elliott Brown,Book gullah-m — Gullah Geechee Biz publication.,en,,gullah-meals,Gullah Geechee Biz,2026-08-30,Books > Self-Help > General,"Gullah Geechee,African American,Culture",3.99,USD,false,WORLD,gullah-meals.epub
Book h-pork-c,,Darryl Elliott Brown,Book h-pork-c — Gullah Geechee Biz publication.,en,,h-pork-chops,Gullah Geechee Biz,2026-08-30,Books > Self-Help > General,"Gullah Geechee,African American,Culture",3.99,USD,false,WORLD,h-pork-chops.epub
Book h-vegeta,,Darryl Elliott Brown,Book h-vegeta — Gullah Geechee Biz publication.,en,,h-vegetables,Gullah Geechee Biz,2026-08-30,Books > Self-Help > General,"Gullah Geechee,African American,Culture",3.99,USD,false,WORLD,h-vegetables.epub
Book he-right,,Darryl Elliott Brown,Book he-right — Gullah Geechee Biz publication.,en,,he-right-way,Gullah Geechee Biz,2026-08-30,Books > Self-Help > General,"Gullah Geechee,African American,Culture",3.99,USD,false,WORLD,he-right-way.epub
Book he-south,,Darryl Elliott Brown,Book he-south — Gullah Geechee Biz publication.,en,,he-southern-,Gullah Geechee Biz,2026-08-30,Books > Self-Help > General,"Gullah Geechee,African American,Culture",3.99,USD,false,WORLD,he-southern-.epub
Book ia-marke,,Darryl Elliott Brown,Book ia-marke — Gullah Geechee Biz publication.,en,,ia-marketing,Gullah Geechee Biz,2026-08-30,Books > Self-Help > General,"Gullah Geechee,African American,Culture",3.99,USD,false,WORLD,ia-marketing.epub
Book ial-lite,,Darryl Elliott Brown,Book ial-lite — Gullah Geechee Biz publication.,en,,ial-literacy,Gullah Geechee Biz,2026-08-30,Books > Self-Help > General,"Gullah Geechee,African American,Culture",3.99,USD,false,WORLD,ial-literacy.epub
Book ide-to-u,,Darryl Elliott Brown,Book ide-to-u — Gullah Geechee Biz publication.,en,,ide-to-unity,Gullah Geechee Biz,2026-08-30,Books > Self-Help > General,"Gullah Geechee,African American,Culture",3.99,USD,false,WORLD,ide-to-unity.epub
Book il-marke,,Darryl Elliott Brown,Book il-marke — Gullah Geechee Biz publication.,en,,il-marketing,Gullah Geechee Biz,2026-08-30,Books > Self-Help > General,"Gullah Geechee,African American,Culture",3.99,USD,false,WORLD,il-marketing.epub
Book iled-pea,,Darryl Elliott Brown,Book iled-pea — Gullah Geechee Biz publication.,en,,iled-peanuts,Gullah Geechee Biz,2026-08-30,Books > Self-Help > General,"Gullah Geechee,African American,Culture",3.99,USD,false,WORLD,iled-peanuts.epub
Book intellig,,Darryl Elliott Brown,Book intellig — Gullah Geechee Biz publication.,en,,intelligence,Gullah Geechee Biz,2026-08-30,Books > Self-Help > General,"Gullah Geechee,African American,Culture",3.99,USD,false,WORLD,intelligence.epub
Book ion-busi,,Darryl Elliott Brown,Book ion-busi — Gullah Geechee Biz publication.,en,,ion-business,Gullah Geechee Biz,2026-08-30,Books > Self-Help > General,"Gullah Geechee,African American,Culture",3.99,USD,false,WORLD,ion-business.epub
Book iron-coo,,Darryl Elliott Brown,Book iron-coo — Gullah Geechee Biz publication.,en,,iron-cooking,Gullah Geechee Biz,2026-08-30,Books > Self-Help > General,"Gullah Geechee,African American,Culture",3.99,USD,false,WORLD,iron-cooking.epub
Book ity-comm,,Darryl Elliott Brown,Book ity-comm — Gullah Geechee Biz publication.,en,,ity-commerce,Gullah Geechee Biz,2026-08-30,Books > Self-Help > General,"Gullah Geechee,African American,Culture",3.99,USD,false,WORLD,ity-commerce.epub
Book job-crea,,Darryl Elliott Brown,Book job-crea — Gullah Geechee Biz publication.,en,,job-creation,Gullah Geechee Biz,2026-08-30,Books > Self-Help > General,"Gullah Geechee,African American,Culture",3.99,USD,false,WORLD,job-creation.epub
Book k-like-a,,Darryl Elliott Brown,Book k-like-a — Gullah Geechee Biz publication.,en,,k-like-a-pro,Gullah Geechee Biz,2026-08-30,Books > Self-Help > General,"Gullah Geechee,African American,Culture",3.99,USD,false,WORLD,k-like-a-pro.epub
Book lah-dess,,Darryl Elliott Brown,Book lah-dess — Gullah Geechee Biz publication.,en,,lah-desserts,Gullah Geechee Biz,2026-08-30,Books > Self-Help > General,"Gullah Geechee,African American,Culture",3.99,USD,false,WORLD,lah-desserts.epub
Book lah-red-,,Darryl Elliott Brown,Book lah-red- — Gullah Geechee Biz publication.,en,,lah-red-rice,Gullah Geechee Biz,2026-08-30,Books > Self-Help > General,"Gullah Geechee,African American,Culture",3.99,USD,false,WORLD,lah-red-rice.epub
Book lance-ca,,Darryl Elliott Brown,Book lance-ca — Gullah Geechee Biz publication.,en,,lance-career,Gullah Geechee Biz,2026-08-30,Books > Self-Help > General,"Gullah Geechee,African American,Culture",3.99,USD,false,WORLD,lance-career.epub
Book ld-abund,,Darryl Elliott Brown,Book ld-abund — Gullah Geechee Biz publication.,en,,ld-abundance,Gullah Geechee Biz,2026-08-30,Books > Self-Help > General,"Gullah Geechee,African American,Culture",3.99,USD,false,WORLD,ld-abundance.epub
Book ld-surre,,Darryl Elliott Brown,Book ld-surre — Gullah Geechee Biz publication.,en,,ld-surrender,Gullah Geechee Biz,2026-08-30,Books > Self-Help > General,"Gullah Geechee,African American,Culture",3.99,USD,false,WORLD,ld-surrender.epub
Book lic-spea,,Darryl Elliott Brown,Book lic-spea — Gullah Geechee Biz publication.,en,,lic-speaking,Gullah Geechee Biz,2026-08-30,Books > Self-Help > General,"Gullah Geechee,African American,Culture",3.99,USD,false,WORLD,lic-speaking.epub
Book lk-cornb,,Darryl Elliott Brown,Book lk-cornb — Gullah Geechee Biz publication.,en,,lk-cornbread,Gullah Geechee Biz,2026-08-30,Books > Self-Help > General,"Gullah Geechee,African American,Culture",3.99,USD,false,WORLD,lk-cornbread.epub
Book llah-cab,,Darryl Elliott Brown,Book llah-cab — Gullah Geechee Biz publication.,en,,llah-cabbage,Gullah Geechee Biz,2026-08-30,Books > Self-Help > General,"Gullah Geechee,African American,Culture",3.99,USD,false,WORLD,llah-cabbage.epub
Book llah-sea,,Darryl Elliott Brown,Book llah-sea — Gullah Geechee Biz publication.,en,,llah-seafood,Gullah Geechee Biz,2026-08-30,Books > Self-Help > General,"Gullah Geechee,African American,Culture",3.99,USD,false,WORLD,llah-seafood.epub
Book ly-grati,,Darryl Elliott Brown,Book ly-grati — Gullah Geechee Biz publication.,en,,ly-gratitude,Gullah Geechee Biz,2026-08-30,Books > Self-Help > General,"Gullah Geechee,African American,Culture",3.99,USD,false,WORLD,ly-gratitude.epub
Book m-gracef,,Darryl Elliott Brown,Book m-gracef — Gullah Geechee Biz publication.,en,,m-gracefully,Gullah Geechee Biz,2026-08-30,Books > Self-Help > General,"Gullah Geechee,African American,Culture",3.99,USD,false,WORLD,m-gracefully.epub
Book mp-and-g,,Darryl Elliott Brown,Book mp-and-g — Gullah Geechee Biz publication.,en,,mp-and-grits,Gullah Geechee Biz,2026-08-30,Books > Self-Help > General,"Gullah Geechee,African American,Culture",3.99,USD,false,WORLD,mp-and-grits.epub
Book ndful-li,,Darryl Elliott Brown,Book ndful-li — Gullah Geechee Biz publication.,en,,ndful-living,Gullah Geechee Biz,2026-08-30,Books > Self-Help > General,"Gullah Geechee,African American,Culture",3.99,USD,false,WORLD,ndful-living.epub
Book ne-pot-m,,Darryl Elliott Brown,Book ne-pot-m — Gullah Geechee Biz publication.,en,,ne-pot-meals,Gullah Geechee Biz,2026-08-30,Books > Self-Help > General,"Gullah Geechee,African American,Culture",3.99,USD,false,WORLD,ne-pot-meals.epub
Book ning-rou,,Darryl Elliott Brown,Book ning-rou — Gullah Geechee Biz publication.,en,,ning-routine,Gullah Geechee Biz,2026-08-30,Books > Self-Help > General,"Gullah Geechee,African American,Culture",3.99,USD,false,WORLD,ning-routine.epub
Book nline-co,,Darryl Elliott Brown,Book nline-co — Gullah Geechee Biz publication.,en,,nline-course,Gullah Geechee Biz,2026-08-30,Books > Self-Help > General,"Gullah Geechee,African American,Culture",3.99,USD,false,WORLD,nline-course.epub
Book o-build-,,Darryl Elliott Brown,Book o-build- — Gullah Geechee Biz publication.,en,,o-build-zeal,Gullah Geechee Biz,2026-08-30,Books > Self-Help > General,"Gullah Geechee,African American,Culture",3.99,USD,false,WORLD,o-build-zeal.epub
Book o-discip,,Darryl Elliott Brown,Book o-discip — Gullah Geechee Biz publication.,en,,o-discipline,Gullah Geechee Biz,2026-08-30,Books > Self-Help > General,"Gullah Geechee,African American,Culture",3.99,USD,false,WORLD,o-discipline.epub
Book oduct-em,,Darryl Elliott Brown,Book oduct-em — Gullah Geechee Biz publication.,en,,oduct-empire,Gullah Geechee Biz,2026-08-30,Books > Self-Help > General,"Gullah Geechee,African American,Culture",3.99,USD,false,WORLD,oduct-empire.epub
Book omer-loy,,Darryl Elliott Brown,Book omer-loy — Gullah Geechee Biz publication.,en,,omer-loyalty,Gullah Geechee Biz,2026-08-30,Books > Self-Help > General,"Gullah Geechee,African American,Culture",3.99,USD,false,WORLD,omer-loyalty.epub
Book or-new-y,,Darryl Elliott Brown,Book or-new-y — Gullah Geechee Biz publication.,en,,or-new-years,Gullah Geechee Biz,2026-08-30,Books > Self-Help > General,"Gullah Geechee,African American,Culture",3.99,USD,false,WORLD,or-new-years.epub
Book our-busi,,Darryl Elliott Brown,Book our-busi — Gullah Geechee Biz publication.,en,,our-business,Gullah Geechee Biz,2026-08-30,Books > Self-Help > General,"Gullah Geechee,African American,Culture",3.99,USD,false,WORLD,our-business.epub
Book owth-min,,Darryl Elliott Brown,Book owth-min — Gullah Geechee Biz publication.,en,,owth-mindset,Gullah Geechee Biz,2026-08-30,Books > Self-Help > General,"Gullah Geechee,African American,Culture",3.99,USD,false,WORLD,owth-mindset.epub
Book partners,,Darryl Elliott Brown,Book partners — Gullah Geechee Biz publication.,en,,partnerships,Gullah Geechee Biz,2026-08-30,Books > Self-Help > General,"Gullah Geechee,African American,Culture",3.99,USD,false,WORLD,partnerships.epub
Book pedia-vo,,Darryl Elliott Brown,Book pedia-vo — Gullah Geechee Biz publication.,en,,pedia-vol-01,Gullah Geechee Biz,2026-08-30,Books > Self-Help > General,"Gullah Geechee,African American,Culture",3.99,USD,false,WORLD,pedia-vol-01.epub
Book pedia-vo,,Darryl Elliott Brown,Book pedia-vo — Gullah Geechee Biz publication.,en,,pedia-vol-02,Gullah Geechee Biz,2026-08-30,Books > Self-Help > General,"Gullah Geechee,African American,Culture",3.99,USD,false,WORLD,pedia-vol-02.epub
Book pedia-vo,,Darryl Elliott Brown,Book pedia-vo — Gullah Geechee Biz publication.,en,,pedia-vol-03,Gullah Geechee Biz,2026-08-30,Books > Self-Help > General,"Gullah Geechee,African American,Culture",3.99,USD,false,WORLD,pedia-vol-03.epub
Book pedia-vo,,Darryl Elliott Brown,Book pedia-vo — Gullah Geechee Biz publication.,en,,pedia-vol-04,Gullah Geechee Biz,2026-08-30,Books > Self-Help > General,"Gullah Geechee,African American,Culture",3.99,USD,false,WORLD,pedia-vol-04.epub
Book pedia-vo,,Darryl Elliott Brown,Book pedia-vo — Gullah Geechee Biz publication.,en,,pedia-vol-05,Gullah Geechee Biz,2026-08-30,Books > Self-Help > General,"Gullah Geechee,African American,Culture",3.99,USD,false,WORLD,pedia-vol-05.epub
Book pedia-vo,,Darryl Elliott Brown,Book pedia-vo — Gullah Geechee Biz publication.,en,,pedia-vol-06,Gullah Geechee Biz,2026-08-30,Books > Self-Help > General,"Gullah Geechee,African American,Culture",3.99,USD,false,WORLD,pedia-vol-06.epub
Book pedia-vo,,Darryl Elliott Brown,Book pedia-vo — Gullah Geechee Biz publication.,en,,pedia-vol-07,Gullah Geechee Biz,2026-08-30,Books > Self-Help > General,"Gullah Geechee,African American,Culture",3.99,USD,false,WORLD,pedia-vol-07.epub
Book pedia-vo,,Darryl Elliott Brown,Book pedia-vo — Gullah Geechee Biz publication.,en,,pedia-vol-08,Gullah Geechee Biz,2026-08-30,Books > Self-Help > General,"Gullah Geechee,African American,Culture",3.99,USD,false,WORLD,pedia-vol-08.epub
Book pedia-vo,,Darryl Elliott Brown,Book pedia-vo — Gullah Geechee Biz publication.,en,,pedia-vol-09,Gullah Geechee Biz,2026-08-30,Books > Self-Help > General,"Gullah Geechee,African American,Culture",3.99,USD,false,WORLD,pedia-vol-09.epub
Book pedia-vo,,Darryl Elliott Brown,Book pedia-vo — Gullah Geechee Biz publication.,en,,pedia-vol-10,Gullah Geechee Biz,2026-08-30,Books > Self-Help > General,"Gullah Geechee,African American,Culture",3.99,USD,false,WORLD,pedia-vol-10.epub
Book pedia-vo,,Darryl Elliott Brown,Book pedia-vo — Gullah Geechee Biz publication.,en,,pedia-vol-11,Gullah Geechee Biz,2026-08-30,Books > Self-Help > General,"Gullah Geechee,African American,Culture",3.99,USD,false,WORLD,pedia-vol-11.epub
Book pedia-vo,,Darryl Elliott Brown,Book pedia-vo — Gullah Geechee Biz publication.,en,,pedia-vol-12,Gullah Geechee Biz,2026-08-30,Books > Self-Help > General,"Gullah Geechee,African American,Culture",3.99,USD,false,WORLD,pedia-vol-12.epub
Book pedia-vo,,Darryl Elliott Brown,Book pedia-vo — Gullah Geechee Biz publication.,en,,pedia-vol-13,Gullah Geechee Biz,2026-08-30,Books > Self-Help > General,"Gullah Geechee,African American,Culture",3.99,USD,false,WORLD,pedia-vol-13.epub
Book pedia-vo,,Darryl Elliott Brown,Book pedia-vo — Gullah Geechee Biz publication.,en,,pedia-vol-14,Gullah Geechee Biz,2026-08-30,Books > Self-Help > General,"Gullah Geechee,African American,Culture",3.99,USD,false,WORLD,pedia-vol-14.epub
Book pedia-vo,,Darryl Elliott Brown,Book pedia-vo — Gullah Geechee Biz publication.,en,,pedia-vol-15,Gullah Geechee Biz,2026-08-30,Books > Self-Help > General,"Gullah Geechee,African American,Culture",3.99,USD,false,WORLD,pedia-vol-15.epub
Book pedia-vo,,Darryl Elliott Brown,Book pedia-vo — Gullah Geechee Biz publication.,en,,pedia-vol-16,Gullah Geechee Biz,2026-08-30,Books > Self-Help > General,"Gullah Geechee,African American,Culture",3.99,USD,false,WORLD,pedia-vol-16.epub
Book pedia-vo,,Darryl Elliott Brown,Book pedia-vo — Gullah Geechee Biz publication.,en,,pedia-vol-17,Gullah Geechee Biz,2026-08-30,Books > Self-Help > General,"Gullah Geechee,African American,Culture",3.99,USD,false,WORLD,pedia-vol-17.epub
Book pedia-vo,,Darryl Elliott Brown,Book pedia-vo — Gullah Geechee Biz publication.,en,,pedia-vol-18,Gullah Geechee Biz,2026-08-30,Books > Self-Help > General,"Gullah Geechee,African American,Culture",3.99,USD,false,WORLD,pedia-vol-18.epub
Book pedia-vo,,Darryl Elliott Brown,Book pedia-vo — Gullah Geechee Biz publication.,en,,pedia-vol-19,Gullah Geechee Biz,2026-08-30,Books > Self-Help > General,"Gullah Geechee,African American,Culture",3.99,USD,false,WORLD,pedia-vol-19.epub
Book pedia-vo,,Darryl Elliott Brown,Book pedia-vo — Gullah Geechee Biz publication.,en,,pedia-vol-20,Gullah Geechee Biz,2026-08-30,Books > Self-Help > General,"Gullah Geechee,African American,Culture",3.99,USD,false,WORLD,pedia-vol-20.epub
Book pedia-vo,,Darryl Elliott Brown,Book pedia-vo — Gullah Geechee Biz publication.,en,,pedia-vol-21,Gullah Geechee Biz,2026-08-30,Books > Self-Help > General,"Gullah Geechee,African American,Culture",3.99,USD,false,WORLD,pedia-vol-21.epub
Book pedia-vo,,Darryl Elliott Brown,Book pedia-vo — Gullah Geechee Biz publication.,en,,pedia-vol-22,Gullah Geechee Biz,2026-08-30,Books > Self-Help > General,"Gullah Geechee,African American,Culture",3.99,USD,false,WORLD,pedia-vol-22.epub
Book pedia-vo,,Darryl Elliott Brown,Book pedia-vo — Gullah Geechee Biz publication.,en,,pedia-vol-23,Gullah Geechee Biz,2026-08-30,Books > Self-Help > General,"Gullah Geechee,African American,Culture",3.99,USD,false,WORLD,pedia-vol-23.epub
Book pedia-vo,,Darryl Elliott Brown,Book pedia-vo — Gullah Geechee Biz publication.,en,,pedia-vol-24,Gullah Geechee Biz,2026-08-30,Books > Self-Help > General,"Gullah Geechee,African American,Culture",3.99,USD,false,WORLD,pedia-vol-24.epub
Book pedia-vo,,Darryl Elliott Brown,Book pedia-vo — Gullah Geechee Biz publication.,en,,pedia-vol-25,Gullah Geechee Biz,2026-08-30,Books > Self-Help > General,"Gullah Geechee,African American,Culture",3.99,USD,false,WORLD,pedia-vol-25.epub
Book pedia-vo,,Darryl Elliott Brown,Book pedia-vo — Gullah Geechee Biz publication.,en,,pedia-vol-26,Gullah Geechee Biz,2026-08-30,Books > Self-Help > General,"Gullah Geechee,African American,Culture",3.99,USD,false,WORLD,pedia-vol-26.epub
Book pedia-vo,,Darryl Elliott Brown,Book pedia-vo — Gullah Geechee Biz publication.,en,,pedia-vol-27,Gullah Geechee Biz,2026-08-30,Books > Self-Help > General,"Gullah Geechee,African American,Culture",3.99,USD,false,WORLD,pedia-vol-27.epub
Book pedia-vo,,Darryl Elliott Brown,Book pedia-vo — Gullah Geechee Biz publication.,en,,pedia-vol-28,Gullah Geechee Biz,2026-08-30,Books > Self-Help > General,"Gullah Geechee,African American,Culture",3.99,USD,false,WORLD,pedia-vol-28.epub
Book pedia-vo,,Darryl Elliott Brown,Book pedia-vo — Gullah Geechee Biz publication.,en,,pedia-vol-29,Gullah Geechee Biz,2026-08-30,Books > Self-Help > General,"Gullah Geechee,African American,Culture",3.99,USD,false,WORLD,pedia-vol-29.epub
Book pedia-vo,,Darryl Elliott Brown,Book pedia-vo — Gullah Geechee Biz publication.,en,,pedia-vol-30,Gullah Geechee Biz,2026-08-30,Books > Self-Help > General,"Gullah Geechee,African American,Culture",3.99,USD,false,WORLD,pedia-vol-30.epub
Book pedia-vo,,Darryl Elliott Brown,Book pedia-vo — Gullah Geechee Biz publication.,en,,pedia-vol-31,Gullah Geechee Biz,2026-08-30,Books > Self-Help > General,"Gullah Geechee,African American,Culture",3.99,USD,false,WORLD,pedia-vol-31.epub
Book pedia-vo,,Darryl Elliott Brown,Book pedia-vo — Gullah Geechee Biz publication.,en,,pedia-vol-32,Gullah Geechee Biz,2026-08-30,Books > Self-Help > General,"Gullah Geechee,African American,Culture",3.99,USD,false,WORLD,pedia-vol-32.epub
Book pedia-vo,,Darryl Elliott Brown,Book pedia-vo — Gullah Geechee Biz publication.,en,,pedia-vol-33,Gullah Geechee Biz,2026-08-30,Books > Self-Help > General,"Gullah Geechee,African American,Culture",3.99,USD,false,WORLD,pedia-vol-33.epub
Book pedia-vo,,Darryl Elliott Brown,Book pedia-vo — Gullah Geechee Biz publication.,en,,pedia-vol-34,Gullah Geechee Biz,2026-08-30,Books > Self-Help > General,"Gullah Geechee,African American,Culture",3.99,USD,false,WORLD,pedia-vol-34.epub
Book pedia-vo,,Darryl Elliott Brown,Book pedia-vo — Gullah Geechee Biz publication.,en,,pedia-vol-35,Gullah Geechee Biz,2026-08-30,Books > Self-Help > General,"Gullah Geechee,African American,Culture",3.99,USD,false,WORLD,pedia-vol-35.epub
Book pedia-vo,,Darryl Elliott Brown,Book pedia-vo — Gullah Geechee Biz publication.,en,,pedia-vol-36,Gullah Geechee Biz,2026-08-30,Books > Self-Help > General,"Gullah Geechee,African American,Culture",3.99,USD,false,WORLD,pedia-vol-36.epub
Book pedia-vo,,Darryl Elliott Brown,Book pedia-vo — Gullah Geechee Biz publication.,en,,pedia-vol-37,Gullah Geechee Biz,2026-08-30,Books > Self-Help > General,"Gullah Geechee,African American,Culture",3.99,USD,false,WORLD,pedia-vol-37.epub
Book pedia-vo,,Darryl Elliott Brown,Book pedia-vo — Gullah Geechee Biz publication.,en,,pedia-vol-38,Gullah Geechee Biz,2026-08-30,Books > Self-Help > General,"Gullah Geechee,African American,Culture",3.99,USD,false,WORLD,pedia-vol-38.epub
Book pedia-vo,,Darryl Elliott Brown,Book pedia-vo — Gullah Geechee Biz publication.,en,,pedia-vol-39,Gullah Geechee Biz,2026-08-30,Books > Self-Help > General,"Gullah Geechee,African American,Culture",3.99,USD,false,WORLD,pedia-vol-39.epub
Book pedia-vo,,Darryl Elliott Brown,Book pedia-vo — Gullah Geechee Biz publication.,en,,pedia-vol-40,Gullah Geechee Biz,2026-08-30,Books > Self-Help > General,"Gullah Geechee,African American,Culture",3.99,USD,false,WORLD,pedia-vol-40.epub
Book pedia-vo,,Darryl Elliott Brown,Book pedia-vo — Gullah Geechee Biz publication.,en,,pedia-vol-41,Gullah Geechee Biz,2026-08-30,Books > Self-Help > General,"Gullah Geechee,African American,Culture",3.99,USD,false,WORLD,pedia-vol-41.epub
Book pedia-vo,,Darryl Elliott Brown,Book pedia-vo — Gullah Geechee Biz publication.,en,,pedia-vol-42,Gullah Geechee Biz,2026-08-30,Books > Self-Help > General,"Gullah Geechee,African American,Culture",3.99,USD,false,WORLD,pedia-vol-42.epub
Book pedia-vo,,Darryl Elliott Brown,Book pedia-vo — Gullah Geechee Biz publication.,en,,pedia-vol-43,Gullah Geechee Biz,2026-08-30,Books > Self-Help > General,"Gullah Geechee,African American,Culture",3.99,USD,false,WORLD,pedia-vol-43.epub
Book pedia-vo,,Darryl Elliott Brown,Book pedia-vo — Gullah Geechee Biz publication.,en,,pedia-vol-44,Gullah Geechee Biz,2026-08-30,Books > Self-Help > General,"Gullah Geechee,African American,Culture",3.99,USD,false,WORLD,pedia-vol-44.epub
Book pedia-vo,,Darryl Elliott Brown,Book pedia-vo — Gullah Geechee Biz publication.,en,,pedia-vol-45,Gullah Geechee Biz,2026-08-30,Books > Self-Help > General,"Gullah Geechee,African American,Culture",3.99,USD,false,WORLD,pedia-vol-45.epub
Book pedia-vo,,Darryl Elliott Brown,Book pedia-vo — Gullah Geechee Biz publication.,en,,pedia-vol-46,Gullah Geechee Biz,2026-08-30,Books > Self-Help > General,"Gullah Geechee,African American,Culture",3.99,USD,false,WORLD,pedia-vol-46.epub
Book pedia-vo,,Darryl Elliott Brown,Book pedia-vo — Gullah Geechee Biz publication.,en,,pedia-vol-47,Gullah Geechee Biz,2026-08-30,Books > Self-Help > General,"Gullah Geechee,African American,Culture",3.99,USD,false,WORLD,pedia-vol-47.epub
Book pedia-vo,,Darryl Elliott Brown,Book pedia-vo — Gullah Geechee Biz publication.,en,,pedia-vol-48,Gullah Geechee Biz,2026-08-30,Books > Self-Help > General,"Gullah Geechee,African American,Culture",3.99,USD,false,WORLD,pedia-vol-48.epub
Book pedia-vo,,Darryl Elliott Brown,Book pedia-vo — Gullah Geechee Biz publication.,en,,pedia-vol-49,Gullah Geechee Biz,2026-08-30,Books > Self-Help > General,"Gullah Geechee,African American,Culture",3.99,USD,false,WORLD,pedia-vol-49.epub
Book pedia-vo,,Darryl Elliott Brown,Book pedia-vo — Gullah Geechee Biz publication.,en,,pedia-vol-50,Gullah Geechee Biz,2026-08-30,Books > Self-Help > General,"Gullah Geechee,African American,Culture",3.99,USD,false,WORLD,pedia-vol-50.epub
Book perfect-,,Darryl Elliott Brown,Book perfect- — Gullah Geechee Biz publication.,en,,perfect-fish,Gullah Geechee Biz,2026-08-30,Books > Self-Help > General,"Gullah Geechee,African American,Culture",3.99,USD,false,WORLD,perfect-fish.epub
Book ple-plea,,Darryl Elliott Brown,Book ple-plea — Gullah Geechee Biz publication.,en,,ple-pleasing,Gullah Geechee Biz,2026-08-30,Books > Self-Help > General,"Gullah Geechee,African American,Culture",3.99,USD,false,WORLD,ple-pleasing.epub
Book potato-s,,Darryl Elliott Brown,Book potato-s — Gullah Geechee Biz publication.,en,,potato-salad,Gullah Geechee Biz,2026-08-30,Books > Self-Help > General,"Gullah Geechee,African American,Culture",3.99,USD,false,WORLD,potato-salad.epub
Book ps-and-s,,Darryl Elliott Brown,Book ps-and-s — Gullah Geechee Biz publication.,en,,ps-and-stews,Gullah Geechee Biz,2026-08-30,Books > Self-Help > General,"Gullah Geechee,African American,Culture",3.99,USD,false,WORLD,ps-and-stews.epub
Book r-of-fai,,Darryl Elliott Brown,Book r-of-fai — Gullah Geechee Biz publication.,en,,r-of-failure,Gullah Geechee Biz,2026-08-30,Books > Self-Help > General,"Gullah Geechee,African American,Culture",3.99,USD,false,WORLD,r-of-failure.epub
Book r-vegeta,,Darryl Elliott Brown,Book r-vegeta — Gullah Geechee Biz publication.,en,,r-vegetables,Gullah Geechee Biz,2026-08-30,Books > Self-Help > General,"Gullah Geechee,African American,Culture",3.99,USD,false,WORLD,r-vegetables.epub
Book rice-pud,,Darryl Elliott Brown,Book rice-pud — Gullah Geechee Biz publication.,en,,rice-pudding,Gullah Geechee Biz,2026-08-30,Books > Self-Help > General,"Gullah Geechee,African American,Culture",3.99,USD,false,WORLD,rice-pudding.epub
Book roenterp,,Darryl Elliott Brown,Book roenterp — Gullah Geechee Biz publication.,en,,roenterprise,Gullah Geechee Biz,2026-08-30,Books > Self-Help > General,"Gullah Geechee,African American,Culture",3.99,USD,false,WORLD,roenterprise.epub
Book rral-pro,,Darryl Elliott Brown,Book rral-pro — Gullah Geechee Biz publication.,en,,rral-program,Gullah Geechee Biz,2026-08-30,Books > Self-Help > General,"Gullah Geechee,African American,Culture",3.99,USD,false,WORLD,rral-program.epub
Book rsonal-b,,Darryl Elliott Brown,Book rsonal-b — Gullah Geechee Biz publication.,en,,rsonal-brand,Gullah Geechee Biz,2026-08-30,Books > Self-Help > General,"Gullah Geechee,African American,Culture",3.99,USD,false,WORLD,rsonal-brand.epub
Book s-that-s,,Darryl Elliott Brown,Book s-that-s — Gullah Geechee Biz publication.,en,,s-that-stick,Gullah Geechee Biz,2026-08-30,Books > Self-Help > General,"Gullah Geechee,African American,Culture",3.99,USD,false,WORLD,s-that-stick.epub
Book sales-fu,,Darryl Elliott Brown,Book sales-fu — Gullah Geechee Biz publication.,en,,sales-funnel,Gullah Geechee Biz,2026-08-30,Books > Self-Help > General,"Gullah Geechee,African American,Culture",3.99,USD,false,WORLD,sales-funnel.epub
Book sion-sta,,Darryl Elliott Brown,Book sion-sta — Gullah Geechee Biz publication.,en,,sion-stateme,Gullah Geechee Biz,2026-08-30,Books > Self-Help > General,"Gullah Geechee,African American,Culture",3.99,USD,false,WORLD,sion-stateme.epub
Book storytel,,Darryl Elliott Brown,Book storytel — Gullah Geechee Biz publication.,en,,storytelling,Gullah Geechee Biz,2026-08-30,Books > Self-Help > General,"Gullah Geechee,African American,Culture",3.99,USD,false,WORLD,storytelling.epub
Book t-potato,,Darryl Elliott Brown,Book t-potato — Gullah Geechee Biz publication.,en,,t-potato-pie,Gullah Geechee Biz,2026-08-30,Books > Self-Help > General,"Gullah Geechee,African American,Culture",3.99,USD,false,WORLD,t-potato-pie.epub
Book tartup-g,,Darryl Elliott Brown,Book tartup-g — Gullah Geechee Biz publication.,en,,tartup-guide,Gullah Geechee Biz,2026-08-30,Books > Self-Help > General,"Gullah Geechee,African American,Culture",3.99,USD,false,WORLD,tartup-guide.epub
Book ter-synd,,Darryl Elliott Brown,Book ter-synd — Gullah Geechee Biz publication.,en,,ter-syndrome,Gullah Geechee Biz,2026-08-30,Books > Self-Help > General,"Gullah Geechee,African American,Culture",3.99,USD,false,WORLD,ter-syndrome.epub
Book th-inten,,Darryl Elliott Brown,Book th-inten — Gullah Geechee Biz publication.,en,,th-intention,Gullah Geechee Biz,2026-08-30,Books > Self-Help > General,"Gullah Geechee,African American,Culture",3.99,USD,false,WORLD,th-intention.epub
Book thentic-,,Darryl Elliott Brown,Book thentic- — Gullah Geechee Biz publication.,en,,thentic-self,Gullah Geechee Biz,2026-08-30,Books > Self-Help > General,"Gullah Geechee,African American,Culture",3.99,USD,false,WORLD,thentic-self.epub
Book to-build,,Darryl Elliott Brown,Book to-build — Gullah Geechee Biz publication.,en,,to-build-joy,Gullah Geechee Biz,2026-08-30,Books > Self-Help > General,"Gullah Geechee,African American,Culture",3.99,USD,false,WORLD,to-build-joy.epub
Book ty-natur,,Darryl Elliott Brown,Book ty-natur — Gullah Geechee Biz publication.,en,,ty-naturally,Gullah Geechee Biz,2026-08-30,Books > Self-Help > General,"Gullah Geechee,African American,Culture",3.99,USD,false,WORLD,ty-naturally.epub
Book uild-bal,,Darryl Elliott Brown,Book uild-bal — Gullah Geechee Biz publication.,en,,uild-balance,Gullah Geechee Biz,2026-08-30,Books > Self-Help > General,"Gullah Geechee,African American,Culture",3.99,USD,false,WORLD,uild-balance.epub
Book ullah-br,,Darryl Elliott Brown,Book ullah-br — Gullah Geechee Biz publication.,en,,ullah-breads,Gullah Geechee Biz,2026-08-30,Books > Self-Help > General,"Gullah Geechee,African American,Culture",3.99,USD,false,WORLD,ullah-breads.epub
Book ullah-fe,,Darryl Elliott Brown,Book ullah-fe — Gullah Geechee Biz publication.,en,,ullah-feasts,Gullah Geechee Biz,2026-08-30,Books > Self-Help > General,"Gullah Geechee,African American,Culture",3.99,USD,false,WORLD,ullah-feasts.epub
Book ulnerabi,,Darryl Elliott Brown,Book ulnerabi — Gullah Geechee Biz publication.,en,,ulnerability,Gullah Geechee Biz,2026-08-30,Books > Self-Help > General,"Gullah Geechee,African American,Culture",3.99,USD,false,WORLD,ulnerability.epub
Book und-your,,Darryl Elliott Brown,Book und-your — Gullah Geechee Biz publication.,en,,und-your-bra,Gullah Geechee Biz,2026-08-30,Books > Self-Help > General,"Gullah Geechee,African American,Culture",3.99,USD,false,WORLD,und-your-bra.epub
Book usiness-,,Darryl Elliott Brown,Book usiness- — Gullah Geechee Biz publication.,en,,usiness-plan,Gullah Geechee Biz,2026-08-30,Books > Self-Help > General,"Gullah Geechee,African American,Culture",3.99,USD,false,WORLD,usiness-plan.epub
Book wcountry,,Darryl Elliott Brown,Book wcountry — Gullah Geechee Biz publication.,en,,wcountry-ing,Gullah Geechee Biz,2026-08-30,Books > Self-Help > General,"Gullah Geechee,African American,Culture",3.99,USD,false,WORLD,wcountry-ing.epub
Book xit-stra,,Darryl Elliott Brown,Book xit-stra — Gullah Geechee Biz publication.,en,,xit-strategy,Gullah Geechee Biz,2026-08-30,Books > Self-Help > General,"Gullah Geechee,African American,Culture",3.99,USD,false,WORLD,xit-strategy.epub
Book y-discip,,Darryl Elliott Brown,Book y-discip — Gullah Geechee Biz publication.,en,,y-discipline,Gullah Geechee Biz,2026-08-30,Books > Self-Help > General,"Gullah Geechee,African American,Culture",3.99,USD,false,WORLD,y-discipline.epub
Book y-that-s,,Darryl Elliott Brown,Book y-that-s — Gullah Geechee Biz publication.,en,,y-that-sells,Gullah Geechee Biz,2026-08-30,Books > Self-Help > General,"Gullah Geechee,African American,Culture",3.99,USD,false,WORLD,y-that-sells.epub
Book your-pur,,Darryl Elliott Brown,Book your-pur — Gullah Geechee Biz publication.,en,,your-purpose,Gullah Geechee Biz,2026-08-30,Books > Self-Help > General,"Gullah Geechee,African American,Culture",3.99,USD,false,WORLD,your-purpose.epub
